date,tone,art_count
2017-01-01,0.3366849816953071,15
2017-01-02,0.4890002238929217,95
2017-01-03,0.1220502712638354,188
2017-01-04,0.7568128657097324,240
2017-01-05,0.8839591612009556,201
2017-01-06,1.1709806098007969,162
2017-01-07,0.1717722421537435,59
2017-01-08,0.2910517497852783,26
2017-01-09,0.146509455431384,273
2017-01-10,1.1194322785232471,215
2017-01-11,0.9548190907651948,158
2017-01-12,0.3244226622173898,290
2017-01-13,0.1379121201848788,194
2017-01-14,0.1122955044638432,30
2017-01-15,0.5403766677371442,20
2017-01-16,0.6122052105578222,77
2017-01-17,0.8032248702540686,160
2017-01-18,0.80039981431768,208
2017-01-19,0.6942922653377269,182
2017-01-20,0.1959461636256263,232
2017-01-21,0.528462338927792,40
2017-01-22,0.2237866573207273,27
2017-01-23,0.549474992244588,153
2017-01-24,0.8324687158929825,209
2017-01-25,0.5145634020367366,160
2017-01-26,0.8054204092320311,204
2017-01-27,0.2710472777481246,210
2017-01-28,-0.1300884971110284,47
2017-01-29,0.1560844292649463,24
2017-01-30,0.7433489140974693,168
2017-01-31,0.527570653697764,154
2017-02-01,1.0626527598191071,216
2017-02-02,0.154332234380486,407
2017-02-03,0.4913124587675858,201
2017-02-04,-0.2169624685803557,53
2017-02-05,1.0138499789204152,29
2017-02-06,0.4565676232477624,146
2017-02-07,0.6473268268904924,342
2017-02-08,0.8466821985908475,230
2017-02-09,-0.4681352370509055,342
2017-02-10,0.2939216290787015,216
2017-02-11,0.1099085274352996,55
2017-02-12,0.3766037057402353,51
2017-02-13,0.222421017344878,240
2017-02-14,0.1924123890606757,221
2017-02-15,0.781835423434168,251
2017-02-16,0.7227974324395186,235
2017-02-17,0.1218778036562862,342
2017-02-18,0.3115588848409052,67
2017-02-19,-0.3484399712111371,26
2017-02-20,0.5353145599223685,112
2017-02-21,0.7394649600289871,366
2017-02-22,1.1077082685421136,179
2017-02-23,0.6064185635008251,262
2017-02-24,0.2682519457402538,269
2017-02-25,0.4883114387580289,30
2017-02-26,0.5710119113868561,59
2017-02-27,1.4438459446729437,149
2017-02-28,1.4651874245436471,155
2017-03-01,0.6781396587471414,258
2017-03-02,0.7794060310362442,158
2017-03-03,0.5379775051782838,154
2017-03-04,0.9420878170072454,81
2017-03-05,1.0114332847940473,33
2017-03-06,1.0107862619604222,157
2017-03-07,0.7431966086320589,188
2017-03-08,1.018909553917006,171
2017-03-09,0.1232471177027339,269
2017-03-10,0.0778698594804592,215
2017-03-11,0.3017919934090017,51
2017-03-12,-0.6611530453917746,13
2017-03-13,0.8775853973529266,162
2017-03-14,1.0938754830201347,264
2017-03-15,1.0266969642597867,240
2017-03-16,0.0963422523154046,232
2017-03-17,0.9190841261818492,130
2017-03-18,-0.222666728809464,49
2017-03-19,0.2501267223595896,30
2017-03-20,0.7912557197498978,148
2017-03-21,0.7924864246379301,189
2017-03-22,0.7699414244943782,170
2017-03-23,0.7076139266656608,200
2017-03-24,-0.5923617256537381,642
2017-03-25,-0.6328236788206695,98
2017-03-26,-0.7310796389689639,39
2017-03-27,0.9915603629531636,162
2017-03-28,0.8106202049970348,172
2017-03-29,0.3802250709588874,299
2017-03-30,0.1301785742130264,325
2017-03-31,0.4899155465047168,197
2017-04-01,-0.0871137387974314,123
2017-04-02,0.8709375343579386,30
2017-04-03,0.0167182436245311,305
2017-04-04,0.5716287767948374,165
2017-04-05,0.3439127835439979,208
2017-04-06,0.7452208698352939,169
2017-04-07,0.4658732180795391,144
2017-04-08,-0.0288082352763355,40
2017-04-09,0.1863197654931787,44
2017-04-10,0.6079924882986807,155
2017-04-11,-0.6063241533394393,732
2017-04-12,0.188276313783987,350
2017-04-13,0.6037144664882448,223
2017-04-14,-0.10800181206511,168
2017-04-15,-0.264571661514051,55
2017-04-16,-0.1751137911515708,23
2017-04-17,0.8614175239260539,145
2017-04-18,0.8020243461186983,136
2017-04-19,0.2653809813604339,215
2017-04-20,0.6769775479835528,189
2017-04-21,0.7768391789284464,138
2017-04-22,0.3655077282019034,32
2017-04-23,0.0824829037717884,34
2017-04-24,0.3127065645045975,111
2017-04-25,1.4352497535406112,185
2017-04-26,0.9563243933086928,161
2017-04-27,0.8048254753664417,247
2017-04-28,0.3631176340276857,230
2017-04-29,0.6205620074972291,49
2017-04-30,0.4728227688573923,15
2017-05-01,0.8883809078263922,119
2017-05-02,0.4434657335221654,215
2017-05-03,0.0226649910912468,314
2017-05-04,0.8806566362339516,341
2017-05-05,0.7242490785187234,104
2017-05-06,0.3040793797668952,21
2017-05-07,0.7632431799846403,25
2017-05-08,0.5020503104532361,211
2017-05-09,0.3482445681640117,215
2017-05-10,1.012117030159196,147
2017-05-11,0.43720372640317,258
2017-05-12,0.6322352861570046,155
2017-05-13,0.2576651229437097,45
2017-05-14,0.4934189772447664,49
2017-05-15,0.8286334555043696,140
2017-05-16,0.7950407613386465,179
2017-05-17,0.3072301668760288,219
2017-05-18,-0.1748921060204851,193
2017-05-19,0.411713912568477,228
2017-05-20,-0.0455126800787719,46
2017-05-21,-2.439345337127316,50
2017-05-22,0.3062801383898608,116
2017-05-23,-0.0397484148976439,128
2017-05-24,0.7337916419530662,191
2017-05-25,0.497329003981558,178
2017-05-26,0.6483438047092899,149
2017-05-27,0.4174443008094171,49
2017-05-28,0.290494093298454,35
2017-05-29,1.2726694359268451,128
2017-05-30,0.2318730646288403,236
2017-05-31,0.3374197969705428,225
2017-06-01,0.3016771876278153,174
2017-06-02,0.204759505911791,164
2017-06-03,0.3783673472309931,40
2017-06-04,-0.0597854712397169,12
2017-06-05,-0.4369798060671291,275
2017-06-06,1.1633718833708913,179
2017-06-07,0.9105392380310724,163
2017-06-08,0.6560055123495108,186
2017-06-09,-0.4732466012614183,277
2017-06-10,0.2453859712920526,46
2017-06-11,-0.0089408808638595,59
2017-06-12,-0.8160813646641182,331
2017-06-13,0.1533223431539954,276
2017-06-14,0.3757750040957094,263
2017-06-15,0.2374468816286167,214
2017-06-16,-0.032830645605795,222
2017-06-17,0.1557747446946583,53
2017-06-18,0.317734183507495,20
2017-06-19,0.8685981809840891,241
2017-06-20,0.119557839435847,228
2017-06-21,0.2085664056868393,281
2017-06-22,0.1887580179123121,170
2017-06-23,0.5830837646797511,127
2017-06-24,0.2050335390097973,55
2017-06-25,0.307018336201857,22
2017-06-26,0.1703102619667708,163
2017-06-27,0.4494266792964063,184
2017-06-28,-0.4077892549104838,264
2017-06-29,0.6414224231149966,160
2017-06-30,0.3420321214865586,148
2017-07-01,1.0921527714480004,95
2017-07-02,0.8022367163250101,33
2017-07-03,0.0876132574680631,128
2017-07-04,0.2245091639695477,163
2017-07-05,-0.2152150584437678,146
2017-07-06,0.059833161794686,135
2017-07-07,-0.666955184409514,150
2017-07-08,-0.1492785446040868,41
2017-07-09,0.3573587256738912,31
2017-07-10,1.1465896733016838,105
2017-07-11,0.5830880351992755,173
2017-07-12,0.6029120470288983,251
2017-07-13,0.7900163337253495,330
2017-07-14,0.6265863902540646,156
2017-07-15,0.3429860129476283,54
2017-07-16,0.1035451595529612,29
2017-07-17,0.8703612235431876,94
2017-07-18,1.062002273512056,145
2017-07-19,0.976449082795757,163
2017-07-20,0.9338324506594404,117
2017-07-21,-0.2179774020520646,180
2017-07-22,0.4034578767186725,36
2017-07-23,1.1251912846050545,21
2017-07-24,0.3384620428301146,116
2017-07-25,1.1497469319629006,185
2017-07-26,1.1975976014417955,192
2017-07-27,0.2527715716817185,194
2017-07-28,0.4960470500663492,239
2017-07-29,0.0887148452820954,81
2017-07-30,0.098735645483787,33
2017-07-31,0.960117922444388,162
2017-08-01,0.7295543198096889,246
2017-08-02,0.8749833408428638,294
2017-08-03,0.6794286567623175,162
2017-08-04,0.7897082605269006,159
2017-08-05,0.3558790875507893,48
2017-08-06,0.0104608935443818,24
2017-08-07,0.8145806456930588,138
2017-08-08,0.6349859671757458,170
2017-08-09,0.5250515637551108,135
2017-08-10,-0.3411555992879778,160
2017-08-11,0.0834608466676615,121
2017-08-12,-0.1845847343193155,54
2017-08-13,0.0876733893543279,13
2017-08-14,-0.4291464135693984,168
2017-08-15,0.3544851855377843,166
2017-08-16,-0.7880898310957084,237
2017-08-17,0.0029748752187611,154
2017-08-18,-0.027775248362092,113
2017-08-19,-0.0483466835019372,31
2017-08-20,0.0021041292009898,9
2017-08-21,0.6932460897192141,124
2017-08-22,-0.0376997716489705,223
2017-08-23,0.871967570468877,125
2017-08-24,0.8019140268642124,162
2017-08-25,-0.0387447090512587,114
2017-08-26,-0.946794518391689,45
2017-08-27,0.3587507593267736,15
2017-08-28,0.132581325021183,67
2017-08-30,0.6253608685746211,205
2017-08-31,0.4243286362305156,208
2017-09-01,-0.0015348896145869,149
2017-09-02,0.2895543422949705,77
2017-09-03,0.3297137396563554,71
2017-09-04,0.989423321807186,69
2017-09-05,0.6659345251051358,158
2017-09-06,0.1820023795318679,164
2017-09-07,0.3873275842539249,234
2017-09-08,0.8447058243176192,198
2017-09-09,0.7878856049066514,49
2017-09-10,0.3865961729685296,45
2017-09-11,0.6764711782638859,137
2017-09-12,0.4067425061976918,263
2017-09-13,-0.6171757801283413,459
2017-09-14,-1.328851952832388,970
2017-09-15,-0.0069883488801567,244
2017-09-16,-0.5172081747480509,157
2017-09-17,0.5468989393480121,93
2017-09-18,0.9266531966221336,184
2017-09-19,0.4438962610892394,174
2017-09-20,-0.0460212674499079,290
2017-09-21,0.8237633121443583,323
2017-09-22,0.2971639501396402,189
2017-09-23,-0.2392061247671437,126
2017-09-24,0.2372057731774229,63
2017-09-25,0.2520420028722668,259
2017-09-26,0.4235386812774244,266
2017-09-27,-0.2581548140799702,446
2017-09-28,-0.2619788628783625,292
2017-09-29,0.432491327361165,166
2017-09-30,0.850431843507667,61
2017-10-01,0.4028881748769202,39
2017-10-02,0.5886810805355641,200
2017-10-03,1.027106141272204,163
2017-10-04,0.0550721356498316,181
2017-10-05,0.4907860919082868,276
2017-10-06,0.5968086161989807,168
2017-10-07,-0.0362912287133486,60
2017-10-08,0.8145695250076601,22
2017-10-09,0.6987961485761667,142
2017-10-10,0.9963822033119228,185
2017-10-11,0.5638314115112103,205
2017-10-12,0.8934591839648058,190
2017-10-13,-0.0538681565070037,194
2017-10-14,0.7124530928242117,87
2017-10-15,0.4099352961893805,65
2017-10-16,0.56799780241703,239
2017-10-17,0.7535618489770505,226
2017-10-18,0.5228360018979685,283
2017-10-19,1.2295934865669893,222
2017-10-20,0.9951339710710624,142
2017-10-21,0.0485224990010228,59
2017-10-22,0.0150613390002808,45
2017-10-23,1.1515989889912015,213
2017-10-24,1.0864701555158336,391
2017-10-25,1.0248518523942811,267
2017-10-26,0.8797520303109783,261
2017-10-27,0.87907597790736,171
2017-10-28,0.973447767866753,52
2017-10-29,0.105199047442289,52
2017-10-30,0.9042787874352796,288
2017-10-31,0.6006189323563829,374
2017-11-01,0.5688501639201899,289
2017-11-02,0.7421019664840044,210
2017-11-03,0.8027285928773655,338
2017-11-04,0.7660409373332968,83
2017-11-05,0.6512769519930963,82
2017-11-06,0.476720191399072,241
2017-11-07,0.3077746219518264,418
2017-11-08,0.8012988945076792,268
2017-11-09,1.0317108540464073,246
2017-11-10,0.8786942813566935,198
2017-11-11,0.4580510550302383,61
2017-11-12,0.5176163791986258,89
2017-11-13,0.9341652251349364,213
2017-11-14,0.5157631719688583,329
2017-11-15,1.0133394011947947,280
2017-11-16,0.7607497215304774,220
2017-11-17,0.9858776811147384,166
2017-11-18,0.263428048241995,62
2017-11-19,0.4671903375232229,70
2017-11-20,-0.0258085515217804,448
2017-11-21,0.7087170076977207,252
2017-11-22,0.4294053358995185,203
2017-11-23,0.6358096738232696,141
2017-11-24,0.811200486009396,136
2017-11-25,0.951091302525442,47
2017-11-26,0.0959456761686577,26
2017-11-27,-0.4343708995428623,391
2017-11-28,0.2772680571193064,194
2017-11-29,-0.0639612357421778,321
2017-11-30,0.0308694840108179,299
2017-12-01,-0.4795829334311167,390
2017-12-02,-0.0434406930285685,63
2017-12-03,-0.0150964164254895,61
2017-12-04,-0.2855358229669081,478
2017-12-05,0.0298577808486305,523
2017-12-06,0.6283556059036695,278
2017-12-07,0.5574687334565575,238
2017-12-08,0.6215001798197819,195
2017-12-09,0.4204442276686954,67
2017-12-10,1.2323291369655234,51
2017-12-11,0.9874712218160814,123
2017-12-12,0.0132034731516721,347
2017-12-13,0.7597579483819522,208
2017-12-14,0.1612778195016312,147
2017-12-15,0.6535658920728846,153
2017-12-16,0.905709481505598,44
2017-12-17,0.3586685326621673,39
2017-12-18,1.0192184633639616,145
2017-12-19,0.5857389489900952,215
2017-12-20,0.386510081444452,242
2017-12-21,0.6759128324258865,178
2017-12-22,0.3167768114426555,141
2017-12-23,0.1100638148612443,86
2017-12-24,-0.1330446685754947,50
2017-12-25,0.1851836636256225,45
2017-12-26,-0.9997930082745404,381
2017-12-27,0.126127135001265,192
2017-12-28,0.161910601250571,289
2017-12-29,-0.437673346276095,342
2017-12-30,-0.3507532800133514,89
2017-12-31,0.6506965613162145,36
2018-01-01,0.3223141583479098,56
2018-01-02,0.5775204576505555,115
2018-01-03,-0.2628298299107016,332
2018-01-04,0.6871163043103307,245
2018-01-05,0.6442483662141708,284
2018-01-06,0.1003208513113619,74
2018-01-07,0.1884621650784645,18
2018-01-08,0.7804256374625491,219
2018-01-09,1.182041333712842,255
2018-01-10,0.4754079472367716,257
2018-01-11,0.8487666623536204,187
2018-01-12,1.0523478198166607,262
2018-01-13,0.26473701748094,128
2018-01-14,0.019399260238031,87
2018-01-15,0.3375597195027767,126
2018-01-16,0.7874977056498415,204
2018-01-17,0.948672466598536,262
2018-01-18,0.997286719176745,273
2018-01-19,0.7990708403142549,218
2018-01-20,0.3520255617756644,62
2018-01-21,-0.0855158412870933,54
2018-01-22,0.5580892435927879,122
2018-01-23,0.3245528059302622,164
2018-01-24,0.2315823084172122,198
2018-01-25,-0.1041080302436924,327
2018-01-26,0.7200993131049288,194
2018-01-27,0.0778134637919638,45
2018-01-28,-0.2045311449009447,46
2018-01-29,0.1966471309677603,284
2018-01-30,0.4633811817236177,215
2018-01-31,0.6306055149079662,254
2018-02-01,0.8545750499402781,238
2018-02-02,0.6139954463187713,132
2018-02-03,0.9138238434006192,81
2018-02-04,0.7890050233027854,78
2018-02-05,-0.031838918095614,268
2018-02-06,0.4380202907075791,411
2018-02-07,-2.2418907057598063,321
2018-02-08,0.0434251251800612,209
2018-02-09,0.0920695714068245,203
2018-02-10,0.0481851743112353,69
2018-02-11,0.9504615876324012,91
2018-02-12,0.6691178341384633,259
2018-02-13,0.7837166274495727,160
2018-02-14,0.8942164338400548,155
2018-02-15,0.8502432831460164,189
2018-02-16,0.5797790900312896,187
2018-02-17,1.13660531677435,65
2018-02-18,0.8002913262912315,67
2018-02-19,0.7154073290023321,127
2018-02-20,0.5911638350663707,210
2018-02-21,0.5399359186880726,293
2018-02-22,1.2725250935253742,212
2018-02-23,0.577455601432152,164
2018-02-24,0.5203092290622777,76
2018-02-25,0.2768417234140116,47
2018-02-26,1.1431678058240224,167
2018-02-27,0.2899406281268019,189
2018-02-28,0.1813650403861016,198
2018-03-01,0.721179698776458,193
2018-03-02,0.5852490975442816,125
2018-03-03,0.1408423180253563,65
2018-03-04,0.1976185897041167,51
2018-03-05,0.3587885431607354,251
2018-03-06,0.7907798992670719,263
2018-03-07,1.1757804079652,324
2018-03-08,0.4685578827609413,214
2018-03-09,0.7966831072957283,357
2018-03-10,0.368872787369231,141
2018-03-11,0.680545266008945,62
2018-03-12,-0.0269644409449031,478
2018-03-13,-0.2086487076611084,548
2018-03-14,0.3056534128600172,324
2018-03-15,0.2444237720074216,177
2018-03-16,0.2811922906245975,237
2018-03-17,-0.287598178014506,79
2018-03-18,0.9991559411379825,35
2018-03-19,0.6086614997072701,148
2018-03-20,0.0959808606581286,119
2018-03-21,-2.529169177097049,655
2018-03-22,-2.152806806632724,459
2018-03-23,-2.368944368458616,522
2018-03-24,-1.2438054670312415,119
2018-03-25,-0.5796443650445304,39
2018-03-26,0.5502316494725832,98
2018-03-27,-0.0039707323459427,167
2018-03-28,-0.7223228774199666,239
2018-03-29,0.6009358986281089,210
2018-03-30,0.9852145753788446,163
2018-03-31,0.9061047942793334,113
2018-04-01,-0.0747651239321151,40
2018-04-02,-0.0948467295559106,104
2018-04-03,-0.3447893356121567,265
2018-04-04,0.2862262617382563,159
2018-04-05,0.4340140782301905,227
2018-04-06,0.1633424641063361,237
2018-04-07,0.662264241613302,53
2018-04-08,0.1703254823261121,33
2018-04-09,0.4115401985501828,102
2018-04-10,0.7119270052089801,157
2018-04-11,0.6045242391701658,223
2018-04-12,0.6874922721839598,224
2018-04-13,0.9754622601642966,160
2018-04-14,-0.1180926950890041,37
2018-04-15,0.1370313751053057,29
2018-04-16,0.5391649490964041,130
2018-04-17,0.5509113349300091,148
2018-04-18,0.0602335864345155,244
2018-04-19,-0.9056763792212807,526
2018-04-20,-1.8553384727516624,817
2018-04-21,-0.8141655964450264,149
2018-04-22,-0.125138858059403,83
2018-04-23,-0.204699577942985,275
2018-04-24,0.0512278614088756,466
2018-04-25,0.2414283506536567,242
2018-04-26,0.4956413133460637,267
2018-04-27,0.762216850179212,236
2018-04-28,0.381292778421879,52
2018-04-29,0.0020343492963732,54
2018-04-30,0.1419416785812414,134
2018-05-01,0.2680209913889514,142
2018-05-02,0.6886758882458182,262
2018-05-03,-0.2647717751860654,505
2018-05-04,0.7742205964190857,184
2018-05-05,0.7541856165226662,34
2018-05-06,0.2254850723688737,36
2018-05-07,0.3004726481273976,148
2018-05-08,0.6219759305572304,173
2018-05-09,0.8627195311750634,290
2018-05-10,0.968212466720746,275
2018-05-11,0.7770332064058175,148
2018-05-12,0.8514087571805016,62
2018-05-13,-0.0227919140319532,52
2018-05-14,0.2129340757798773,159
2018-05-15,0.3155275452007206,163
2018-05-16,0.5335103359207665,243
2018-05-17,0.2818461170968153,181
2018-05-18,0.6450818745234087,197
2018-05-19,0.3480419788528791,61
2018-05-20,-1.2757166469787629,94
2018-05-21,0.5098199385815125,304
2018-05-22,0.4144959346559136,383
2018-05-23,0.6250517596372632,294
2018-05-24,0.9300840746702768,166
2018-05-25,1.0358715270643843,162
2018-05-26,0.5226044992873301,52
2018-05-27,0.3727925713935809,29
2018-05-28,1.0559025123941153,115
2018-05-29,0.5728885388704084,142
2018-05-30,0.7967486305443708,138
2018-05-31,0.5112326617601956,166
2018-06-01,0.0548806376359416,244
2018-06-02,0.914354899231534,64
2018-06-03,0.9758251557883184,29
2018-06-04,-0.5329167203637106,310
2018-06-05,0.4918363841503151,327
2018-06-06,1.041962774850614,164
2018-06-07,-0.6053463724125782,303
2018-06-08,-0.0601716649634507,225
2018-06-09,0.454952737935381,78
2018-06-10,0.4865823043329009,53
2018-06-11,0.6216053703494004,156
2018-06-12,1.1293474259743503,338
2018-06-13,0.9818664599680496,208
2018-06-14,1.000888568607869,150
2018-06-15,-0.0057959622769288,170
2018-06-16,-0.9784269980850272,96
2018-06-17,-0.3518428865182885,73
2018-06-18,0.6103141811955628,115
2018-06-19,0.246692931205824,211
2018-06-20,0.2865690459501215,287
2018-06-21,0.3711898149320565,217
2018-06-22,0.0912909947279846,222
2018-06-23,-0.1931199661680854,74
2018-06-24,0.3555729512214536,29
2018-06-25,-1.3763709410372569,430
2018-06-26,-1.1779817868640756,445
2018-06-27,0.5915817833548168,170
2018-06-28,0.636526174975206,195
2018-06-29,0.7467134574249954,126
2018-06-30,0.6046034718766704,43
2018-07-01,0.5763356545620136,23
2018-07-02,-0.3794066237204603,181
2018-07-03,-1.0402574749700286,334
2018-07-04,-2.2673605239498853,580
2018-07-05,-1.345372552153225,762
2018-07-06,-0.4420161911900827,272
2018-07-07,-0.5180143153112259,65
2018-07-08,0.0569086525037678,48
2018-07-09,0.9400504166300002,135
2018-07-10,0.6690868665636811,179
2018-07-11,-1.9699416901240536,419
2018-07-12,0.448592334382496,204
2018-07-13,-0.0032366583979666,186
2018-07-14,0.4969334073410955,58
2018-07-15,0.329770542111426,34
2018-07-16,0.4179438293214537,192
2018-07-17,0.5101566005838477,198
2018-07-18,0.616903641265479,202
2018-07-19,0.8204812351751086,162
2018-07-20,0.4357241696553102,199
2018-07-21,0.3210198609995361,119
2018-07-22,-0.0678108434786577,87
2018-07-23,0.1445525944992481,161
2018-07-24,0.2941632460117899,202
2018-07-25,-0.0816736026964783,212
2018-07-26,-0.0724397217756235,315
2018-07-27,0.0351108225468488,387
2018-07-28,0.2594308910303401,163
2018-07-29,0.6709117558452056,73
2018-07-30,0.5385294582300408,185
2018-07-31,0.3424110275208737,253
2018-08-01,0.3208823785799165,219
2018-08-02,0.3420875877038163,336
2018-08-03,0.6047900241516077,159
2018-08-04,-2.123422084349025,121
2018-08-05,-3.402649916513703,115
2018-08-06,-3.730636268299307,617
2018-08-07,-0.7758090574516832,245
2018-08-08,-1.237358834719494,294
2018-08-09,0.4441739450082376,162
2018-08-10,-0.8368187930286525,191
2018-08-11,-0.5942005266671668,72
2018-08-12,0.1573623984293972,52
2018-08-13,0.2492057598148255,127
2018-08-14,0.7515215418415683,172
2018-08-15,1.0935406338425628,135
2018-08-16,0.3411815988766277,170
2018-08-17,-0.0076848680694735,187
2018-08-18,0.7831961966056413,77
2018-08-19,0.113012817939728,49
2018-08-20,0.5539482637542301,132
2018-08-21,0.6570995850735428,142
2018-08-22,0.7025207415387502,133
2018-08-23,0.5856471800270758,137
2018-08-24,0.017059937328829,148
2018-08-25,-0.4635425982845065,101
2018-08-26,-0.1541596980160751,42
2018-08-27,0.9002469744516128,172
2018-08-28,0.8963447137721268,245
2018-08-29,0.8651124098064327,239
2018-08-30,1.121728381641647,201
2018-08-31,1.2502282100168411,188
2018-09-01,1.4110139079541155,101
2018-09-02,1.123468033318791,54
2018-09-03,1.063820341846095,133
2018-09-04,0.6269965991702459,208
2018-09-05,0.7453794113315885,235
2018-09-06,-0.6881997060387707,340
2018-09-07,-0.5260435562849045,233
2018-09-08,0.7604726478245628,77
2018-09-09,1.1224084257546314,74
2018-09-10,0.2005810965321472,187
2018-09-11,-0.0086064535228869,367
2018-09-12,-0.942553262266423,353
2018-09-13,0.1472861290399995,232
2018-09-14,-0.1057703204199807,223
2018-09-15,0.9677158340857612,49
2018-09-16,-0.270487488621036,66
2018-09-17,0.0929472744796844,163
2018-09-18,0.3030566806057849,331
2018-09-19,0.7583912455326486,185
2018-09-20,0.5307009579577986,168
2018-09-21,-0.5055508674496554,395
2018-09-22,-0.2642367222830481,131
2018-09-23,0.3383671667387709,130
2018-09-24,0.5518235541329014,129
2018-09-25,0.4626329826073068,118
2018-09-26,0.7641805188396938,136
2018-09-27,0.3609812110304982,147
2018-09-28,-0.0788022308378563,109
2018-09-29,-0.2008947443507004,39
2018-09-30,0.2418355489150603,42
2018-10-01,1.0474682452536117,114
2018-10-02,0.9620221297066388,129
2018-10-03,0.636095082372164,106
2018-10-04,0.8457023074935464,167
2018-10-05,0.047597780922351,182
2018-10-06,0.9897802877225576,59
2018-10-07,0.6513093430239811,109
2018-10-08,-0.0192584929152235,132
2018-10-09,0.718321544667369,112
2018-10-10,0.1416206498519525,154
2018-10-11,0.1154393077213411,343
2018-10-12,0.6159658532780594,194
2018-10-13,0.3831252583266168,102
2018-10-14,0.9248808672071068,46
2018-10-15,0.373229563249319,130
2018-10-16,0.8027589461020883,156
2018-10-17,0.5646534736061324,139
2018-10-18,0.5706432416031817,177
2018-10-19,0.5172056214244429,146
2018-10-20,0.8569961867215115,50
2018-10-21,1.06118064352212,41
2018-10-22,0.7803034605599641,124
2018-10-23,0.4500122318556786,167
2018-10-24,0.0950580687431794,235
2018-10-25,-1.86397139670288,643
2018-10-26,-0.0168208212353785,181
2018-10-27,0.4859118377020595,49
2018-10-28,-0.4209603418000607,21
2018-10-29,0.138880438240394,199
2018-10-30,-1.301408744321379,341
2018-10-31,-0.3716389875672727,295
2018-11-01,-1.888011266682815,448
2018-11-02,-1.9344538511097809,487
2018-11-03,-0.5270845460783321,106
2018-11-04,-0.0276610657793866,65
2018-11-05,0.3154364845858841,165
2018-11-06,0.6650860847256701,158
2018-11-07,0.9007588619067296,132
2018-11-08,0.9036037143130828,142
2018-11-09,0.7841009565880005,128
2018-11-10,0.6517376934841231,106
2018-11-11,0.2815160671803475,66
2018-11-12,-0.96307216673268,413
2018-11-13,-0.972520479904578,620
2018-11-14,0.4269763153599668,159
2018-11-15,0.0362108220791788,218
2018-11-16,-0.8496152388195737,270
2018-11-17,0.4162921968268804,116
2018-11-18,-0.2125950809540622,105
2018-11-19,-0.8147218499117995,188
2018-11-20,-2.046185718450128,286
2018-11-21,-0.7043554167223428,186
2018-11-22,0.450621897454161,142
2018-11-23,-1.038850888366765,163
2018-11-24,0.2347731548294145,53
2018-11-25,0.6971561542671272,56
2018-11-26,0.2343272252793724,145
2018-11-27,0.873056634566673,196
2018-11-28,0.4208117688669794,148
2018-11-29,0.4086200642515266,171
2018-11-30,0.4648040739230087,149
2018-12-01,0.3596004543004424,60
2018-12-02,0.4473072952239392,52
2018-12-03,0.4718414477628636,207
2018-12-04,-1.4487757105261718,294
2018-12-05,-1.2108823028750353,276
2018-12-06,-0.5327278652617666,191
2018-12-07,0.8198022294278325,124
2018-12-08,-0.1106793357245285,55
2018-12-09,0.803023375403328,64
2018-12-10,-0.836040081138673,140
2018-12-11,-2.232458012345081,261
2018-12-12,0.5343485359791464,121
2018-12-13,0.8034033718692593,137
2018-12-14,0.5371408923316887,156
2018-12-15,1.190655498355134,35
2018-12-16,0.3180545839090209,51
2018-12-17,0.5044554087772082,129
2018-12-18,0.6746254591156089,161
2018-12-19,-0.5959788106354063,263
2018-12-20,-0.452901848162038,156
2018-12-21,0.2311154840502025,117
2018-12-22,0.2351398644308674,41
2018-12-23,0.8885351936566681,45
2018-12-24,-0.1679189011785649,54
2018-12-25,0.5784929097111272,55
2018-12-26,-0.04201572727465,49
2018-12-27,0.1653675241477178,77
2018-12-28,-0.8652080787306187,118
2018-12-29,1.1328618985825976,39
2018-12-30,0.3150324157918925,26
2018-12-31,0.3358088874813615,50
2019-01-01,0.236288570829646,35
2019-01-02,0.7043963423737425,76
2019-01-03,-2.525273573307873,468
2019-01-04,-0.4725102801229621,144
2019-01-05,0.4779463516443055,40
2019-01-06,0.137662209933147,43
2019-01-07,0.5451271104662133,143
2019-01-08,0.3610022792248544,146
2019-01-09,0.1981312030956295,314
2019-01-10,0.2036372907629146,130
2019-01-11,-0.9392401267176064,144
2019-01-12,0.1828943719350063,36
2019-01-13,0.465604587813803,57
2019-01-14,-0.7169722596705174,194
2019-01-15,0.2534688130795839,161
2019-01-16,0.990318775677734,127
2019-01-17,-1.5781626044001575,297
2019-01-18,-0.6023732952869041,93
2019-01-19,1.157984669752419,45
2019-01-20,0.0194969147799914,50
2019-01-21,0.4644914515630377,120
2019-01-22,-1.2664275312137687,165
2019-01-23,0.4827323047522525,131
2019-01-24,-0.6061394497856989,294
2019-01-25,-0.2802342804643005,230
2019-01-26,0.2234988736199117,52
2019-01-27,0.6603471954150344,42
2019-01-28,-0.9427504109747128,218
2019-01-29,-0.3165592007533509,188
2019-01-30,-0.093547649545767,235
2019-01-31,-1.9412675699280209,282
2019-02-01,-0.3521940583420533,158
2019-02-02,-0.0549911232925931,55
2019-02-03,-0.3110344093146125,62
2019-02-04,-0.1626877929829249,121
2019-02-05,-0.0728715699798476,195
2019-02-06,-0.068275753777823,190
2019-02-07,0.3721843507261848,182
2019-02-08,-0.1166940390170905,155
2019-02-09,0.5342124996594818,54
2019-02-10,0.079600174425682,45
2019-02-11,0.1610291108584949,114
2019-02-12,0.7043955960161588,144
2019-02-13,0.5703817594314348,170
2019-02-14,0.2438375273311588,88
2019-02-15,-0.1044976859370361,198
2019-02-16,0.7522889925228067,78
2019-02-17,-0.7661139612394025,43
2019-02-18,0.1627939846717124,115
2019-02-19,0.7489518649303085,141
2019-02-20,0.4255298287238837,153
2019-02-21,-0.116959972131556,175
2019-02-22,0.4138598818113677,133
2019-02-23,0.5031782496325943,53
2019-02-24,-0.0257574050046157,40
2019-02-25,0.7496798432514531,192
2019-02-26,0.5401689771191839,239
2019-02-27,0.525284668747578,194
2019-02-28,0.9476641501924618,150
2019-03-01,0.7688622265948466,123
2019-03-02,1.0775958017713347,49
2019-03-03,0.4456670610505883,50
2019-03-04,0.7122594083016783,105
2019-03-05,-1.0890734511534084,318
2019-03-06,0.0470091244965461,183
2019-03-07,0.0641724408118741,163
2019-03-08,0.225654697596486,135
2019-03-09,0.3917598329767584,42
2019-03-10,-0.0746335666650255,55
2019-03-11,0.700649738364075,182
2019-03-12,0.3864738767457868,122
2019-03-13,0.3312191067152017,111
2019-03-14,0.936789129210984,133
2019-03-15,0.6396285125820105,100
2019-03-16,0.7529699853454338,46
2019-03-17,1.0352679494972972,46
2019-03-18,1.0874422505715902,127
2019-03-19,0.5562345302871231,151
2019-03-20,0.2741391844839881,150
2019-03-21,0.0615510458941624,399
2019-03-22,0.7559894244490387,167
2019-03-23,0.7869478836930264,41
2019-03-24,0.7087972923552132,38
2019-03-25,-0.98428097838079,172
2019-03-26,0.2664139703856504,116
2019-03-27,-0.0655564901780638,233
2019-03-28,0.0351054903624773,229
2019-03-29,0.5129960832408713,213
2019-03-30,0.1317034553652653,45
2019-03-31,0.9565523649283246,35
2019-04-01,0.51461370671956,125
2019-04-02,1.300487540261567,132
2019-04-03,0.4019407782646453,293
2019-04-04,0.3905799625615937,218
2019-04-05,0.275218098473228,124
2019-04-06,1.701067337594027,30
2019-04-07,0.4426733899057982,26
2019-04-08,0.2130331399281946,122
2019-04-09,0.8683022077064738,121
2019-04-10,1.5759215455813502,182
2019-04-11,0.7818599284572434,144
2019-04-12,1.098951854312079,93
2019-04-13,0.566496493586392,39
2019-04-14,0.3738075066590591,22
2019-04-15,0.6467051621425168,118
2019-04-16,0.6681381774552908,145
2019-04-17,0.4727759756164749,142
2019-04-18,0.7072816727295146,162
2019-04-19,0.2550304573127963,83
2019-04-20,0.5231866469777555,50
2019-04-21,0.1784577833721661,15
2019-04-22,0.8037214729987614,88
2019-04-23,0.9580297189235272,138
2019-04-24,0.3889299427150198,182
2019-04-25,-0.0380088861492316,204
2019-04-26,-0.5381972725870605,262
2019-04-27,0.225000651032939,35
2019-04-28,-0.2593474080411335,22
2019-04-29,1.2677340117426996,134
2019-04-30,0.6168745328429728,168
2019-05-01,1.5957911650419931,118
2019-05-02,1.027796877326158,155
2019-05-03,1.1752056638493755,116
2019-05-04,1.3796944948605845,54
2019-05-05,1.5081247572524856,35
2019-05-06,-1.9277741729920883,406
2019-05-07,-0.2965027628198295,180
2019-05-08,-0.1225279106594894,205
2019-05-09,-0.0150914257012404,195
2019-05-10,0.3660913631875171,125
2019-05-11,0.4567056949649783,48
2019-05-12,-2.869614742663012,104
2019-05-13,-1.068070119299133,217
2019-05-14,-1.9919574526138808,266
2019-05-15,0.7927816034648673,144
2019-05-16,-1.6164081338007392,256
2019-05-17,-1.7133155750727929,286
2019-05-18,-2.4877031447330733,135
2019-05-19,-1.340386878731039,55
2019-05-20,-2.0631354995740097,408
2019-05-21,-1.3836337724805148,458
2019-05-22,-1.8321110852657887,284
2019-05-23,-1.1902109516683503,196
2019-05-24,-0.5995607019920872,170
2019-05-25,-1.8954202664937947,79
2019-05-26,-2.14294308336991,68
2019-05-27,-0.2534673300759508,123
2019-05-28,0.8287715741700497,110
2019-05-29,0.3853728594923569,243
2019-05-30,0.5709809781298185,151
2019-05-31,0.1790324147529335,104
2019-06-01,0.2442012418189574,37
2019-06-02,0.9877366887267808,23
2019-06-03,-1.2041833213452962,566
2019-06-04,0.2824800217515449,196
2019-06-05,-0.2184921352821233,132
2019-06-06,0.0992181757004299,150
2019-06-07,0.981207034069314,65
2019-06-08,0.0900653944913238,18
2019-06-09,-2.4020749161333583,81
2019-06-10,-0.5924155220017618,173
2019-06-11,0.6164985684581751,154
2019-06-12,-0.752280962101572,263
2019-06-13,0.2523671960341102,193
2019-06-14,-2.202947430580976,265
2019-06-15,-1.9581727030982503,56
2019-06-16,-1.4972962944171315,33
2019-06-17,-0.9109589526220184,212
2019-06-18,-0.6717719730434116,226
2019-06-19,0.3314472122586552,93
2019-06-20,0.7527307659042414,90
2019-06-21,-1.250845243120908,269
2019-06-22,0.3187475459119212,38
2019-06-23,0.3709213552442827,31
2019-06-24,0.2406024114160003,83
2019-06-25,0.3196359098339506,154
2019-06-26,-0.6875885314699293,632
2019-06-27,-0.3507742320778918,226
2019-06-28,0.1793055960998913,120
2019-06-29,0.0147128304880402,44
2019-06-30,-0.2001507154552007,51
2019-07-01,-0.724179615427205,401
2019-07-02,-1.878379807274016,350
2019-07-03,-0.8927980651557504,186
2019-07-04,-1.8880672281696067,131
2019-07-05,-1.346463110348349,131
2019-07-06,-0.8995449191947829,45
2019-07-07,-0.3941455588016954,53
2019-07-08,-1.914106181338824,157
2019-07-09,-1.0985741933099138,151
2019-07-10,-0.8693327735465376,340
2019-07-11,-0.9576177839199108,218
2019-07-12,-0.5821981158728393,170
2019-07-13,-0.6810120588152728,46
2019-07-14,-0.6430319520933789,45
2019-07-15,-0.0865960383096,255
2019-07-16,0.8712290486848886,143
2019-07-17,0.151730770366559,230
2019-07-18,-0.2667816489935503,183
2019-07-19,0.5177647587900049,124
2019-07-20,-0.3024285843982215,51
2019-07-21,-0.7653125832552283,45
2019-07-22,0.455730751673062,253
2019-07-23,0.5831972915945505,265
2019-07-24,-0.2162198848706722,173
2019-07-25,-0.282003955490452,255
2019-07-26,0.102746486229271,161
2019-07-27,0.1106894521839896,50
2019-07-28,0.4478439120257663,57
2019-07-29,0.3834846684008171,172
2019-07-30,0.8753376418307182,234
2019-07-31,0.6733958334775997,168
2019-08-01,0.1046019660242134,174
2019-08-02,-1.26833249837852,159
2019-08-03,-0.2784024309201433,45
2019-08-04,-1.0520273550921435,49
2019-08-05,-0.6000560616787606,154
2019-08-06,-0.073378987852471,131
2019-08-07,0.9486543735826184,157
2019-08-08,0.0999590070733588,186
2019-08-09,-1.2173247934435896,216
2019-08-10,-0.621942881698382,51
2019-08-11,0.0278903999549899,47
2019-08-12,-0.299842095655567,134
2019-08-13,-0.6958183148242207,210
2019-08-14,-0.0025535565316781,213
2019-08-15,0.2444185341324967,98
2019-08-16,0.0136181405000929,126
2019-08-17,-1.5117856856076406,95
2019-08-18,-3.6877793406587767,134
2019-08-19,-1.2687197600503033,334
2019-08-20,-0.4165054832509058,149
2019-08-21,0.8397296567785416,125
2019-08-22,0.2061316924368925,101
2019-08-23,-0.3051962066431449,126
2019-08-24,-0.240902656384526,20
2019-08-25,-0.2927946031742086,21
2019-08-26,-0.4972886476302564,126
2019-08-27,-1.5880712252651026,197
2019-08-28,0.4568931743273937,180
2019-08-29,0.8477799318751833,117
2019-08-30,0.3929693235264454,128
2019-08-31,-0.7751535067731159,20
2019-09-01,0.405050195255028,25
2019-09-02,0.5315835245377872,72
2019-09-03,-0.2245806014616169,145
2019-09-04,-0.251522409962607,129
2019-09-05,0.8793939178602964,123
2019-09-06,1.0990069982479111,90
2019-09-07,1.004255674948033,40
2019-09-08,0.867138116977081,25
2019-09-09,1.0985878092147008,124
2019-09-10,0.7483164042898325,111
2019-09-11,0.0626620111567725,174
2019-09-12,0.6407980523767092,112
2019-09-13,0.4709475303315473,104
2019-09-14,0.7091930115399698,42
2019-09-15,0.3546432224721461,17
2019-09-16,-0.0793364402194659,148
2019-09-17,0.2597772149612385,132
2019-09-18,0.6249215522269669,168
2019-09-19,1.1154812289952127,133
2019-09-20,-0.1006079921852629,112
2019-09-21,0.6376556122821023,23
2019-09-22,1.1424083295863383,19
2019-09-23,-0.2719530251533055,142
2019-09-24,0.4361460296389786,112
2019-09-25,-1.3427295190682973,291
2019-09-26,0.2262858357259358,126
2019-09-27,-2.2242802265579,582
2019-09-28,-1.3589836670698878,80
2019-09-29,-0.1037722131663454,32
2019-09-30,0.6528374613897411,97
2019-10-01,-0.5236511115443909,213
2019-10-02,0.0951675590982227,93
2019-10-03,0.7408656541773966,100
2019-10-04,-0.7307663081817686,228
2019-10-05,0.4241031092893936,60
2019-10-06,-0.3316004375278197,29
2019-10-07,1.383749503676632,151
2019-10-08,0.4612468121141004,125
2019-10-09,-0.107879096043084,115
2019-10-10,1.11094545436561,118
2019-10-11,0.9088651586191734,96
2019-10-12,0.6794274042815804,46
2019-10-13,-0.3715576293431931,41
2019-10-14,0.4058272832826656,164
2019-10-15,1.4170382946102924,122
2019-10-16,1.365405713971798,122
2019-10-17,1.1094897693268706,141
2019-10-18,0.4549829913508953,167
2019-10-19,-0.0230582810644834,44
2019-10-20,1.0169019897838385,18
2019-10-21,0.9279084288768514,151
2019-10-22,1.1596591239416998,176
2019-10-23,-0.7767897585197869,219
2019-10-24,0.4539561256199776,238
2019-10-25,1.2523131975222126,219
2019-10-26,1.375305287823505,43
2019-10-27,1.3338348721233562,51
2019-10-28,1.090291640828409,126
2019-10-29,0.979464068329259,155
2019-10-30,1.273162580601456,150
2019-10-31,0.7334236951089906,133
2019-11-01,1.0697299229224126,77
2019-11-02,0.7373009680281092,50
2019-11-03,1.017836631229043,20
2019-11-04,0.3884649004571708,134
2019-11-05,1.1079571275779894,157
2019-11-06,1.2116631215016582,164
2019-11-07,1.2521775222229183,220
2019-11-08,0.7069694100769267,145
2019-11-09,0.8511907978180836,28
2019-11-10,0.8163211613921177,19
2019-11-11,0.527113793527462,140
2019-11-12,0.8501410658177381,343
2019-11-13,0.3819297520992928,145
2019-11-14,1.3177226186954996,94
2019-11-15,0.5361070057750226,137
2019-11-16,0.6005624851478083,71
2019-11-17,-0.0514777761812714,47
2019-11-18,0.5938795584501898,115
2019-11-19,0.7552924474508075,131
2019-11-20,-0.2473052135067761,101
2019-11-21,0.2817119175186685,87
2019-11-22,0.5657666836804712,99
2019-11-23,0.7167035376521481,22
2019-11-24,-0.7170764478509422,15
2019-11-25,0.9236754649487138,75
2019-11-26,1.3187736793149212,102
2019-11-27,0.3937140491817531,104
2019-11-28,-1.0629717050929055,266
2019-11-29,-0.8293125319984289,179
2019-11-30,-0.2436695788840765,30
2019-12-01,0.1409034427829595,86
2019-12-02,0.4761165938372871,86
2019-12-03,0.7596639211930497,122
2019-12-04,0.5128924122815839,148
2019-12-05,0.9321555912421936,130
2019-12-06,1.613224726988342,267
2019-12-07,1.5019285571225414,45
2019-12-08,0.0181404160672596,33
2019-12-09,0.5527020567596951,230
2019-12-10,0.8758581133233391,121
2019-12-11,1.7352698571448342,156
2019-12-12,1.5381109253453595,100
2019-12-13,0.2418295582294871,159
2019-12-14,1.0032576826585684,31
2019-12-15,1.0426760927753425,27
2019-12-16,0.6167957891510519,248
2019-12-17,0.3227251348803489,211
2019-12-18,0.3122002876770038,150
2019-12-19,-0.4522627376279122,358
2019-12-20,-0.0498194646610971,198
2019-12-21,0.5114707621614232,36
2019-12-22,0.2138307277464512,31
2019-12-23,0.6790658898804787,88
2019-12-24,0.9290202952170302,64
2019-12-25,0.0971260869309414,36
2019-12-26,0.4536623895374245,49
2019-12-27,1.035811763071962,51
2019-12-28,0.9619552149279992,17
2019-12-29,0.2177049041109085,30
2019-12-30,1.212435536394749,74
2019-12-31,0.7847045015976564,78
2020-01-01,0.9864415254303516,32
2020-01-02,1.460762495200136,117
2020-01-03,1.6781498780743176,97
2020-01-04,0.6969327322480446,25
2020-01-05,0.2832859835578666,20
2020-01-06,0.6359417927166231,144
2020-01-07,0.3637385558049907,205
2020-01-08,0.063757150320542,143
2020-01-09,1.0780433619128855,110
2020-01-10,0.7947894782939826,112
2020-01-11,0.228831742105129,30
2020-01-12,0.5118309578952912,30
2020-01-13,1.0366641941049437,197
2020-01-14,0.3568034252138016,191
2020-01-15,0.6522675434043465,105
2020-01-16,1.0369014416355506,226
2020-01-17,0.5733208657172733,98
2020-01-18,0.5365136078039641,29
2020-01-19,1.0948402547536773,19
2020-01-20,0.9068637888126472,96
2020-01-21,0.7719248885235974,115
2020-01-22,0.3107431804837703,150
2020-01-23,-0.0375988799358769,191
2020-01-24,0.2446756317428257,195
2020-01-25,0.9466580848569864,20
2020-01-26,1.414082147328731,17
2020-01-27,-0.1269762932028399,64
2020-01-28,-0.8630117869371776,150
2020-01-29,0.3815144116132184,169
2020-01-30,0.0670837708521252,169
2020-01-31,0.2147954813326967,110
2020-02-01,-0.1428137110775865,32
2020-02-02,0.1081442099007143,26
2020-02-03,0.4190534042564728,157
2020-02-04,0.013799991421154,135
2020-02-05,0.719252823834659,108
2020-02-06,0.1650993249044674,155
2020-02-07,0.1435736577947887,114
2020-02-08,-0.5925102837768464,26
2020-02-09,-1.135796266913376,12
2020-02-10,-0.394567918844203,78
2020-02-11,0.7413112231364729,106
2020-02-12,0.4813892821720769,249
2020-02-13,0.2897117705405852,166
2020-02-14,0.6553296557638625,74
2020-02-15,-1.2745121554623673,44
2020-02-16,-0.881241659282786,29
2020-02-17,0.7527781956687538,72
2020-02-18,-1.5070666824364347,337
2020-02-19,-0.9551307395633998,194
2020-02-20,1.0327853024839655,206
2020-02-21,-0.4805665761440231,92
2020-02-22,-0.5465893710903696,23
2020-02-23,-0.6416068405257841,19
2020-02-24,-0.1601991359005288,88
2020-02-25,-0.2504790998120312,97
2020-02-26,0.8474756664443842,115
2020-02-27,-0.0933976344522037,87
2020-02-28,-0.7886445295026011,89
2020-02-29,-1.37689550142619,33
2020-03-01,-1.0612638972787296,16
2020-03-02,0.3308510464568074,103
2020-03-03,-1.5885710288588386,268
2020-03-04,0.2226278419640294,158
2020-03-05,0.326502621665559,132
2020-03-06,-1.1833111875269682,129
2020-03-07,-0.2011683839724339,17
2020-03-08,-1.3500208791840451,8
2020-03-09,-0.3435640612502262,88
2020-03-10,-0.3453577992529085,223
2020-03-11,0.5885557975591104,111
2020-03-12,0.0013377673241278,175
2020-03-13,0.1615012621048358,91
2020-03-14,-0.6145329537234453,24
2020-03-15,-0.2164961532608836,11
2020-03-16,-0.6566221744551053,74
2020-03-17,-0.2428257166306016,80
2020-03-18,-0.2614689580184695,86
2020-03-19,-0.3779415161097725,80
2020-03-20,-1.2417348862316648,98
2020-03-21,-0.550054974268927,22
2020-03-22,-2.118792523997975,46
2020-03-23,-0.6576703346064591,65
2020-03-24,0.235838642154097,114
2020-03-25,0.5690224282843641,129
2020-03-26,-0.3330659602508457,166
2020-03-27,-0.6004477574281912,159
2020-03-28,-0.2502494933668373,32
2020-03-29,-0.9824120754751298,22
2020-03-30,0.3778547099075188,103
2020-03-31,-0.930412210295348,110
2020-04-01,0.147801021461978,104
2020-04-02,0.4700461994126943,91
2020-04-03,0.6799246106631821,93
2020-04-04,0.3229507940456131,34
2020-04-05,-0.0420835770023266,16
2020-04-06,0.0343550266041063,83
2020-04-07,-0.2614424170786945,106
2020-04-08,-0.9617767479079692,114
2020-04-09,-0.1525036327194094,56
2020-04-10,-0.3386103909821634,47
2020-04-11,0.5443309207509884,18
2020-04-12,-0.064932551802467,17
2020-04-13,0.0569495062315252,53
2020-04-14,0.6255124238988078,98
2020-04-15,0.0543854195026968,101
2020-04-16,-0.2136285041284012,230
2020-04-17,-0.0253915932217846,101
2020-04-18,0.1582930566002789,31
2020-04-19,1.1775496848077078,15
2020-04-20,0.0680111679461065,79
2020-04-21,0.2500884109042085,116
2020-04-22,0.7370302651794121,105
2020-04-23,0.0316477249012669,138
2020-04-24,0.2625083310614571,112
2020-04-25,0.8023442799277212,41
2020-04-26,0.0811167760214299,27
2020-04-27,0.5374403487892401,102
2020-04-28,0.3328036289709115,117
2020-04-29,0.5656523082227364,131
2020-04-30,0.2062426478076787,104
2020-05-01,-0.3687801535255776,76
2020-05-02,-0.2940529938473341,21
2020-05-03,0.2168378732564754,37
2020-05-04,-0.1913896739548146,123
2020-05-05,0.4079485787518055,107
2020-05-06,0.3597855805522111,141
2020-05-07,0.9624687760037844,111
2020-05-08,0.6925178796417508,92
2020-05-09,0.6839126971061499,43
2020-05-10,0.0094890359928023,73
2020-05-11,0.0216662538407963,247
2020-05-12,1.0269349077358514,99
2020-05-13,0.519658125530363,157
2020-05-14,0.725485235939561,144
2020-05-15,-0.359794970424117,579
2020-05-16,-1.4785177425363498,106
2020-05-17,-1.1434896199640134,61
2020-05-18,-1.0633265114907258,261
2020-05-19,0.3079555151103738,166
2020-05-20,-0.3162527453707469,163
2020-05-21,-0.1441530215115125,127
2020-05-22,-0.106462857279715,135
2020-05-23,-0.3061581625586567,29
2020-05-24,-1.0481974069488873,24
2020-05-25,0.1528330784472224,60
2020-05-26,0.7610244373383414,104
2020-05-27,0.6906062849730266,136
2020-05-28,0.4811818422781993,247
2020-05-29,0.7610435755028297,87
2020-05-30,0.4011436496583541,26
2020-05-31,-0.3434401537799046,17
2020-06-01,1.94398900811756e-05,70
2020-06-02,0.6736542101502604,107
2020-06-03,0.5158907267558317,95
2020-06-04,0.6055332032435332,112
2020-06-05,0.371788732753141,87
2020-06-06,1.115626700782281,27
2020-06-07,0.2682440495912187,19
2020-06-08,0.4790387448697018,72
2020-06-09,0.6853889536468425,143
2020-06-10,1.1889311343153393,131
2020-06-11,0.51232917732554,153
2020-06-12,0.6768573522267931,88
2020-06-13,-0.5268171195128835,16
2020-06-14,0.2091985663280806,20
2020-06-15,0.0487222572428746,106
2020-06-16,0.7548896894533293,120
2020-06-17,0.8803764741031044,72
2020-06-18,0.4748791666677078,97
2020-06-19,0.3985187008262684,87
2020-06-20,0.6598224702175897,25
2020-06-21,-0.9153947075823314,16
2020-06-22,0.5111229070954788,128
2020-06-23,1.008751305294888,110
2020-06-24,-0.1977034395557894,173
2020-06-25,0.4894235010659005,127
2020-06-26,0.8360302790677269,100
2020-06-27,-0.9093230774904728,25
2020-06-28,-0.3294297283169234,21
2020-06-29,0.4056094244649401,106
2020-06-30,0.2095250481749984,238
2020-07-01,0.9501271955042572,75
2020-07-02,0.7521630150042811,78
2020-07-03,1.02920338117274,64
2020-07-04,-0.2997192469303418,122
2020-07-05,0.0855918003654631,45
2020-07-06,0.6347547613596671,132
2020-07-07,0.5817376838680406,137
2020-07-08,1.0182729422773698,120
2020-07-09,0.8663077039014092,119
2020-07-10,0.669005536650208,130
2020-07-11,1.2713121658365112,21
2020-07-12,0.0172587401146467,14
2020-07-13,0.7942853351202862,132
2020-07-14,-0.0081442343705175,147
2020-07-15,-0.0699484280280768,136
2020-07-16,0.6793432013031927,183
2020-07-17,1.758771323366471,155
2020-07-18,0.4237612865948209,25
2020-07-19,1.1775921649072902,44
2020-07-20,0.9137749751571396,100
2020-07-21,1.4219606934954527,165
2020-07-22,2.256820036737502,173
2020-07-23,0.0732596812936909,142
2020-07-24,-0.8637353462590877,166
2020-07-25,-0.2526872326182448,38
2020-07-26,0.1440852324016769,29
2020-07-27,0.0582187757344501,183
2020-07-28,0.8861174165253136,224
2020-07-29,0.6210474732124172,147
2020-07-30,0.6711755095662327,152
2020-07-31,0.1082992618680917,124
2020-08-01,0.4240541374437949,37
2020-08-02,0.5008988901237916,47
2020-08-03,0.4236920374400585,69
2020-08-04,0.9804621084329334,132
2020-08-05,0.5509907407142571,136
2020-08-06,1.1433137237408535,119
2020-08-07,0.8763973093741796,89
2020-08-08,-2.2658461881328744,113
2020-08-09,-0.8790560149096371,65
2020-08-10,0.1953929846570462,143
2020-08-11,1.1849815130573838,136
2020-08-12,1.012979983479566,140
2020-08-13,0.6639538742766679,129
2020-08-14,0.1326297204706275,70
2020-08-15,0.6606049202715378,29
2020-08-16,-0.2865369048920029,23
2020-08-17,-0.6546765054431676,242
2020-08-18,-1.2058865652006443,299
2020-08-19,0.4673262808433724,146
2020-08-20,-0.6682723699739759,165
2020-08-21,0.3744666225625391,137
2020-08-22,0.854279009064701,51
2020-08-23,-0.8083941517529258,19
2020-08-24,0.8198561728917608,140
2020-08-25,0.515823332482448,177
2020-08-26,0.444359350401985,100
2020-08-27,0.1093068850558405,104
2020-08-28,-0.5158498766744013,99
2020-08-29,-0.0015397698519355,12
2020-08-30,-0.4699275860555987,18
2020-08-31,0.3665653206770414,83
2020-09-01,0.4678449701995714,176
2020-09-02,0.1925661756802461,146
2020-09-03,0.2214213687946144,154
2020-09-04,0.2856074780551327,113
2020-09-05,-1.6818228180859351,84
2020-09-06,-3.189369595666676,117
2020-09-07,-1.42687506642753,272
2020-09-08,-0.4652465225728604,182
2020-09-09,-0.5893280489760473,142
2020-09-10,0.3391113928759958,130
2020-09-11,0.0698300905754507,95
2020-09-12,0.7268325971999684,23
2020-09-13,-0.8001305589278656,39
2020-09-14,-0.0105650964371895,148
2020-09-15,0.751928852436036,134
2020-09-16,0.071528379521438,98
2020-09-17,-0.3478719239388154,188
2020-09-18,-0.2416327029482303,82
2020-09-19,0.4664130257754305,62
2020-09-20,0.7257390155950106,18
2020-09-21,0.3184477059059744,123
2020-09-22,0.1942462830930984,150
2020-09-23,0.2204805614568013,180
2020-09-24,0.7325987549156847,107
2020-09-25,0.3094533733272091,67
2020-09-26,-2.4359393518921086,87
2020-09-27,-3.032397964990971,94
2020-09-28,-1.4225712129776826,154
2020-09-29,0.1959894411233514,142
2020-09-30,-0.6263672658820534,196
2020-10-01,0.8207563817367599,130
2020-10-02,0.4725285925240519,68
2020-10-03,0.4882639235401821,39
2020-10-04,-1.1459306894039596,53
2020-10-05,-0.3764291906978554,79
2020-10-06,0.907942643405706,90
2020-10-07,1.0858025607724262,154
2020-10-08,0.7993333547810624,119
2020-10-09,1.169548763383235,49
2020-10-10,-0.1454456867162745,42
2020-10-11,-0.553874285726537,31
2020-10-12,1.2856288079759752,99
2020-10-13,0.9997180789118286,64
2020-10-14,0.725197144881936,117
2020-10-15,0.9568919203282836,112
2020-10-16,0.2478061202573961,30
2020-10-17,0.2834053129234941,19
2020-10-18,-2.5892448449423218,57
2020-10-19,0.4852832403936591,114
2020-10-20,0.9406575019723142,135
2020-10-21,1.4543045303310391,77
2020-10-22,0.6166201211106406,87
2020-10-23,0.3913792142360266,72
2020-10-24,1.0016920288300422,15
2020-10-25,-1.202964712348373,31
2020-10-26,0.7073270030816956,72
2020-10-27,1.0757821401479544,111
2020-10-28,0.8251775321824113,70
2020-10-29,-0.3084504830689432,146
2020-10-30,-1.987480370164324,34
2020-10-31,-0.3008211204086127,6
2020-11-01,-1.554346247420589,16
2020-11-02,0.8740490007256617,62
2020-11-03,-0.2897897023158455,58
2020-11-04,0.999433299209373,64
2020-11-05,0.113314693906916,90
2020-11-06,0.9634633146918942,17
2020-11-07,1.4389766962503583,3
2020-11-08,1.4390758838352615,10
2020-11-09,0.6168855556077129,82
2020-11-10,0.2802063520201127,95
2020-11-11,0.968779093483932,73
2020-11-12,0.1232334964943166,36
2020-11-13,0.9345319957718988,11
2020-11-14,0.0794795753023936,7
2020-11-15,-1.4207109237596216,7
2020-11-16,-0.0657254016377703,48
2020-11-17,0.8504876957892548,45
2020-11-18,0.9634235920527612,104
2020-11-19,0.8808948072405361,137
2020-11-20,0.6970325228191434,131
2020-11-21,2.1275327432780378,62
2020-11-22,1.4554037944104907,15
2020-11-23,0.6049133522103813,130
2020-11-24,0.9986970977974936,112
2020-11-25,1.4072798712731265,117
2020-11-26,0.9818632486658704,78
2020-11-27,0.2146486153052034,50
2020-11-28,0.7051401272959628,16
2020-11-29,-1.1863988825614886,46
2020-11-30,-1.4296087522483525,216
2020-12-01,1.0552924779675288,174
2020-12-02,1.1249971335893982,157
2020-12-03,-0.3670883843958072,220
2020-12-04,-0.8770019344549469,384
2020-12-05,-0.7729606308397695,37
2020-12-06,-1.2891924947689235,28
2020-12-07,1.026483824685107,127
2020-12-08,1.4064858699238008,155
2020-12-09,1.109015938624569,91
2020-12-10,0.0144560604717728,172
2020-12-11,0.0282878872211053,94
2020-12-12,-0.4823977453681038,38
2020-12-13,0.0590399952457096,29
2020-12-14,0.6875476837709324,96
2020-12-15,0.9374851640043492,115
2020-12-16,0.3404290625516883,216
2020-12-17,0.7806182303096162,107
2020-12-18,-1.4608528091629378,450
2020-12-19,-2.3439169519035064,223
2020-12-20,-1.9183236081686017,39
2020-12-21,-0.7032664792576856,109
2020-12-22,-1.514378031215353,187
2020-12-23,0.2527746632965466,96
2020-12-24,-0.0622242310479002,65
2020-12-25,-0.1353808263353957,28
2020-12-26,0.811578815204052,19
2020-12-27,3.808322119028793,43
2020-12-28,0.4376495304727588,80
2020-12-29,-0.2101642516225701,156
2020-12-30,-0.1323295540950099,245
2020-12-31,0.1659616234392288,63
2021-01-01,-0.5583701007655753,54
2021-01-02,-1.1873765247326196,34
2021-01-03,0.0378912371157253,36
2021-01-04,0.1820983828642277,153
2021-01-05,-0.0214343672557562,313
2021-01-06,0.4207589880988753,225
2021-01-07,0.8455158270090222,164
2021-01-08,0.8953151722052997,277
2021-01-09,0.0579792054767733,42
2021-01-10,-0.1186907883058184,35
2021-01-11,0.0788676035275158,133
2021-01-12,0.2845306645171391,185
2021-01-13,0.1219923748304128,190
2021-01-14,0.4636169925074136,284
2021-01-15,-1.1474680288759385,280
2021-01-16,-0.7664196017266945,51
2021-01-17,-1.8491304052862407,49
2021-01-18,-0.9647607569407844,250
2021-01-19,-0.1107939849453741,201
2021-01-20,0.7016936721185243,228
2021-01-21,0.988497187428504,148
2021-01-22,0.7890294167376245,244
2021-01-23,-0.1887943576841245,50
2021-01-24,-1.047401363841463,72
2021-01-25,0.6528048229614335,264
2021-01-26,-0.2250336964071548,183
2021-01-27,0.3639751506711245,187
2021-01-28,0.6733899480614463,138
2021-01-29,0.7023522335645481,132
2021-01-30,-0.2022074321154204,54
2021-01-31,-0.2500271001421834,29
2021-02-01,0.5970566159319636,152
2021-02-02,0.7139029018402587,167
2021-02-03,0.3930887940158283,138
2021-02-04,0.3219297452622335,260
2021-02-05,0.3095344185688951,190
2021-02-06,0.1961143122793135,55
2021-02-07,0.6550239655956975,85
2021-02-08,0.7308710099793401,287
2021-02-09,0.4815312490044297,206
2021-02-10,0.8340500372906656,202
2021-02-11,0.5089752878043816,240
2021-02-12,0.4550183922032466,147
2021-02-13,0.3214750346892608,50
2021-02-14,-0.1486031103352511,28
2021-02-15,0.5378905645508235,113
2021-02-16,1.14078503237604,107
2021-02-17,0.6948672101058195,195
2021-02-18,-0.231499841752752,244
2021-02-19,-0.3873203732466134,277
2021-02-20,-1.7360024580519378,100
2021-02-21,-0.7562382010904862,39
2021-02-22,0.4667237362792921,185
2021-02-23,0.9591761188391824,135
2021-02-24,-0.5253753640458532,325
2021-02-25,-0.0620459953675875,224
2021-02-26,-0.2355317004424773,115
2021-02-27,-0.0575064183086213,38
2021-02-28,0.3801579846068125,21
2021-03-01,0.1944649036807597,77
2021-03-02,0.772685800385763,122
2021-03-03,-0.0102627023051575,253
2021-03-04,0.2835707977137993,185
2021-03-05,-0.6443660191562351,235
2021-03-06,-0.3610483345169557,36
2021-03-07,-0.6730816877929863,45
2021-03-08,0.3466163345918155,135
2021-03-09,0.1497584293137995,212
2021-03-10,0.6820398878573968,191
2021-03-11,0.3316278534590404,163
2021-03-12,0.1032238714898954,152
2021-03-13,0.098420169329618,33
2021-03-14,-1.2944313956440967,20
2021-03-15,0.2034924814302444,87
2021-03-16,0.7483898156303637,112
2021-03-17,-0.484757898894432,185
2021-03-18,0.5866899402227466,172
2021-03-19,-0.3848330810380972,113
2021-03-20,0.6582842012465225,62
2021-03-21,-1.7262873346856509,31
2021-03-22,0.4243803084545748,95
2021-03-23,0.7788279830910904,153
2021-03-24,0.1762300980793826,295
2021-03-25,0.6632229173753141,242
2021-03-26,0.6126024610843943,128
2021-03-27,0.2661920372200677,94
2021-03-28,-0.4790030928773507,32
2021-03-29,0.9023742701547294,104
2021-03-30,0.2225456881874095,123
2021-03-31,0.1851545779095941,168
2021-04-01,-0.068507048689224,487
2021-04-02,-0.1703410640636813,95
2021-04-03,0.1387074767411007,26
2021-04-04,-0.3102576675356281,33
2021-04-05,0.1626477742225254,96
2021-04-06,-0.6093487830121312,134
2021-04-07,0.3644093935598155,139
2021-04-08,0.6024719094981257,98
2021-04-09,-1.1279520809830377,253
2021-04-10,-1.3764457554492342,63
2021-04-11,0.3530859986046066,45
2021-04-12,-1.89450052715264,411
2021-04-13,-0.4991725161219806,256
2021-04-14,0.2875657267888804,207
2021-04-15,0.2967796935718187,223
2021-04-16,-0.0639552921220395,110
2021-04-17,-1.033813409991709,52
2021-04-18,0.5063919817265919,19
2021-04-19,0.2933253577866593,90
2021-04-20,0.6490569962981341,139
2021-04-21,0.0362363498785982,148
2021-04-22,0.4615017978901312,173
2021-04-23,-0.2858247314223845,139
2021-04-24,-0.5525095875165974,37
2021-04-25,-0.7509234049422876,49
2021-04-26,0.1373283628071407,132
2021-04-27,0.6081658805866302,147
2021-04-28,0.1801363380929375,225
2021-04-29,-0.9077084187264588,212
2021-04-30,-0.1676353391365011,161
2021-05-01,0.0724232307433933,44
2021-05-02,0.4972578147051927,28
2021-05-03,-0.5793182371819396,122
2021-05-04,0.1202748791928791,151
2021-05-05,-0.008582345681944,153
2021-05-06,0.4807952900882191,200
2021-05-07,0.2269287472449527,144
2021-05-08,0.3124623432218776,29
2021-05-09,-0.6179131551009049,15
2021-05-10,0.2476754135687526,137
2021-05-11,-0.3482315228057894,207
2021-05-12,-0.5990794825656169,272
2021-05-13,-0.2520170975218486,278
2021-05-14,-1.080372305320256,219
2021-05-15,-1.1409201289405255,38
2021-05-16,0.0150970336903684,49
2021-05-17,-0.5496992543346778,179
2021-05-18,-0.6082038579826242,235
2021-05-19,-0.4686862030231561,261
2021-05-20,0.3571545256852856,159
2021-05-21,0.3085243987423713,157
2021-05-22,0.704291606310383,45
2021-05-23,0.0948315944805706,33
2021-05-24,0.1550789546427555,217
2021-05-25,-0.3059567687450228,317
2021-05-26,0.8136760407488457,134
2021-05-27,0.3841234789420217,158
2021-05-28,0.6719940211758794,150
2021-05-29,0.6192117099328984,37
2021-05-30,0.5922391796204809,43
2021-05-31,-0.425992537863222,159
2021-06-01,0.480165217701226,174
2021-06-02,0.6385404778650535,171
2021-06-03,0.212118054200778,195
2021-06-04,-1.7384030182793495,322
2021-06-05,-0.141842307854507,19
2021-06-06,-2.611960609788518,51
2021-06-07,-0.8347786549014974,256
2021-06-08,-0.0547934255138256,140
2021-06-09,0.7723078938924924,225
2021-06-10,0.7869812133545824,170
2021-06-11,0.2997291933324037,141
2021-06-12,0.0303674715278319,54
2021-06-13,-1.174735206702353,36
2021-06-14,0.0005769520779127,88
2021-06-15,0.7433721060479738,94
2021-06-16,0.8251794912361059,126
2021-06-17,0.4838483291414203,150
2021-06-18,0.2624243875888062,113
2021-06-19,0.7723305661520241,42
2021-06-20,0.4969909828563403,62
2021-06-21,0.7257479739120666,109
2021-06-22,0.2197739060478133,156
2021-06-23,1.32342199704067,132
2021-06-24,0.7358277297387308,147
2021-06-25,0.5546389338120091,100
2021-06-26,0.3228149467965384,50
2021-06-27,0.1492720081316467,29
2021-06-28,0.5676622580877587,125
2021-06-29,1.2420221658855872,152
2021-06-30,0.7651889205046758,209
2021-07-01,0.9191677691464184,191
2021-07-02,0.0908262859483421,213
2021-07-03,0.2315348598441449,59
2021-07-04,0.1188690914512336,43
2021-07-05,-0.2407891405138872,94
2021-07-06,0.7427089516320614,141
2021-07-07,0.8778464149306315,155
2021-07-08,0.7018617568624911,107
2021-07-09,0.7151976028367141,128
2021-07-10,0.8932312081359189,49
2021-07-11,-0.4851955211825886,81
2021-07-12,-2.712424696368589,478
2021-07-13,0.5856755538058275,113
2021-07-14,0.6971767980731939,148
2021-07-15,0.1926855341459223,263
2021-07-16,0.3476857477057745,264
2021-07-17,0.5729761278337232,31
2021-07-18,1.3274839425486873,20
2021-07-19,0.4326564803835053,108
2021-07-20,0.3126010287908022,130
2021-07-21,0.7290348710328554,136
2021-07-22,0.5387294932297196,179
2021-07-23,0.3440114602259319,123
2021-07-24,-0.3568348079952811,105
2021-07-25,0.7827119814553287,30
2021-07-26,-0.3232052812376801,139
2021-07-27,0.0053210936596397,206
2021-07-28,0.6142584266074738,138
2021-07-29,0.8124512221997832,132
2021-07-30,-0.5359133433821992,224
2021-07-31,-1.6067753073184687,166
2021-08-01,-2.5517552938198,69
2021-08-02,0.1404043861626548,103
2021-08-03,-0.7189386729756058,169
2021-08-04,0.6691407418541099,123
2021-08-05,1.4596754031870165,155
2021-08-06,0.2964389251507349,98
2021-08-07,0.9045854908441412,19
2021-08-08,1.1715094400669268,22
2021-08-09,-2.354491084483741,366
2021-08-10,0.2933260860691525,66
2021-08-11,0.1549996362209534,115
2021-08-12,-0.3422493293933464,215
2021-08-13,-1.1292398709651847,137
2021-08-14,-1.134167092092442,18
2021-08-15,-0.4052020966730046,21
2021-08-16,1.0997270278874374,59
2021-08-17,0.7165710621351202,94
2021-08-18,0.3219930654575033,123
2021-08-19,-0.1074114710953878,196
2021-08-20,-0.571615896585905,118
2021-08-21,-0.0403413190627673,30
2021-08-22,-0.5768601779661693,31
2021-08-23,0.3777056724851071,141
2021-08-24,0.1671851468633468,154
2021-08-25,0.7266591365760899,177
2021-08-26,0.6767557440027221,156
2021-08-27,0.3785370755132675,150
2021-08-28,-0.6912390741086976,39
2021-08-29,-0.0935219511082191,22
2021-08-30,0.2620967700969998,98
2021-08-31,0.8019742041706274,145
2021-09-01,0.5024910660511022,111
2021-09-02,-0.4324352765956661,278
2021-09-03,0.5995567866077052,165
2021-09-04,0.5777879578217603,44
2021-09-05,-2.9931056597760386,165
2021-09-06,-0.2388440819654165,163
2021-09-07,0.9670423719318514,201
2021-09-08,0.458278352604126,129
2021-09-09,0.349703522123903,92
2021-09-10,-0.0651763914237509,68
2021-09-11,0.3514995710067333,14
2021-09-12,-0.5156501399809532,30
2021-09-13,1.3936369994759978,121
2021-09-14,0.9152451715734076,93
2021-09-15,0.011245061569258,109
2021-09-16,0.6498478970814096,129
2021-09-17,0.5234008689240888,120
2021-09-18,0.1207257449541803,21
2021-09-19,0.1185956758629581,19
2021-09-20,0.301412050756028,90
2021-09-21,0.4937038437043541,88
2021-09-22,0.7153952701628851,103
2021-09-23,-0.3348472252279589,149
2021-09-24,-0.3819649548513105,158
2021-09-25,0.3860950356938352,32
2021-09-26,0.1884235389452855,45
2021-09-27,-0.3889724072549858,174
2021-09-28,-0.0911060677466261,248
2021-09-29,-0.7476471147575672,323
2021-09-30,0.6341696830410367,170
2021-10-01,-0.7260639589127236,147
2021-10-02,0.5307845736224888,38
2021-10-03,-1.6878817286277807,53
2021-10-04,-0.4799556540941238,136
2021-10-05,-0.2170845781734679,233
2021-10-06,0.5705353936400525,127
2021-10-07,0.4591640181816242,136
2021-10-08,0.5202247998348528,122
2021-10-09,-0.1963724646002231,44
2021-10-10,0.3463833056153876,64
2021-10-11,1.1324797280175376,79
2021-10-12,0.4931744711161101,134
2021-10-13,-0.2245277924754519,185
2021-10-14,0.8525528220411791,221
2021-10-15,0.8195101826651603,212
2021-10-16,0.1548150988395071,34
2021-10-17,1.5482283303797824,288
2021-10-18,-0.407408329595378,231
2021-10-19,0.6400095981709492,119
2021-10-20,0.1480814849410396,164
2021-10-21,0.6236261246644166,152
2021-10-22,-0.2042907632902745,143
2021-10-23,-0.2863075591021913,11
2021-10-24,-1.5858684831907564,42
2021-10-25,0.2520827456131129,98
2021-10-26,0.9988471731432056,133
2021-10-27,1.2931594659623802,139
2021-10-28,0.4665614268418827,218
2021-10-29,-0.0167345792816451,289
2021-10-30,0.1162542391471593,30
2021-10-31,0.0376476888063974,38
2021-11-01,1.051458695390772,109
2021-11-02,0.7667998688963907,126
2021-11-03,0.7880739313554623,178
2021-11-04,1.277322371691766,117
2021-11-05,-0.4517304471698862,89
2021-11-06,0.2887995930591976,47
2021-11-07,-0.2285696980404694,31
2021-11-08,0.2737436793701601,166
2021-11-09,0.3227614155653058,246
2021-11-10,0.4301244753639904,159
2021-11-11,0.555018246513231,155
2021-11-12,-0.6541855621880286,278
2021-11-13,-0.1552337776615072,69
2021-11-14,0.0273633758570795,35
2021-11-15,0.3764685335154079,119
2021-11-16,1.4351247963054494,121
2021-11-17,0.8966964151975022,139
2021-11-18,1.132289895738965,241
2021-11-19,0.4971664556670495,242
2021-11-20,-0.6332720012679601,48
2021-11-21,0.1327679488476345,52
2021-11-22,0.7145049614129265,161
2021-11-23,0.4718530519072805,172
2021-11-24,0.5175366911072348,339
2021-11-25,0.8085841138762111,131
2021-11-26,-0.2172984084327709,91
2021-11-27,-0.2321168979198522,132
2021-11-28,-0.6875298929319402,25
2021-11-29,0.6094277869384648,82
2021-11-30,0.3449548811299024,104
2021-12-01,0.6744962519853277,89
2021-12-02,-0.1901868593219829,209
2021-12-03,0.792687215416265,123
2021-12-04,0.6626952196334199,38
2021-12-05,-0.2007997731450724,16
2021-12-06,0.6715007419721658,119
2021-12-07,0.6679281889571997,209
2021-12-08,0.8847186724561562,142
2021-12-09,0.8230001462102201,91
2021-12-10,0.3626683933467827,140
2021-12-11,0.1173755222898825,46
2021-12-12,0.1180343733798336,51
2021-12-13,0.1482927751909834,127
2021-12-14,0.9766332804540434,117
2021-12-15,0.7187684984073702,213
2021-12-16,0.4064662246590516,159
2021-12-17,0.2158144009488949,119
2021-12-18,0.6824371622205273,29
2021-12-19,0.458422294367789,43
2021-12-20,0.3622601482818735,163
2021-12-21,-0.1953318531380216,302
2021-12-22,0.1901701416849076,227
2021-12-23,0.1438265216948507,134
2021-12-24,0.3767689642770616,99
2021-12-25,0.7486348101450816,13
2021-12-26,0.3211078675406272,31
2021-12-27,0.6785312421047818,60
2021-12-28,-0.2830692440156475,131
2021-12-29,-0.7335259979915811,238
2021-12-30,-1.6781335045616763,258
2021-12-31,-1.8303804245443265,224
2022-01-01,-0.6109618028481094,20
2022-01-02,0.264406190480822,16
2022-01-03,0.5644068667503119,114
2022-01-04,0.796309929086202,117
2022-01-05,1.2017285294219042,125
2022-01-06,0.9030616397367036,106
2022-01-07,0.3508255341237709,185
2022-01-08,0.2327430979160996,55
2022-01-09,0.7365873008743063,50
2022-01-10,1.0890316093060497,164
2022-01-11,1.126807786736765,231
2022-01-12,1.35802408942826,159
2022-01-13,1.269512896187439,300
2022-01-14,1.0361686970118047,188
2022-01-15,1.3155427310907473,45
2022-01-16,0.2431390198214904,197
2022-01-17,0.5948630972725463,149
2022-01-18,1.300954958613015,149
2022-01-19,0.4983115831000025,260
2022-01-20,0.4933918028700693,221
2022-01-21,-0.3128905688346389,402
2022-01-22,0.0233492566029491,77
2022-01-23,0.914777961240258,44
2022-01-24,0.7060918803413032,135
2022-01-25,0.8001957830585662,181
2022-01-26,0.1792083701169149,245
2022-01-27,0.7704322447401467,224
2022-01-28,0.7131643414988793,203
2022-01-29,0.0397073904668795,48
2022-01-30,-0.2773037455507754,31
2022-01-31,0.7159814340865504,103
2022-02-01,0.4339005355584423,229
2022-02-02,1.526147659822916,261
2022-02-03,1.4223922255384345,193
2022-02-04,1.5331478352621393,122
2022-02-05,0.7711144897336772,68
2022-02-06,1.0288728366304012,47
2022-02-07,0.9603425637975068,153
2022-02-08,0.9427302346864608,196
2022-02-09,0.9005794752869999,188
2022-02-10,0.018687828130874,226
2022-02-11,0.1575988578066434,210
2022-02-12,-0.1021826842119565,58
2022-02-13,-0.6389425811979125,38
2022-02-14,0.9636699886491532,132
2022-02-15,0.9886367421784829,387
2022-02-16,1.048740855089,372
2022-02-17,1.3343215735016478,219
2022-02-18,-0.1137442830998865,292
2022-02-19,-0.3993638686109255,79
2022-02-20,0.1343713751315071,58
2022-02-21,0.3127518464713826,95
2022-02-22,0.4792016004642052,101
2022-02-23,1.1644816047796822,160
2022-02-24,-0.2086265795163028,133
2022-02-25,-1.4524331325688535,260
2022-02-26,-1.7743426415038042,44
2022-02-27,-1.3011264271719634,41
2022-02-28,-0.1370539226316537,139
2022-03-01,0.4213150250797305,76
2022-03-02,0.5941639174483235,108
2022-03-03,1.0809366590160605,173
2022-03-04,-0.2439313990430465,113
2022-03-05,0.610325509730706,24
2022-03-06,0.617482935833096,22
2022-03-07,-0.076188426189954,99
2022-03-08,0.5244291724491358,114
2022-03-09,-1.4050215642541992,164
2022-03-10,-0.8546490799619065,202
2022-03-11,-0.6899940921699458,141
2022-03-12,-0.2231563111655252,39
2022-03-13,0.1564697809182375,34
2022-03-14,-1.3834516818428984,125
2022-03-15,-0.047201294519691,243
2022-03-16,0.5504390086151061,154
2022-03-17,0.3250280969002594,211
2022-03-18,0.6702092926772844,90
2022-03-19,-0.2116482576798638,23
2022-03-20,-0.4287130451049689,31
2022-03-21,0.3856311355720385,90
2022-03-22,1.0172042519942843,125
2022-03-23,0.591533469409882,106
2022-03-24,-0.0506875109952212,114
2022-03-25,0.5974076452971201,101
2022-03-26,0.5186858258222476,37
2022-03-27,0.3677352577664081,36
2022-03-28,-0.8357632632306273,125
2022-03-29,-0.0803377597098013,106
2022-03-30,0.4688790983415945,191
2022-03-31,0.1491680662418503,152
2022-04-01,1.0358364568452827,105
2022-04-02,0.773672666280424,39
2022-04-03,0.3647453665103871,37
2022-04-04,0.7635974562941974,112
2022-04-05,0.7651396559441702,119
2022-04-06,0.404308279188697,113
2022-04-07,0.627638085909652,132
2022-04-08,0.1493912928688837,96
2022-04-09,0.1744007560390822,29
2022-04-10,0.0861193268926969,25
2022-04-11,-0.6017990460349788,168
2022-04-12,-0.0519819963524461,169
2022-04-13,0.2804142301534916,122
2022-04-14,0.0589705537360364,177
2022-04-15,-0.0260379594844128,90
2022-04-16,0.0884810318847408,31
2022-04-17,0.6242875707432565,33
2022-04-18,-0.0043560092987997,111
2022-04-19,0.460205528254488,124
2022-04-20,-0.2997276727813378,142
2022-04-21,0.2821894042249522,139
2022-04-22,0.8480009671248399,105
2022-04-23,0.4253685307410843,31
2022-04-24,0.1955196104847308,26
2022-04-25,1.2665278751781308,98
2022-04-26,0.7175459615773696,137
2022-04-27,0.3528380001443383,160
2022-04-28,0.4558096638842125,163
2022-04-29,1.13452849357771,130
2022-04-30,1.7079002340820766,54
2022-05-01,1.2583507761975343,77
2022-05-02,0.782414056677655,113
2022-05-03,0.0190012273514092,131
2022-05-04,-0.7293292931703573,149
2022-05-05,0.6730421674984781,210
2022-05-06,0.3964216085001606,105
2022-05-07,0.2164350364384462,25
2022-05-08,0.4503895240232296,18
2022-05-09,-0.1099105852750795,89
2022-05-10,0.3385572078199452,135
2022-05-11,0.7024608446385747,117
2022-05-12,0.7957089270784149,172
2022-05-13,-0.1648261851083156,121
2022-05-14,-0.5706682191402017,27
2022-05-15,0.4707457153787903,18
2022-05-16,1.1843402063230333,130
2022-05-17,1.0128869342323172,98
2022-05-18,0.6921860545096883,118
2022-05-19,0.4893191823511023,131
2022-05-20,-0.4629930207521057,418
2022-05-21,0.076192726342687,35
2022-05-22,0.2863511065753661,20
2022-05-23,0.8740507692230531,102
2022-05-24,1.04453265019942,135
2022-05-25,0.1562954499499558,159
2022-05-26,0.8523857509348639,142
2022-05-27,0.6173532929522004,120
2022-05-28,-0.4611512415053906,28
2022-05-29,0.1599097925983331,9
2022-05-30,0.6696988923337678,76
2022-05-31,0.5911046771575513,110
2022-06-01,0.752053093288754,99
2022-06-02,0.9377330640372046,95
2022-06-03,0.0232518829605454,90
2022-06-04,0.0288252970934079,33
2022-06-05,0.1826790975122639,15
2022-06-06,0.0135617058009442,71
2022-06-07,1.1560319101561374,130
2022-06-08,0.2966001477700704,140
2022-06-09,0.2280600520185016,144
2022-06-10,-1.0183340906934573,129
2022-06-11,0.1324461197542155,20
2022-06-12,-0.0069863007521593,311
2022-06-13,-0.976510948836286,310
2022-06-14,0.0867181571711924,101
2022-06-15,0.5136987458930968,121
2022-06-16,1.0149279289882605,97
2022-06-17,0.7765057236917763,86
2022-06-18,1.8803219601156107,21
2022-06-19,0.308280370593658,26
2022-06-20,0.2720059648431393,68
2022-06-21,0.3447258604704891,88
2022-06-22,0.7587760936377755,107
2022-06-23,0.2931172715844961,138
2022-06-24,0.8609975143335657,76
2022-06-25,1.1286746505604175,23
2022-06-26,0.1582977138804659,39
2022-06-27,0.8519896451209411,105
2022-06-28,0.3819489517751485,196
2022-06-29,0.674983970736769,98
2022-06-30,0.3316698342782285,117
2022-07-01,-1.1153844598189513,212
2022-07-02,-0.0175008931879663,33
2022-07-03,-1.192633959379826,28
2022-07-04,-0.1620166687286756,113
2022-07-05,-0.3028523175279728,121
2022-07-06,-0.144653186902903,119
2022-07-07,-0.0686928638075965,140
2022-07-08,-0.0810939339648035,119
2022-07-09,-0.6562653600623716,23
2022-07-10,-0.5997824914352218,31
2022-07-11,0.8637725544810122,97
2022-07-12,-0.0061234114615124,106
2022-07-13,-0.1943273391441171,122
2022-07-14,0.2796871425511843,215
2022-07-15,0.2099920388548407,140
2022-07-16,-0.3210909017162883,28
2022-07-17,0.218762034120367,26
2022-07-18,0.41266970464967,117
2022-07-19,0.5494345553943082,152
2022-07-20,0.5635562688018534,176
2022-07-21,0.9485237567469096,157
2022-07-22,-0.6913378176068825,156
2022-07-23,0.7996725668812762,32
2022-07-24,-0.568482005907801,35
2022-07-25,0.243860654487283,123
2022-07-26,0.485802027821128,246
2022-07-27,0.7088841613534401,219
2022-07-28,0.4312396292151872,196
2022-07-29,1.2057496724525234,156
2022-07-30,1.3516013626389467,66
2022-07-31,-0.3524164579491067,38
2022-08-01,-0.0903739378209606,194
2022-08-02,-0.5161270924719399,227
2022-08-03,-1.349673339966583,350
2022-08-04,-1.3323448842940977,277
2022-08-05,-0.204826478450974,159
2022-08-06,-1.4555427715221387,43
2022-08-07,-1.3199603305487295,43
2022-08-08,-0.3750671573515624,166
2022-08-09,-0.2391203244646479,478
2022-08-10,-1.3173225332690772,338
2022-08-11,-0.302197740627527,170
2022-08-12,-0.1635394745873498,136
2022-08-13,-0.9480035654498986,30
2022-08-14,-0.1362878404823804,40
2022-08-15,0.6940316785125985,107
2022-08-16,0.3348003401515247,139
2022-08-17,0.2584859580333648,195
2022-08-18,0.0464938736213079,177
2022-08-19,-0.1329969890826951,126
2022-08-20,0.5218438600101308,29
2022-08-21,0.1708985030970972,39
2022-08-22,0.5409410402740746,151
2022-08-23,0.5734819080720771,137
2022-08-24,0.5609871344681643,118
2022-08-25,-0.2136819811459818,156
2022-08-26,-0.6786104320389724,232
2022-08-27,-0.8230833753823708,74
2022-08-28,0.7621246237796431,32
2022-08-29,0.1577208495691567,140
2022-08-30,-0.304090293680555,176
2022-08-31,-1.1383770301705871,219
2022-09-01,-0.2487029660717653,212
2022-09-02,1.669832387067665,161
2022-09-03,-0.3092243600665809,34
2022-09-04,-0.3924048784124208,30
2022-09-05,0.4476610056792496,81
2022-09-06,0.355275311620108,129
2022-09-07,0.719486867462569,107
2022-09-08,1.16155408069518,103
2022-09-09,0.6384583077965441,144
2022-09-10,1.018214380966519,41
2022-09-11,-0.5653608883132735,23
2022-09-12,0.7003114434864917,85
2022-09-13,0.3004806782885537,278
2022-09-14,0.1439583185373218,232
2022-09-15,0.6347574989006604,159
2022-09-16,0.6440937427156304,107
2022-09-17,1.4288519995236604,28
2022-09-18,-1.7231562442697932,62
2022-09-19,0.273384071890594,126
2022-09-20,1.3329216478404462,129
2022-09-21,0.864598098768178,121
2022-09-22,0.0911383886898814,161
2022-09-23,0.1766822935041222,85
2022-09-24,-0.2336136129354912,36
2022-09-25,-0.7068836321499748,27
2022-09-26,0.3675699511582695,98
2022-09-27,1.143350052374968,117
2022-09-28,0.2476263281400406,184
2022-09-29,0.4690401313066717,121
2022-09-30,0.2088065930205322,213
2022-10-01,-0.0878725973870523,33
2022-10-02,-0.74271509974456,27
2022-10-03,0.3152412588208432,99
2022-10-04,0.8351804782992244,215
2022-10-05,0.7956452698765836,171
2022-10-06,0.2806302236669341,179
2022-10-07,-0.6050823725545994,253
2022-10-08,-0.8705285537673761,156
2022-10-09,-0.992338337721321,72
2022-10-10,-0.6873172935275054,224
2022-10-11,-0.6946995410695581,272
2022-10-12,-0.7726888828127713,254
2022-10-13,-0.2988742362563705,288
2022-10-14,0.1036743328435751,152
2022-10-15,-0.0670524946902225,54
2022-10-16,-1.2310107646624076,29
2022-10-17,0.0216631711273401,142
2022-10-18,0.2678571809983833,255
2022-10-19,0.0587288504862286,184
2022-10-20,0.2323684630929554,130
2022-10-21,0.0355108537940591,166
2022-10-22,0.0626387164477874,37
2022-10-23,-0.7420935668800215,35
2022-10-24,0.2249639009725286,100
2022-10-25,0.748669971687986,131
2022-10-26,-0.6056026886950879,170
2022-10-27,0.0145317561442949,178
2022-10-28,0.2409038091979751,214
2022-10-29,-0.2037210916331174,37
2022-10-30,-0.5747750307370292,31
2022-10-31,0.6603027106369261,121
2022-11-01,0.7067160480347165,129
2022-11-02,0.7109549675416085,141
2022-11-03,0.3161479895430038,137
2022-11-04,0.91639293635394,108
2022-11-05,-0.1710113269976168,20
2022-11-06,0.3799165620850054,35
2022-11-07,1.1322358829888766,118
2022-11-08,0.5069377822397872,143
2022-11-09,0.2345699117394996,146
2022-11-10,0.0088009093243007,146
2022-11-11,0.0737077386758482,25
2022-11-12,-0.796868672928086,45
2022-11-13,-1.5495973073450022,68
2022-11-14,0.7387753090866964,130
2022-11-15,0.635268127353109,293
2022-11-16,-0.0719168223901877,281
2022-11-17,-0.1123738947878434,309
2022-11-18,0.6196780295088876,140
2022-11-19,0.3181471587109588,45
2022-11-20,0.3192603156736031,38
2022-11-21,0.3554658276892307,147
2022-11-22,0.3845470716724194,130
2022-11-23,1.0306416566634824,101
2022-11-24,0.9189561055286788,71
2022-11-25,0.6825356639858866,83
2022-11-26,-0.0565614125187405,21
2022-11-27,0.2443501074909186,12
2022-11-28,0.1093643629330612,97
2022-11-29,0.8811511424059769,118
2022-11-30,1.3487428829811898,144
2022-12-01,1.74960969473184,186
2022-12-02,1.117282446843253,105
2022-12-03,0.3044592897765428,38
2022-12-04,-1.0325008216751757,64
2022-12-05,0.516291723711346,113
2022-12-06,0.6782801930071394,426
2022-12-07,0.4022745520037051,232
2022-12-08,0.624355424089726,168
2022-12-09,0.6780049504241566,141
2022-12-10,0.1812964077491806,34
2022-12-11,0.052973329599495,32
2022-12-12,0.8482883587882725,121
2022-12-13,1.089935978284695,174
2022-12-14,1.040260740430417,152
2022-12-15,-0.1604727348484456,104
2022-12-16,-0.0105695707398712,136
2022-12-17,-0.4539074303393944,36
2022-12-18,-0.7663685485800841,23
2022-12-19,-0.4769752659588825,68
2022-12-20,0.1124935478241506,84
2022-12-21,0.3899112594869696,117
2022-12-22,-1.427625590126813,318
2022-12-23,-0.9411247305598028,159
2022-12-24,0.083285251008571,26
2022-12-25,0.1757412156167044,24
2022-12-26,-0.1188250120801697,54
2022-12-27,-0.0739599791058313,81
2022-12-28,-0.058313152498239,68
2022-12-29,0.2058766838604343,107
2022-12-30,0.0450087438900638,111
2022-12-31,-0.8161780993821256,51
2023-01-01,-0.1728773754312022,40
2023-01-02,-0.124302305771041,195
2023-01-03,0.3280868816368195,357
2023-01-04,-0.1003225419424386,166
2023-01-05,0.7063198191113736,133
2023-01-06,0.2364902654372725,98
2023-01-07,-0.0518144279282499,29
2023-01-08,-1.7759360945797908,16
2023-01-09,0.357208441015316,101
2023-01-10,0.7418567813537077,146
2023-01-11,0.6476871276055893,140
2023-01-12,0.288403763441436,215
2023-01-13,0.6580186196295089,127
2023-01-14,-0.5430753500628687,53
2023-01-15,-0.9712756984226608,17
2023-01-16,0.1630832481480958,106
2023-01-17,0.4352899706509402,83
2023-01-18,0.8705701657782791,144
2023-01-19,0.4832334292772144,116
2023-01-20,0.5224351862477695,111
2023-01-21,-0.4589364142751383,56
2023-01-22,0.1413171582627776,34
2023-01-23,1.2520192337345768,108
2023-01-24,0.9124143700714156,99
2023-01-25,0.5439911917612233,137
2023-01-26,0.940245067571882,102
2023-01-27,0.0182919414322991,128
2023-01-28,-0.3284604376322357,25
2023-01-29,-0.1524522628896717,38
2023-01-30,0.2560638837628835,120
2023-01-31,0.5378614853693743,214
2023-02-01,0.2025312875146083,270
2023-02-02,0.762176125993193,229
2023-02-03,1.1003743756763251,102
2023-02-04,0.1911107614468319,34
2023-02-05,-0.61045599042168,42
2023-02-06,0.2573595582493788,124
2023-02-07,0.8245640600110553,127
2023-02-08,0.5127808279467518,91
2023-02-09,0.6976801245224321,120
2023-02-10,0.567340391421057,111
2023-02-11,0.0745518211404517,39
2023-02-12,0.7262185281078151,23
2023-02-13,0.5669445677948269,119
2023-02-14,0.7995797315424673,143
2023-02-15,0.3373163859782548,277
2023-02-16,0.3505131400885643,169
2023-02-17,0.4332268184463021,138
2023-02-18,0.8489200885596211,50
2023-02-19,0.5963974524374525,31
2023-02-20,0.0315452479712117,136
2023-02-21,-0.3472689256165926,223
2023-02-22,0.2332243348542714,209
2023-02-23,0.7983466662678399,182
2023-02-24,0.6972565489556297,143
2023-02-25,0.8206453339740603,50
2023-02-26,0.4639466432708216,33
2023-02-27,1.134279119544743,114
2023-02-28,0.7518147779754348,148
2023-03-01,0.7950172481520656,217
2023-03-02,0.6329546595425402,192
2023-03-03,0.7106801255118806,203
2023-03-04,0.3873448638660028,49
2023-03-05,0.1956200123642049,45
2023-03-06,-1.6879512821166307,375
2023-03-07,-1.0066502443665493,382
2023-03-08,0.1769828726343674,152
2023-03-09,-0.0039838946222313,203
2023-03-10,1.293664176645461,162
2023-03-11,0.5937770554348287,36
2023-03-12,0.5620408536057635,39
2023-03-13,0.5855393080791269,116
2023-03-14,0.8470196215908736,109
2023-03-15,1.363562223831147,166
2023-03-16,0.7743169947851068,180
2023-03-17,0.7617215050818564,129
2023-03-18,0.8334823867829783,109
2023-03-19,-0.262800543391241,33
2023-03-20,0.707680094980314,91
2023-03-21,1.0722815591316848,129
2023-03-22,0.566823594359814,54
2023-03-23,0.7099414521168286,114
2023-03-24,0.6429736155135625,233
2023-03-25,-0.0543705796397299,794
2023-03-26,-0.0031191308088848,208
2023-03-27,0.9005121530081996,301
2023-03-28,0.3080425149576098,289
2023-03-29,-0.3666005745200341,575
2023-03-30,0.520502411649401,420
2023-03-31,-0.018012246716366,306
2023-04-01,0.7528695725640244,87
2023-04-02,-0.5954242145427124,173
2023-04-03,-0.0910070089576702,287
2023-04-04,-0.7397621847143003,492
2023-04-05,-0.1159276688081868,274
2023-04-06,-0.028302614537132,204
2023-04-07,-0.2359546387178109,204
2023-04-08,0.350950023246656,77
2023-04-09,-0.7243292302551549,66
2023-04-10,0.0295771379515329,328
2023-04-11,0.0454987521101554,234
2023-04-12,0.3817167522821534,339
2023-04-13,0.6984411983136385,243
2023-04-14,0.5558339088156264,249
2023-04-15,-2.5794926310820525,136
2023-04-16,-0.2498814284285819,85
2023-04-17,0.8071350926110435,240
2023-04-18,0.6808176782126479,208
2023-04-19,0.5378018989412059,471
2023-04-20,0.0910094770766178,416
2023-04-21,0.4414594052829453,188
2023-04-22,1.0961098272787215,41
2023-04-23,-0.0062102177236851,71
2023-04-24,-0.171426671466451,248
2023-04-25,0.5925784333261527,213
2023-04-26,0.4406486300697069,301
2023-04-27,0.1014127525189677,325
2023-04-28,-0.0490866219887138,401
2023-04-29,0.2389701613942543,96
2023-04-30,0.5902520452280825,81
2023-05-01,0.638035608857124,175
2023-05-02,0.0590988780380342,397
2023-05-03,0.7959758033638119,260
2023-05-04,0.3569754802209758,379
2023-05-05,0.4473939933216873,226
2023-05-06,0.6896943678617361,88
2023-05-07,0.4164564874817556,108
2023-05-08,0.2936185205085056,184
2023-05-09,0.4929980983549871,207
2023-05-10,0.4521672361219156,254
2023-05-11,0.6922177395938467,222
2023-05-12,0.3679298778265295,212
2023-05-13,0.6796611684887476,68
2023-05-14,0.0547234587900159,67
2023-05-15,0.1682392427380768,194
2023-05-16,0.8741172078597107,309
2023-05-17,0.8145679618878856,210
2023-05-18,0.2037095742035756,457
2023-05-19,0.4521059935733787,276
2023-05-20,0.2182923464856211,84
2023-05-21,-2.337347143967246,213
2023-05-22,-1.6774071690650811,812
2023-05-23,-1.0262665422710398,534
2023-05-24,-1.7467587581383328,478
2023-05-25,-0.6587987581838475,580
2023-05-26,-0.1285532588564227,394
2023-05-27,-0.6257815586703077,201
2023-05-28,-1.328338758978966,143
2023-05-29,0.0422952263848375,180
2023-05-30,0.7856927849750363,234
2023-05-31,0.2996874551787872,299
2023-06-01,0.1921690959285305,404
2023-06-02,-0.0064785098279726,210
2023-06-03,-0.1468218673260166,80
2023-06-04,-0.3286908493492153,73
2023-06-05,0.6787867646905228,140
2023-06-06,-0.0363401622212694,276
2023-06-07,0.433390535919968,181
2023-06-08,0.5638508875416263,302
2023-06-09,1.0384554125343737,179
2023-06-10,1.1885185853103395,48
2023-06-11,0.3260913861160555,57
2023-06-12,-0.1811247460530314,242
2023-06-13,0.3961131526398565,314
2023-06-14,1.146415816827265,202
2023-06-15,0.4708189866981782,213
2023-06-16,0.1988710786923555,280
2023-06-17,1.1797427592107572,101
2023-06-18,0.8916595002863836,76
2023-06-19,1.4068347787168995,253
2023-06-20,1.021400741319013,393
2023-06-21,0.4899697117669263,378
2023-06-22,1.408660777810913,678
2023-06-23,1.3832315152447483,442
2023-06-24,1.325092193539854,136
2023-06-25,0.5898244498837881,85
2023-06-26,0.9788231895606572,224
2023-06-27,0.3059122445404557,157
2023-06-28,0.3400490271908359,419
2023-06-29,-0.0223275993305722,575
2023-06-30,-0.5274062788420639,338
2023-07-01,-4.605202363032413,167
2023-07-02,0.1117991533960726,97
2023-07-03,0.0369961890271419,325
2023-07-04,0.3312118541844306,206
2023-07-05,-0.0239507009838891,367
2023-07-06,-0.1750796694557907,230
2023-07-07,-0.3628236565513831,262
2023-07-08,-0.0069068615817104,93
2023-07-09,-0.1210319114023709,40
2023-07-10,0.9571440444028676,211
2023-07-11,0.5852982696332634,353
2023-07-12,0.5342280811127006,281
2023-07-13,0.9455655065147454,219
2023-07-14,-1.236600439777826,231
2023-07-15,-1.0218280718810788,169
2023-07-16,0.5803533698747055,49
2023-07-17,0.537353952719858,171
2023-07-18,-0.4007998337345255,264
2023-07-19,0.3545430108146766,262
2023-07-20,-0.3665245545168395,544
2023-07-21,-0.5586382814441827,425
2023-07-22,0.1429659474165081,98
2023-07-23,0.5054852139786234,71
2023-07-24,0.2353050104818784,197
2023-07-25,1.0481826706015709,277
2023-07-26,0.7130773573996814,203
2023-07-27,-0.1506058276694236,435
2023-07-28,-0.420910344865487,759
2023-07-29,1.6973679539217637,164
2023-07-30,1.788128931270326,132
2023-07-31,1.210257810734274,189
2023-08-01,0.77442452888898,185
2023-08-02,1.095417125219357,215
2023-08-03,0.6221220827651788,304
2023-08-04,0.8616966025347204,269
2023-08-05,1.2888199493251593,90
2023-08-06,-0.0129870996476899,66
2023-08-07,0.6274100226195555,198
2023-08-08,0.9846248012281348,388
2023-08-09,1.1243210131898336,299
2023-08-10,-0.085049802499953,300
2023-08-11,-0.4037464545390553,255
2023-08-12,0.3836886325430879,98
2023-08-13,0.3822472746015848,83
2023-08-14,-0.3626100898794885,211
2023-08-15,0.3385485400989337,207
2023-08-16,-0.2160569954935933,604
2023-08-17,-0.178588164029927,313
2023-08-18,0.8774935029154814,255
2023-08-19,-0.0826336966078135,69
2023-08-20,-0.0840018747879784,46
2023-08-21,0.3380267222547811,189
2023-08-22,0.3124963283363656,175
2023-08-23,0.4287413267201284,236
2023-08-24,0.8983191457040454,345
2023-08-25,0.5493783286621742,212
2023-08-26,1.0768448156550667,57
2023-08-27,0.7398318848124052,120
2023-08-28,0.7141511936204866,144
2023-08-29,0.3065266113226337,151
2023-08-30,1.4136624387052033,253
2023-08-31,1.1204240703511923,159
2023-09-01,1.386152382486156,181
2023-09-02,0.9424161542354796,86
2023-09-03,-0.3536759616287483,56
2023-09-04,-0.1513649933247067,236
2023-09-05,0.9268670515102916,279
2023-09-06,0.0199758354656676,302
2023-09-07,-0.254673383585841,375
2023-09-08,-0.2851120281698247,441
2023-09-09,0.5323989900043797,133
2023-09-10,0.2754987230579226,192
2023-09-11,0.6269292590619361,183
2023-09-12,1.237375463474543,264
2023-09-13,0.0406664207293172,256
2023-09-14,0.4041424127127693,233
2023-09-15,-0.0083060322138722,289
2023-09-16,0.4914396256060855,106
2023-09-17,0.5200679527359056,77
2023-09-18,-0.2060099651493093,272
2023-09-19,0.7548855345378329,284
2023-09-20,1.290775333682693,396
2023-09-21,1.0868369244759752,290
2023-09-22,0.8628216967231203,224
2023-09-23,1.9702663105700284,149
2023-09-24,1.953487524510665,158
2023-09-25,1.065482909505418,207
2023-09-26,0.8867989823863737,164
2023-09-27,0.4051101838646688,285
2023-09-28,-0.0346057994363221,295
2023-09-29,0.6659818879294352,294
2023-09-30,1.58019752512867,125
2023-10-01,0.6687605726963666,79
2023-10-02,1.233891047633,130
2023-10-03,1.0304509908546255,235
2023-10-04,1.5528255603106529,189
2023-10-05,1.0197089484067747,195
2023-10-06,0.2799737260978593,206
2023-10-07,0.8357961084347721,95
2023-10-08,0.3879964593938695,80
2023-10-09,0.4781113218755908,228
2023-10-10,0.5604648643181218,225
2023-10-11,0.6109545672839248,261
2023-10-12,0.9908094890586856,202
2023-10-13,0.8251935447779293,262
2023-10-14,1.4015845436843355,110
2023-10-15,0.7787253460149078,63
2023-10-16,0.519980363301179,146
2023-10-17,0.4663061284255899,282
2023-10-18,-0.2852797560106951,322
2023-10-19,0.460575583288784,314
2023-10-20,0.4704458898380201,191
2023-10-21,0.5446214466677338,74
2023-10-22,0.6123311031988374,53
2023-10-23,0.961377447478654,177
2023-10-24,0.4160609197270122,180
2023-10-25,2.07633377219262,296
2023-10-26,0.8489388090559359,256
2023-10-27,0.9008360379575274,248
2023-10-28,0.7612177214753795,70
2023-10-29,2.2011253734067253,73
2023-10-30,1.4021435435290217,481
2023-10-31,1.1335141100654516,381
2023-11-01,0.8468810719210846,208
2023-11-02,1.0792379944848216,217
2023-11-03,1.4060663225545476,182
2023-11-04,0.9000841170644519,52
2023-11-05,1.1041590563505397,156
2023-11-06,1.0010663660734105,207
2023-11-07,1.5114797587778537,205
2023-11-08,1.3638813696263434,215
2023-11-09,1.293487007755427,278
2023-11-10,1.07532599624126,256
2023-11-11,1.2505817686111211,58
2023-11-12,1.0558248371939685,58
2023-11-13,-0.0458669657637072,343
2023-11-14,0.5814606991388134,204
2023-11-15,0.484618440339261,320
2023-11-16,2.1874085557855274,319
2023-11-17,1.1718804733579486,259
2023-11-18,0.5533620589739444,120
2023-11-19,1.1311004937900488,96
2023-11-20,1.1854226278567754,97
2023-11-21,0.6452070743664873,221
2023-11-22,0.555252785957802,199
2023-11-23,1.1789534775316817,100
2023-11-24,0.7672100339194327,84
2023-11-25,0.8520286871864506,48
2023-11-26,-0.3636770199496347,24
2023-11-27,0.6365199264235256,171
2023-11-28,0.8392041408400734,211
2023-11-29,1.4217849175995307,143
2023-11-30,1.2258463838832847,197
2023-12-01,1.1459051092339103,183
2023-12-02,1.2907967325413303,54
2023-12-03,0.6530018524667771,41
2023-12-04,1.0126307301110926,166
2023-12-05,0.8014586982140715,245
2023-12-06,1.6051528204159675,164
2023-12-07,0.4561004028468335,255
2023-12-08,1.478884024079881,184
2023-12-09,1.9131161392789144,62
2023-12-10,0.7414248248091271,41
2023-12-11,1.181944403019356,251
2023-12-12,1.1183825455512344,217
2023-12-13,0.5824952396714048,214
2023-12-14,1.0763231406180849,202
2023-12-15,1.0910608722359816,150
2023-12-16,1.2999066002601831,72
2023-12-17,0.4567631325767209,80
2023-12-18,0.6911618372036935,149
2023-12-19,1.0478148199254478,216
2023-12-20,0.494598479217652,208
2023-12-21,0.2084395096306526,383
2023-12-22,0.1331253031271024,310
2023-12-23,0.8479728264404592,88
2023-12-24,0.7148280189026561,63
2023-12-25,0.9348681610795112,92
2023-12-26,0.6953596411418432,209
2023-12-27,0.4644943863406152,149
2023-12-28,0.1416435964301399,179
2023-12-29,0.0190387288461919,163
2023-12-30,0.8506465327179745,72
2023-12-31,0.9830480035176232,50
2024-01-01,0.2460236589617516,74
2024-01-02,0.2201241010930564,205
2024-01-03,0.0279302496750203,187
2024-01-04,0.3953793287301403,186
2024-01-05,0.2896478734477324,150
2024-01-06,1.239106658359286,48
2024-01-07,1.018898263875821,53
2024-01-08,0.5467988542332122,204
2024-01-09,1.0493866419560474,202
2024-01-10,0.6742241432838119,284
2024-01-11,0.3585718530730776,288
2024-01-12,0.1689140415151597,157
2024-01-13,-0.084738731928362,96
2024-01-14,0.5045601673364881,136
2024-01-15,-0.0637760842636103,161
2024-01-16,0.5955711156270498,191
2024-01-17,0.60134924528099,164
2024-01-18,0.5528163662541855,487
2024-01-19,-0.070102495906869,678
2024-01-20,-0.2601591625732841,143
2024-01-21,0.2900035227271081,89
2024-01-22,0.3143500978517078,343
2024-01-23,0.9018116413723564,230
2024-01-24,0.7487646366718035,231
2024-01-25,1.16188079417797,263
2024-01-26,0.2254733455550286,252
2024-01-27,0.9377412352048412,134
2024-01-28,1.0470813157725518,162
2024-01-29,0.6982340185330113,196
2024-01-30,0.8845687654590327,201
2024-01-31,0.2855642680344341,339
2024-02-01,0.8663107485681729,281
2024-02-02,1.1828150547914975,192
2024-02-03,1.3298090019804174,68
2024-02-04,0.9603470715223436,97
2024-02-05,0.4987958815714098,180
2024-02-06,0.526007818167324,277
2024-02-07,1.0481592523451368,249
2024-02-08,0.6755281437113487,175
2024-02-09,1.0780303765068993,356
2024-02-10,0.4111109570356728,167
2024-02-11,0.9647114689828143,101
2024-02-12,1.2161451077477277,210
2024-02-13,0.5558278847195562,196
2024-02-14,1.1300119847851244,187
2024-02-15,0.9694907085937998,271
2024-02-16,0.6404274710597738,252
2024-02-17,1.174506595576958,74
2024-02-18,1.2101463153292789,77
2024-02-19,0.7845388600285833,193
2024-02-20,0.8162416121011041,204
2024-02-21,0.3745863357579672,338
2024-02-22,1.1592913507019746,431
2024-02-23,1.1181656321919655,316
2024-02-24,1.3446195259834173,188
2024-02-25,1.6528643509281031,91
2024-02-26,1.0960594952209035,298
2024-02-27,1.1193351454088147,314
2024-02-28,0.7716496021722016,184
2024-02-29,1.2368610564755649,402
2024-03-01,1.3991492386159805,287
2024-03-02,1.687508341392914,97
2024-03-03,1.072526839113316,112
2024-03-04,0.9703703244539312,287
2024-03-05,0.9400614317414808,223
2024-03-06,0.2950442707897037,293
2024-03-07,0.4791680235902246,373
2024-03-08,1.008150212932023,309
2024-03-09,1.6092709082600285,113
2024-03-10,1.2886900369671423,72
2024-03-11,0.8339208499927164,264
2024-03-12,0.5222697127148632,247
2024-03-13,1.1493261695001853,387
2024-03-14,0.8888259403294398,238
2024-03-15,0.1074224751258364,279
2024-03-16,1.003935021092331,100
2024-03-17,0.9196929665403636,85
2024-03-18,1.1493225822669415,321
2024-03-19,1.1989856724843415,310
2024-03-20,1.2033245216215236,430
2024-03-21,1.1054747063140211,438
2024-03-22,0.6888701841653883,312
2024-03-23,0.8068989100144213,112
2024-03-24,1.0232275483531863,114
2024-03-25,0.888290651171782,201
2024-03-26,0.7812992593566138,265
2024-03-27,0.99345522829841,278
2024-03-28,0.9303353953139228,240
2024-03-29,0.812995084464151,131
2024-03-30,1.5483537044858506,91
2024-03-31,1.4340920050105397,99
2024-04-01,0.787658433338925,208
2024-04-02,0.7793189088269215,246
2024-04-03,-2.755092061974735,815
2024-04-04,-2.0032252431279627,862
2024-04-05,0.2525202563785552,243
2024-04-06,0.9073445325976348,154
2024-04-07,1.1596187175514483,115
2024-04-08,0.9800866644910008,501
2024-04-09,0.8672294732573174,447
2024-04-10,1.0848394079360424,350
2024-04-11,0.7274215188677196,249
2024-04-12,-0.3532951522416787,295
2024-04-13,0.8741836749153257,99
2024-04-14,1.0633032205690447,114
2024-04-15,1.4541276171262474,315
2024-04-16,1.2345608566520947,276
2024-04-17,0.5855540146958267,294
2024-04-18,0.7821802756156164,576
2024-04-19,-0.0813774044723714,446
2024-04-20,0.5811311380044026,73
2024-04-21,0.746096499783647,86
2024-04-22,0.3000600257562482,248
2024-04-23,-0.0242152462446209,288
2024-04-24,1.0013721116297178,271
2024-04-25,0.6867658651537148,434
2024-04-26,0.7166810115206971,255
2024-04-27,0.3472662366588138,99
2024-04-28,1.223405060873049,84
2024-04-29,1.1201765773570345,203
2024-04-30,1.360313186344137,222
2024-05-01,0.9459500904250284,171
2024-05-02,0.1180225603997071,271
2024-05-03,0.9865713564814388,178
2024-05-04,1.2120582332136802,63
2024-05-05,0.9348338669411014,78
2024-05-06,0.4764112934426627,205
2024-05-07,1.021246474780772,275
2024-05-08,0.7288377791236225,266
2024-05-09,0.3390268597164693,235
2024-05-10,0.7367448468959069,276
2024-05-11,0.9791894074022996,112
2024-05-12,1.3084527041516625,93
2024-05-13,1.2359779045957078,206
2024-05-14,1.3655355713728652,233
2024-05-15,1.0254439092810297,228
2024-05-16,-0.0129607596611882,224
2024-05-17,0.7196706017370306,161
2024-05-18,0.2024845273057908,84
2024-05-19,0.9357414931287974,47
2024-05-20,2.837848682879536,221
2024-05-21,0.5850311953800194,245
2024-05-22,0.3799288088775977,280
2024-05-23,0.6343786419927897,343
2024-05-24,0.4835130416005175,197
2024-05-25,0.9616226884412424,93
2024-05-26,1.3239822175003442,133
2024-05-27,0.2418606052759946,265
2024-05-28,0.8249807457627186,231
2024-05-29,1.2137958765203487,190
2024-05-30,1.2350806548351578,204
2024-05-31,0.2221369743112503,202
2024-06-01,1.197104797778183,72
2024-06-02,1.075140046682595,92
2024-06-03,1.457946915044643,212
2024-06-04,0.8263390343751452,297
2024-06-05,1.0571625884298153,357
2024-06-06,1.1220487301271638,255
2024-06-07,1.540768240171094,223
2024-06-08,1.2493027596086557,87
2024-06-09,1.516563215239937,65
2024-06-10,1.5401824520021872,162
2024-06-11,1.0212285829553505,229
2024-06-12,1.1149000726403542,229
2024-06-13,1.3529146654827264,229
2024-06-14,0.8216925032147245,166
2024-06-15,0.8540981372688645,97
2024-06-16,1.1830610159994124,73
2024-06-17,1.1479276903974736,192
2024-06-18,0.951380060259094,216
2024-06-19,1.1050848368770694,270
2024-06-20,1.0224370061862804,244
2024-06-21,0.668583352253739,169
2024-06-22,1.3054805995296952,99
2024-06-23,0.9088946511305912,60
2024-06-24,0.2145683726208249,240
2024-06-25,0.5902104695074119,253
2024-06-26,0.596804153813146,296
2024-06-27,-0.0640248220642351,399
2024-06-28,0.7283045861609238,270
2024-06-29,1.0093669007538846,99
2024-06-30,0.6187780355869323,117
2024-07-01,0.5934852125955264,163
2024-07-02,0.882569364362439,167
2024-07-03,0.9946637166265646,160
2024-07-04,0.6310766968934896,279
2024-07-05,1.521484975099315,180
2024-07-06,0.9987789634044062,73
2024-07-07,1.473478227354614,85
2024-07-08,1.0991536701350837,158
2024-07-09,1.394260782808428,207
2024-07-10,0.9849010636087452,280
2024-07-11,1.1187447110607902,345
2024-07-12,0.5612094346677461,312
2024-07-13,2.027709143352491,68
2024-07-14,1.5627549693880556,93
2024-07-15,1.0842639363308837,189
2024-07-16,0.9403220403670324,187
2024-07-17,-0.2199665678816419,474
2024-07-18,0.058874794158437,565
2024-07-19,-0.4751299650552529,329
2024-07-20,1.008998325763009,87
2024-07-21,0.4203004696439164,73
2024-07-22,0.492429041817977,157
2024-07-23,0.8035983175106401,279
2024-07-24,0.6765549041835702,194
2024-07-25,0.1641256611493045,242
2024-07-26,0.4145129596502189,320
2024-07-27,1.1506544600994977,88
2024-07-28,1.3180759586450088,86
2024-07-29,1.2658470637834205,150
2024-07-30,0.6208817788525351,194
2024-07-31,0.6288510800699931,259
2024-08-01,0.2925314980467355,276
2024-08-02,-1.786241572745887,332
2024-08-03,0.6397772083937112,132
2024-08-04,-0.3200417187031892,69
2024-08-05,-3.5955329669615086,525
2024-08-06,0.0970249185371012,218
2024-08-07,1.2612572556896662,211
2024-08-08,0.4347963854435887,257
2024-08-09,-0.4513072523962129,354
2024-08-10,1.145386794974155,81
2024-08-11,0.845818525276508,66
2024-08-12,0.0775388472716016,220
2024-08-13,0.7760379583451131,167
2024-08-14,1.0255548688526874,143
2024-08-15,1.125326840730049,174
2024-08-16,0.9207234108534474,179
2024-08-17,1.1036691100482632,105
2024-08-18,0.7587602988575514,82
2024-08-19,1.139382454724228,148
2024-08-20,1.1790275139882362,391
2024-08-21,1.2643116071390206,185
2024-08-22,1.2756461583428744,126
2024-08-23,1.265454937873025,110
2024-08-24,0.7313176602516094,71
2024-08-25,0.9207875964694074,73
2024-08-26,0.9193255969252908,131
2024-08-27,0.7656231382851543,180
2024-08-28,1.2442617449516908,185
2024-08-29,0.0625276690295935,250
2024-08-30,0.3958746510515627,218
2024-08-31,1.1792737770254178,117
2024-09-01,0.8834384218088174,115
2024-09-02,0.8088322814977218,271
2024-09-03,0.3096099802863145,258
2024-09-04,-1.358183959762673,406
2024-09-05,1.93520954551323,323
2024-09-06,1.103709434879962,300
2024-09-07,1.4844456685713552,121
2024-09-08,0.817954575526759,82
2024-09-09,1.3392813822147704,232
2024-09-10,1.6746373607602945,269
2024-09-11,1.7169468852368523,436
2024-09-12,1.1681383824163565,353
2024-09-13,1.4656894916126575,176
2024-09-14,1.2092531832300963,134
2024-09-15,1.2737989050905756,78
2024-09-16,0.8652164811027915,258
2024-09-17,0.4361600908641763,345
2024-09-18,1.0665491583600628,242
2024-09-19,0.6777810945460675,244
2024-09-20,0.5932924348130216,183
2024-09-21,0.4639033247531335,126
2024-09-22,1.0305245295160257,158
2024-09-23,1.130826588079495,305
2024-09-24,1.4258332005380006,255
2024-09-25,0.8491984760613533,275
2024-09-26,1.1227054155131226,482
2024-09-27,1.7031616647245875,405
2024-09-28,0.6978181859468706,99
2024-09-29,0.907531137157272,75
2024-09-30,1.459918320116274,191
2024-10-01,0.9808341736371412,192
2024-10-02,0.8644141045714828,171
2024-10-03,0.6180310813255105,145
2024-10-04,1.4690417767606634,190
2024-10-05,1.631153604177925,66
2024-10-06,-1.1031986906043447,153
2024-10-07,1.0029337205389286,130
2024-10-08,0.7443188018302063,155
2024-10-09,0.846987825986294,194
2024-10-10,1.1491060466408365,181
2024-10-11,1.560346833981283,186
2024-10-12,1.4159777051236395,85
2024-10-13,1.419669057663904,79
2024-10-14,1.3959707446564211,190
2024-10-15,1.2610309985853574,216
2024-10-16,-0.3511716753809473,390
2024-10-17,0.8517247791776971,570
2024-10-18,0.4316645651879672,349
2024-10-19,0.7866969599404063,88
2024-10-20,1.3489877780155408,130
2024-10-21,0.7885282168516176,261
2024-10-22,0.8717411582554634,269
2024-10-23,0.2690374970461491,282
2024-10-24,0.2894432024667965,273
2024-10-25,0.8473189732320174,175
2024-10-26,1.1746394370744722,50
2024-10-27,0.2368670030694048,92
2024-10-28,0.1341044375350213,402
2024-10-29,-0.329022758810957,438
2024-10-30,0.9695463073920482,218
2024-10-31,0.3040782857096635,283
2024-11-01,-0.2134906867595465,304
2024-11-02,0.6361858260122333,119
2024-11-03,0.6005713737938738,85
2024-11-04,0.6616675164780332,235
2024-11-05,0.8383899809577445,224
2024-11-06,1.240554921162882,175
2024-11-07,0.9673731836346384,276
2024-11-08,0.6369224846203794,281
2024-11-09,0.7305067278712054,113
2024-11-10,0.5333206854695184,109
2024-11-11,0.9114950290328728,221
2024-11-12,0.7000970172650294,227
2024-11-13,0.8481436664747385,206
2024-11-14,0.4846541787534515,258
2024-11-15,1.046185315046104,282
2024-11-16,0.8572164687916358,105
2024-11-17,1.3647535036328249,60
2024-11-18,1.415249850836196,192
2024-11-19,1.3986756247371668,220
2024-11-20,1.2660335279247756,245
2024-11-21,0.8160049845072608,219
2024-11-22,1.1204006936989015,165
2024-11-23,1.6405560854297965,51
2024-11-24,-0.3408763300803837,84
2024-11-25,0.8035224757043592,193
2024-11-26,0.6379349404209347,229
2024-11-27,0.5626097792565988,189
2024-11-28,0.2460623304670428,197
2024-11-29,0.7788302569469003,227
2024-11-30,1.9821141593612328,56
2024-12-01,0.6091272221336711,55
2024-12-02,0.2022960869308429,263
2024-12-03,-0.9715093806545544,487
2024-12-04,-0.4702394626529825,301
2024-12-05,0.6714810616612721,182
2024-12-06,0.6086244391189436,196
2024-12-07,1.5080211549598608,88
2024-12-08,0.6092057564796389,46
2024-12-09,0.6023739621175022,219
2024-12-10,1.2685322624806388,315
2024-12-11,1.689161497295676,183
2024-12-12,1.2163653369580454,193
2024-12-13,1.034130179762932,195
2024-12-14,1.1673206872213522,131
2024-12-15,0.6157913134605109,94
2024-12-16,0.9288224368420156,190
2024-12-17,1.0993399799564465,216
2024-12-18,0.7373420007524158,169
2024-12-19,-0.4089555012437643,372
2024-12-20,0.890581858010716,151
2024-12-21,0.9106998343160924,67
2024-12-22,0.5359896066995808,57
2024-12-23,0.8036830187991272,164
2024-12-24,0.4907687736133568,184
2024-12-25,0.7282438717851007,69
2024-12-26,1.4027975274641202,146
2024-12-27,0.6675059364777423,177
2024-12-28,0.9544066583157472,56
2024-12-29,1.1398464906084214,48
2024-12-30,0.7893526998090166,118
2024-12-31,1.3879917156320445,135
2025-01-01,1.458935341502558,67
2025-01-02,1.5862785853978114,94
2025-01-03,-0.4003821520892056,179
2025-01-04,0.4942612404539384,59
2025-01-05,1.0944363877827217,43
2025-01-06,0.260214146882279,221
2025-01-07,1.1674230312497902,340
2025-01-08,1.2001092359107095,275
2025-01-09,0.6900426845734925,184
2025-01-10,0.6945371899662947,212
2025-01-11,0.9263889811675016,67
2025-01-12,1.041385292269576,66
2025-01-13,0.2878977280660672,283
2025-01-14,0.4183314989904,265
2025-01-15,0.9383545172585726,288
2025-01-16,1.1958564000639271,433
2025-01-17,1.1112997119331898,361
2025-01-18,0.8397724892261899,145
2025-01-19,1.3917857719740678,101
2025-01-20,0.4383474477149214,133
2025-01-21,0.5265840906057583,225
2025-01-22,1.343154434096705,318
2025-01-23,1.209339995425591,253
2025-01-24,1.6163477749876352,167
2025-01-25,1.7714105177818456,59
2025-01-26,1.6403643907024303,54
2025-01-27,0.3807665560144496,214
2025-01-28,0.4627618765524471,326
2025-01-29,0.7732430646707669,293
2025-01-30,1.0979452975459014,182
2025-01-31,0.7622866422542582,248
2025-02-01,0.6373349885053264,132
2025-02-02,0.5758919876846249,109
2025-02-03,-0.1505680022024924,244
2025-02-04,-0.0659946043869939,300
2025-02-05,0.8294312875259552,239
2025-02-06,0.673707024644099,264
2025-02-07,0.9227307132160736,182
2025-02-08,1.2876324503271468,113
2025-02-09,0.6567916182995297,65
2025-02-10,0.2479006818809253,207
2025-02-11,0.5780912382854941,233
2025-02-12,0.9346064004521752,196
2025-02-13,1.0031397680837535,183
2025-02-14,0.6592698059449678,277
2025-02-15,1.1289222772414955,100
2025-02-16,0.0471069829490376,135
2025-02-17,0.3457248564408416,242
2025-02-18,0.6279067139509431,361
2025-02-19,-0.0518542787572257,354
2025-02-20,1.1567634578038206,287
2025-02-21,0.1984906944428273,303
2025-02-22,1.022514220487394,87
2025-02-23,1.137461035910479,81
2025-02-24,1.3544941006958409,212
2025-02-25,0.9307406973189216,266
2025-02-26,0.9656795335467534,267
2025-02-27,0.7071351000561461,185
2025-02-28,0.3838012371210806,164
2025-03-01,1.3827833574406614,67
2025-03-02,0.3116839553051644,89
2025-03-03,0.2232160556153853,554
2025-03-04,-0.9785142507067032,1087
2025-03-05,0.5863162691836777,524
2025-03-06,0.8144878682499915,389
2025-03-07,0.987613605605524,237
2025-03-08,0.2034382583926979,211
2025-03-09,0.7054251850751052,128
2025-03-10,0.417071245858521,185
2025-03-11,0.5848647527608914,228
2025-03-12,0.4367155659428811,353
2025-03-13,0.8028941189065613,300
2025-03-14,1.1144595198243994,208
2025-03-15,0.7690352144615585,100
2025-03-16,0.7196159756773753,86
2025-03-17,0.6095745569759192,238
2025-03-18,1.092761457246707,199
2025-03-19,1.0734351485930784,236
2025-03-20,0.7595608101309093,303
2025-03-21,0.3196938652970282,359
2025-03-22,0.3855329957278491,130
2025-03-23,0.7923550990719643,66
2025-03-24,0.7764211156152615,233
2025-03-25,0.7007560972940055,258
2025-03-26,0.9417031063840882,247
2025-03-27,1.5919589051660283,208
2025-03-28,1.2523854288110563,247
2025-03-29,1.2590021448616475,119
2025-03-30,0.9387767315128334,97
2025-03-31,0.3595540293075833,217
2025-04-01,0.6196461717919417,259
2025-04-02,0.692760048260977,233
2025-04-03,-0.2254047204592868,241
2025-04-04,-0.6882291113659753,277
2025-04-05,0.1835636462615174,134
2025-04-06,0.26049022944555,111
2025-04-07,-0.9746261179299784,203
2025-04-08,-0.7275730338513494,425
2025-04-09,-0.6623777366707502,287
2025-04-10,-0.0582554876889433,334
2025-04-11,0.2447560133357577,291
2025-04-12,-0.0721001319362168,174
2025-04-13,-1.0100997696788427,251
2025-04-14,-0.7898786629484744,625
2025-04-15,-0.0664501971317123,542
2025-04-16,-0.5613738418312031,346
2025-04-17,-0.872055317023549,540
2025-04-18,-0.3023261114737495,167
2025-04-19,0.3815482004676056,82
2025-04-20,0.0411105751670042,54
2025-04-21,0.1723665847327052,151
2025-04-22,-0.5818306054746047,111
2025-04-23,-0.0070275488073222,255
2025-04-24,0.7302806595560734,166
2025-04-25,-0.305788127437315,173
2025-04-26,0.7928796232102573,55
2025-04-27,0.7683601572157345,58
2025-04-28,0.9588343685589114,172
2025-04-29,0.8775276883990499,159
2025-04-30,-0.4218567162300634,285
2025-05-01,-0.5439445956353022,170
2025-05-02,1.1016550279196506,129
2025-05-03,0.8956569467750506,68
2025-05-04,-0.3428875758088811,73
2025-05-05,1.0627725146744584,125
2025-05-06,1.0789866630179017,114
2025-05-07,0.6308009644666744,169
2025-05-08,0.3686443677864415,188
2025-05-09,0.5573156202220623,226
2025-05-10,0.7172460235141814,67
2025-05-11,0.4247560459235373,44
2025-05-12,0.572915399937725,164
2025-05-13,1.0622414658210304,138
2025-05-14,1.7984204913385984,229
2025-05-15,1.268011747170437,235
2025-05-16,0.2794129003255212,124
2025-05-17,0.292922833175515,80
2025-05-18,0.8191792604602772,69
2025-05-19,0.880912259360206,151
2025-05-20,1.4883573988285883,174
2025-05-21,0.0509316576632141,225
2025-05-22,0.508886504574027,207
2025-05-23,0.3462212361175664,180
2025-05-24,0.486107855620239,76
2025-05-25,0.5075319070379745,65
2025-05-26,0.9299491647321376,111
2025-05-27,1.2080988810566675,185
2025-05-28,0.6175862656989265,216
2025-05-29,0.5175763788004409,166
2025-05-30,0.7167227055258394,133
2025-05-31,0.7415252582750084,53
2025-06-01,-0.7202107506637078,95
2025-06-02,0.1292878053135442,128
2025-06-03,-0.2292995881459985,279
2025-06-04,0.5619521883181844,155
2025-06-05,0.9660419526723028,160
2025-06-06,0.7591370324270388,153
2025-06-07,1.4924949639465317,79
2025-06-08,0.7973280059804997,72
2025-06-09,1.2990248348305176,158
2025-06-10,0.1520849991617228,320
2025-06-11,0.7598299041552169,163
2025-06-12,1.015152274391077,143
2025-06-13,1.2788571880052697,110
2025-06-14,0.2438951901539474,49
2025-07-02,0.9190872454687868,185
2025-07-03,0.9052185308285589,180
2025-07-04,1.245500152923987,144
2025-07-05,0.687360847941323,54
2025-07-06,1.037346514187409,68
2025-07-07,0.1458408008744099,170
2025-07-08,0.4370658949693308,167
2025-07-09,0.8443849796258269,171
2025-07-10,0.8223740382917619,197
2025-07-11,1.6756468429332707,103
2025-07-12,0.8689620278348612,72
2025-07-13,0.6726399568319416,86
2025-07-14,0.8761273182222167,170
2025-07-15,0.962236424427404,161
2025-07-16,0.7310883422497081,231
2025-07-17,0.8304544881844297,428
2025-07-18,0.503277340971219,277
2025-07-19,0.3816830896139043,81
2025-07-20,0.755686519154521,118
2025-07-21,1.4351481930064025,155
2025-07-22,0.5588553421028908,165
2025-07-23,0.2676903205280513,166
2025-07-24,1.493926538425838,203
2025-07-25,0.0456000291677816,217
2025-07-26,0.9064994228447468,77
2025-07-27,0.9215278803008916,83
2025-07-28,0.9055621388469868,234
2025-07-29,0.7959184365704484,178
2025-07-30,1.5106793937638932,139
2025-07-31,1.4128755445234178,167
2025-08-01,1.008514613238003,132
2025-08-02,0.1908164281524037,73
2025-08-03,1.4781443376524388,58
2025-08-04,1.1233373485752434,214
2025-08-05,-0.7499601661116376,301
2025-08-06,-0.1417244678059793,347
2025-08-07,-0.4507823635442069,921
2025-08-08,-0.0606395978341514,301
2025-08-09,0.2583038624502962,82
2025-08-10,0.6241681794643642,71
2025-08-11,0.0811379329021404,265
2025-08-12,1.8181811288674257,330
2025-08-13,1.0895131337396915,230
2025-08-14,0.8467041613198029,193
2025-08-15,0.6441227834563457,224
2025-08-16,1.0592993919332294,77
2025-08-17,1.2242557880977811,75
2025-08-18,1.2604878818439786,181
2025-08-19,0.7939059119186925,253
2025-08-20,0.5071026560927425,284
2025-08-21,1.4319387700909672,161
2025-08-22,0.7167099647073272,345
2025-08-23,0.2938605780540435,131
2025-08-24,1.038547262966291,74
2025-08-25,1.0107914802464464,133
2025-08-26,0.6038141947561381,296
2025-08-27,0.5694382810392178,231
2025-08-28,0.8720855364552025,241
2025-08-29,0.9341816092199636,197
2025-08-30,1.457114005064052,202
2025-08-31,0.8625376256902837,94
2025-09-01,0.2995638280319854,229
2025-09-02,1.802615872207022,451
2025-09-03,1.398933956962194,300
2025-09-04,2.2103335326513456,303
2025-09-05,1.9980527886481465,236
2025-09-06,1.873435110362757,79
2025-09-07,1.3911468453178673,66
2025-09-08,0.8626010739963741,197
2025-09-09,1.2553335021205947,178
2025-09-10,1.2583952232245412,267
2025-09-11,0.8963301852848342,248
2025-09-12,1.5107716592874751,215
2025-09-13,0.968975321515765,80
2025-09-14,0.9526075695272098,108
2025-09-15,0.6499137081664775,187
2025-09-16,1.236940247265395,191
2025-09-17,1.10971539532358,213
2025-09-18,1.1883449105558936,282
2025-09-19,1.2521421804133748,265
2025-09-20,2.50466976176113,118
2025-09-21,1.0264404248807957,70
2025-09-22,1.1671472744783609,273
2025-09-23,1.058360837105058,229
2025-09-24,0.8495370015987419,322
2025-09-25,1.0889614416178597,324
2025-09-26,0.502435567506015,196
2025-09-27,1.2770357892327282,87
2025-09-28,1.4558817641844044,78
2025-09-29,0.9518316875814784,306
2025-09-30,1.323712402869166,202
2025-10-01,1.0117725272613145,198
2025-10-02,1.113587623645134,334
2025-10-03,1.45635857265752,199
2025-10-04,1.1520816197332533,79
2025-10-05,1.7412219433790808,93
2025-10-06,1.2010794652511942,184
2025-10-07,1.6953551519063712,172
2025-10-08,0.9975038785299724,161
2025-10-09,1.318272930413086,253
2025-10-10,0.6146316632204307,204
2025-10-11,1.5324864860045158,96
2025-10-12,0.3371073476378579,104
2025-10-13,0.1403909034155479,254
2025-10-14,0.3310470293963654,215
2025-10-15,0.8505218780781929,287
2025-10-16,0.3772549902233773,489
2025-10-17,0.1193949441424635,258
2025-10-18,1.1588988270452567,98
2025-10-19,0.5343345647834683,85
2025-10-20,1.01310917157409,128
2025-10-21,0.741397967326019,185
2025-10-22,-0.2583745350819597,288
2025-10-23,-0.0342276827774106,282
2025-10-24,-0.0510745339949524,310
2025-10-25,1.2001680138867277,61
2025-10-26,0.5247870823708033,69
2025-10-27,0.7261740765500919,209
2025-10-28,1.00155567185162,208
2025-10-29,1.2644391067064338,225
2025-10-30,0.8088266304467913,190
2025-10-31,0.9903655294581556,176
2025-11-01,0.98891771037987,87
2025-11-02,1.1000886358108506,100
2025-11-03,1.4583977191540052,296
2025-11-04,0.7755516617709148,276
2025-11-05,-0.4194668963430248,252
2025-11-06,1.1380344774389697,213
2025-11-07,1.4883243529877244,249
2025-11-08,1.1965747912112117,110
2025-11-09,0.3178896826500539,113
2025-11-10,1.0057052666071833,290
2025-11-11,1.0424587292344774,243
2025-11-12,0.6224627357535608,332
2025-11-13,0.8489585249154389,224
2025-11-14,0.4749409482646243,171
2025-11-15,1.6120321451342998,104
2025-11-16,0.9449652188448514,91
2025-11-17,1.1939998407446255,202
2025-11-18,0.8094216215901678,198
2025-11-19,0.8249032068524574,247
2025-11-20,0.7124960010577156,264
2025-11-21,0.4297734638612703,257
2025-11-22,1.107411311497296,87
2025-11-23,-0.0233464070120373,80
2025-11-24,1.1359410357837298,160
2025-11-25,0.8040742471257618,233
2025-11-26,0.8441037091648058,203
2025-11-27,1.081181384506878,177
2025-11-28,0.7764922033525128,237
2025-11-29,1.388573189905027,117
2025-11-30,1.062797643661555,75
2025-12-01,1.509043715793378,249
2025-12-02,1.3143672944633131,259
2025-12-03,0.4116421448396259,214
2025-12-04,0.9111000917096244,262
2025-12-05,1.5776726987588512,178
2025-12-06,1.0997186606975768,114
2025-12-07,2.029342083889289,77
2025-12-08,1.8955598773050748,172
2025-12-09,2.0172718072241693,244
2025-12-10,1.4794961370221833,163
2025-12-11,1.0965961154091046,243
2025-12-12,0.7777070564029054,249
2025-12-13,1.0243059357203663,94
2025-12-14,1.306583098617255,77
2025-12-15,0.9265762690448016,173
2025-12-16,1.2887118431032194,141
2025-12-17,1.0576103823881675,320
2025-12-18,1.1463827993694853,426
2025-12-19,0.369782242079845,475
2025-12-20,1.1270227769605283,183
2025-12-21,0.9646454330067028,141
2025-12-22,0.9229698943253376,247
2025-12-23,0.8702910429944751,140
2025-12-24,0.639829194190529,129
2025-12-25,0.6774451426504298,77
2025-12-26,0.7085395418328431,118
2025-12-27,0.6625805331355346,82
2025-12-28,0.1551058811754261,179
2025-12-29,0.1615106793538415,131
2025-12-30,0.8536840886385447,178
2025-12-31,-0.7838729893507085,298
2026-01-01,1.3641986836519964,223
2026-01-02,1.1961478924904934,252
2026-01-03,0.8006112209680027,72
2026-01-04,0.7558973777979627,87
2026-01-05,0.2505467683648708,252
2026-01-06,0.1912295329822709,397
2026-01-07,0.8557061516972915,279
2026-01-08,0.8229771684811183,276
2026-01-09,0.9832484345627004,238
2026-01-10,1.0889376450135038,74
2026-01-11,1.0628734419141377,100
2026-01-12,0.8445843129437658,210
2026-01-13,1.1477117474192031,314
2026-01-14,0.8733648121248333,233
2026-01-15,1.016997906596121,569
2026-01-16,1.1468954024548017,553
2026-01-17,1.2905091372226547,181
2026-01-18,0.6844021421267151,107
2026-01-19,0.4927332081963266,250
2026-01-20,0.8731175091806954,245
2026-01-21,0.8012772077309501,241
2026-01-22,1.0594753631517082,235
2026-01-23,1.2184766457022236,237
2026-01-24,2.145640463143528,142
2026-01-25,0.7999371964754524,116
2026-01-26,1.004273968294883,168
2026-01-27,1.479319414214426,234
2026-01-28,1.3444687789203624,255
2026-01-29,0.8795714902856311,370
2026-01-30,0.9886295825462992,217
2026-01-31,1.2806732646248704,68
2026-02-01,2.3603416487524407,522
2026-02-02,1.4541473918977093,304
2026-02-03,0.8408784927350199,333
2026-02-04,0.846246767208338,306
2026-02-05,0.8110747537199232,257
2026-02-06,0.7185638989739764,236
2026-02-07,1.2528656188170948,102
2026-02-08,1.868821472713757,139
2026-02-09,1.337105341494588,213
2026-02-10,1.1871792926182327,236
2026-02-11,0.3057561308222336,331
2026-02-12,0.2199744571178535,479
2026-02-13,1.7534544559045655,240
2026-02-14,1.12413592576281,102
2026-02-15,0.7481928343770213,92
2026-02-16,1.096203770190627,207
2026-02-17,1.7692182692273657,188
2026-02-18,1.691521728907099,174
2026-02-19,0.4033806362451579,258
2026-02-20,1.5440306999898543,199
2026-02-21,2.0034269880951507,162
2026-02-22,1.2354953756377172,74
2026-02-23,1.2005963955409027,168
2026-02-24,0.8120910517706531,294
2026-02-25,0.988635841570036,284
2026-02-26,0.779728092286917,276
2026-02-27,1.0216869461939793,244
2026-02-28,2.2295353724473657,152
2026-03-01,0.4980890978185913,116
2026-03-02,1.3333252880703297,157
2026-03-03,-0.1821265682060124,217
2026-03-04,-0.8160757491882973,225
2026-03-05,0.4391777580718512,244
2026-03-06,0.257987184892093,253
2026-03-07,0.7352957125029909,95
2026-03-08,-0.162090804423927,95
2026-03-09,-0.2437210137976846,167
2026-03-10,0.5425974967985085,210
2026-03-11,1.2302512219127235,207
2026-03-12,0.8429274149389056,255
2026-03-13,0.4303495610359795,226
2026-03-14,0.7424019678187936,139
2026-03-15,0.5104243561446609,122
2026-03-16,0.5190321668359058,280
2026-03-17,1.278943966240802,248
2026-03-18,0.318131724479614,289
2026-03-19,-0.4211178989805747,341
2026-03-20,-0.5423447458329209,254
2026-03-21,0.7379125249015754,97
2026-03-22,0.2559684679487337,93
2026-03-23,0.4274913366479715,177
2026-03-24,0.3725454328916348,169
2026-03-25,0.3410617529990826,210
2026-03-26,0.0204125512818986,219
2026-03-27,-0.5229993482795057,225
2026-03-28,0.3332043219673449,150
2026-03-29,0.3424971927895059,101
2026-03-30,0.8148449378286844,212
2026-03-31,0.1602953674061583,316
2026-04-01,0.0038304297818158,395
2026-04-02,-0.2599555099803148,246
2026-04-03,0.4539438225756587,135
2026-04-04,0.0859951925726503,72
2026-04-05,0.5410285744544405,57
2026-04-06,0.5950763304547682,114
2026-04-07,-0.3153708468651893,334
2026-04-08,0.5860879068313813,229
2026-04-09,0.1972428801493086,179
2026-04-10,0.5192594424244295,194
2026-04-11,0.4987733754153205,62
2026-04-12,0.3712584202366572,55
2026-04-13,0.712775245879955,191
2026-04-14,0.5840504726637689,190
2026-04-15,0.4815470775566332,250
2026-04-16,0.6762417902154002,408
2026-04-17,0.7987632504716762,213
2026-04-18,0.5323162801202586,83
2026-04-19,0.8561614802829256,104
2026-04-20,0.8517717096358697,228
2026-04-21,-0.037846777843702,274
2026-04-22,0.1787241525092707,212
2026-04-23,0.3890199313076833,291
2026-04-24,0.6268089059539397,212
2026-04-25,0.7248534944761055,95
2026-04-26,0.76796210134183,81
2026-04-27,-0.7856946783586651,246
2026-04-28,0.0212374122405942,268
2026-04-29,-0.2581257763542069,322
2026-04-30,1.477840460524645,250
2026-05-01,0.789515389195151,161
2026-05-02,0.7098030766295378,63
2026-05-03,0.3908964036236945,85
2026-05-04,0.3151591799233157,260
2026-05-05,1.288005891386487,275
2026-05-06,0.506899117129353,452
2026-05-07,0.4458940763424245,309
2026-05-08,0.6501590477529744,250
2026-05-09,1.448348837292284,138
2026-05-10,0.0372103547544815,127
2026-05-11,0.0368341229248398,369
2026-05-12,-0.3420339553750971,474
2026-05-13,-0.1134446020372111,539
2026-05-14,0.8676577994344183,329
2026-05-15,0.3868076469872207,389
2026-05-16,0.8754866660759619,137
2026-05-17,1.002973801398737,171
2026-05-18,-0.0772213208483165,262
2026-05-19,0.0110735400327048,290
2026-05-20,0.1397039289335103,279
2026-05-21,1.5685027295948588,351
2026-05-22,1.0663557021822057,282
2026-05-23,1.736143331427851,151
2026-05-24,0.0281428422528904,175
2026-05-25,0.5376119083284497,269
2026-05-26,0.2213709573461396,601
2026-05-27,0.5226116959921936,796
2026-05-28,1.071919614964479,520
2026-05-29,0.477169067455421,372
2026-05-30,0.6953641950175241,154
2026-05-31,0.1783476603758923,166
2026-06-01,0.807634577561748,343
2026-06-02,0.3516233574883292,432
2026-06-03,0.2634699859454779,464
2026-06-04,0.4971650341186168,474
2026-06-05,-0.8586363769862939,513
2026-06-06,-0.8457358423625458,220
2026-06-07,0.0416882825032531,301
2026-06-08,-0.566177507143417,600
2026-06-09,0.2411296789175739,622
2026-06-10,-0.4946548724594054,452
2026-06-11,-0.4157183002445327,403
2026-06-12,0.5474088795674744,355
2026-06-13,0.5528683119482367,132
2026-06-14,1.5949729478303778,332
2026-06-15,0.7074949912988149,318
2026-06-16,0.6650065156827378,374
2026-06-17,0.5455780830194561,329
2026-06-18,0.4643272957779791,460
2026-06-19,-0.3935250986743016,342
2026-06-20,0.5109145754233276,117
2026-06-21,0.0345127683812744,134
2026-06-22,0.3506419514873808,360
2026-06-23,-0.569270870328057,609
2026-06-24,-0.0648905077128883,810
2026-06-25,0.3288740272509667,809
2026-06-26,-0.6789371923236465,573
2026-06-27,0.2918894569623156,237
2026-06-28,0.5320527707897329,326
2026-06-29,0.0008688605730482,468
2026-06-30,0.2985780861296034,526
2026-07-01,0.2448727201445598,377
2026-07-02,-0.2408845269770921,638
2026-07-03,0.4205888535308583,411
2026-07-04,1.2654551093958202,225
2026-07-05,0.5712373414622428,212
2026-07-06,0.3479927224103259,443
2026-07-07,0.0009486665756458,516
2026-07-08,-0.2811741775848984,478
2026-07-09,0.6475025297410543,540
2026-07-10,0.5539340495759807,653
2026-07-11,0.5633783078035204,185
2026-07-12,0.1260927857101816,143
2026-07-13,-0.3773185149996441,525
2026-07-14,0.0509537986447706,523
2026-07-15,0.8679561194473931,557
2026-07-16,0.679126793424027,687
2026-07-17,0.2106067078281726,551
2026-07-18,-0.0123895547991229,167
2026-07-19,-0.2618604124054301,168
2026-07-20,-0.437010617433647,384
2026-07-21,-0.1218018374851959,641
2026-07-22,0.2502400154396061,428
2026-07-23,0.2715912534183062,285
2026-07-24,0.1255887096967174,271
2026-07-25,0.5480159312499738,158
2026-07-26,0.088626049439664,114
2026-07-27,-0.3445261156138013,595
2026-07-28,-1.4763194382978362,551
2026-07-29,-1.532021614801412,543
2026-07-30,-0.0180879260805716,511
2026-07-31,-0.4002225699710153,560
2026-08-01,0.6658534040407372,156
2026-08-02,-0.5043305207442982,151
2026-08-03,-0.4146375058660047,325
2026-08-04,0.2419943883641286,349
2026-08-05,0.3694936738985782,377
2026-08-06,-0.0573917145608567,268
2026-08-07,0.0676232438350102,268
2026-08-08,0.43538698847323576,116
2026-08-09,0.005847477848734517,152
2026-08-10,0.1761598953543889,327
2026-08-11,1.0804026731678205,450
2026-08-12,0.8187080473055309,402
