date,tone,art_count
2017-01-01,1.356376197008596,115
2017-01-02,1.129513605906087,199
2017-01-03,0.7691114588406864,812
2017-01-04,1.3049894111720246,645
2017-01-05,1.4429958895642956,1405
2017-01-06,1.6765820441197032,807
2017-01-07,1.2293918500003624,346
2017-01-08,0.9514665622840436,319
2017-01-09,1.3374749963654324,470
2017-01-10,1.243071878856752,393
2017-01-11,1.2871853502745827,303
2017-01-12,1.2325360077863292,262
2017-01-13,1.2015762762433404,286
2017-01-14,1.4057455148134472,152
2017-01-15,1.5410579835463043,117
2017-01-16,2.064282640549737,257
2017-01-17,1.7173817877404376,241
2017-01-18,1.2200742257972674,230
2017-01-19,1.021671494755377,223
2017-01-20,1.2316553226571365,184
2017-01-21,1.423802638976853,102
2017-01-22,1.2414775117435597,78
2017-01-23,1.5697143377905896,134
2017-01-24,0.9806857773802784,172
2017-01-25,1.3647282111526875,203
2017-01-26,1.768652531646719,185
2017-01-27,2.015272486953638,214
2017-01-28,1.1438575635350288,134
2017-01-29,1.4951791017613667,92
2017-01-30,1.514490035220732,182
2017-01-31,1.578728191216568,257
2017-02-01,1.3244566258032886,266
2017-02-02,1.6739528558694825,239
2017-02-03,1.5133352566399216,240
2017-02-04,1.5527675671077803,244
2017-02-05,1.7974307097400044,94
2017-02-06,1.484342131320041,232
2017-02-07,1.1970447060339378,248
2017-02-08,1.3635774063110262,193
2017-02-09,1.283048838297765,283
2017-02-10,1.277687144280124,461
2017-02-11,1.6228275315365768,295
2017-02-12,1.1840316705724163,97
2017-02-13,1.7896448246330834,248
2017-02-14,0.8198884616199849,229
2017-02-15,1.534315001286802,265
2017-02-16,1.6879506931363166,272
2017-02-17,1.4692411388267017,240
2017-02-18,0.7452919237149905,121
2017-02-19,0.894882328119715,118
2017-02-20,1.133062596718725,190
2017-02-21,1.4398147678237028,216
2017-02-22,1.3693326642625834,292
2017-02-23,-0.1873055998689011,308
2017-02-24,0.7569112885292961,306
2017-02-25,1.4372423077696972,260
2017-02-26,1.5094707261122264,130
2017-02-27,1.4774348446764656,295
2017-02-28,1.434745789446114,232
2017-03-01,1.2357983983421694,536
2017-03-02,1.3751459214527813,332
2017-03-03,1.4466618567179106,327
2017-03-04,1.7826030991767516,193
2017-03-05,1.761400028806689,151
2017-03-06,1.329164180621951,278
2017-03-07,1.4402597344653851,351
2017-03-08,1.783974793887112,297
2017-03-09,1.5287962288527892,322
2017-03-10,1.5899125204433096,265
2017-03-11,1.2177949810219484,170
2017-03-12,1.8383328167359805,127
2017-03-13,0.706280681967393,475
2017-03-14,0.9683804012841728,372
2017-03-15,1.064992801006452,293
2017-03-16,-2.0124030749069552,637
2017-03-17,1.3409929831358176,291
2017-03-18,1.251267998891893,168
2017-03-19,1.521011646171912,99
2017-03-20,0.5149593912977809,230
2017-03-21,1.0329226627057224,327
2017-03-22,0.7478503066375968,309
2017-03-23,1.0530885121680722,238
2017-03-24,0.9615300978896958,203
2017-03-25,0.8261352695525137,102
2017-03-26,1.1393796026460112,90
2017-03-27,1.1941750949546093,143
2017-03-28,1.7017876663219291,189
2017-03-29,1.7326097776361822,164
2017-03-30,1.3600681468818148,174
2017-03-31,0.9853023654723466,169
2017-04-01,0.998617743655826,105
2017-04-02,1.055618324823924,82
2017-04-03,1.1205769365227976,208
2017-04-04,0.4693190294358665,355
2017-04-05,1.0597828737048691,334
2017-04-06,1.3904800797296526,288
2017-04-07,1.1062419617465111,277
2017-04-08,1.6615455078842645,99
2017-04-09,1.3323830441081688,71
2017-04-10,1.4503433505095322,149
2017-04-11,1.1582926548410613,201
2017-04-12,1.2349157896509304,219
2017-04-13,1.275768628749928,181
2017-04-14,1.3529982324219376,145
2017-04-15,0.815680090560925,95
2017-04-16,0.9329286595952584,83
2017-04-17,0.6249538237639143,497
2017-04-18,1.4003882896263076,270
2017-04-19,1.5883565421695978,249
2017-04-20,1.5756232309323122,246
2017-04-21,1.5462103427105522,200
2017-04-22,1.918383746674468,92
2017-04-23,1.7123772460170683,106
2017-04-24,1.652376763746341,285
2017-04-25,1.902752831586815,317
2017-04-26,1.7184276804980176,267
2017-04-27,1.819215810341874,281
2017-04-28,1.775205581791002,350
2017-04-29,1.399098134660191,153
2017-04-30,1.5503470300511148,126
2017-05-01,1.3188399747663933,214
2017-05-02,1.06119062405504,257
2017-05-03,1.4435518260023643,191
2017-05-04,1.160909100613421,188
2017-05-05,0.6034599765222306,208
2017-05-06,1.3706566643802394,111
2017-05-07,1.5798557064838472,97
2017-05-08,1.430592070589252,328
2017-05-09,1.2303387281019105,330
2017-05-10,0.3611301845936256,725
2017-05-11,0.791611870282106,458
2017-05-12,1.1617649032083597,283
2017-05-13,1.8993574692782853,106
2017-05-14,1.5282591834219976,119
2017-05-15,1.5264960874870783,284
2017-05-16,1.0967219898435794,293
2017-05-17,1.3342858743630557,329
2017-05-18,1.4110110194821903,306
2017-05-19,1.506061164175944,385
2017-05-20,1.5004142715817606,213
2017-05-21,1.729106429919343,141
2017-05-22,1.6511401405633177,231
2017-05-23,1.180401093174242,201
2017-05-24,-0.1979735613230059,493
2017-05-25,1.0567245434754862,320
2017-05-26,1.5170179080531196,161
2017-05-27,1.452336649733199,158
2017-05-28,2.082815213831728,215
2017-05-29,1.3030531639778988,197
2017-05-30,1.6026234586980723,414
2017-05-31,1.3620499340311296,334
2017-06-01,1.8796474819395228,304
2017-06-02,1.3721326962447855,266
2017-06-03,1.4698556492217172,101
2017-06-04,1.4284019310128762,103
2017-06-05,1.4492841856798204,192
2017-06-06,1.1945378920564862,208
2017-06-07,1.474687882975524,169
2017-06-08,1.046589584398618,325
2017-06-09,-0.1253254253902152,670
2017-06-10,0.0431680308690989,251
2017-06-11,0.4906744491928025,91
2017-06-12,-0.005942122682863,362
2017-06-13,0.2398575069351104,359
2017-06-14,1.1960454014654258,316
2017-06-15,1.2094669890313898,264
2017-06-16,0.8175320309325725,249
2017-06-17,1.0253675331722425,95
2017-06-18,1.81727090883978,146
2017-06-19,1.5026042683381111,181
2017-06-20,1.1249290897524935,277
2017-06-21,1.309625694293172,296
2017-06-22,1.162088357408094,178
2017-06-23,0.7583481247117922,176
2017-06-24,0.9433248586374816,76
2017-06-25,0.3075960619730095,81
2017-06-26,0.6062316804423039,193
2017-06-27,0.7658077231274072,322
2017-06-28,0.9423804074948318,252
2017-06-29,0.861059702493232,149
2017-06-30,0.2166915732433472,135
2017-07-01,0.0499491056496255,65
2017-07-02,0.5596452356074826,40
2017-07-03,1.0201222477374536,150
2017-07-04,0.8885152239894077,96
2017-07-05,0.2510653058325182,304
2017-07-06,0.4713486141562946,226
2017-07-07,0.1755232716442219,177
2017-07-08,0.2788635253204585,87
2017-07-09,0.1999640546260058,60
2017-07-10,1.017255405705317,231
2017-07-11,0.9212086843478656,310
2017-07-12,0.805121590551443,253
2017-07-13,0.3188586236380307,196
2017-07-14,0.7005290345112722,126
2017-07-15,0.6722820455074852,41
2017-07-16,2.1605844424247422,40
2017-07-17,0.2265551386061824,101
2017-07-18,0.1820158242120932,128
2017-07-19,0.9229545519405528,149
2017-07-20,0.940144646981267,145
2017-07-21,1.0275263591315884,218
2017-07-22,0.9166340555174172,45
2017-07-23,1.1118577460193453,29
2017-07-24,0.7143902370279284,140
2017-07-25,1.3588849931980769,151
2017-07-26,1.5182698689768237,190
2017-07-27,0.9281681318598538,137
2017-07-28,0.8554995010831199,128
2017-07-29,1.1916616194510583,65
2017-07-30,0.5513923760753748,51
2017-07-31,1.2960290807172572,193
2017-08-01,1.4474575455482883,187
2017-08-02,1.3233153059619849,170
2017-08-03,1.4301253993029364,145
2017-08-04,1.0062140255453358,131
2017-08-05,0.6887749363570492,44
2017-08-06,0.8483820703475592,47
2017-08-07,0.5045203068254897,195
2017-08-08,1.025563734943109,137
2017-08-09,0.3414087345341516,172
2017-08-10,-0.4518726215547183,308
2017-08-11,-1.2328138228587784,547
2017-08-12,-0.0126824757384987,142
2017-08-13,0.3651240038771014,74
2017-08-14,0.0503661334894823,243
2017-08-15,0.8976653326790224,179
2017-08-16,0.8461062863370258,174
2017-08-17,0.9438680128442948,183
2017-08-18,0.6282922624149114,129
2017-08-19,0.211220031520632,47
2017-08-20,0.1416433105808925,24
2017-08-21,1.155242878179748,283
2017-08-22,1.8026197414110685,216
2017-08-23,1.2147483573931028,153
2017-08-24,1.3168805511137005,97
2017-08-25,-0.7891447077478232,289
2017-08-26,0.653344267796745,91
2017-08-27,0.2265273563397699,78
2017-08-28,0.8359521868355718,98
2017-08-30,1.821142532510656,126
2017-08-31,1.0361675978541958,171
2017-09-01,0.9966127347588576,124
2017-09-02,0.8756829763362943,58
2017-09-03,0.6365129030074824,47
2017-09-04,1.1362127382876102,108
2017-09-05,-0.9017182260773056,305
2017-09-06,0.6494720308268226,137
2017-09-07,1.0981160149858349,134
2017-09-08,1.3278109871495527,101
2017-09-09,1.1635410487382334,59
2017-09-10,0.7290620232211628,45
2017-09-11,0.7772749842150443,192
2017-09-12,0.951661769285414,267
2017-09-13,0.683544670235582,180
2017-09-14,0.9337102916443086,102
2017-09-15,-0.1528570427197348,159
2017-09-16,0.0218355333170486,114
2017-09-17,0.2960096216113436,47
2017-09-18,0.5125649671603458,199
2017-09-19,1.0350231882483365,164
2017-09-20,1.0733044698420386,188
2017-09-21,0.3467159724999545,379
2017-09-22,0.5188341945847504,221
2017-09-23,0.7658255150611455,168
2017-09-24,0.6749101700680582,84
2017-09-25,-0.4562053817591374,294
2017-09-26,-0.5483888409448431,466
2017-09-27,1.0866310953927545,225
2017-09-28,1.7336127034503788,238
2017-09-29,0.733200475808417,152
2017-09-30,1.94971289354406,91
2017-10-01,0.622502726105373,53
2017-10-02,0.9952914147944172,254
2017-10-03,1.0764144614428908,174
2017-10-04,1.0813914885162046,152
2017-10-05,1.1063019546925843,141
2017-10-06,0.9766363008066749,277
2017-10-07,0.695165791616581,135
2017-10-08,0.8702410538942494,65
2017-10-09,0.6650827052843558,168
2017-10-10,0.5300692960318791,424
2017-10-11,0.6176497872969084,339
2017-10-12,0.969274309236506,213
2017-10-13,0.9786483104165944,195
2017-10-14,0.5591216364830596,87
2017-10-15,0.4503207656684286,85
2017-10-16,1.2407474751513634,107
2017-10-17,1.3206859998257936,228
2017-10-18,1.2917879546673332,232
2017-10-19,1.1542612249865498,204
2017-10-20,1.241101362764886,169
2017-10-21,0.8196412344517914,49
2017-10-22,0.6122285606336411,67
2017-10-23,1.068579869502146,194
2017-10-24,1.3082601118598236,262
2017-10-25,0.2057699012140383,253
2017-10-26,1.40423372927544,338
2017-10-27,0.7546430141156684,395
2017-10-28,0.998380796482677,181
2017-10-29,1.2701222416445468,125
2017-10-30,1.2102022513034476,406
2017-10-31,1.1952930953520349,323
2017-11-01,1.451660501692167,209
2017-11-02,1.5073763859252007,243
2017-11-03,1.4372464425976337,258
2017-11-04,0.8717688093292472,98
2017-11-05,1.1856043169818202,86
2017-11-06,0.6563748716652624,308
2017-11-07,1.2137316869985595,330
2017-11-08,1.308648983319606,406
2017-11-09,1.0172897436194352,719
2017-11-10,0.1892819247612073,841
2017-11-11,0.6685047125143986,190
2017-11-12,0.4115000197191854,170
2017-11-13,1.2846039637162676,365
2017-11-14,1.2223554056716797,276
2017-11-15,1.3317514507945816,371
2017-11-16,1.2201337909555234,292
2017-11-17,1.1808394014267245,217
2017-11-18,1.3863011384715105,114
2017-11-19,1.543598060355832,88
2017-11-20,1.5553856159645063,171
2017-11-21,1.7637639161380678,222
2017-11-22,1.3112317229230754,203
2017-11-23,1.4337796792597417,120
2017-11-24,1.794215345428418,143
2017-11-25,1.526723877821815,77
2017-11-26,1.5410734363882377,73
2017-11-27,1.4169807785693662,195
2017-11-28,1.3081295322697304,182
2017-11-29,0.6800900107798932,251
2017-11-30,0.5482325542157156,198
2017-12-01,0.9180192800989024,200
2017-12-02,0.5667266793151513,104
2017-12-03,-0.1306665801375865,58
2017-12-04,0.6349239269889579,221
2017-12-05,0.8984649942787213,335
2017-12-06,1.0020106192814064,261
2017-12-07,1.248763171800612,219
2017-12-08,1.793022378800344,309
2017-12-09,1.341818726635581,114
2017-12-10,0.9969615181493238,83
2017-12-11,1.8949337594849736,162
2017-12-12,0.9773635201047476,215
2017-12-13,0.90684198738259,254
2017-12-14,1.3602174992175515,258
2017-12-15,1.4303142499763706,155
2017-12-16,1.391025887154802,50
2017-12-17,1.2635300060361927,49
2017-12-18,1.484240470603147,102
2017-12-19,1.2629575050969013,87
2017-12-20,1.7107272178661468,116
2017-12-21,1.4835512711255288,165
2017-12-22,0.9567285815756236,152
2017-12-23,0.5177303803650648,91
2017-12-24,0.8313660181660361,96
2017-12-25,0.63480987589477,121
2017-12-26,0.5378809741480598,135
2017-12-27,0.8155122517092933,134
2017-12-28,0.5171028390834891,138
2017-12-29,0.8028560770187094,113
2017-12-30,1.1631294042574094,92
2017-12-31,1.2015283928573497,66
2018-01-01,1.0118235675483396,57
2018-01-02,0.5267595820200048,279
2018-01-03,0.7005546976637226,248
2018-01-04,0.3593014597519579,348
2018-01-05,0.6823666030706795,272
2018-01-06,1.1186592296797937,74
2018-01-07,0.8039524138292907,68
2018-01-08,0.8798800780472923,1151
2018-01-09,1.0349488647120646,657
2018-01-10,0.1656754835000462,456
2018-01-11,0.3479566364110821,321
2018-01-12,0.7958941647799205,235
2018-01-13,0.6577950341797125,172
2018-01-14,0.9498499103612305,126
2018-01-15,0.3651205846694978,136
2018-01-16,0.6211801707326878,238
2018-01-17,0.8291456761930063,170
2018-01-18,0.7913030229405582,125
2018-01-19,0.5805597292401222,220
2018-01-20,0.3343648627762687,110
2018-01-21,0.7426760872841225,113
2018-01-22,0.6482994199632105,203
2018-01-23,0.3469676789340797,201
2018-01-24,-0.6887701793266967,341
2018-01-25,0.4586915402478594,256
2018-01-26,0.9613641309729432,250
2018-01-27,0.4905407549901364,59
2018-01-28,1.225504444214903,39
2018-01-29,1.2444517530264676,114
2018-01-30,0.8565932783399578,114
2018-01-31,1.0276727986832583,159
2018-02-01,0.6195740084010466,150
2018-02-02,1.2786669800587542,192
2018-02-03,1.0598847944300285,102
2018-02-04,0.8160606293559692,65
2018-02-05,0.7697309650682057,227
2018-02-06,1.082694072888048,317
2018-02-07,0.522659695385551,290
2018-02-08,0.550034964527856,269
2018-02-09,0.278838979419363,490
2018-02-10,0.3660839913943258,136
2018-02-11,0.65010187428822,115
2018-02-12,0.7549010062079534,182
2018-02-13,0.8374387643821244,192
2018-02-14,0.997944751753892,190
2018-02-15,0.1662894799755866,231
2018-02-16,0.4685194244538002,178
2018-02-17,0.1927500389670106,86
2018-02-18,0.726858817502424,126
2018-02-19,0.4568321480190964,125
2018-02-20,0.4139493808841697,275
2018-02-21,0.5778441393526462,230
2018-02-22,0.7825105953024794,153
2018-02-23,0.8233031671825564,138
2018-02-24,0.7661618080218641,100
2018-02-25,0.8440980891335804,78
2018-02-26,0.9134150744516631,176
2018-02-27,1.4966602334953596,156
2018-02-28,0.9717745524412972,130
2018-03-01,0.8781602651386027,161
2018-03-02,1.360984602821983,194
2018-03-03,0.9349369070985256,57
2018-03-04,0.6729531584171782,90
2018-03-05,0.5560545702495124,181
2018-03-06,0.78231598503627,133
2018-03-07,1.1637641655609736,148
2018-03-08,0.9265653040797546,136
2018-03-09,0.9235588235235048,178
2018-03-10,0.916154317481584,58
2018-03-11,0.5157337682926257,58
2018-03-12,0.3241495031053659,179
2018-03-13,-0.3750892483351669,204
2018-03-14,0.7200250213522116,120
2018-03-15,0.2217536343303178,229
2018-03-16,0.3143866831438269,145
2018-03-17,0.7926456230624223,56
2018-03-18,0.2709148600995647,48
2018-03-19,0.7524775870623593,191
2018-03-20,0.0783316382758831,371
2018-03-21,0.7814244854635489,211
2018-03-22,1.219185545562712,244
2018-03-23,-0.3912378047339501,231
2018-03-24,0.3015931646340495,65
2018-03-25,0.1387502250818537,64
2018-03-26,0.8187899887940404,175
2018-03-27,-0.7048768035751066,912
2018-03-28,-1.7911785899990258,1189
2018-03-29,-1.2053812148752414,441
2018-03-30,-0.4476677396924749,207
2018-03-31,-1.371437079356634,159
2018-04-01,-0.7157563486122683,114
2018-04-02,-1.5008390773609228,481
2018-04-03,0.7095436590341856,362
2018-04-04,0.2441381243575238,266
2018-04-05,0.674528053270414,244
2018-04-06,0.6983963341055196,351
2018-04-07,0.6452418481201793,148
2018-04-08,0.4502301278062773,69
2018-04-09,0.96016171202152,228
2018-04-10,0.3597663408004622,342
2018-04-11,1.519449872199981,187
2018-04-12,1.1823992188821797,135
2018-04-13,0.8113356257570619,108
2018-04-14,0.8326163416783565,38
2018-04-15,0.504219621974629,43
2018-04-16,0.8525928515738758,140
2018-04-17,1.1653168864481966,116
2018-04-18,0.4760714711156751,194
2018-04-19,-0.0008616631567963,250
2018-04-20,0.6720490044187922,150
2018-04-21,0.4341867042889657,54
2018-04-22,1.1870537509236785,44
2018-04-23,0.7373921524627052,107
2018-04-24,-0.3913372859452573,193
2018-04-25,0.4201204645883081,169
2018-04-26,0.9423280455731724,176
2018-04-27,0.250679045546551,169
2018-04-28,0.0654671749825759,63
2018-04-29,0.4458482394497457,48
2018-04-30,0.5637979935291706,95
2018-05-01,1.3309726463396272,104
2018-05-02,1.2179138142829171,111
2018-05-03,1.100086723991285,160
2018-05-04,0.0951391669500824,153
2018-05-05,-0.015372065868818,78
2018-05-06,-0.4508629376906301,50
2018-05-07,0.4742307135800082,320
2018-05-08,0.4094044589727438,210
2018-05-09,0.6290312129264801,158
2018-05-10,0.8765449124976255,422
2018-05-11,0.3392578886205689,439
2018-05-12,0.4404827670551141,98
2018-05-13,-0.0684698113801949,118
2018-05-14,0.855476889394594,134
2018-05-15,0.6962536445937356,193
2018-05-16,0.8024957344177293,147
2018-05-17,0.7085548492527888,157
2018-05-18,0.7752144210344613,158
2018-05-19,0.8498352238143891,71
2018-05-20,0.8813607306196357,50
2018-05-21,1.0004615458473862,210
2018-05-22,1.5335285308453888,222
2018-05-23,1.1455656176658984,184
2018-05-24,1.205241123475204,218
2018-05-25,1.2369830933000137,128
2018-05-26,1.068007577851356,68
2018-05-27,0.813442865726137,55
2018-05-28,1.5325325863281147,83
2018-05-29,0.4853916749429242,108
2018-05-30,1.1777973795508854,219
2018-05-31,1.0075847997548892,179
2018-06-01,0.9154933121168548,141
2018-06-02,0.6263364477388528,52
2018-06-03,0.4851257351365369,51
2018-06-04,0.15683428061557,293
2018-06-05,1.619430513283442,246
2018-06-06,1.2093174194233067,216
2018-06-07,1.0631329114000174,240
2018-06-08,1.1718765463074567,289
2018-06-09,1.1159310418548327,102
2018-06-10,0.6657409267510502,83
2018-06-11,1.1810336104380166,213
2018-06-12,0.83194898215692,201
2018-06-13,0.8495481565069821,203
2018-06-14,1.048803192085932,155
2018-06-15,1.1633655059121462,116
2018-06-16,1.572850547646706,73
2018-06-17,0.7695293758391836,48
2018-06-18,1.1429513749443616,120
2018-06-19,0.8071644217236499,169
2018-06-20,0.6267333034786022,142
2018-06-21,0.5729032886770633,172
2018-06-22,-0.6541216977840504,364
2018-06-23,-0.4597119066826866,77
2018-06-24,0.8159238431082471,75
2018-06-25,-0.99870494560948,501
2018-06-26,-0.4325712728989691,411
2018-06-27,0.6694061437828324,167
2018-06-28,0.0881795883533942,200
2018-06-29,0.8299152566312914,147
2018-06-30,1.479492511592052,69
2018-07-01,0.2572038742328389,44
2018-07-02,0.4277414153072055,151
2018-07-03,0.0838969181719468,110
2018-07-04,-0.27252574841521,141
2018-07-05,0.8887651493338418,174
2018-07-06,0.8728789749728567,123
2018-07-07,0.3120430227070469,53
2018-07-08,-0.072422325490116,52
2018-07-09,0.8389752504331293,120
2018-07-10,1.3000997962488392,252
2018-07-11,-1.7984799518052943,449
2018-07-12,0.210149563964286,199
2018-07-13,0.8796549926159781,126
2018-07-14,0.4533463984410015,44
2018-07-15,0.7881779610936583,35
2018-07-16,1.0360655390382996,107
2018-07-17,0.6316028072082185,196
2018-07-18,0.1612139268958216,237
2018-07-19,0.2940218556560797,136
2018-07-20,0.6939335302038732,134
2018-07-21,0.6402210050925179,56
2018-07-22,0.4636488140789286,51
2018-07-23,-0.4213603030379892,148
2018-07-24,0.9905860337317316,159
2018-07-25,0.7870896012552769,117
2018-07-26,1.009495074594216,122
2018-07-27,1.180461084640809,138
2018-07-28,1.3191314296714665,51
2018-07-29,0.8654388714947912,54
2018-07-30,1.6173489384389503,105
2018-07-31,0.5564696612035374,167
2018-08-01,1.2680180092720232,137
2018-08-02,0.3194814410666577,201
2018-08-03,0.8444668893614149,185
2018-08-04,-0.2605082936897755,61
2018-08-05,-0.7835341633342848,57
2018-08-06,-0.9785734724804952,203
2018-08-07,0.730437497458576,200
2018-08-08,0.727296657776593,171
2018-08-09,0.1477087487528148,160
2018-08-10,0.8361535842580093,151
2018-08-11,0.5979310359346782,64
2018-08-12,0.7103107635487081,54
2018-08-13,-1.1967661455123098,250
2018-08-14,1.2460984395046932,400
2018-08-15,0.8399250834329577,192
2018-08-16,0.8731883479674435,261
2018-08-17,-0.8101808177910305,700
2018-08-18,0.0832457898765499,179
2018-08-19,0.8255971170130597,125
2018-08-20,0.5228747933809407,442
2018-08-21,0.6022593557584919,400
2018-08-22,0.388553117637835,375
2018-08-23,-0.6080469539109769,314
2018-08-24,0.8103594693519941,199
2018-08-25,0.1662436240839566,95
2018-08-26,0.1697980397497452,73
2018-08-27,0.1119058940384499,186
2018-08-28,1.330893136526306,195
2018-08-29,1.5183571188535432,231
2018-08-30,1.2608274061885052,188
2018-08-31,1.1805392373144683,172
2018-09-01,0.897020909071048,92
2018-09-02,0.3543442197773546,44
2018-09-03,1.007704658120553,97
2018-09-04,0.7658905513503085,106
2018-09-05,0.8911619282510304,152
2018-09-06,0.8852995987242166,155
2018-09-07,0.4307786835260679,109
2018-09-08,0.7256519651794243,48
2018-09-09,0.6804801275500727,33
2018-09-10,1.2628271885006397,121
2018-09-11,1.2006344267244229,154
2018-09-12,-0.6138629995928765,231
2018-09-13,1.3220990747989096,197
2018-09-14,0.7556084590855718,195
2018-09-15,0.5838827025115312,78
2018-09-16,0.0179626898290233,55
2018-09-17,0.5545473259960884,149
2018-09-18,0.8118853170576199,137
2018-09-19,0.9391373497820196,162
2018-09-20,0.4846954202671619,230
2018-09-21,0.7161581991065384,138
2018-09-22,0.3922544886049547,54
2018-09-23,0.8921108462543964,32
2018-09-24,0.7285319472963903,111
2018-09-25,0.9311032741185842,103
2018-09-26,0.4451168863688856,123
2018-09-27,0.9624812271151966,156
2018-09-28,-0.3829118613789356,284
2018-09-29,0.356398101319485,87
2018-09-30,0.7976986808802812,65
2018-10-01,0.898331706385753,125
2018-10-02,1.1973328871899258,150
2018-10-03,1.2637550639403885,238
2018-10-04,0.9982758921426274,163
2018-10-05,-0.3791410742371192,210
2018-10-06,0.8406590004880397,60
2018-10-07,1.584793352149168,42
2018-10-08,0.5327809472710903,182
2018-10-09,1.370870477568433,118
2018-10-10,0.3181055608505339,333
2018-10-11,0.8300933862294705,217
2018-10-12,0.9133889636939164,150
2018-10-13,0.8620440036723949,69
2018-10-14,1.0397697667454404,48
2018-10-15,-0.5117515863855983,199
2018-10-16,0.2799027925355705,209
2018-10-17,0.7405945524381168,133
2018-10-18,0.952514085384626,158
2018-10-19,-0.5318317833739135,168
2018-10-20,0.3244949960370831,57
2018-10-21,0.8270386387694567,54
2018-10-22,0.9311173389981218,119
2018-10-23,-0.3694812085311297,216
2018-10-24,0.9766260075156722,161
2018-10-25,0.7459076062172749,197
2018-10-26,0.3592045752901969,104
2018-10-27,1.188672916231701,62
2018-10-28,1.281625309732816,40
2018-10-29,1.3330120455836183,122
2018-10-30,0.6540109564429095,146
2018-10-31,0.6119359438926429,129
2018-11-01,0.0788403016642867,205
2018-11-02,1.14596139611107,109
2018-11-03,0.6513591971017798,26
2018-11-04,0.2733856994722486,29
2018-11-05,-0.3216146568545926,205
2018-11-06,0.6677240776990764,122
2018-11-07,1.5351763939221292,127
2018-11-08,1.570376834081045,92
2018-11-09,0.7089116829409636,132
2018-11-10,0.2680430013861735,66
2018-11-11,1.2506840705313973,66
2018-11-12,-0.7194370221514433,361
2018-11-13,0.2260795733997754,510
2018-11-14,0.8395716762743414,180
2018-11-15,0.2183456120094441,244
2018-11-16,-1.941171705118236,932
2018-11-17,-0.7203163608707909,224
2018-11-18,-0.3612896997931328,114
2018-11-19,-1.479025411898908,367
2018-11-20,-1.6433018509641295,456
2018-11-21,0.645185610123936,263
2018-11-22,1.4279014566459958,171
2018-11-23,0.4965023846765171,155
2018-11-24,-0.3778011883389959,57
2018-11-25,0.9040967493487052,55
2018-11-26,-0.0711427249504376,231
2018-11-27,-0.6597618065036759,334
2018-11-28,-0.593897474490963,330
2018-11-29,-0.4395390436122821,305
2018-11-30,-0.7409629958897898,361
2018-12-01,-1.1597116059191983,216
2018-12-02,-1.066248899705737,179
2018-12-03,0.6185006826383249,305
2018-12-04,0.8901859003651543,202
2018-12-05,0.2142273701584949,210
2018-12-06,-0.47886714651769,181
2018-12-07,0.482845248844001,153
2018-12-08,-0.5854049350323566,92
2018-12-09,-0.6288073066878441,95
2018-12-10,0.1470518992498707,125
2018-12-11,0.3568356055650871,170
2018-12-12,0.8112603177572429,191
2018-12-13,0.6315894678302106,226
2018-12-14,0.5462175913874255,140
2018-12-15,0.5966026763252156,66
2018-12-16,-0.0876515683142527,70
2018-12-17,0.7169682137378527,140
2018-12-18,0.6368021273004372,161
2018-12-19,0.8609606445383711,209
2018-12-20,0.4008179157290308,345
2018-12-21,0.5793907290951591,136
2018-12-22,0.3536197208825429,58
2018-12-23,0.8643730489443756,59
2018-12-24,0.7642781471858517,96
2018-12-25,0.2524409826907396,48
2018-12-26,0.3577106254414823,117
2018-12-27,0.2964493253462908,128
2018-12-28,0.2840104909654541,101
2018-12-29,-0.8392579823145043,58
2018-12-30,0.2068431648595785,51
2018-12-31,0.432169392148511,77
2019-01-01,0.4661699155572478,80
2019-01-02,0.2774588528606618,90
2019-01-03,-0.2965255412741866,147
2019-01-04,-0.3885465944031448,112
2019-01-05,0.821053858638935,62
2019-01-06,1.1236974313930872,87
2019-01-07,1.4557827234715546,807
2019-01-08,0.7331146002231708,703
2019-01-09,0.9397423412053368,360
2019-01-10,0.9830485179193824,252
2019-01-11,0.8568418805381043,206
2019-01-12,1.0004820427016743,107
2019-01-13,0.8865159922473521,73
2019-01-14,1.109896749562405,113
2019-01-15,1.1286841795764906,151
2019-01-16,1.5016236849529183,143
2019-01-17,0.1273112584861586,190
2019-01-18,-0.0772695061829774,198
2019-01-19,0.8980947276950308,39
2019-01-20,0.2152069769241693,54
2019-01-21,0.7779945077930733,87
2019-01-22,-1.2721963841602533,176
2019-01-23,-0.1107159421351555,121
2019-01-24,-0.4295078854871874,203
2019-01-25,0.1203518785718961,130
2019-01-26,0.0309984911482729,50
2019-01-27,1.4358790011673448,49
2019-01-28,-2.67977551352939,755
2019-01-29,-2.054740914470643,783
2019-01-30,-0.2738947603951371,293
2019-01-31,0.2822221883643136,208
2019-02-01,-0.2171671521768117,179
2019-02-02,0.204289381128527,56
2019-02-03,0.0017413904962157,55
2019-02-04,0.3439774496786185,108
2019-02-05,0.9217289941772632,150
2019-02-06,-0.1117658001400928,147
2019-02-07,0.1338787009902088,198
2019-02-08,0.1015957633483593,118
2019-02-09,0.3489820356578426,63
2019-02-10,-0.2336901988188259,61
2019-02-11,-0.1850953894290799,216
2019-02-12,0.3654469188984516,146
2019-02-13,0.5870182672952999,194
2019-02-14,-0.195754714010777,237
2019-02-15,-0.1819868525210742,453
2019-02-16,0.076401466370026,111
2019-02-17,-0.1082675287845289,66
2019-02-18,0.1983373379704424,141
2019-02-19,0.6881015144948587,140
2019-02-20,0.9074626211146803,124
2019-02-21,-0.1207066872958092,140
2019-02-22,1.2652983120403969,191
2019-02-23,0.7528235718988351,90
2019-02-24,1.5103000035280822,102
2019-02-25,1.2202230423003912,151
2019-02-26,0.8478848767828505,105
2019-02-27,0.7359881378068112,107
2019-02-28,1.044563016154688,122
2019-03-01,1.0883479362784656,88
2019-03-02,0.2705864721507524,39
2019-03-03,0.323041710202805,43
2019-03-04,1.0426848417402332,89
2019-03-05,1.1878165253414583,112
2019-03-06,0.8012264825428009,118
2019-03-07,-0.401004373094468,145
2019-03-08,0.572769809564858,116
2019-03-09,0.8550101504244992,46
2019-03-10,0.0477767389978168,94
2019-03-11,-0.174907908690169,738
2019-03-12,-0.2631844034125409,442
2019-03-13,1.0958890541183188,153
2019-03-14,1.2098413539810045,172
2019-03-15,0.8915505191259961,306
2019-03-16,0.475996212077918,70
2019-03-17,0.8295987138203208,46
2019-03-18,2.03049810589475,219
2019-03-19,1.3170534982309918,717
2019-03-20,1.2556180586342731,316
2019-03-21,1.203560365853069,354
2019-03-22,0.4418187101538528,171
2019-03-23,0.8244527892552121,60
2019-03-24,1.0183637473514808,31
2019-03-25,0.5341240665899014,171
2019-03-26,-0.2140166046738893,336
2019-03-27,0.3401329125941862,127
2019-03-28,1.2049977781596504,111
2019-03-29,1.7395162886763074,91
2019-03-30,1.0154461591851869,56
2019-03-31,1.8981744208670004,52
2019-04-01,1.2904435136927963,99
2019-04-02,1.2639595484710644,99
2019-04-03,1.1379727213234911,137
2019-04-04,1.0190950063485804,91
2019-04-05,1.107116148107961,197
2019-04-06,2.418836443509118,47
2019-04-07,1.1422958453364114,35
2019-04-08,1.853045487119324,112
2019-04-09,0.2964140892250755,147
2019-04-10,1.0351697893200358,207
2019-04-11,1.4301534486918328,195
2019-04-12,1.660425822084913,120
2019-04-13,1.800753559784694,54
2019-04-14,1.4302867786308568,39
2019-04-15,1.1371001378751338,87
2019-04-16,1.3031769712692989,141
2019-04-17,1.3134704479194508,121
2019-04-18,1.543028825485885,119
2019-04-19,1.271976580891394,156
2019-04-20,1.1081664640566855,24
2019-04-21,1.206282132477512,28
2019-04-22,0.8294683171040788,84
2019-04-23,1.269764174659293,396
2019-04-24,1.3994003211652457,237
2019-04-25,1.2028722778555072,144
2019-04-26,0.1092333778562724,257
2019-04-27,1.5532790618927663,63
2019-04-28,1.064467044113819,31
2019-04-29,1.2731796251194818,102
2019-04-30,0.7024079543560668,158
2019-05-01,1.3655653747543512,137
2019-05-02,1.2624360011062843,97
2019-05-03,1.4048473400141837,97
2019-05-04,0.2015424064891226,48
2019-05-05,0.4244408670195999,38
2019-05-06,-0.2045832683505327,148
2019-05-07,0.4487607573423189,155
2019-05-08,0.6275445605350813,155
2019-05-09,0.5312868925685624,175
2019-05-10,0.5735652478547836,113
2019-05-11,0.7776631400694386,44
2019-05-12,-0.0881506809813867,50
2019-05-13,-1.3065340180324467,262
2019-05-14,-0.6092577020714167,241
2019-05-15,-0.5231012527354169,354
2019-05-16,-0.1051188989180801,319
2019-05-17,-0.3004917542074632,217
2019-05-18,-0.3358895017568598,56
2019-05-19,-0.3533375570017906,38
2019-05-20,0.4630652221853145,123
2019-05-21,-0.0500198890048872,197
2019-05-22,-1.09904446315494,172
2019-05-23,-1.5609695124176857,332
2019-05-24,0.3765626289242374,136
2019-05-25,0.3275560133240233,66
2019-05-26,-1.249709492741457,65
2019-05-27,1.582783230721249,375
2019-05-28,1.7162986717406723,331
2019-05-29,-0.1599657143077081,286
2019-05-30,0.8274801447190511,137
2019-05-31,1.1507827407594904,110
2019-06-01,1.1632634675824605,48
2019-06-02,0.8712019496760297,32
2019-06-03,1.0275598346194463,170
2019-06-04,0.0069357241026252,246
2019-06-05,-1.1793698483857382,322
2019-06-06,1.0784286265927905,145
2019-06-07,0.76983439035404,119
2019-06-08,1.1633228130697215,45
2019-06-09,1.1202281127311544,57
2019-06-10,0.504189826011924,333
2019-06-11,0.5473954124352322,305
2019-06-12,1.6197392804203086,201
2019-06-13,0.8447522267002906,174
2019-06-14,-1.3738292705747075,220
2019-06-15,0.8254744956516169,61
2019-06-16,0.9042161715987082,43
2019-06-17,1.931891281733683,190
2019-06-18,0.765834152879488,350
2019-06-19,1.071489300168723,161
2019-06-20,1.5581981241283165,103
2019-06-21,0.5810237680565835,81
2019-06-22,-1.734727870960882,133
2019-06-23,-0.1210057698109031,44
2019-06-24,-1.7547430836271585,210
2019-06-25,0.931743336417415,86
2019-06-26,-0.5526468547344054,265
2019-06-27,-0.3256732942632469,291
2019-06-28,0.9729235815134692,129
2019-06-29,1.2241648494842503,49
2019-06-30,2.164229115118629,62
2019-07-01,-0.368785818909162,223
2019-07-02,2.233566791029367,235
2019-07-03,1.6957102033661346,152
2019-07-04,1.24707092490952,76
2019-07-05,0.5505367697885345,169
2019-07-06,0.688655920745178,81
2019-07-07,0.7348850370791458,118
2019-07-08,1.402223833735957,122
2019-07-09,1.5810358186890958,168
2019-07-10,1.315653528579955,144
2019-07-11,1.0376844283166329,153
2019-07-12,1.5974351514591043,121
2019-07-13,1.191055104425106,72
2019-07-14,0.4484379656165116,46
2019-07-15,1.884115976372479,155
2019-07-16,1.5088558899439264,129
2019-07-17,1.4980740281236542,97
2019-07-18,-1.164563727869654,255
2019-07-19,0.5954632726353887,140
2019-07-20,0.7964613938577315,50
2019-07-21,1.1722530664494772,40
2019-07-22,1.2093711876637545,108
2019-07-23,2.0118509380021323,160
2019-07-24,1.4189921788721924,106
2019-07-25,1.5117663101280228,101
2019-07-26,1.4545854480339306,130
2019-07-27,1.4005917909405836,44
2019-07-28,1.2017031066485426,40
2019-07-29,2.085395026884868,157
2019-07-30,1.4458391793638712,167
2019-07-31,1.6015413534234009,119
2019-08-01,1.4984461408576977,112
2019-08-02,-0.0288086346315261,122
2019-08-03,0.7814694890574009,49
2019-08-04,0.7297264995694567,22
2019-08-05,-3.700371703322491,393
2019-08-06,-1.1532218848455331,216
2019-08-07,1.296661167595467,98
2019-08-08,1.5602874298032383,67
2019-08-09,-0.3279102612857591,106
2019-08-10,0.1057087830083979,35
2019-08-11,-0.1289355591212884,65
2019-08-12,-0.4199157648671788,147
2019-08-13,-1.2176390601345888,249
2019-08-14,0.0262899959790966,125
2019-08-15,0.447503862771083,135
2019-08-16,-1.1532336114127884,457
2019-08-17,-0.5419112964942657,119
2019-08-18,-0.5341544496840797,23
2019-08-19,0.8562825634372435,372
2019-08-20,0.3082365305355929,275
2019-08-21,2.031858853099633,141
2019-08-22,1.810609646500508,98
2019-08-23,-0.1251352482253806,139
2019-08-24,-0.4412252997225901,67
2019-08-25,0.667922732658859,51
2019-08-26,1.0915060796404652,185
2019-08-27,0.6509777830747083,238
2019-08-28,1.3266220142416123,165
2019-08-29,1.2687142743515083,107
2019-08-30,1.0768938513943762,118
2019-08-31,1.1320777248233875,33
2019-09-01,0.6686148821016608,33
2019-09-02,0.9473606067392918,50
2019-09-03,-2.531276529818232,280
2019-09-04,0.2327381185922934,385
2019-09-05,0.1987372219019947,228
2019-09-06,1.3926076454049037,118
2019-09-07,1.9092259927297164,44
2019-09-08,1.3001853027333508,34
2019-09-09,1.6106423531502825,79
2019-09-10,2.855229138748791,173
2019-09-11,1.358953415627395,84
2019-09-12,1.5372412363224814,76
2019-09-13,1.0781637523049905,72
2019-09-14,1.516905303495203,37
2019-09-15,2.0357875561992023,27
2019-09-16,1.2241640023275164,75
2019-09-17,1.7422124488223958,143
2019-09-18,1.4051801624855167,97
2019-09-19,1.5453500985028636,82
2019-09-20,1.9735372973966965,101
2019-09-21,1.1287212106562658,61
2019-09-22,1.1210517498820471,37
2019-09-23,-0.5528683319900944,139
2019-09-24,0.942841139356977,118
2019-09-25,-0.1309929905257826,133
2019-09-26,0.0292818482097842,164
2019-09-27,0.838431836339319,118
2019-09-28,1.03674227901236,33
2019-09-29,0.8054499398318988,54
2019-09-30,1.1596540509351865,67
2019-10-01,-0.0882817579358838,164
2019-10-02,1.4872288430055798,83
2019-10-03,0.366345390071781,134
2019-10-04,-0.8764637036301155,208
2019-10-05,0.718309237277798,45
2019-10-06,0.6096423593928528,27
2019-10-07,-0.5027323483415767,207
2019-10-08,-1.892245947427292,431
2019-10-09,-0.4888718994528327,235
2019-10-10,0.6813448025513587,181
2019-10-11,0.3660995702141005,152
2019-10-12,1.636431103263772,29
2019-10-13,2.144231675554988,68
2019-10-14,1.293956787711607,183
2019-10-15,2.356795056111921,136
2019-10-16,0.9194351216394148,94
2019-10-17,1.7553384806739964,106
2019-10-18,1.316256925614002,166
2019-10-19,1.2217773475355551,50
2019-10-20,1.3939837887494595,38
2019-10-21,0.9326482638025976,219
2019-10-22,1.6080883251286606,176
2019-10-23,0.1406921918326529,160
2019-10-24,1.237367109609578,117
2019-10-25,1.227093225178467,217
2019-10-26,1.4454363831175483,62
2019-10-27,1.114566566080471,18
2019-10-28,2.612541667480848,169
2019-10-29,1.7146325916303973,200
2019-10-30,1.9416822773077256,99
2019-10-31,2.449218083008944,77
2019-11-01,1.978875708440692,91
2019-11-02,1.9064543976530928,42
2019-11-03,1.1422870288030476,37
2019-11-04,0.946655212625993,151
2019-11-05,1.2253988071548174,179
2019-11-06,1.4625297421363797,132
2019-11-07,1.2152126841034945,127
2019-11-08,1.406365135098739,107
2019-11-09,1.7276916937808462,45
2019-11-10,0.5790443177061101,60
2019-11-11,0.5691346867598184,135
2019-11-12,0.7667707358704653,189
2019-11-13,1.0965668222140648,187
2019-11-14,0.2142256713337786,250
2019-11-15,1.111803152453624,261
2019-11-16,1.1882933569586882,86
2019-11-17,1.1610515898927949,44
2019-11-18,0.7395736411125027,214
2019-11-19,1.5694548729289308,203
2019-11-20,1.6503139542545309,143
2019-11-21,1.3753802477328492,89
2019-11-22,1.3622925886215551,159
2019-11-23,0.8635708204352774,53
2019-11-24,1.389249764782544,36
2019-11-25,0.7553674821007368,304
2019-11-26,1.25351384134104,184
2019-11-27,1.4450692819620137,171
2019-11-28,1.382147489551912,192
2019-11-29,1.6966784292217756,114
2019-11-30,2.9376084788445485,40
2019-12-01,2.597954177849804,50
2019-12-02,1.6827140577741253,117
2019-12-03,0.7285780283535828,131
2019-12-04,0.4238170627719677,110
2019-12-05,2.4937042661801616,123
2019-12-06,1.6056727477299078,76
2019-12-07,1.155882950838134,23
2019-12-08,1.2445754321532148,28
2019-12-09,1.735757990168779,101
2019-12-10,1.2779885521004015,171
2019-12-11,1.9719166900418907,96
2019-12-12,1.551397711595103,97
2019-12-13,0.9869090811299036,97
2019-12-14,1.4701737368245016,30
2019-12-15,1.353602312598264,19
2019-12-16,1.5330322153977205,83
2019-12-17,1.5023898278802972,109
2019-12-18,1.3634195810819194,182
2019-12-19,2.028818044291061,143
2019-12-20,2.218185910966817,111
2019-12-21,1.1166364027346094,37
2019-12-22,1.758818400098835,27
2019-12-23,0.9268481922702492,84
2019-12-24,0.871127572122111,81
2019-12-25,0.8831262662871152,66
2019-12-26,1.8356114598945448,58
2019-12-27,1.484257608053518,57
2019-12-28,1.6368519255607086,21
2019-12-29,1.4802331598640273,39
2019-12-30,1.7103450794669768,59
2019-12-31,0.1610801511446194,90
2020-01-01,1.243242928254239,40
2020-01-02,2.3686137761327686,144
2020-01-03,1.567802445989717,109
2020-01-04,1.4408600658953403,50
2020-01-05,1.7118079708894534,65
2020-01-06,1.2887900841439883,407
2020-01-07,1.5078550644101676,371
2020-01-08,1.1822152271589712,170
2020-01-09,0.7850261071393849,185
2020-01-10,0.4678507929692874,192
2020-01-11,1.6952737301416894,52
2020-01-12,0.8593392891907581,43
2020-01-13,1.398528289633209,117
2020-01-14,1.37271053107945,103
2020-01-15,0.2610884025723411,154
2020-01-16,1.6967034282141698,107
2020-01-17,0.92133484463267,92
2020-01-18,0.8062385713489101,50
2020-01-19,0.5231423528152034,40
2020-01-20,0.732913296418863,84
2020-01-21,1.25382169095199,113
2020-01-22,1.356253715259696,87
2020-01-23,1.3173168893058993,98
2020-01-24,0.0456504941271493,157
2020-01-25,1.4245147832998937,27
2020-01-26,0.3596505804729776,28
2020-01-27,0.9771504494685752,80
2020-01-28,1.0567651094568984,83
2020-01-29,-0.0243788024741478,124
2020-01-30,1.2881506369986866,97
2020-01-31,-1.088991654621194,193
2020-02-01,-1.3513264422067528,67
2020-02-02,0.591829661705713,29
2020-02-03,0.5265848500401055,69
2020-02-04,0.8685829770284531,199
2020-02-05,1.1762311062163484,169
2020-02-06,1.420511372703455,77
2020-02-07,0.9953256795560678,74
2020-02-08,-0.9523081090250144,136
2020-02-09,-1.2836689073970633,168
2020-02-10,-1.608817601873109,539
2020-02-11,-1.106868627340905,424
2020-02-12,-1.7737708002210726,470
2020-02-13,-1.359458723937151,283
2020-02-14,-0.052635349077457,297
2020-02-15,-1.0436087076976506,103
2020-02-16,-0.4007797136806655,55
2020-02-17,0.5303713721896247,147
2020-02-18,0.985267705984954,150
2020-02-19,-0.7485590401173665,233
2020-02-20,-0.1084337757748024,282
2020-02-21,-1.0427285870610137,191
2020-02-22,-1.0058814419112774,97
2020-02-23,0.2397606156012073,20
2020-02-24,-1.7568244216011837,249
2020-02-25,-1.8197586849884275,259
2020-02-26,-3.580272051857296,314
2020-02-27,0.0296586751596257,104
2020-02-28,-0.8361553778731297,113
2020-02-29,-0.4926618995908668,55
2020-03-01,-0.1510480853942415,24
2020-03-02,0.2308879944096279,130
2020-03-03,0.0333696456200183,116
2020-03-04,0.6243758533586761,110
2020-03-05,0.4853626751671857,106
2020-03-06,0.3684266943991255,103
2020-03-07,-0.5566554167723423,132
2020-03-08,0.4019579521717886,47
2020-03-09,0.1410028272852993,110
2020-03-10,0.6006653014021953,122
2020-03-11,0.7592964531892928,110
2020-03-12,1.0079459246105194,106
2020-03-13,0.6017493981510579,64
2020-03-14,0.0640375294072225,40
2020-03-15,-0.3397229702295442,37
2020-03-16,-0.983030568263455,119
2020-03-17,1.0226715895554532,91
2020-03-18,0.4323021576573704,59
2020-03-19,1.458000724658858,102
2020-03-20,0.9113663025560368,106
2020-03-21,1.075810060440505,35
2020-03-22,0.5223109890712254,58
2020-03-23,0.904356968821937,91
2020-03-24,1.029628557657546,119
2020-03-25,0.8834006992738646,82
2020-03-26,1.5764088216888166,86
2020-03-27,0.8499509423241502,87
2020-03-28,1.423842508288048,38
2020-03-29,0.8342061203165297,40
2020-03-30,0.9299327286157903,77
2020-03-31,1.3064215371381886,77
2020-04-01,1.1209855440498155,81
2020-04-02,2.419431463987856,253
2020-04-03,1.9642875831424,108
2020-04-04,1.248030998261274,47
2020-04-05,0.970292374593682,26
2020-04-06,1.8668852300953929,94
2020-04-07,1.7641681640045193,86
2020-04-08,1.3325451958018453,96
2020-04-09,1.3613023433822222,64
2020-04-10,1.1820737365726754,62
2020-04-11,1.408130552424565,23
2020-04-12,0.9351720450069854,26
2020-04-13,1.4280814956073486,58
2020-04-14,1.4678431798953422,102
2020-04-15,1.264065164824868,114
2020-04-16,0.9740732655933804,159
2020-04-17,1.6198962015598697,123
2020-04-18,0.5487954250123501,44
2020-04-19,1.4159324462775,37
2020-04-20,1.1667725767068928,94
2020-04-21,1.0842000852984213,96
2020-04-22,1.5673783214364378,88
2020-04-23,1.19057764940684,107
2020-04-24,0.447379068010903,98
2020-04-25,0.015098312933854,38
2020-04-26,0.5997882417510042,29
2020-04-27,0.0543210237390426,92
2020-04-28,0.394800902037928,112
2020-04-29,0.6179002742888283,100
2020-04-30,1.4496209827677151,77
2020-05-01,0.7619511008108836,62
2020-05-02,0.4505563689111241,32
2020-05-03,0.3962427642052996,32
2020-05-04,1.6064879288786589,107
2020-05-05,1.4354670549348123,96
2020-05-06,1.2273848392044346,121
2020-05-07,0.8981384405425205,96
2020-05-08,1.1987906865711393,81
2020-05-09,0.5083783721339414,37
2020-05-10,0.501161973501008,21
2020-05-11,-0.3379259729981489,164
2020-05-12,0.8108450028439991,112
2020-05-13,0.3404601435016707,135
2020-05-14,1.2897282953763232,232
2020-05-15,1.072361296685185,182
2020-05-16,0.4384544109944553,46
2020-05-17,0.6721054686072732,46
2020-05-18,1.0469603470588391,135
2020-05-19,0.8274764083037095,103
2020-05-20,1.706910669731859,96
2020-05-21,0.750296207300976,169
2020-05-22,0.4214207045260627,256
2020-05-23,-0.3450910577881462,75
2020-05-24,0.0064067439918309,36
2020-05-25,0.5760072977718866,69
2020-05-26,1.2774120685147083,87
2020-05-27,0.4363459158541506,190
2020-05-28,-0.1413284641035283,243
2020-05-29,0.8638051254331607,86
2020-05-30,0.6918850238548802,42
2020-05-31,0.7364185906011611,26
2020-06-01,1.3377452263376617,103
2020-06-02,1.2033439459611075,103
2020-06-03,0.7215641730274195,107
2020-06-04,0.9675177674915988,87
2020-06-05,1.4256529229645,55
2020-06-06,0.7163492077603424,43
2020-06-07,0.8370691798862995,40
2020-06-08,1.3173454406548697,72
2020-06-09,1.4285606313514525,90
2020-06-10,1.2676921747899903,90
2020-06-11,1.4073575727785506,130
2020-06-12,0.6531170559672176,77
2020-06-13,0.6180739058191895,31
2020-06-14,0.1484785279971706,49
2020-06-15,0.1644409612457769,89
2020-06-16,0.8957766425025881,99
2020-06-17,1.087850702801156,75
2020-06-18,1.0912379132460224,61
2020-06-19,0.9610352988453572,63
2020-06-20,1.0702069022472376,23
2020-06-21,0.0884801943680945,30
2020-06-22,1.0488199160280038,115
2020-06-23,1.7905889306497278,258
2020-06-24,1.2108778626564525,239
2020-06-25,1.7605100720408955,125
2020-06-26,1.0971982832342813,101
2020-06-27,1.1472574865810157,49
2020-06-28,1.6351500057526107,29
2020-06-29,1.253587149691751,65
2020-06-30,1.5279379900135353,95
2020-07-01,1.7898357771542723,100
2020-07-02,1.2222089764422956,77
2020-07-03,1.3033913735992164,70
2020-07-04,1.3349823034395991,25
2020-07-05,0.6853598318220555,28
2020-07-06,1.532989644369856,71
2020-07-07,1.7976236343087673,125
2020-07-08,1.1414621039969384,137
2020-07-09,1.0271314354017098,118
2020-07-10,0.5891273303965218,97
2020-07-11,0.7321581490818869,55
2020-07-12,0.5460607304814099,22
2020-07-13,0.1872108200494594,133
2020-07-14,1.0785404478741558,119
2020-07-15,0.7414924813818122,126
2020-07-16,0.6464100593027099,81
2020-07-17,2.6763328052122173,161
2020-07-18,0.4496192714972835,21
2020-07-19,0.7828700944656249,32
2020-07-20,1.5218039345950558,71
2020-07-21,1.8489992329714453,90
2020-07-22,1.1910785186989634,125
2020-07-23,0.6432681488056168,184
2020-07-24,0.6178237373363852,123
2020-07-25,0.7086942546819974,28
2020-07-26,0.5153742541293006,27
2020-07-27,0.3972557936071019,76
2020-07-28,1.0253583924733805,103
2020-07-29,1.289362167823525,86
2020-07-30,1.6422311058862298,87
2020-07-31,1.2383433802575183,143
2020-08-01,0.4625387119602764,66
2020-08-02,0.6307059678771454,48
2020-08-03,0.8724473135918923,89
2020-08-04,0.6208108562192393,133
2020-08-05,1.0407783343833803,90
2020-08-06,0.9273881416034696,100
2020-08-07,0.8305960643809095,69
2020-08-08,1.1673382280551492,55
2020-08-09,0.8030519152998693,27
2020-08-10,0.576383201599084,104
2020-08-11,0.4426740963584603,135
2020-08-12,1.1782305179933954,108
2020-08-13,1.5846970223860843,147
2020-08-14,0.9610053999956548,111
2020-08-15,1.8172554584069147,53
2020-08-16,-0.6003291332736838,55
2020-08-17,0.2198487837943596,341
2020-08-18,-0.4633325994779089,376
2020-08-19,0.8139982886907697,167
2020-08-20,0.1556678705242436,244
2020-08-21,0.8228109621660593,104
2020-08-22,0.2209672109034612,66
2020-08-23,0.2560262545048208,39
2020-08-24,0.7032522484413457,110
2020-08-25,1.0038982656155913,149
2020-08-26,1.1124950391741806,163
2020-08-27,1.3109087811761226,96
2020-08-28,1.1377251170039713,84
2020-08-29,0.606107797349311,34
2020-08-30,0.2017372250983231,35
2020-08-31,0.8418502159724631,110
2020-09-01,1.2788194626722185,348
2020-09-02,1.203151898366035,498
2020-09-03,-0.5511842203212467,443
2020-09-04,-0.6481832556708834,393
2020-09-05,-0.3426049452532399,85
2020-09-06,0.0124772896655014,64
2020-09-07,0.2397508706495474,98
2020-09-08,0.6313203539420718,160
2020-09-09,0.3905787138991176,175
2020-09-10,0.3309286430704444,172
2020-09-11,0.3519241181579535,156
2020-09-12,0.137802908819793,112
2020-09-13,-0.3678619508009358,193
2020-09-14,0.0288198151512505,1637
2020-09-15,0.1038491553158525,711
2020-09-16,0.2586820000772257,266
2020-09-17,0.3089880971507204,251
2020-09-18,0.4481239027141449,392
2020-09-19,0.1962410385130817,102
2020-09-20,0.2137866259443245,74
2020-09-21,0.5527895041922597,145
2020-09-22,0.2483850228723922,172
2020-09-23,0.9731702178503736,141
2020-09-24,0.182597226650955,188
2020-09-25,0.327260478280678,150
2020-09-26,-0.4099541909211636,52
2020-09-27,0.1731373671250807,53
2020-09-28,0.3334244906322069,134
2020-09-29,1.1581502135693926,167
2020-09-30,1.1523208627711867,145
2020-10-01,0.7512811951196993,99
2020-10-02,-0.5110255898377041,129
2020-10-03,-0.618114648332013,36
2020-10-04,0.4331847861244448,34
2020-10-05,0.6570946613072652,278
2020-10-06,1.241036373537325,158
2020-10-07,0.5120640083801961,86
2020-10-08,0.8987128736035269,133
2020-10-09,0.2974943416289264,65
2020-10-10,0.8202804884150027,64
2020-10-11,0.8086131610888603,33
2020-10-12,0.6516833814797645,59
2020-10-13,1.4873493159397366,92
2020-10-14,1.3268572340988505,88
2020-10-15,1.0005048184226688,71
2020-10-16,1.20595424065204,26
2020-10-17,1.9984362494150527,32
2020-10-18,0.7357027524638655,22
2020-10-19,0.5720358024988388,57
2020-10-20,1.5995540543652471,109
2020-10-21,0.8400705197236831,119
2020-10-22,-0.1530525895175179,95
2020-10-23,0.0482265998832381,60
2020-10-24,-0.025291621933666,28
2020-10-25,0.7975379554955409,28
2020-10-26,0.4024508963394034,70
2020-10-27,0.9771929214366802,238
2020-10-28,1.1600353394276617,132
2020-10-29,1.097580926372408,125
2020-10-30,0.7401569599465674,42
2020-10-31,-0.2544179091282657,8
2020-11-01,0.7156751812302131,31
2020-11-02,1.1930353695527534,59
2020-11-03,1.2851106659932754,46
2020-11-04,0.6015508307988015,104
2020-11-05,0.2839349033375413,54
2020-11-06,0.0421892115968786,31
2020-11-07,-0.6033968671001515,9
2020-11-08,1.2922625570424282,10
2020-11-09,0.4775886526400302,86
2020-11-10,1.161275024568759,73
2020-11-11,0.5194648063024652,60
2020-11-12,0.9360589089280942,38
2020-11-13,-0.5727197213716854,5
2020-11-14,-0.5142065579376781,2
2020-11-15,1.4911107104153236,15
2020-11-16,1.6846314192336551,47
2020-11-17,0.951987395365324,66
2020-11-18,0.5677539407461215,282
2020-11-19,-0.4405544217577832,447
2020-11-20,0.5044666956649932,238
2020-11-21,0.7183523205699521,87
2020-11-22,0.5683811466389223,72
2020-11-23,1.193539321238982,141
2020-11-24,1.5938487829527674,104
2020-11-25,1.9445903767559245,168
2020-11-26,1.0260282581628395,100
2020-11-27,1.3974099895715426,92
2020-11-28,0.7649151876815532,65
2020-11-29,1.9261020419901624,64
2020-11-30,0.7633887370571092,221
2020-12-01,1.3692151505613184,204
2020-12-02,1.1880831201496913,165
2020-12-03,1.5842959708287183,124
2020-12-04,1.059882248213753,99
2020-12-05,1.3443121849451438,60
2020-12-06,0.2849966101474954,47
2020-12-07,0.6578280531663276,146
2020-12-08,0.4172177562372527,172
2020-12-09,0.349145353762911,147
2020-12-10,1.0984494526774384,124
2020-12-11,0.9940265189126396,74
2020-12-12,-0.0505386464584296,30
2020-12-13,0.0671111223998145,41
2020-12-14,1.591111769452593,114
2020-12-15,0.9894819686480344,99
2020-12-16,1.017513467232462,151
2020-12-17,0.5173847017045077,142
2020-12-18,1.150134254100198,164
2020-12-19,0.0738897639386836,68
2020-12-20,0.316880481610607,87
2020-12-21,-0.251048200527731,229
2020-12-22,-0.7264217785765665,109
2020-12-23,0.3939093107491098,70
2020-12-24,-0.0038398824983107,67
2020-12-25,0.5703343628875087,51
2020-12-26,0.4089451812645132,46
2020-12-27,-0.0259939115716893,43
2020-12-28,0.6641427301699276,102
2020-12-29,0.7372423641829873,149
2020-12-30,0.5376344315873578,147
2020-12-31,0.2837071023047706,100
2021-01-01,-0.7478658257123841,69
2021-01-02,-0.0971798530530368,47
2021-01-03,0.1057969504172048,37
2021-01-04,0.6594249431429569,73
2021-01-05,-0.0423387781560931,113
2021-01-06,0.1388401885414749,215
2021-01-07,0.6678637827494396,162
2021-01-08,0.5694450175600603,190
2021-01-09,0.1540531184353051,63
2021-01-10,0.5096073499848994,60
2021-01-11,0.906542306595302,206
2021-01-12,1.4546820620295482,389
2021-01-13,1.3231623815850808,443
2021-01-14,0.8203181825257073,257
2021-01-15,1.1299160639214665,170
2021-01-16,1.008308656466448,63
2021-01-17,0.4081899613356975,45
2021-01-18,0.7992087376578761,137
2021-01-19,1.4790475855523455,184
2021-01-20,1.166742150190004,146
2021-01-21,1.0108805056880703,154
2021-01-22,1.1001199443764376,152
2021-01-23,-0.1954952874331178,76
2021-01-24,-0.5506598545740549,52
2021-01-25,0.5578598936127689,94
2021-01-26,0.7308234110027036,160
2021-01-27,1.5392766152007786,154
2021-01-28,0.2022900839825254,121
2021-01-29,0.8837237302865331,114
2021-01-30,1.256112751729893,76
2021-01-31,0.3239730203394961,35
2021-02-01,1.2130998929039307,106
2021-02-02,0.9071417675968796,106
2021-02-03,1.2456470683817678,121
2021-02-04,0.1216900735998395,99
2021-02-05,0.8730256635304827,118
2021-02-06,-0.1615367050908782,48
2021-02-07,0.3026558755539775,50
2021-02-08,0.490872281780819,190
2021-02-09,1.0439685124866651,129
2021-02-10,1.3662658173947284,86
2021-02-11,-0.0895273863537427,139
2021-02-12,0.0128784247597322,170
2021-02-13,-0.3011779742161694,114
2021-02-14,-0.2777448956942562,65
2021-02-15,0.2824971384691069,158
2021-02-16,0.4689311251025926,149
2021-02-17,0.4926891519036913,117
2021-02-18,0.0660256691328317,176
2021-02-19,-0.0081723692636266,184
2021-02-20,-0.3816132461887744,63
2021-02-21,1.0031515722800075,65
2021-02-22,0.9175338339913064,152
2021-02-23,0.9778160982311056,111
2021-02-24,0.6163850249328868,164
2021-02-25,0.3256498375679415,285
2021-02-26,-0.0870679522831804,164
2021-02-27,0.7625711382496919,73
2021-02-28,0.1669660233726699,52
2021-03-01,0.1262556696961141,88
2021-03-02,0.8875790019936073,88
2021-03-03,1.0982396442558946,149
2021-03-04,1.0228394559235716,117
2021-03-05,-0.4616073756091182,194
2021-03-06,0.3528744366026894,57
2021-03-07,-0.3704957427240481,30
2021-03-08,0.3978424657263388,133
2021-03-09,0.7874573185899073,154
2021-03-10,-0.9247277121396472,301
2021-03-11,0.8635882404665278,128
2021-03-12,1.025958360601266,99
2021-03-13,0.4912560048393262,46
2021-03-14,0.8536054264296813,38
2021-03-15,0.6683478185292223,117
2021-03-16,0.259241803082979,127
2021-03-17,0.6780193884017328,117
2021-03-18,1.121926888223341,132
2021-03-19,1.240066852846925,82
2021-03-20,-0.2419858336092726,42
2021-03-21,-0.505989343363497,24
2021-03-22,1.0759035015208536,98
2021-03-23,1.1441464360317943,165
2021-03-24,0.9194410457836808,137
2021-03-25,0.7976916724677109,125
2021-03-26,0.9861887220116432,66
2021-03-27,0.7445779744369548,41
2021-03-28,0.1437586093209622,43
2021-03-29,0.5856751280665924,92
2021-03-30,1.6977554679859554,127
2021-03-31,0.4902352077164721,157
2021-04-01,0.0086176723067046,303
2021-04-02,0.8905530725321593,100
2021-04-03,0.4403005054234349,34
2021-04-04,0.3151250825544974,18
2021-04-05,0.3948291515818389,78
2021-04-06,0.495907508497421,97
2021-04-07,1.6411733889628994,90
2021-04-08,1.0365476223695336,85
2021-04-09,0.2139300404771579,152
2021-04-10,0.0852558710661958,56
2021-04-11,0.177213728643101,41
2021-04-12,1.9201640941024087,368
2021-04-13,1.0992944499997392,276
2021-04-14,1.2618727394415528,182
2021-04-15,0.7197933359824805,165
2021-04-16,0.9999254590859692,99
2021-04-17,-0.2363537779127268,74
2021-04-18,0.6440780001971042,45
2021-04-19,0.3213023802004698,241
2021-04-20,-0.0190452103807949,173
2021-04-21,0.763440030977675,119
2021-04-22,0.9027681932162698,109
2021-04-23,0.9670678133219844,149
2021-04-24,1.7364171392281655,168
2021-04-25,-0.5684795949275351,48
2021-04-26,0.2061964527726321,116
2021-04-27,0.8231959576607673,92
2021-04-28,1.0810911211838885,156
2021-04-29,0.8866571178688013,153
2021-04-30,1.2256171235966191,117
2021-05-01,1.2968887900195345,48
2021-05-02,1.1283873714645,28
2021-05-03,0.7582667979055124,109
2021-05-04,0.9828115306309888,111
2021-05-05,0.6112959430914098,142
2021-05-06,0.4269386761818139,97
2021-05-07,-0.2562308027484866,181
2021-05-08,0.4116046629189494,57
2021-05-09,0.0854920920233314,38
2021-05-10,0.8693210586229305,70
2021-05-11,1.3758932516143936,227
2021-05-12,1.3213135219909882,157
2021-05-13,0.6076273968751933,100
2021-05-14,1.009993909912681,72
2021-05-15,0.5826641670961455,40
2021-05-16,0.8904439588513489,29
2021-05-17,1.3012213324049162,94
2021-05-18,0.9867765137465304,107
2021-05-19,0.3428039758248016,103
2021-05-20,1.1164499662216554,129
2021-05-21,0.2419535098619159,344
2021-05-22,0.1757997853669009,54
2021-05-23,0.4371414021957843,60
2021-05-24,0.1996121425469253,281
2021-05-25,-0.1896783391897695,292
2021-05-26,0.4832078042822371,171
2021-05-27,0.7393458151724688,313
2021-05-28,1.0539365288243276,147
2021-05-29,0.9994232628002911,66
2021-05-30,0.5020840369652496,65
2021-05-31,1.489909199368043,127
2021-06-01,1.797286328153428,390
2021-06-02,1.5417934114877738,252
2021-06-03,1.3282482788739889,154
2021-06-04,0.6708243943668004,141
2021-06-05,1.4439676073496663,59
2021-06-06,0.2282144356422004,41
2021-06-07,0.7334766762153205,123
2021-06-08,0.8475187540294459,184
2021-06-09,1.1322130190974744,99
2021-06-10,0.9939467163309552,118
2021-06-11,0.4424248887888939,156
2021-06-12,0.6972266781619545,72
2021-06-13,0.1299962413138204,48
2021-06-14,1.140736989308725,136
2021-06-15,1.5627917918075784,149
2021-06-16,1.0432329862016465,114
2021-06-17,1.08834916502504,151
2021-06-18,1.044453402205992,136
2021-06-19,0.7682306866827339,47
2021-06-20,1.9952170182209248,28
2021-06-21,1.269268345655148,183
2021-06-22,1.113401193734335,202
2021-06-23,1.4448201150464928,175
2021-06-24,1.0592648722194395,143
2021-06-25,1.7930635734444864,163
2021-06-26,1.0506949687289644,62
2021-06-27,0.8333185208045696,52
2021-06-28,0.4922710985340064,256
2021-06-29,-0.4704877211093116,353
2021-06-30,1.27611725152973,167
2021-07-01,1.907076146760104,131
2021-07-02,0.6506810095537428,106
2021-07-03,0.5389029555914798,68
2021-07-04,0.575765559022957,31
2021-07-05,0.9233662817192572,73
2021-07-06,1.763646023165054,149
2021-07-07,1.4839413823839744,187
2021-07-08,0.9219456510878916,119
2021-07-09,0.9711398832932104,93
2021-07-10,1.6207571305543604,59
2021-07-11,2.1992154510857014,48
2021-07-12,0.8438554945112481,68
2021-07-13,1.3557653390111617,75
2021-07-14,1.5034824185274314,118
2021-07-15,1.1827264973403868,139
2021-07-16,1.0872675860058807,149
2021-07-17,0.0648706807968071,40
2021-07-18,0.9024341399061638,34
2021-07-19,1.5242361013644126,129
2021-07-20,1.0741078833759894,150
2021-07-21,0.8575610028405957,222
2021-07-22,0.2348627028837257,123
2021-07-23,1.1020843914988356,76
2021-07-24,0.6294886787986714,44
2021-07-25,0.498482919973527,41
2021-07-26,0.4006113974668774,150
2021-07-27,0.1736931351424442,252
2021-07-28,1.0165792550009776,79
2021-07-29,1.5786783012396293,82
2021-07-30,0.3681224503385295,79
2021-07-31,0.4216118731510872,37
2021-08-01,0.8591018630168812,37
2021-08-02,0.9757450858012712,87
2021-08-03,0.5444011589319074,99
2021-08-04,0.0582923922746543,150
2021-08-05,1.360377205753511,107
2021-08-06,1.4343829141475153,169
2021-08-07,0.8196203324796844,19
2021-08-08,0.6966250853266996,34
2021-08-09,0.928183528966714,73
2021-08-10,1.2903830620926675,118
2021-08-11,1.508576569074792,97
2021-08-12,1.4669596732881134,95
2021-08-13,0.8342192139803513,80
2021-08-14,1.8734865101424736,24
2021-08-15,0.1112901383254168,42
2021-08-16,0.9828155946209768,102
2021-08-17,1.5098792962509258,110
2021-08-18,0.1204582907806499,168
2021-08-19,-0.1050914753152843,346
2021-08-20,-0.5998561490652516,290
2021-08-21,-0.7217170867283168,84
2021-08-22,0.5210951156818647,35
2021-08-23,0.5699937071035747,137
2021-08-24,1.2655870378533731,157
2021-08-25,0.9306437689148556,184
2021-08-26,1.0276982424982055,124
2021-08-27,0.5527720850143957,143
2021-08-28,0.473741876396991,53
2021-08-29,-0.0226204635405761,64
2021-08-30,0.5998975416837389,97
2021-08-31,0.5080000244768499,109
2021-09-01,0.7705775526755296,102
2021-09-02,0.9091720841049872,98
2021-09-03,1.355473292744267,115
2021-09-04,0.355244042038623,45
2021-09-05,0.4898360984670213,36
2021-09-06,1.56142116277766,64
2021-09-07,0.4057735082728218,92
2021-09-08,-0.0869846173234387,176
2021-09-09,0.7310953751197797,82
2021-09-10,1.1077574533152783,77
2021-09-11,-0.0036149596245313,51
2021-09-12,0.2421750573366445,40
2021-09-13,0.6523472115613751,98
2021-09-14,0.4831817044996047,131
2021-09-15,2.5021762034512047,165
2021-09-16,0.7770403970867299,182
2021-09-17,0.9453843877367444,83
2021-09-18,0.442355165594612,43
2021-09-19,1.409128627807604,51
2021-09-20,-1.7330366530143275,258
2021-09-21,-1.994558365515625,265
2021-09-22,0.4790497498332581,195
2021-09-23,0.7376402249771076,146
2021-09-24,0.9409996767952292,115
2021-09-25,0.4529266975147424,36
2021-09-26,1.1604867597526716,46
2021-09-27,1.1141928855512702,116
2021-09-28,0.5898708336985643,156
2021-09-29,0.0980310626597047,204
2021-09-30,0.7851418184596235,163
2021-10-01,0.9688917477864892,105
2021-10-02,0.4963001580092896,36
2021-10-03,1.2470274110071786,39
2021-10-04,0.8877260524783713,123
2021-10-05,1.2788798839372664,125
2021-10-06,0.9634207005510722,160
2021-10-07,0.954671064086412,109
2021-10-08,0.8995709703344643,91
2021-10-09,0.7576081135054253,44
2021-10-10,1.096915381001376,30
2021-10-11,1.179647684822082,77
2021-10-12,0.3349330773702443,177
2021-10-13,1.1459872969244669,138
2021-10-14,0.9547504126629616,109
2021-10-15,0.5073725583168122,93
2021-10-16,0.5381164167229913,39
2021-10-17,1.0059951410948915,81
2021-10-18,1.157564142693289,89
2021-10-19,0.7418040181404949,140
2021-10-20,1.2409608761103563,134
2021-10-21,1.4779212008657547,153
2021-10-22,1.4466641385717791,153
2021-10-23,0.8324941705481038,38
2021-10-24,0.5918344431235811,53
2021-10-25,1.0237551446601234,107
2021-10-26,0.9723740139599608,169
2021-10-27,0.435617804823488,241
2021-10-28,-1.0947547606504588,345
2021-10-29,-0.6683493742844276,270
2021-10-30,1.115295239841241,67
2021-10-31,0.8412676195077613,41
2021-11-01,0.6511457176577227,119
2021-11-02,0.482514068409911,113
2021-11-03,0.9807486781590368,110
2021-11-04,0.9477234130071986,239
2021-11-05,-0.0843353712178072,216
2021-11-06,0.8957282324735244,43
2021-11-07,0.8011991861320212,137
2021-11-08,0.9527612193752314,188
2021-11-09,1.3796085131258915,280
2021-11-10,0.7425038210251129,217
2021-11-11,-0.0729867464203678,236
2021-11-12,-0.0362807609743204,188
2021-11-13,0.3031502423420091,90
2021-11-14,0.0803707224663525,68
2021-11-15,0.7125467801785703,156
2021-11-16,0.9906904162058738,323
2021-11-17,0.9127455117837444,232
2021-11-18,0.6780132370587459,466
2021-11-19,0.7984638869361252,422
2021-11-20,1.2294690064253238,82
2021-11-21,1.3460190753699708,44
2021-11-22,1.4557262247362528,96
2021-11-23,1.2291663757719102,180
2021-11-24,0.852666353701243,173
2021-11-25,1.227308200686589,126
2021-11-26,1.3611059538978914,92
2021-11-27,1.5057918867162765,65
2021-11-28,1.216275113227539,67
2021-11-29,-0.3834561551459767,218
2021-11-30,-0.7419536279227661,229
2021-12-01,-0.0122050726621721,207
2021-12-02,-0.158130183284402,265
2021-12-03,-1.241982494959741,633
2021-12-04,-0.8813053620595609,108
2021-12-05,-0.0876541066427525,56
2021-12-06,-0.2638282917936554,217
2021-12-07,0.4733789552978941,238
2021-12-08,0.4414851992250365,250
2021-12-09,0.7848487849151582,189
2021-12-10,0.4653879845828335,164
2021-12-11,0.8880325579470695,70
2021-12-12,0.4140130950069552,42
2021-12-13,0.8766718813158657,159
2021-12-14,0.5525660073890913,203
2021-12-15,1.0083577232290133,147
2021-12-16,0.6433216886905188,166
2021-12-17,-0.0019999635067026,166
2021-12-18,-0.8474407223788248,100
2021-12-19,0.4177382610995583,53
2021-12-20,0.8307566626802266,147
2021-12-21,0.6311761228942755,150
2021-12-22,0.529586304945059,162
2021-12-23,0.460068954154241,172
2021-12-24,0.6646806923972306,75
2021-12-25,1.228553039977558,33
2021-12-26,0.5905460158353474,36
2021-12-27,-0.4903228997670284,209
2021-12-28,-1.118769704111578,245
2021-12-29,-1.456921971971694,234
2021-12-30,0.13487092066629,100
2021-12-31,0.2076266841925374,97
2022-01-01,0.272441647717932,42
2022-01-02,0.5729458091596777,36
2022-01-03,0.0718394582730886,281
2022-01-04,1.016844177249688,527
2022-01-05,0.9156832820421168,413
2022-01-06,1.2096131775509795,201
2022-01-07,1.2187668461580248,303
2022-01-08,0.5397121244465244,97
2022-01-09,0.0179663932447592,39
2022-01-10,0.3586638158034138,211
2022-01-11,0.5586785405545796,284
2022-01-12,0.6353848493066083,344
2022-01-13,1.0542713556962608,231
2022-01-14,0.3310593245623351,235
2022-01-15,0.4373935776033157,88
2022-01-16,0.2620928649725884,48
2022-01-17,1.028209546780508,114
2022-01-18,0.3040712740707173,172
2022-01-19,-0.051886407634242,316
2022-01-20,-0.3376208049525439,357
2022-01-21,-1.2191777997460322,259
2022-01-22,-0.2451253014386801,81
2022-01-23,0.7848720940840331,69
2022-01-24,-0.9129894957037356,215
2022-01-25,-0.2665153081695229,325
2022-01-26,0.4254481589274321,245
2022-01-27,0.4161520051001141,208
2022-01-28,0.1333226891312758,219
2022-01-29,1.1044307430367348,82
2022-01-30,-0.0041090946324556,39
2022-01-31,0.7629995252889314,127
2022-02-01,-0.9986683653583708,293
2022-02-02,0.9200723437507656,164
2022-02-03,0.197487661449808,101
2022-02-04,0.3389941168054022,108
2022-02-05,0.0646161359979103,59
2022-02-06,0.5260360508066507,51
2022-02-07,0.6773979007574418,101
2022-02-08,-0.5587244723192373,581
2022-02-09,0.4397761532481707,185
2022-02-10,-0.0585685748516645,159
2022-02-11,-0.1174337707424428,150
2022-02-12,-1.4245855650522323,91
2022-02-13,0.0200478697407473,60
2022-02-14,0.3449461319658687,154
2022-02-15,0.6456631847489437,199
2022-02-16,0.7559197061358666,204
2022-02-17,0.3240109205114377,381
2022-02-18,-0.5324100504258589,178
2022-02-19,-0.0909679114842296,82
2022-02-20,0.1383265139185928,44
2022-02-21,0.5816286261818449,98
2022-02-22,0.7759778676650555,107
2022-02-23,0.8082188817251822,110
2022-02-24,-0.9179990985358112,125
2022-02-25,-1.6918474586963277,169
2022-02-26,-2.10510962381948,94
2022-02-27,-1.4259626453030143,38
2022-02-28,-1.245282037131529,181
2022-03-01,-0.0354322270255004,138
2022-03-02,-0.9273683669687954,193
2022-03-03,-0.1295353363666157,117
2022-03-04,-0.4150504821652461,103
2022-03-05,-2.642118865716182,56
2022-03-06,-2.223279545407384,111
2022-03-07,-2.073595806477828,227
2022-03-08,-0.877677938396436,199
2022-03-09,0.7498345053442499,142
2022-03-10,-0.0447462282157866,160
2022-03-11,0.5050069938126506,104
2022-03-12,-1.4647473358616727,45
2022-03-13,-1.308092415514841,32
2022-03-14,-1.1853941188328954,124
2022-03-15,-0.7328055833250693,186
2022-03-16,0.1062955776315058,152
2022-03-17,0.6671522462983459,124
2022-03-18,0.6152321168826049,123
2022-03-19,-0.2396650398970269,65
2022-03-20,0.6403583015936728,45
2022-03-21,0.4657493735388623,106
2022-03-22,0.3827200754196051,326
2022-03-23,-0.1447070870749919,335
2022-03-24,-0.446653096880622,298
2022-03-25,-0.3170577343940765,226
2022-03-26,-0.5624523872491219,96
2022-03-27,0.893131734998179,65
2022-03-28,0.665931906292714,135
2022-03-29,0.8209705389249464,179
2022-03-30,0.0321605653612658,276
2022-03-31,-0.6440898030350811,192
2022-04-01,0.1453016941777026,154
2022-04-02,-0.0294512085421186,101
2022-04-03,-0.0022632819586179,59
2022-04-04,0.8105621942052703,132
2022-04-05,0.2297990820885144,132
2022-04-06,0.1027667305050525,151
2022-04-07,0.3934761394399726,123
2022-04-08,-1.035088835437744,160
2022-04-09,-0.4711350629324509,45
2022-04-10,-0.1565362737121518,32
2022-04-11,-0.3659686017193728,131
2022-04-12,-0.103956656755218,178
2022-04-13,1.1081356401470803,118
2022-04-14,0.589148786947141,82
2022-04-15,0.7898376763207269,71
2022-04-16,0.2863933444536854,30
2022-04-17,1.1144584702923233,33
2022-04-18,1.371364370485309,67
2022-04-19,0.790872450836656,88
2022-04-20,0.9170791737508088,113
2022-04-21,-0.3298025755789346,156
2022-04-22,-0.6443278535694145,174
2022-04-23,-0.4178531516103922,86
2022-04-24,-0.2394896343118551,39
2022-04-25,0.4963641261633573,107
2022-04-26,0.5105420762664155,144
2022-04-27,0.2155977113940507,132
2022-04-28,-0.0615356745484821,125
2022-04-29,-0.0866044169814689,115
2022-04-30,-0.2737959427945934,51
2022-05-01,0.2170368516871503,27
2022-05-02,-0.1854912421405909,129
2022-05-03,0.0128751912673815,106
2022-05-04,0.2645307077745878,113
2022-05-05,0.7324359056444517,133
2022-05-06,-1.2462344777232264,272
2022-05-07,-1.409500486097123,106
2022-05-08,0.0070377407911305,49
2022-05-09,-0.2029404556863257,146
2022-05-10,-0.200335525103581,165
2022-05-11,0.5512966429445867,137
2022-05-12,-0.6316128607760993,208
2022-05-13,0.0544475469019061,127
2022-05-14,0.8048753481973057,43
2022-05-15,0.8608766259236663,27
2022-05-16,0.53004523048657,139
2022-05-17,0.7758666011243227,136
2022-05-18,0.817272142133332,161
2022-05-19,0.672931724154622,151
2022-05-20,0.5510763078065785,191
2022-05-21,0.6504922159384446,54
2022-05-22,-0.1496732163539469,43
2022-05-23,0.87585682951646,139
2022-05-24,1.843271918582183,219
2022-05-25,0.413221101265243,210
2022-05-26,-0.2506341431269742,306
2022-05-27,0.2441905404420103,148
2022-05-28,-0.0546204541763833,60
2022-05-29,0.8259004857773848,50
2022-05-30,0.976521051151818,112
2022-05-31,0.944103020859718,142
2022-06-01,1.227955991952355,139
2022-06-02,0.5129863105854718,114
2022-06-03,0.6867370517341395,97
2022-06-04,0.4692805679236977,44
2022-06-05,0.9900018865989602,30
2022-06-06,1.344429775948872,70
2022-06-07,1.101445156104392,129
2022-06-08,0.9953495197320276,113
2022-06-09,0.944071486234998,112
2022-06-10,-0.1831450918076604,128
2022-06-11,-1.0694682742452652,64
2022-06-12,0.8545547077444434,38
2022-06-13,0.1193142123662652,108
2022-06-14,0.2765126818717834,94
2022-06-15,1.0578625723899044,116
2022-06-16,-0.0741254525371938,111
2022-06-17,-0.7106969643917946,125
2022-06-18,-0.5549383109175492,53
2022-06-19,0.6880918409794738,25
2022-06-20,0.4730490724835861,71
2022-06-21,1.025832741062954,100
2022-06-22,0.9831083755983993,162
2022-06-23,0.987272263589637,158
2022-06-24,0.9394364668944007,114
2022-06-25,-0.1789782498432927,71
2022-06-26,0.690676902867207,46
2022-06-27,0.9132806689921134,110
2022-06-28,0.9504292963868184,138
2022-06-29,1.0768516619140407,157
2022-06-30,0.5528141225668195,134
2022-07-01,-0.7117622350468285,233
2022-07-02,-1.05837665429477,72
2022-07-03,-0.1569213157333824,49
2022-07-04,0.7342975215624679,80
2022-07-05,0.2542923972743022,118
2022-07-06,0.8943350874709083,176
2022-07-07,0.020927292038016,128
2022-07-08,-0.035577272660215,101
2022-07-09,-0.0587770886086952,49
2022-07-10,-0.7289089299677599,40
2022-07-11,0.3379035234288028,101
2022-07-12,0.9763773211865974,156
2022-07-13,1.0303589853555402,146
2022-07-14,0.5482689897058292,129
2022-07-15,0.0412626195202188,121
2022-07-16,0.0493240423460447,77
2022-07-17,-0.1105758703547292,58
2022-07-18,0.3291498679768765,131
2022-07-19,0.2504475197057667,144
2022-07-20,0.6380824760958128,203
2022-07-21,0.7768742351968988,174
2022-07-22,0.3847699633796989,70
2022-07-23,0.3914362635047316,32
2022-07-24,-0.1732270491408969,33
2022-07-25,0.84268238631849,90
2022-07-26,0.780367255850118,111
2022-07-27,0.2355386616483947,163
2022-07-28,0.8392990343874102,129
2022-07-29,0.1735036068776738,112
2022-07-30,1.1317069078880668,39
2022-07-31,1.187383037352325,19
2022-08-01,0.0868641188246264,67
2022-08-02,1.3319814778879366,158
2022-08-03,0.095642827515536,109
2022-08-04,0.5590760886598618,125
2022-08-05,0.013958547303616,91
2022-08-06,0.1874913352700298,24
2022-08-07,0.5909406715275608,27
2022-08-08,-0.7972053564983237,354
2022-08-09,-0.9945028776919304,432
2022-08-10,-1.827244330129984,299
2022-08-11,0.0622393815879519,158
2022-08-12,0.4172349827211404,122
2022-08-13,-0.0992643307945375,48
2022-08-14,-0.4026728781725817,59
2022-08-15,0.2432261196052549,107
2022-08-16,0.3344276227532108,120
2022-08-17,0.958770338879724,188
2022-08-18,0.7856594731916984,93
2022-08-19,0.7156576905110351,106
2022-08-20,0.2681363759330688,40
2022-08-21,0.208528147502639,54
2022-08-22,0.0735233986477494,120
2022-08-23,0.3202407780981902,94
2022-08-24,0.2236447422702648,258
2022-08-25,-0.3374609108200885,263
2022-08-26,-0.2960202930930552,139
2022-08-27,0.2535256707340921,45
2022-08-28,0.7608413840723032,31
2022-08-29,-0.1862956608900762,105
2022-08-30,0.3050934118567089,137
2022-08-31,1.2672509994667576,143
2022-09-01,-1.4859250221196127,715
2022-09-02,-0.8467576413650636,373
2022-09-03,-1.3934168677406935,75
2022-09-04,-0.3493972902071635,57
2022-09-05,-0.2038084073942735,89
2022-09-06,-0.0427591353126223,124
2022-09-07,0.3250500015791842,111
2022-09-08,0.6487987207051583,119
2022-09-09,0.7450996158026273,88
2022-09-10,-0.0817196283221002,119
2022-09-11,-0.6323058224105633,36
2022-09-12,-0.1914198169181334,153
2022-09-13,0.7797038704285753,178
2022-09-14,0.3628417943603158,136
2022-09-15,0.9495968555645752,115
2022-09-16,0.6021739417326789,127
2022-09-17,-0.207489045937541,75
2022-09-18,-1.0014747547524083,75
2022-09-19,-0.5756509840375614,138
2022-09-20,0.7156004429369006,452
2022-09-21,1.109273035192874,335
2022-09-22,0.1328131400726216,251
2022-09-23,-0.0154571988692167,173
2022-09-24,-0.754918111509208,71
2022-09-25,-1.3051134832092643,51
2022-09-26,-0.2158424676544889,160
2022-09-27,0.5781676339606514,196
2022-09-28,0.1274692658959227,173
2022-09-29,0.3857322391025316,170
2022-09-30,0.9499325414491596,178
2022-10-01,0.207053205927219,50
2022-10-02,0.0992824781015727,37
2022-10-03,0.1042402399043341,147
2022-10-04,-0.0061731631889013,185
2022-10-05,-0.1347383307837158,142
2022-10-06,0.6029009306240483,129
2022-10-07,-0.8215324975093193,195
2022-10-08,-0.7710681692547132,145
2022-10-09,-0.2402746776054013,61
2022-10-10,-1.1855250093962766,260
2022-10-11,0.1832202836071654,239
2022-10-12,0.7441834189680787,248
2022-10-13,0.886312639731338,213
2022-10-14,0.1137076780881387,196
2022-10-15,0.3360374481670071,99
2022-10-16,-0.1872820691974674,58
2022-10-17,0.3221863157234603,121
2022-10-18,0.9403650539657114,263
2022-10-19,1.2877522702106277,115
2022-10-20,0.4225307875904558,120
2022-10-21,0.2113349201039164,100
2022-10-22,-0.2320959209575817,48
2022-10-23,0.1117573457592348,56
2022-10-24,0.3703715710882466,117
2022-10-25,0.6909747497928211,124
2022-10-26,-0.1055792762169542,115
2022-10-27,0.4166677886150696,126
2022-10-28,0.5266708684858694,111
2022-10-29,-0.3148826460039619,34
2022-10-30,-0.5255677729805595,31
2022-10-31,0.101018362182521,108
2022-11-01,0.031129046271754,80
2022-11-02,0.6809191746736576,98
2022-11-03,0.6743112658583874,107
2022-11-04,0.409254586403272,126
2022-11-05,0.3358681957461061,48
2022-11-06,0.9905550658295036,36
2022-11-07,0.6008066241834641,112
2022-11-08,0.3341485305638496,184
2022-11-09,0.7149182995639634,152
2022-11-10,1.6291193942017157,206
2022-11-11,0.2756788436344572,25
2022-11-12,0.1129714910947418,59
2022-11-13,0.5873272861146054,51
2022-11-14,1.108245488136432,152
2022-11-15,1.114708762505462,213
2022-11-16,-0.0047004966050808,317
2022-11-17,0.0559953907310985,276
2022-11-18,0.3466013894790756,148
2022-11-19,0.0311873850702099,67
2022-11-20,0.1230369147482464,39
2022-11-21,0.715939013566782,109
2022-11-22,0.0196245952259982,166
2022-11-23,0.0813803572707551,87
2022-11-24,0.4634627480910479,68
2022-11-25,0.9875067555650372,97
2022-11-26,1.225868265033613,38
2022-11-27,1.321443088763292,41
2022-11-28,0.9360333289349192,95
2022-11-29,1.0045827930856928,151
2022-11-30,0.7150488236361028,139
2022-12-01,0.63447078459394,139
2022-12-02,0.2084408793771086,147
2022-12-03,0.1790745046523951,49
2022-12-04,1.1759640636398851,39
2022-12-05,0.3360900802345038,131
2022-12-06,0.1925503623935852,158
2022-12-07,0.5084141920490125,194
2022-12-08,0.2745341701071461,114
2022-12-09,0.0380607356111922,95
2022-12-10,0.205412479687959,43
2022-12-11,-0.7637577900837672,62
2022-12-12,0.4714233178037266,132
2022-12-13,0.4121308555857443,159
2022-12-14,0.9191535561466292,129
2022-12-15,0.5153786471650321,151
2022-12-16,0.4219184687643173,113
2022-12-17,0.7274976728660472,39
2022-12-18,1.0731229381801923,35
2022-12-19,1.213522169371426,86
2022-12-20,0.7837294936598285,96
2022-12-21,0.5556754661311255,114
2022-12-22,0.260546325284233,167
2022-12-23,-0.5249550072115197,95
2022-12-24,-0.0992139101120121,32
2022-12-25,-0.3901860691255538,36
2022-12-26,-0.1226814514360968,60
2022-12-27,-0.1669991863884518,118
2022-12-28,-1.142488296993575,112
2022-12-29,-0.0130392262276435,116
2022-12-30,-0.5258825235991771,134
2022-12-31,-1.308495882604837,69
2023-01-01,-0.3798637049449049,38
2023-01-02,-0.0802244696640682,94
2023-01-03,1.5948523044909169,317
2023-01-04,1.647534198579272,391
2023-01-05,1.5799519282252432,305
2023-01-06,1.5465819333370252,201
2023-01-07,1.285900711578401,81
2023-01-08,1.2382392862105076,71
2023-01-09,0.8789229869645441,155
2023-01-10,1.361207430919971,158
2023-01-11,1.9907034630724885,128
2023-01-12,0.8067567551682353,102
2023-01-13,0.4616324294077574,105
2023-01-14,0.3017150416680346,34
2023-01-15,1.8282594385544084,31
2023-01-16,-0.0747109267681661,98
2023-01-17,1.083229435999379,122
2023-01-18,0.8136311671312371,116
2023-01-19,1.0832361779135626,117
2023-01-20,1.4057173598281287,111
2023-01-21,0.9066646238457908,32
2023-01-22,0.2360423779126883,36
2023-01-23,0.8522185429571751,88
2023-01-24,1.147453932219355,103
2023-01-25,0.4842560330871238,79
2023-01-26,1.3116323178621787,107
2023-01-27,0.2250493165959748,113
2023-01-28,-0.3059784911693052,63
2023-01-29,-1.2114285483779723,56
2023-01-30,0.2280984811893833,126
2023-01-31,0.1655031998602814,146
2023-02-01,0.8772419923788819,152
2023-02-02,1.1581226408503005,107
2023-02-03,0.7039881218277866,109
2023-02-04,0.4315735571036238,46
2023-02-05,0.4588379854691877,50
2023-02-06,0.609018664190274,74
2023-02-07,1.3495055814374344,100
2023-02-08,1.8096577994746927,87
2023-02-09,0.8824077543686419,105
2023-02-10,0.4365152246169251,70
2023-02-11,-0.3881643531168799,54
2023-02-12,1.5383367419128229,41
2023-02-13,1.0678276459376244,108
2023-02-14,0.9512946913674216,135
2023-02-15,0.8221017736153226,147
2023-02-16,-0.398693200816815,147
2023-02-17,-0.6492603630018021,347
2023-02-18,-0.1574970282751784,90
2023-02-19,0.395740079632679,123
2023-02-20,0.3818879063204891,110
2023-02-21,-0.4617029120684671,302
2023-02-22,0.0208887661912136,409
2023-02-23,0.2962525999671097,458
2023-02-24,-0.3350491306692665,306
2023-02-25,0.4223622901259894,55
2023-02-26,0.433924361991563,60
2023-02-27,0.6194239664882482,172
2023-02-28,1.0936804090697143,107
2023-03-01,0.8825490068280556,127
2023-03-02,0.3654099238285516,145
2023-03-03,0.3420728073939316,179
2023-03-04,0.5642556700510644,46
2023-03-05,0.0822787878387525,47
2023-03-06,0.4565952650813906,141
2023-03-07,1.013339209493812,126
2023-03-08,-0.0193633867456681,112
2023-03-09,0.5165862447476003,129
2023-03-10,0.7172628597297318,120
2023-03-11,0.9208719939049504,47
2023-03-12,-0.4936824656383085,38
2023-03-13,-0.0466671261115549,99
2023-03-14,0.266622683598082,174
2023-03-15,1.1769000842998594,117
2023-03-16,1.2248217463321902,116
2023-03-17,0.7481931647576315,114
2023-03-18,0.6250461650559048,36
2023-03-19,0.5295170410334724,28
2023-03-20,0.9528253752973824,109
2023-03-21,2.169927330463484,278
2023-03-22,1.502782246423565,65
2023-03-23,-0.576309818467561,289
2023-03-24,-0.4394011706464691,396
2023-03-25,0.7951563810542146,155
2023-03-26,1.1722961864051729,96
2023-03-27,1.1089713513116883,252
2023-03-28,0.950279849592838,279
2023-03-29,1.359554175361249,250
2023-03-30,0.4075308786908839,345
2023-03-31,0.8168537379440067,171
2023-04-01,0.7745972631230656,93
2023-04-02,1.264546895922035,85
2023-04-03,0.9249396704468376,192
2023-04-04,1.4998354671093603,190
2023-04-05,0.5847968628411573,382
2023-04-06,0.8993377649271538,266
2023-04-07,1.0828337363795348,137
2023-04-08,1.2904785340895435,95
2023-04-09,0.8803127711296357,86
2023-04-10,1.1760819202466817,148
2023-04-11,1.0817536318581569,222
2023-04-12,1.030960400200532,280
2023-04-13,1.6501680420153784,240
2023-04-14,1.741963186077839,227
2023-04-15,0.6394358237392778,104
2023-04-16,1.4631937147880063,75
2023-04-17,1.1699558168595396,199
2023-04-18,1.1721605184931694,282
2023-04-19,1.348026845390112,265
2023-04-20,0.8670095088366256,296
2023-04-21,0.6574007631396067,191
2023-04-22,1.4009599337294154,76
2023-04-23,1.4596846287904794,69
2023-04-24,1.1268877647873263,172
2023-04-25,0.9256200344095876,246
2023-04-26,0.8054171570712347,258
2023-04-27,0.4792722100271284,235
2023-04-28,0.2316423493803263,242
2023-04-29,0.8890680927640742,113
2023-04-30,0.8124419374990528,84
2023-05-01,0.8945869240601498,211
2023-05-02,1.380023101066722,186
2023-05-03,1.001776331282796,226
2023-05-04,0.8130148519279968,319
2023-05-05,0.419437732484169,274
2023-05-06,1.2632750558739598,63
2023-05-07,1.5810262217676037,64
2023-05-08,1.0581633539801123,175
2023-05-09,0.997664539079377,225
2023-05-10,0.0465989148230082,363
2023-05-11,1.028371869872839,202
2023-05-12,1.3274962382163722,183
2023-05-13,1.100715920661825,95
2023-05-14,0.8374103764770108,100
2023-05-15,0.0378364543811398,343
2023-05-16,0.9660897679099693,277
2023-05-17,1.58231829535227,272
2023-05-18,1.4719209784384153,374
2023-05-19,1.430979492906856,320
2023-05-20,0.987914985936771,101
2023-05-21,1.4550559267361958,89
2023-05-22,1.2314877516711098,339
2023-05-23,1.7290324022030663,327
2023-05-24,0.9524303795287474,529
2023-05-25,0.0390066658473397,1402
2023-05-26,-0.258936986056806,1261
2023-05-27,0.5380712130590185,265
2023-05-28,0.7721670403588655,156
2023-05-29,1.4244122177824088,773
2023-05-30,0.827156288604773,1270
2023-05-31,0.1226796773574113,908
2023-06-01,0.0049358934685169,920
2023-06-02,0.2956134417008883,760
2023-06-03,0.4433229857687132,318
2023-06-04,0.7525127128727241,156
2023-06-05,0.4095491718122926,314
2023-06-06,0.2957630120945688,351
2023-06-07,0.1269026351063324,410
2023-06-08,-0.0915288471479598,548
2023-06-09,0.336811654060671,467
2023-06-10,0.212591869840786,134
2023-06-11,1.1778378807463885,122
2023-06-12,0.5119390751446949,387
2023-06-13,0.8145423394336839,581
2023-06-14,1.0506308161982938,606
2023-06-15,0.8806588412406934,395
2023-06-16,0.7695218778626114,375
2023-06-17,1.22486551870864,109
2023-06-18,0.3362397966817204,192
2023-06-19,0.1750468413686104,456
2023-06-20,0.8029830082657267,304
2023-06-21,0.1288060751239461,349
2023-06-22,0.3896033354577103,434
2023-06-23,-0.8025197780523757,415
2023-06-24,0.1275874711252749,125
2023-06-25,0.7596092659375226,105
2023-06-26,0.420481975810121,257
2023-06-27,0.7094448850177114,440
2023-06-28,-0.7517940977663005,926
2023-06-29,0.4440838108521887,452
2023-06-30,0.5306331478554769,644
2023-07-01,0.4793203828638855,423
2023-07-02,0.2891300972156591,143
2023-07-03,0.9347435442099964,272
2023-07-04,0.6675063191761037,227
2023-07-05,0.3941018487948239,261
2023-07-06,0.8037807493492934,269
2023-07-07,0.7684868293210148,223
2023-07-08,1.0339152154668918,102
2023-07-09,1.1320627198148223,79
2023-07-10,1.2824633481620982,208
2023-07-11,-1.026779289396283,518
2023-07-12,0.0638224856258215,633
2023-07-13,0.8826580052684612,489
2023-07-14,0.4028670427459919,323
2023-07-15,-0.3202695755239156,115
2023-07-16,-0.8580719465753032,128
2023-07-17,-0.2649340468642641,386
2023-07-18,0.6679470560500845,412
2023-07-19,0.257690613502386,393
2023-07-20,0.5287162808208846,402
2023-07-21,0.0059854001409981,424
2023-07-22,0.3475421573153107,112
2023-07-23,1.065288155248208,107
2023-07-24,0.6156884472332589,285
2023-07-25,0.7432456965561721,288
2023-07-26,0.671058704460814,251
2023-07-27,0.7363998487706872,278
2023-07-28,1.090650460129985,253
2023-07-29,0.966975692430768,83
2023-07-30,1.1589128424700113,79
2023-07-31,1.259364803368907,200
2023-08-01,2.111626972724554,264
2023-08-02,0.1677711365637684,439
2023-08-03,0.0828362000406976,417
2023-08-04,1.249848708869966,225
2023-08-05,1.1841093381376837,88
2023-08-06,0.5203139922778938,77
2023-08-07,0.940824270655641,201
2023-08-08,1.6190968737007825,385
2023-08-09,0.757427721015367,391
2023-08-10,-0.3469494695986048,420
2023-08-11,0.1010715342778212,294
2023-08-12,0.1289862208183092,127
2023-08-13,0.3492389941025966,89
2023-08-14,-2.200153716937644,547
2023-08-15,0.1662227464798245,461
2023-08-16,1.0632303638653098,264
2023-08-17,1.2793520438808323,309
2023-08-18,0.0520837924344471,353
2023-08-19,0.490998051551217,127
2023-08-20,0.0759524821982016,121
2023-08-21,0.0744280636746007,669
2023-08-22,0.2339157745236487,1113
2023-08-23,0.099150875133065,1485
2023-08-24,0.4536728786383106,1856
2023-08-25,-0.3097670662796755,936
2023-08-26,0.0281866554833986,192
2023-08-27,0.5995063599668138,169
2023-08-28,0.6696845439151852,355
2023-08-29,0.6467831813096799,430
2023-08-30,0.9815236921129622,543
2023-08-31,0.4040056562252147,444
2023-09-01,0.7653240447206324,411
2023-09-02,0.7580900420513852,188
2023-09-03,0.7760787724529025,121
2023-09-04,-0.6271087249209806,300
2023-09-05,0.979017508730784,347
2023-09-06,0.3039260566936848,475
2023-09-07,-0.4234274869552454,495
2023-09-08,0.7474722064375168,512
2023-09-09,0.6880004583060333,142
2023-09-10,0.7674054397794206,126
2023-09-11,0.6046050621400229,410
2023-09-12,0.6849081271196223,527
2023-09-13,0.5317554956328426,416
2023-09-14,0.4116863403821347,843
2023-09-15,0.5464826676404013,461
2023-09-16,0.3427258294306829,218
2023-09-17,0.8835270510558806,125
2023-09-18,1.1014785450770823,344
2023-09-19,1.2047427459777218,357
2023-09-20,1.0607737141145468,380
2023-09-21,0.1795228461152475,505
2023-09-22,-0.4643010289487763,461
2023-09-23,0.5839445071912218,124
2023-09-24,1.519586092094205,68
2023-09-25,0.0989416043075352,345
2023-09-26,1.295993423783448,283
2023-09-27,1.983884161601345,318
2023-09-28,-0.0979629476741685,319
2023-09-29,-0.368865821117697,399
2023-09-30,0.1840893637689857,109
2023-10-01,0.7473098375506867,92
2023-10-02,0.3456651608707358,290
2023-10-03,-0.2593929975670741,290
2023-10-04,-0.3881607943419182,294
2023-10-05,1.6050206615475666,264
2023-10-06,0.5696313309448329,274
2023-10-07,0.8931911045082219,127
2023-10-08,-0.1660510960213989,95
2023-10-09,0.016715196865455,271
2023-10-10,0.9846458639598572,335
2023-10-11,0.5729918051521699,450
2023-10-12,1.256677176684243,243
2023-10-13,0.0951310611754813,312
2023-10-14,0.1407039109584217,109
2023-10-15,0.378404479937645,108
2023-10-16,0.4638471390970041,314
2023-10-17,0.0102429356287748,530
2023-10-18,-0.1565132986353648,783
2023-10-19,0.6226804945349735,451
2023-10-20,-0.0223400392118698,304
2023-10-21,-0.4539397744363597,143
2023-10-22,0.7180155629377272,93
2023-10-23,0.1386068760006819,401
2023-10-24,0.8699261314931244,478
2023-10-25,0.5426349249344358,438
2023-10-26,0.5272532513219361,449
2023-10-27,1.1752743902153846,327
2023-10-28,1.053888149605682,121
2023-10-29,0.6583544923219673,86
2023-10-30,1.3096259705136166,277
2023-10-31,0.6500249426940445,360
2023-11-01,1.184842006876252,393
2023-11-02,1.1333750574338135,297
2023-11-03,0.9724407554877276,208
2023-11-04,1.448592943779429,77
2023-11-05,1.2264787381725302,77
2023-11-06,1.831912523655756,292
2023-11-07,1.7438691669462805,280
2023-11-08,1.3761352194960286,251
2023-11-09,1.147148218862614,295
2023-11-10,0.7256447067398311,254
2023-11-11,0.391684404682653,105
2023-11-12,0.3558511025754471,68
2023-11-13,1.4471658326832642,282
2023-11-14,1.4762441866326317,430
2023-11-15,1.3504874549772925,432
2023-11-16,1.6412907153641028,432
2023-11-17,0.642673657035933,321
2023-11-18,1.0706357574210124,143
2023-11-19,1.163491577838076,148
2023-11-20,0.7813533510341888,623
2023-11-21,0.5625241466511686,933
2023-11-22,0.0731906099790036,946
2023-11-23,0.4689797573754821,402
2023-11-24,0.1765964714155393,434
2023-11-25,0.9744254763826216,201
2023-11-26,1.3224521862272387,121
2023-11-27,1.4329813049485307,376
2023-11-28,1.7175903394175034,342
2023-11-29,1.347289954369389,313
2023-11-30,1.1453264318330196,354
2023-12-01,1.0249324555189316,345
2023-12-02,1.2538701797237055,122
2023-12-03,0.7570057520277604,112
2023-12-04,0.6729607152584302,330
2023-12-05,0.6214241360588508,454
2023-12-06,0.8303864092130355,478
2023-12-07,0.5637078155640727,546
2023-12-08,1.0148436138625203,493
2023-12-09,0.9048849030680756,126
2023-12-10,0.9502256102729866,101
2023-12-11,1.228033640178956,432
2023-12-12,0.9558293823637712,400
2023-12-13,0.3414437870084457,396
2023-12-14,1.7058939878120905,303
2023-12-15,1.6415110326114135,301
2023-12-16,1.1483286375718893,118
2023-12-17,1.1236083450010974,111
2023-12-18,1.3233854030114367,234
2023-12-19,1.2491908819003334,239
2023-12-20,0.2333431902422692,306
2023-12-21,-0.2107296850504629,281
2023-12-22,-0.9829980918170648,307
2023-12-23,-0.2712236519761623,146
2023-12-24,0.7300833875436608,116
2023-12-25,1.1565345824530269,117
2023-12-26,0.9478709681303408,169
2023-12-27,0.8445704781095072,234
2023-12-28,0.8799126628409959,244
2023-12-29,0.0141420432180109,558
2023-12-30,-0.3979250835952171,288
2023-12-31,0.5740234046192009,130
2024-01-01,0.9758451778045092,111
2024-01-02,0.3392080839706269,394
2024-01-03,0.262704932028043,501
2024-01-04,1.0890856998695504,377
2024-01-05,1.1646046017029457,292
2024-01-06,1.2642980610589971,128
2024-01-07,2.1746571723573904,294
2024-01-08,1.495553736581804,658
2024-01-09,1.202746869837,912
2024-01-10,1.322350846519552,593
2024-01-11,1.4327766442748096,328
2024-01-12,1.5309781943070382,293
2024-01-13,1.2944870362670962,212
2024-01-14,1.0377157039652742,161
2024-01-15,0.6574192486382995,256
2024-01-16,1.0909622350736383,335
2024-01-17,1.028743934292585,338
2024-01-18,1.1729914567272963,424
2024-01-19,0.52923899639705,564
2024-01-20,0.311932918092597,244
2024-01-21,1.077068231716698,159
2024-01-22,0.6622408410432511,404
2024-01-23,1.3567100702328443,373
2024-01-24,1.669341055842978,365
2024-01-25,1.2398188703624828,425
2024-01-26,0.8044737233567414,356
2024-01-27,1.083197722314315,143
2024-01-28,1.1448730225784425,129
2024-01-29,0.7652547215396941,372
2024-01-30,1.2757753745180165,408
2024-01-31,1.5431499289284414,400
2024-02-01,1.5383261548831226,302
2024-02-02,1.451299627410804,376
2024-02-03,1.2775281546037285,166
2024-02-04,1.0600527553993504,105
2024-02-05,0.9163069137932892,316
2024-02-06,1.0735672657281257,379
2024-02-07,1.2246970469110714,347
2024-02-08,1.1344009975141611,398
2024-02-09,0.8495703150154198,546
2024-02-10,1.076367657467166,283
2024-02-11,1.1595537812561676,142
2024-02-12,0.8445241886466095,593
2024-02-13,1.1363097888707316,583
2024-02-14,0.7192594629123745,562
2024-02-15,0.5963952017455167,861
2024-02-16,0.7590347679215518,579
2024-02-17,1.1082756670278264,203
2024-02-18,0.9695459304701572,223
2024-02-19,0.8358485615913975,513
2024-02-20,0.5959926887768768,758
2024-02-21,0.3412486099444607,1368
2024-02-22,0.7999090280222819,2359
2024-02-23,0.3599986497235791,1811
2024-02-24,0.7904526620805159,507
2024-02-25,1.036410164116064,284
2024-02-26,0.8852081059993904,1152
2024-02-27,0.8616027023142245,942
2024-02-28,1.056219057078611,669
2024-02-29,1.0642022231284982,729
2024-03-01,0.9291037595839536,726
2024-03-02,1.0565831685093798,366
2024-03-03,1.0959357809159918,232
2024-03-04,0.6163038443030957,738
2024-03-05,0.4452791231461596,653
2024-03-06,0.7183299135163472,563
2024-03-07,0.4199300606364465,636
2024-03-08,0.4758196885493809,690
2024-03-09,0.458291045206446,268
2024-03-10,0.8255638525424291,303
2024-03-11,0.0062668393383644,867
2024-03-12,-0.1050311239526391,685
2024-03-13,0.1982193883264696,778
2024-03-14,0.3370466956238169,651
2024-03-15,0.3749569202781047,566
2024-03-16,1.108796274557393,244
2024-03-17,0.7926653570746636,227
2024-03-18,1.1766082668404425,1018
2024-03-19,1.492856512838188,1893
2024-03-20,1.2123433729837632,1055
2024-03-21,1.4629448512561465,672
2024-03-22,1.1312228074972048,492
2024-03-23,0.8818149771194556,220
2024-03-24,1.0977671733267709,192
2024-03-25,1.000997669404745,474
2024-03-26,1.0208193867418416,561
2024-03-27,0.961287102505904,576
2024-03-28,0.7854207418158444,537
2024-03-29,1.1701347621921474,328
2024-03-30,1.177087680945415,201
2024-03-31,1.2713428538596507,200
2024-04-01,0.7135641652338768,345
2024-04-02,1.0183778384910602,346
2024-04-03,-0.7530780686551193,568
2024-04-04,0.0197765990212791,538
2024-04-05,0.9093137998962998,515
2024-04-06,0.7592884298296982,201
2024-04-07,0.9467363843573466,204
2024-04-08,0.8953898690064498,483
2024-04-09,1.0129848331780953,650
2024-04-10,0.9588631986885318,751
2024-04-11,1.174875359957264,517
2024-04-12,0.4295981540155068,483
2024-04-13,1.009068958060861,196
2024-04-14,1.3401399555863338,187
2024-04-15,0.5430433163980183,355
2024-04-16,0.7535413801049818,506
2024-04-17,0.6109496559583669,498
2024-04-18,0.4964022080127683,698
2024-04-19,0.4286328254374929,501
2024-04-20,-0.1524379925770755,275
2024-04-21,0.798738719337323,228
2024-04-22,-0.1892480928438438,678
2024-04-23,0.939098858101682,696
2024-04-24,1.3482368228393948,510
2024-04-25,1.1529016653215831,495
2024-04-26,1.0090198902093996,523
2024-04-27,0.8555715438424757,314
2024-04-28,0.8812864105972874,206
2024-04-29,1.161634811250759,333
2024-04-30,1.097718104241741,440
2024-05-01,1.2911823733976373,454
2024-05-02,1.2432459357104124,439
2024-05-03,0.967126582159894,348
2024-05-04,1.0980979615319912,190
2024-05-05,0.7512383254045789,192
2024-05-06,0.8431935887846299,407
2024-05-07,1.1880686200652604,637
2024-05-08,1.3393439054006488,392
2024-05-09,0.6505930236552132,371
2024-05-10,1.0934644531982043,444
2024-05-11,0.9711798806872652,240
2024-05-12,0.6363620739806304,279
2024-05-13,1.1887765803996917,522
2024-05-14,1.5812038003348718,460
2024-05-15,1.2965725798731973,519
2024-05-16,1.409631627501581,667
2024-05-17,1.0659450204867469,527
2024-05-18,1.1572649710529703,253
2024-05-19,1.2527907543929917,215
2024-05-20,0.7143584975761348,760
2024-05-21,0.5958843507342589,1010
2024-05-22,0.4364513745807724,1265
2024-05-23,0.5302309332958846,1716
2024-05-24,-0.1902401451236607,1022
2024-05-25,0.6631739432918136,309
2024-05-26,1.0540690162516193,304
2024-05-27,0.4776302952437248,540
2024-05-28,0.6271772065005621,732
2024-05-29,0.2452008551692543,810
2024-05-30,0.543627213796635,740
2024-05-31,0.5894694693188874,734
2024-06-01,0.9123792463779552,350
2024-06-02,2.01231391798571,506
2024-06-03,1.00154803083489,1194
2024-06-04,0.6940088515362064,1049
2024-06-05,0.9048939410300026,1255
2024-06-06,0.4552565126332928,1602
2024-06-07,0.4736691638815297,902
2024-06-08,-1.1735395335017151,501
2024-06-09,0.6463379432506612,371
2024-06-10,0.7639768861784217,1162
2024-06-11,1.0058140900065824,1056
2024-06-12,0.7876413715485083,847
2024-06-13,0.756097602985542,767
2024-06-14,0.7612229685323453,559
2024-06-15,0.4371754175576483,243
2024-06-16,1.1120604948532502,226
2024-06-17,0.4305916064654638,567
2024-06-18,1.157804094853218,969
2024-06-19,0.8357599034804509,1240
2024-06-20,0.6922970062204792,1078
2024-06-21,-0.0184981515786102,1014
2024-06-22,0.2854210800430328,318
2024-06-23,0.9441996600143784,322
2024-06-24,-0.1589177946103949,899
2024-06-25,-0.5463323476864312,1409
2024-06-26,0.2229147359184145,1316
2024-06-27,0.6329665072739885,947
2024-06-28,0.7798220716569353,502
2024-06-29,0.9417594704131428,271
2024-06-30,1.0417778488501546,220
2024-07-01,0.3791391552500494,550
2024-07-02,0.2817930472874234,655
2024-07-03,0.5052112491798239,511
2024-07-04,0.9735852296403562,507
2024-07-05,0.8823289005132661,540
2024-07-06,0.5848940824152672,370
2024-07-07,0.9636669620301496,231
2024-07-08,0.6004606060403529,480
2024-07-09,0.9077382573515362,576
2024-07-10,0.7226955875391537,607
2024-07-11,0.6727377731969425,721
2024-07-12,0.4038815463765397,700
2024-07-13,0.5966796104043804,257
2024-07-14,1.063807501396931,237
2024-07-15,0.7667199597025286,514
2024-07-16,1.6029572197943474,593
2024-07-17,-0.0315989226653935,767
2024-07-18,-0.1676087977716188,975
2024-07-19,-0.1109466215234808,597
2024-07-20,0.3946806263748851,187
2024-07-21,0.7661340257806092,174
2024-07-22,0.1716256762662887,598
2024-07-23,0.6392046263519562,620
2024-07-24,0.5029361729047322,681
2024-07-25,-0.3440630779503943,726
2024-07-26,0.0947572580657726,664
2024-07-27,0.7724159721128157,214
2024-07-28,0.9020763965229476,245
2024-07-29,0.5851842110563259,442
2024-07-30,0.9891853573350052,659
2024-07-31,0.5169982366544971,924
2024-08-01,-0.0183198508118499,760
2024-08-02,-1.2087148596854616,993
2024-08-03,-0.4081013233265628,257
2024-08-04,-0.6187620495768492,273
2024-08-05,-2.683423094369325,1522
2024-08-06,-1.6897698783633397,1742
2024-08-07,-0.3422396957073151,837
2024-08-08,-0.7108431368907585,691
2024-08-09,-0.3231492085737532,669
2024-08-10,0.5187430514259989,239
2024-08-11,0.6122761694954314,184
2024-08-12,-0.0931392447764342,482
2024-08-13,-0.132020326534274,564
2024-08-14,-0.0007694850750922,666
2024-08-15,0.5568128743585053,440
2024-08-16,0.3639033862616443,524
2024-08-17,0.7538463991301559,236
2024-08-18,0.4791151823836774,240
2024-08-19,0.669360177281438,565
2024-08-20,0.6753999199842518,656
2024-08-21,0.8851904545276225,516
2024-08-22,1.4252692497667034,532
2024-08-23,-0.0991915380840118,817
2024-08-24,0.5570506168204067,282
2024-08-25,0.7557598961878643,239
2024-08-26,0.0833185378049486,729
2024-08-27,0.031959362268409,1072
2024-08-28,0.5808062298901585,1764
2024-08-29,0.2246891066343493,1963
2024-08-30,0.6417432341776099,1096
2024-08-31,0.6221443483656948,382
2024-09-01,0.6119634329458286,276
2024-09-02,0.3401742302698171,400
2024-09-03,-0.3659042121887516,771
2024-09-04,-1.8405485288893249,1814
2024-09-05,-0.1291547093601471,887
2024-09-06,-0.2768310186079407,670
2024-09-07,-0.078546295874536,402
2024-09-08,-0.0778832243108844,319
2024-09-09,-0.227898045966595,672
2024-09-10,0.4797893895362461,581
2024-09-11,0.5866304286333074,584
2024-09-12,0.3648004247915321,850
2024-09-13,0.6963211939681269,673
2024-09-14,0.9116005243446716,343
2024-09-15,0.4905926315385588,198
2024-09-16,0.3035273334505443,472
2024-09-17,0.5790233012631358,657
2024-09-18,0.942010365540039,532
2024-09-19,0.3102815174482319,576
2024-09-20,0.6518536903505463,448
2024-09-21,0.3879134684769912,256
2024-09-22,0.0586602280269454,205
2024-09-23,1.298370209711413,454
2024-09-24,1.6220207290832238,482
2024-09-25,0.6939195494399819,643
2024-09-26,1.2112541838183113,585
2024-09-27,0.6851828557772134,456
2024-09-28,0.6125184133809042,267
2024-09-29,0.6315189293577974,277
2024-09-30,0.2726583530438634,476
2024-10-01,0.4364541861297528,445
2024-10-02,0.6408541137854472,616
2024-10-03,1.1297960290488902,696
2024-10-04,0.3544284319799748,489
2024-10-05,1.0131177828087394,299
2024-10-06,0.7572862576189805,188
2024-10-07,0.7337110071698076,480
2024-10-08,0.7524279285104959,820
2024-10-09,1.0556437695119705,568
2024-10-10,1.0517406519685029,561
2024-10-11,1.210945371681969,439
2024-10-12,1.2178786874452392,186
2024-10-13,1.16494466216656,176
2024-10-14,1.34470023304376,522
2024-10-15,0.4614168196846951,914
2024-10-16,0.1521461812753439,790
2024-10-17,1.1300775104971288,683
2024-10-18,1.1027297663724498,614
2024-10-19,1.0793847912303858,176
2024-10-20,1.2081322646115882,201
2024-10-21,0.968636923722748,437
2024-10-22,0.7573843960940669,553
2024-10-23,0.5961432017220009,477
2024-10-24,1.151259683174464,839
2024-10-25,1.207542818181041,506
2024-10-26,0.9936113316809896,234
2024-10-27,0.801026416560226,205
2024-10-28,0.9626688070863304,380
2024-10-29,1.407015699877678,457
2024-10-30,1.051821064680802,522
2024-10-31,0.2889293895645863,704
2024-11-01,0.6081584097967032,498
2024-11-02,0.004356612733538,306
2024-11-03,0.9396876481423132,216
2024-11-04,0.4049353004140238,613
2024-11-05,0.6994162684129208,727
2024-11-06,1.6523708874586642,787
2024-11-07,1.4906829744525922,567
2024-11-08,1.213532107014864,614
2024-11-09,1.1615000228605186,202
2024-11-10,0.9422573497951002,175
2024-11-11,1.0261873203146636,457
2024-11-12,1.1416244571348495,832
2024-11-13,1.169701204305037,777
2024-11-14,1.5148143592367322,694
2024-11-15,1.190476037385542,524
2024-11-16,0.8988841775301667,230
2024-11-17,0.4380503530502516,179
2024-11-18,0.3789954277060361,949
2024-11-19,0.7320970490448284,1159
2024-11-20,0.3355012712385089,1397
2024-11-21,0.2710025384283274,1593
2024-11-22,-0.0571907143959388,1075
2024-11-23,1.1931068484111436,301
2024-11-24,1.2701181988394965,270
2024-11-25,1.1192570338524543,577
2024-11-26,1.1586029857876814,663
2024-11-27,0.9599030043165186,625
2024-11-28,0.9548226205153324,425
2024-11-29,1.518480372662248,492
2024-11-30,2.576975731774404,263
2024-12-01,1.2927113562723336,287
2024-12-02,0.6909312210112952,671
2024-12-03,0.8414641252272617,758
2024-12-04,1.411173584310208,697
2024-12-05,1.231921869248741,746
2024-12-06,1.265442349099993,541
2024-12-07,1.1358947696638455,232
2024-12-08,1.4295105962815111,223
2024-12-09,-0.4681739905115232,806
2024-12-10,-0.4003469177924912,994
2024-12-11,0.1009987826302595,859
2024-12-12,0.5718770131669688,831
2024-12-13,0.8061622211940133,673
2024-12-14,0.5082267744550778,235
2024-12-15,0.8491846876902076,212
2024-12-16,0.8320570583285585,704
2024-12-17,0.6904172929929405,915
2024-12-18,0.068141840890438,814
2024-12-19,0.3027915236248756,692
2024-12-20,0.6959857719599805,519
2024-12-21,3.3408679036494475,235
2024-12-22,1.0332621319022408,235
2024-12-23,0.3094334897358585,468
2024-12-24,1.1340117988930083,483
2024-12-25,1.2368844298500687,223
2024-12-26,0.7962475290254422,497
2024-12-27,0.0403946622793116,562
2024-12-28,0.1051795768770301,217
2024-12-29,0.7233814085090269,212
2024-12-30,0.5720921100786814,428
2024-12-31,0.6414206809580718,582
2025-01-01,0.674333895126086,327
2025-01-02,1.1079718225744797,761
2025-01-03,0.4429826092791527,598
2025-01-04,0.7597186172258226,262
2025-01-05,1.4889400007365077,288
2025-01-06,1.2437239738279524,855
2025-01-07,1.405892197434775,2329
2025-01-08,0.9377196641817084,1077
2025-01-09,1.2166679767877946,691
2025-01-10,1.0969821560816138,784
2025-01-11,1.2841552919350874,245
2025-01-12,1.5795500851868898,280
2025-01-13,0.2573885992230127,836
2025-01-14,0.0638224849451809,787
2025-01-15,0.6676509893172108,554
2025-01-16,1.442582023134021,549
2025-01-17,0.9945960272440868,491
2025-01-18,0.7105113467680793,243
2025-01-19,1.0591839976703723,250
2025-01-20,0.9645387546399926,342
2025-01-21,0.839199010664999,446
2025-01-22,1.1807233972564697,855
2025-01-23,0.7487263868580765,726
2025-01-24,1.1414810903367008,456
2025-01-25,0.6664240702754759,159
2025-01-26,1.244348000381369,194
2025-01-27,0.2137379794974348,2061
2025-01-28,-0.148014795202555,3122
2025-01-29,0.019245530276867,1819
2025-01-30,0.6554828899074686,1108
2025-01-31,0.3239562837597634,1137
2025-02-01,0.2848921039564885,496
2025-02-02,0.4392394306165733,356
2025-02-03,-0.4689142143643129,884
2025-02-04,-0.0341120722775981,681
2025-02-05,-0.2812459090300385,726
2025-02-06,0.5477196253210596,616
2025-02-07,0.8938512793705522,563
2025-02-08,0.7024778506471264,208
2025-02-09,1.073309794678221,240
2025-02-10,0.3270751854658367,447
2025-02-11,0.6252178189368398,643
2025-02-12,0.5122992515584077,424
2025-02-13,0.6475571822416577,476
2025-02-14,0.44278616290968,526
2025-02-15,0.6785566014065568,203
2025-02-16,0.3964538539573375,235
2025-02-17,0.6369437756761541,424
2025-02-18,1.0014868932775525,360
2025-02-19,0.797692586026881,427
2025-02-20,1.3809549982378673,476
2025-02-21,0.4739234670372194,596
2025-02-22,-0.0160544809372943,248
2025-02-23,0.4673235511202201,213
2025-02-24,-0.029723962044646,628
2025-02-25,-0.3072467032943488,854
2025-02-26,0.1437088569333612,1040
2025-02-27,0.498666908052612,1488
2025-02-28,-1.1336812271917012,977
2025-03-01,-0.2191745639593879,251
2025-03-02,0.1911815053331534,234
2025-03-03,-0.1258776915387581,842
2025-03-04,-0.2836267795959115,1050
2025-03-05,0.2566446186012905,604
2025-03-06,0.1610711445387352,508
2025-03-07,0.0999350453100807,482
2025-03-08,0.4853421321683868,142
2025-03-09,0.6353654818988065,146
2025-03-10,-1.3514152090824108,846
2025-03-11,-1.6372673685482355,902
2025-03-12,-0.5919743078696735,860
2025-03-13,-0.283667067607654,690
2025-03-14,-0.1086738160870048,570
2025-03-15,0.254000685026326,198
2025-03-16,0.3104297167478948,190
2025-03-17,0.479960227480779,516
2025-03-18,1.5241096861340766,918
2025-03-19,1.3394001630197554,1242
2025-03-20,1.1219866195473345,814
2025-03-21,0.8419333569909514,663
2025-03-22,0.99048754160359,238
2025-03-23,0.2109816750588971,297
2025-03-24,0.5772880617290708,627
2025-03-25,0.7830862780947538,677
2025-03-26,0.305673295107959,646
2025-03-27,0.1731145136185884,644
2025-03-28,0.3404119304939662,480
2025-03-29,0.3445892685620952,241
2025-03-30,0.4600023780941034,143
2025-03-31,-0.1314796150860754,514
2025-04-01,-0.1734074485696319,471
2025-04-02,0.3367157125436534,409
2025-04-03,-1.1762390884219027,942
2025-04-04,-1.9922747315285727,744
2025-04-05,-1.0109013313894075,300
2025-04-06,0.1377518907438876,181
2025-04-07,-0.6336035878598582,480
2025-04-08,-0.0937940315238993,547
2025-04-09,-0.4308823936121301,606
2025-04-10,-0.204116665989653,633
2025-04-11,0.3490153688389631,469
2025-04-12,-0.0416791707601541,714
2025-04-13,-0.675677976954645,452
2025-04-14,-0.09206271945996,1000
2025-04-15,0.5659517540974519,694
2025-04-16,-1.556134662570467,1654
2025-04-17,-1.505054035122424,1308
2025-04-18,-0.3690021932341885,451
2025-04-19,0.0068786207360312,174
2025-04-20,0.2994309746327678,212
2025-04-21,-0.943114873793072,676
2025-04-22,-0.6917534863022516,557
2025-04-23,-0.2427485828474552,686
2025-04-24,0.2592193053968231,505
2025-04-25,0.1391622386681893,418
2025-04-26,0.2396072275577909,190
2025-04-27,0.520814504125348,171
2025-04-28,0.5242998615177448,547
2025-04-29,0.4329554291522146,406
2025-04-30,-0.2655866420642409,572
2025-05-01,0.0211103215707171,564
2025-05-02,0.1033910120859041,428
2025-05-03,0.7125045581207395,198
2025-05-04,1.127287300478718,126
2025-05-05,-0.1595500798769438,336
2025-05-06,0.5669249911556886,402
2025-05-07,0.5971909442140121,410
2025-05-08,0.4978755428532828,508
2025-05-09,0.8445743986755926,350
2025-05-10,1.0249227948913444,151
2025-05-11,1.642824052445588,170
2025-05-12,0.9843822211237964,489
2025-05-13,1.0216914136224666,844
2025-05-14,0.4550161513020156,981
2025-05-15,0.8132222317264908,800
2025-05-16,1.1663974230124847,624
2025-05-17,0.3529391450018875,240
2025-05-18,0.7712327844567106,223
2025-05-19,1.2549113635066442,948
2025-05-20,1.3352343042136252,673
2025-05-21,0.2626685583998695,688
2025-05-22,0.8292154279047637,541
2025-05-23,0.4881792140411646,639
2025-05-24,0.7015964196091615,302
2025-05-25,0.7968184246947494,187
2025-05-26,0.2644148842315835,349
2025-05-27,0.2612417676143175,652
2025-05-28,-0.1693629600648927,1167
2025-05-29,-0.3812841362893943,1560
2025-05-30,0.1593373220403356,714
2025-05-31,0.5384563030188143,218
2025-06-01,0.4376922920318621,175
2025-06-02,0.4641037525440379,371
2025-06-03,0.025661150100495,471
2025-06-04,0.6526760820921803,647
2025-06-05,1.111929201255002,420
2025-06-06,1.090726731344893,310
2025-06-07,1.2067061155770118,152
2025-06-08,0.9037537674669464,206
2025-06-09,0.7784345796090685,581
2025-06-10,-0.8049044498278504,1288
2025-06-11,1.6373267669086542,548
2025-06-12,1.3567221741721962,479
2025-06-13,1.1925866855098732,466
2025-06-14,0.3286927007752227,114
2025-07-02,0.5761573408518714,555
2025-07-03,0.9143514867436894,578
2025-07-04,1.0121530185541336,398
2025-07-05,1.176922420880298,241
2025-07-06,1.3109411126207666,161
2025-07-07,0.6018845502530232,341
2025-07-08,0.7864491365293653,484
2025-07-09,0.4063958423204204,956
2025-07-10,0.4591722180510206,997
2025-07-11,0.2897063447914392,656
2025-07-12,0.5956358801265724,363
2025-07-13,0.6640265731790995,186
2025-07-14,0.2268788866860554,501
2025-07-15,0.4566499498557773,1130
2025-07-16,0.1940808952864326,1052
2025-07-17,0.7124397041464051,687
2025-07-18,0.5523252144810794,643
2025-07-19,0.4713445528338011,252
2025-07-20,0.8827670611335858,222
2025-07-21,0.8412686211847791,458
2025-07-22,0.7963844581553239,413
2025-07-23,0.5926142409272566,572
2025-07-24,0.720875226549827,617
2025-07-25,0.227505379354227,739
2025-07-26,0.4429737258086579,292
2025-07-27,0.6482469955800785,197
2025-07-28,0.5454752915634157,533
2025-07-29,0.7316213266563768,487
2025-07-30,1.04489596534153,461
2025-07-31,0.6047995155875487,737
2025-08-01,0.1877678251710563,716
2025-08-02,0.4473042034822824,170
2025-08-03,0.6731929111281147,175
2025-08-04,0.9269705801028906,375
2025-08-05,0.7540928227445408,524
2025-08-06,0.1932840698138057,645
2025-08-07,0.2163511994140753,1100
2025-08-08,-0.0621076762604853,660
2025-08-09,-0.4479236011994038,344
2025-08-10,-1.0502956077874108,473
2025-08-11,-0.2081010318039189,1262
2025-08-12,0.2502549884483959,979
2025-08-13,0.5475217248896179,588
2025-08-14,0.1004431110350272,673
2025-08-15,0.1434742127760096,469
2025-08-16,0.0534118340241383,192
2025-08-17,0.6540187880946841,194
2025-08-18,1.2495195757797173,406
2025-08-19,0.4775653842032318,857
2025-08-20,-0.6519665319216215,915
2025-08-21,-0.5280326058780437,780
2025-08-22,0.0512414064573851,1102
2025-08-23,0.5495756582867725,414
2025-08-24,0.5040271278225379,258
2025-08-25,0.3744697228767512,828
2025-08-26,0.0942399193680413,1097
2025-08-27,-0.0233441768704806,1469
2025-08-28,0.0321658301206618,1598
2025-08-29,0.2472040013869996,1007
2025-08-30,0.5670763416057569,376
2025-08-31,0.637972649041094,310
2025-09-01,0.3474924195164771,395
2025-09-02,0.2018287337876477,573
2025-09-03,0.4913954414736547,498
2025-09-04,1.0841989038263713,430
2025-09-05,0.8603924693963864,690
2025-09-06,0.0889776530319276,344
2025-09-07,0.4896960442017792,174
2025-09-08,1.048961847441292,426
2025-09-09,0.7007945440294675,703
2025-09-10,0.9282036801317944,685
2025-09-11,1.0357062442851068,584
2025-09-12,1.0943423755192163,654
2025-09-13,1.0141793674698287,340
2025-09-14,1.4177988901645031,494
2025-09-15,-1.0465499174214028,1229
2025-09-16,0.3575370781196575,1067
2025-09-17,0.4556672918085923,1344
2025-09-18,0.2473662892489392,1768
2025-09-19,0.3745345213632748,1092
2025-09-20,0.6964731186201076,333
2025-09-21,0.5982256097330254,260
2025-09-22,0.9526319207452368,890
2025-09-23,0.6032026621451285,1142
2025-09-24,0.2828029516704288,843
2025-09-25,0.9077019690126056,693
2025-09-26,0.5992555298612635,574
2025-09-27,1.1611873705804272,346
2025-09-28,0.8729877282885584,219
2025-09-29,0.7616814747311164,431
2025-09-30,1.0483342555794686,486
2025-10-01,0.7791216700140918,491
2025-10-02,0.7765125661862015,602
2025-10-03,0.4319173502959732,646
2025-10-04,0.6517432195680162,235
2025-10-05,0.7394957710964182,199
2025-10-06,1.577011710333586,840
2025-10-07,0.8579992846674604,696
2025-10-08,0.5329108757698441,869
2025-10-09,1.010470752907343,743
2025-10-10,-0.1199190841722804,714
2025-10-11,-0.5040151656339733,364
2025-10-12,0.1888157575145382,303
2025-10-13,0.4190056468235383,809
2025-10-14,1.3331493215567118,776
2025-10-15,0.6532070021771303,863
2025-10-16,1.1925591321851494,807
2025-10-17,0.6962486825778816,518
2025-10-18,1.1887210463872306,248
2025-10-19,0.8276757485455895,250
2025-10-20,0.904560427942486,411
2025-10-21,0.9957237881709632,534
2025-10-22,1.3705943354479333,444
2025-10-23,1.1301842241182631,599
2025-10-24,0.7921112602276051,661
2025-10-25,1.0758964489567078,213
2025-10-26,0.9529868962733608,221
2025-10-27,1.1779234833558632,626
2025-10-28,1.786508457937917,1220
2025-10-29,0.7671787016204729,3108
2025-10-30,0.5077998485520706,1748
2025-10-31,1.427147054233857,1305
2025-11-01,1.3596452245928077,523
2025-11-02,1.1325802838172985,414
2025-11-03,1.2023618354062229,1396
2025-11-04,0.5913111618955191,1421
2025-11-05,0.5224389067294013,1267
2025-11-06,0.7409519686597283,1124
2025-11-07,0.0937638180209003,1040
2025-11-08,0.0641005893189878,429
2025-11-09,0.2501119017242594,323
2025-11-10,0.6028321603131239,778
2025-11-11,0.2733386970404811,1036
2025-11-12,0.6349759774601523,1140
2025-11-13,0.3133656791529723,881
2025-11-14,-1.1675862842858753,949
2025-11-15,0.0765243456895778,377
2025-11-16,0.0979670856142029,310
2025-11-17,-0.2034751037555652,1023
2025-11-18,-0.3889814851292476,1560
2025-11-19,-0.0818991060142143,1878
2025-11-20,-0.0934053418785924,2521
2025-11-21,-0.8254723981113994,1605
2025-11-22,-0.3970229315763995,582
2025-11-23,-0.1510909560305809,394
2025-11-24,0.0340727239629037,897
2025-11-25,0.6086884518999527,1162
2025-11-26,0.302785589321166,883
2025-11-27,0.3883044464355434,573
2025-11-28,0.188429270911101,490
2025-11-29,0.7016540039855692,283
2025-11-30,0.5823839500165708,259
2025-12-01,0.6874541554155096,945
2025-12-02,0.6152796815981743,869
2025-12-03,0.7981629147851546,827
2025-12-04,0.5585901308419646,754
2025-12-05,0.8551576957470554,581
2025-12-06,0.7297554129217115,273
2025-12-07,0.8018040811197524,229
2025-12-08,1.1717269427534716,495
2025-12-09,0.5774133593350623,1356
2025-12-10,0.4952629592182008,781
2025-12-11,0.3468006028901099,1084
2025-12-12,0.2421868999312703,983
2025-12-13,0.3445937265357631,351
2025-12-14,0.5211941977845512,340
2025-12-15,0.1409828288926686,620
2025-12-16,0.5094514684217704,617
2025-12-17,0.4697640575791623,646
2025-12-18,0.4061876414232409,812
2025-12-19,0.3376394765783033,773
2025-12-20,0.3632401699082652,439
2025-12-21,0.3719247582569377,257
2025-12-22,0.4437191831752235,788
2025-12-23,0.2871624545153678,678
2025-12-24,0.1108941523098985,541
2025-12-25,1.1856313335316944,347
2025-12-26,0.83009923535429,352
2025-12-27,1.20796260592736,315
2025-12-28,0.9004937841533982,258
2025-12-29,0.5266306065200376,651
2025-12-30,0.3279674852820265,745
2025-12-31,-0.48979909071653,714
2026-01-01,0.4999072093470381,326
2026-01-02,0.5076012476030414,665
2026-01-03,0.2989748194978884,244
2026-01-04,0.6976634310558248,209
2026-01-05,0.7732739473204736,880
2026-01-06,1.7876966309471851,1777
2026-01-07,1.5159304517261407,1311
2026-01-08,0.9867675598399172,956
2026-01-09,0.9356523921219078,695
2026-01-10,1.0782375653891632,325
2026-01-11,0.9108005051083596,287
2026-01-12,1.2570633555417492,562
2026-01-13,0.7953763579235167,808
2026-01-14,1.2178805399740231,825
2026-01-15,0.4762724481269688,1012
2026-01-16,0.8263503147564647,787
2026-01-17,0.7164752588726879,370
2026-01-18,1.1127347213364494,331
2026-01-19,0.5703583503087447,641
2026-01-20,0.231468380782552,744
2026-01-21,0.3436215326103931,683
2026-01-22,0.9647693929307332,658
2026-01-23,0.2167359584288553,632
2026-01-24,0.8056212513856964,327
2026-01-25,0.75556818296559,220
2026-01-26,1.065217871035611,663
2026-01-27,0.849136104938904,668
2026-01-28,0.9188959750994355,840
2026-01-29,1.0612294079866522,942
2026-01-30,0.4532564649188985,590
2026-01-31,0.6679766343920494,312
2026-02-01,0.8740797500261328,285
2026-02-02,-0.0292847373929252,666
2026-02-03,0.9317416833115204,753
2026-02-04,0.6660285112682068,882
2026-02-05,0.4465800442239609,765
2026-02-06,0.2084655042780548,878
2026-02-07,0.1624798280227546,509
2026-02-08,0.508895560873056,251
2026-02-09,0.4853354984227983,679
2026-02-10,0.7453216356359139,683
2026-02-11,0.7649528270554193,647
2026-02-12,1.0233020671442947,689
2026-02-13,0.6948621436497011,787
2026-02-14,1.4002484857751298,465
2026-02-15,0.830418117052149,446
2026-02-16,0.5683433182429097,493
2026-02-17,0.344311812751555,642
2026-02-18,1.1055785443706327,908
2026-02-19,0.5937192653067018,990
2026-02-20,0.9047737626570874,639
2026-02-21,1.944104723777944,370
2026-02-22,1.5113876189881723,346
2026-02-23,0.1395206983024179,637
2026-02-24,-0.161655807957566,875
2026-02-25,0.5528144769584594,1339
2026-02-26,0.5164409511922566,1953
2026-02-27,0.0359469553745365,1351
2026-02-28,0.6575407144294935,450
2026-03-01,0.518079816039013,312
2026-03-02,0.3779499796332771,596
2026-03-03,-0.4619101395657479,919
2026-03-04,0.5169160234950714,764
2026-03-05,0.0410856263425723,836
2026-03-06,0.2628241991786041,650
2026-03-07,0.6991051633991333,388
2026-03-08,0.2778810752523395,233
2026-03-09,-0.0278713573847617,657
2026-03-10,0.6362801864143554,636
2026-03-11,0.7908192174318627,774
2026-03-12,0.563284233609371,673
2026-03-13,0.6917093873688454,556
2026-03-14,0.5957171993338436,326
2026-03-15,0.6385298047096621,316
2026-03-16,0.9509508828317772,1049
2026-03-17,1.0642625499387046,1743
2026-03-18,1.0638755973309215,1219
2026-03-19,1.012336219140762,838
2026-03-20,-0.4559207100695679,681
2026-03-21,-0.5867229349427312,489
2026-03-22,0.4660438712593279,295
2026-03-23,0.5415645878391838,488
2026-03-24,0.6304181653329446,572
2026-03-25,0.6218525742472023,590
2026-03-26,-0.1877199267516824,822
2026-03-27,-0.3897753307450697,680
2026-03-28,-0.2521214768384757,289
2026-03-29,0.3427728665396842,241
2026-03-30,0.1067749419999669,499
2026-03-31,0.0768109295386495,685
2026-04-01,-0.2081023414801333,750
2026-04-02,0.2587990540748718,491
2026-04-03,0.1959074799539221,499
2026-04-04,0.3280012842318762,241
2026-04-05,0.3496367296117351,215
2026-04-06,-0.0311538911600724,404
2026-04-07,0.6282675129409188,467
2026-04-08,0.2718524203237203,699
2026-04-09,0.5862755483078437,588
2026-04-10,0.2982347030579849,562
2026-04-11,0.0582605289763611,321
2026-04-12,0.0127968146536921,293
2026-04-13,0.6021896023162918,462
2026-04-14,0.7978607301105775,555
2026-04-15,0.8156462113074885,521
2026-04-16,0.811154763014117,618
2026-04-17,0.5389612178881853,511
2026-04-18,0.4346128197091586,279
2026-04-19,0.3974638417155391,283
2026-04-20,0.9637333117996836,569
2026-04-21,1.3268323278390397,748
2026-04-22,2.394302724272824,899
2026-04-23,1.1291279122520608,808
2026-04-24,1.2910943546913731,950
2026-04-25,0.9720494043427396,415
2026-04-26,0.6946502621760196,296
2026-04-27,0.4026073947439881,517
2026-04-28,0.5860869536601189,887
2026-04-29,0.62468791489952,739
2026-04-30,0.9791319888240684,795
2026-05-01,0.7859939188805002,677
2026-05-02,0.4906325109405092,532
2026-05-03,0.8454899409148383,353
2026-05-04,0.6568550420850335,509
2026-05-05,1.037620924712419,739
2026-05-06,1.2650856406654656,1069
2026-05-07,1.2652682150615449,962
2026-05-08,1.050586471958294,780
2026-05-09,0.9155757835724416,429
2026-05-10,0.5844748643168021,310
2026-05-11,0.2072242044600292,732
2026-05-12,0.3535488288398875,731
2026-05-13,0.3180532183891756,1314
2026-05-14,0.3853235833867167,1589
2026-05-15,0.2582265851418059,1328
2026-05-16,0.2496462363955165,531
2026-05-17,-0.3411977658406081,370
2026-05-18,-0.9705144071690204,870
2026-05-19,-0.0957953842265113,960
2026-05-20,-0.0177968629801163,1291
2026-05-21,0.6381973315376034,1487
2026-05-22,0.3512919229976236,778
2026-05-23,0.8188458585610083,349
2026-05-24,0.3867896354556128,400
2026-05-25,0.6773947404655936,561
2026-05-26,1.05298133005164,806
2026-05-27,0.7578133355319305,1147
2026-05-28,1.0876790031435617,886
2026-05-29,0.9836344956778764,618
2026-05-30,0.655883755418088,391
2026-05-31,0.6736678638431673,374
2026-06-01,0.9376441189635089,1717
2026-06-02,1.1316141133248476,1523
2026-06-03,1.0610820883923708,1171
2026-06-04,0.9648809196805844,1031
2026-06-05,0.1277582100297636,1139
2026-06-06,-0.1956645438571754,568
2026-06-07,0.5567546734587767,690
2026-06-08,0.7917621531934498,1254
2026-06-09,0.2680565325367423,1006
2026-06-10,0.7136547078287228,925
2026-06-11,0.6076317882738232,812
2026-06-12,0.5073057236231654,652
2026-06-13,0.8852169603805683,313
2026-06-14,0.6930886106200065,339
2026-06-15,0.7979856456251608,654
2026-06-16,0.5388837637481871,859
2026-06-17,0.5925148264792267,837
2026-06-18,0.7978299662782493,785
2026-06-19,0.2411890436049557,602
2026-06-20,1.0012604846074022,376
2026-06-21,0.3686411467910682,267
2026-06-22,0.0177827958225988,720
2026-06-23,0.2518896336260914,983
2026-06-24,0.6634799410612442,1577
2026-06-25,0.8605980947544514,969
2026-06-26,0.3810803053340417,669
2026-06-27,0.173224801837363,451
2026-06-28,0.6566323138751046,331
2026-06-29,0.0926591809021341,567
2026-06-30,0.1793297857652676,700
2026-07-01,0.0532969819431476,754
2026-07-02,-0.0874630953484206,749
2026-07-03,0.4297310079276691,727
2026-07-04,0.5298932053608691,318
2026-07-05,0.4280767168462004,286
2026-07-06,0.4579561516962935,535
2026-07-07,0.5144895683663296,853
2026-07-08,0.598137178002497,800
2026-07-09,0.4076209796727869,688
2026-07-10,0.6004203073498966,830
2026-07-11,0.1464649241989317,425
2026-07-12,0.355425991980867,248
2026-07-13,0.107935143365967,639
2026-07-14,0.1955961853481151,644
2026-07-15,0.8746102869855455,649
2026-07-16,1.2471142404126057,929
2026-07-17,0.6905944579339947,937
2026-07-18,0.3973687890991347,392
2026-07-19,0.9571502151002732,431
2026-07-20,0.3178423338300473,640
2026-07-21,0.8469090889033567,806
2026-07-22,0.682698176305044,808
2026-07-23,0.8955780227182844,613
2026-07-24,1.6450723005031802,840
2026-07-25,1.3246047149520228,731
2026-07-26,0.7809584317348714,548
2026-07-27,0.8576887991339366,1074
2026-07-28,-0.4623479631135145,1187
2026-07-29,-0.4292447510627545,1166
2026-07-30,0.7846747339142112,923
2026-07-31,0.9801771817198645,766
2026-08-01,0.7235974482530028,418
2026-08-02,0.1668481254839355,337
2026-08-03,0.070126805056652,642
2026-08-04,0.9177800427986632,817
2026-08-05,0.8642655480173638,920
2026-08-06,0.842705807011906,746
2026-08-07,1.0440788670932146,722
2026-08-08,0.8448209066714987,325
2026-08-09,0.7160283056328615,324
2026-08-10,0.4879990615568436,652
2026-08-11,0.630246383474981,1075
2026-08-12,0.5130811259237016,931
2026-08-13,0.8815550056920892,777
2026-08-14,0.7829404190916542,710
2026-08-15,0.4250891092343958,502
2026-08-16,0.5860970233788068,242
2026-08-17,0.7233255663112511,605
2026-08-18,0.6154762995236667,770
2026-08-19,0.1250506221804593,618
2026-08-20,0.6221935194928948,502
2026-08-21,0.3027343580413849,551
2026-08-22,0.3267565922616089,381
2026-08-23,0.1266004448428703,350
2026-08-24,-0.6942513679106121,906
2026-08-25,-0.17600289460196716,1119
2026-08-26,0.220602058663889,1321
2026-08-27,0.572086629866741,1984
