date,n2_nvda_dir,n2_nvda_mag,n2_nvda_conflict,n2_nvda_novelty,n2_macro_mag,n2_hyper_dir,n2_brokers_dir,n2_macro_tone_sd,n2_cross_divergence,n2_nvda_count_z,n2_macro_count_z,n2_nvda_dir_d3,n2_nvda_dir_d10,n2_nvda_mag_d3,n2_nvda_mag_d10,n2_macro_mag_d3,n2_macro_mag_d10,n2_hyper_dir_d3,n2_hyper_dir_d10,n2_brokers_dir_d3,n2_brokers_dir_d10
2018-01-02,0.0020232208,0.024465919,0.0022798693,,0.02349291,0.003196876,0.003025611,2.713195431636777,1.0915596076345169,,,0.0020232207607477903,0.0020232207607477903,0.02446591854095459,0.02446591854095459,0.023492909967899323,0.023492909967899323,0.0031968760304152966,0.0031968760304152966,0.0030256109312176704,0.0030256109312176704
2018-01-03,0.002513354,0.024775751,0.00077835313,,0.02320433,0.0023468335,0.0034081433,2.643851106829861,0.7817589151487524,,,0.002296473278567461,0.002276777315180912,0.024638652166013374,0.024626201575687873,0.023332024910003704,0.023343621458994504,0.0027229716362563213,0.0027571305295413942,0.003238875275002296,0.003223503242055063
2018-01-04,0.0028410172,0.0276298,,,0.023150193,0.0015347035,0.003126396,2.1934128636686347,1.5114593003133618,,,0.00252115153141832,0.0024780339864293446,0.025872796673841594,0.02569754420073363,0.02325700107931284,0.023274628014873858,0.0022326934684782146,0.002321107500891623,0.003192466485351785,0.0031888664491611304
2018-01-05,0.0038704723,0.025736757,0.0015225699,,0.023821734,0.0025361907,0.0026424846,2.4957852386398898,1.0233220535845964,,,0.0029826690456066806,0.0028631284277538427,0.025826265954760133,0.02570838883599557,0.023450160547121592,0.02342593628341136,0.0023365007156055796,0.002380591165449623,0.0030043523841802497,0.0030377584227154436
2018-01-08,0.0032773376,0.02460524,0.0010359072,,0.023403365,0.0035715029,0.0030557238,2.083183343169559,1.1525741129799154,,,0.0030714109804427145,0.0029578330857139984,0.02545854388833821,0.025456165405632943,0.02343606772294413,0.023420775630378414,0.0027084320334049236,0.0026528808215331096,0.0030198233344788795,0.003041866031982473
2018-01-09,0.0037380515,0.024821697,0.0017341102,,0.023670966,0.0029643916,0.0028177986,2.3006990094815545,0.7417781953366829,,,0.003254781102132792,0.003111395176631479,0.025283368930019215,0.025331289701839926,0.023500680190823478,0.023470017900347587,0.002778837800312866,0.0027141921744944,0.0029642532165135007,0.0029977652312274746
2018-01-10,0.0036521982,0.024761006,0.0019059203,,0.02346801,0.0029050093,0.0033504562,2.408771070439052,0.5609325000933907,,,0.003357063433779652,0.0032056026297888557,0.02514892964899851,0.02523194678662654,0.023492271972033987,0.0234696681479607,0.002811310271716848,0.0027474323648395546,0.0030636493987304604,0.0030592037185857048
2018-01-11,0.0020853372,0.024339689,0.0013448525,,0.02363474,0.0024192682,0.0035427467,2.3228630401794,0.7337728427659914,,,0.0030456647588716253,0.003029352939377673,0.02495077656091078,0.025091569191929876,0.023527156926429118,0.023495638533317535,0.0027153136946517446,0.0026958027940450434,0.0031809625776203724,0.0031352788061274704
2018-01-12,0.0022063197,0.024782168,0.000833335,,0.023215229,0.003442539,0.0032281852,2.3158036536154967,0.6991859547887771,,,0.0028477716822423657,0.002910597288689714,0.02491102352148564,0.025046925587586363,0.023453613348422355,0.023455178133880417,0.002886772183566922,0.002803549515893309,0.0031920963020895,0.003148684295424277
2018-01-16,0.003648775,0.024684878,0.0014599201,,0.02344686,0.0026825487,0.0031200298,2.4530854052467945,1.5020103242431362,,,0.00303121845632366,0.0030094643855573433,0.024859231404160048,0.02499843510872645,0.023452066640386137,0.023454064024921447,0.002840000667240254,0.002787343392551795,0.0031755915433877646,0.003144846485197742
2018-01-17,0.004215212,0.024391899,0.00085663557,0.2303343572313057,0.023132212,0.003866682,0.0027459878,2.292067087748792,0.8354714598470386,,,0.0032963538181863517,0.003160819235259039,0.024754580184156785,0.024922297953443095,0.023380440702001043,0.023413662707358156,0.0030699086154106106,0.0029228303968045523,0.0030793890556721584,0.003094778639504336
2018-01-18,0.0033037874,0.02491724,0.0011314225,0.17596426731743864,0.02299502,0.00046068194,0.0032445928,2.5531686770271977,1.0604853468338398,,,0.003297989606878221,0.0031777728987788215,0.02479037377865336,0.0249216980835961,0.02329562766094131,0.02336401852926908,0.0024957410524231428,0.002630860325284069,0.003115742599404709,0.0031125441212975845
2018-01-19,0.0024221013,0.02569709,0.00094112515,0.19435124065613651,0.02171597,0.0041787773,0.0030599635,2.8628829918481395,1.037752837438527,,,0.0031078628335651534,0.0030925610841041375,0.024987192234860768,0.025009133594139105,0.02295273566549889,0.023178179665982766,0.0028610733289486773,0.0028054081354600175,0.003103634768386966,0.0031066149670112182
2018-01-22,0.0031664076,0.025033548,0.0013033686,0.078252444081363,0.023399802,0.002617625,0.0032212012,1.949891616365056,0.9175610131112634,,,0.0031204356057550307,0.003100523587607955,0.024997147465314545,0.02501176613029036,0.023048745343859315,0.02320207610144328,0.0028087916143474533,0.0027851604116492313,0.003128882747507121,0.0031189702403702853
2018-01-23,0.002773266,0.024663165,0.0012250782,0.09198910406825722,0.023451205,0.002635149,0.0030744125,1.9117106972291693,0.7598638759683088,,,0.003046504358102552,0.0030666221674714696,0.024926024509695492,0.02497565369605786,0.023134450929548935,0.023227884017805633,0.0027718136848471483,0.0027696203626792577,0.0031172830672730584,0.003114354390049825
2018-01-24,0.0027483446,0.02449656,0.0010717834,0.08568017628244018,0.023213234,0.0016185314,0.0033003795,2.046459046018212,1.3809397165774504,,,0.0029834296987232265,0.0030348159191024965,0.024835172993258003,0.02492777680007248,0.02315111716912235,0.023226419986110938,0.00252784086712244,0.0026545892703920505,0.003156016474402976,0.003132944327172395
2018-01-25,0.003626213,0.024554422,0.0012238048,0.21536986763621546,0.02344149,0.0032373294,0.003054232,2.372690529929585,0.816024981022397,,,0.003118698481284728,0.003092029577652914,0.02477609113566404,0.024891657262757348,0.02321222384962568,0.0232472265332963,0.002677147268705978,0.0027109654352570674,0.003134596737629817,0.0031253294524097213
2018-01-26,0.003721857,0.025129326,0.0011300549,0.17563074787277966,0.023198815,0.0024250122,0.0031370784,2.297018405155021,1.2406070898258528,,,0.003245104861553814,0.003151199265166389,0.024850119938028468,0.02491398523140966,0.023209413715579302,0.02324267847522507,0.0026243062919996864,0.0026841013057683906,0.0031351168232210424,0.0031264332146869194
2018-01-29,0.0020796556,0.025257638,0.0012252743,0.16506895187206982,0.023196112,0.0024648577,0.002824496,2.3910830488442456,0.9842865288916096,,,0.003001654130584106,0.003053176698285016,0.024935246344129632,0.02494542184207353,0.023206635195845274,0.02323841870489777,0.0025909990592096685,0.0026640453551759883,0.0030702312300123083,0.0030988126314610365
2018-01-30,0.0039147446,0.025200048,0.0016033206,0.1460828179462499,0.023292039,0.0031287186,0.0035441876,2.305361599740205,2.6401287739411177,-0.959855794741551,-0.5487308085094013,0.0031918967966542222,0.003130105530965806,0.02499041794307044,0.02496815728604935,0.02322442901804203,0.023243206389271652,0.0027030330802947974,0.002705535723308306,0.0031689801870114142,0.0031385798739850855
2018-01-31,0.0033217254,0.024865635,0.0015858812,0.12438931417778243,0.023459258,0.0023018317,0.0027103461,2.2020946639584458,0.842147204293583,-0.9169620209707425,-0.13590350560605388,0.00321889126547967,0.0031468415571318893,0.0249644725352887,0.02495920299572896,0.023273255479043416,0.023262076237436303,0.002619613739091556,0.0026702763303232315,0.003073619215211219,0.003101178059736686
2018-02-01,0.0021786685,0.025164442,0.0022801363,0.20074665417796655,0.024881124,0.0038166943,0.0026196812,2.3224641429539177,1.521471556467238,-0.709710993986349,0.19959358451548798,0.0030029548830409094,0.0030639699160446296,0.0250059835598704,0.024976770624260024,0.023607027661283874,0.02340066012659292,0.002868111702214864,0.0027684050016486303,0.002979387728373323,0.003059963902192776
2018-02-02,0.0019191687,0.024651594,0.001368681,0.1741963319115174,0.023299038,0.0049959966,0.0032362367,2.3120508507517257,0.8517477854902131,-0.7217961396305989,-0.40618723395995404,0.002778264544578666,0.002967771698157117,0.024932511678213448,0.024949445907687814,0.023543175387562232,0.02339212080267049,0.003309264399393994,0.002955590643479517,0.00303263761915886,0.0030747761981537274
2018-02-05,0.0026622366,0.024966653,0.0015422641,0.05836234160555187,0.023814395,0.0025644763,0.0026410497,2.169307120259752,1.2964213353212786,0.14008657377050013,0.8300762602000453,0.00275423416567074,0.0029425281704676216,0.02493958272625534,0.024950867605840543,0.023599347286889328,0.023427009400282472,0.0031550124673176768,0.0029232765038257106,0.002951536431635424,0.0030389414074606814
2018-02-06,0.0035102316,0.025252959,0.0013184585,0.10812857741283655,0.023746707,0.0027143941,0.0027827737,2.6367329908996764,1.3921633506893636,-0.40856493964853646,-0.6098274223157327,0.0029106810893070284,0.002988709323682598,0.025004433098737157,0.024975441911183054,0.023629841969893695,0.023453015905804456,0.00306383043517515,0.0029062844824897112,0.002916612489313216,0.0030181028507040033
2018-02-07,0.0029898207,0.025111564,0.0013539456,0.12417464571191772,0.023624476,0.003871082,0.0031322876,2.0769430228917263,1.237190117981683,-0.02078239578656408,-0.23042100743512703,0.0029270478182204388,0.002988798447130131,0.025026588564741572,0.02498635806013637,0.023628732251710895,0.023466765997820476,0.003230776847026418,0.0029836555612043256,0.0029612159200141015,0.0030272597978648658
2018-02-08,0.0033423158,0.024544261,0.0017532689,0.11497756403276727,0.023306618,0.0019477753,0.0027568978,2.3214477985697988,1.9239886111091908,-0.1368384797258416,-0.20878919426487433,0.0030128850326574886,0.003016778360033251,0.02492688999975268,0.02495136734045047,0.023562150107353054,0.023454090691301055,0.002965576322686254,0.002901668519632457,0.0029189827179121625,0.003005861400758461
2018-02-09,0.0033521382,0.024967346,0.0013713399,0.11132621939760678,0.022996293,0.0020266133,0.0031656674,2.3495821188316826,0.8301757251926893,-0.22665514365609846,-0.46019078935243046,0.0030829814486957306,0.003043001752118384,0.024935249079767758,0.024952616814937503,0.023445232917709013,0.023418293328462327,0.0027715680014346335,0.002833243766590636,0.0029699526537395253,0.003018357397567006
2018-02-12,0.002501437,0.025362508,0.0014651143,0.05926453963425482,0.022639431,0.003308213,0.003118214,2.7433946282368384,1.6549957984227528,1.7787681846487102,1.5881155633548503,0.0029628613348400596,0.0030011243997236617,0.025023501031379205,0.02498431232741768,0.023278791630200264,0.023358066572440925,0.002882413983480728,0.00286997151972015,0.0030005765635953384,0.0030260789644473017
2018-02-13,0.0025141246,0.025220321,0.0008497721,0.14190178884204174,0.023365457,0.0028418237,0.0027717731,2.60020256977942,0.7170274891866024,-0.6444338382726714,-0.36519489245087544,0.0028701966927752428,0.0029638524926410715,0.025064144679811873,0.025002374987622436,0.023296688047107578,0.02335863215960577,0.002874032050952467,0.0028678172648840716,0.0029533283974326023,0.0030066159928878694
2018-02-14,0.004630162,0.0250554,0.0012766091,0.10313775951213655,0.023759352,0.00029199698,0.0032370796,2.431719698167563,0.8056102669841726,-0.5874085612573742,-0.44176288508221084,0.003233558233266266,0.003090172886727035,0.025062339085101738,0.02500639467018364,0.02339220942460709,0.023389010127193445,0.0023409463811757104,0.002672548229901089,0.0030119115281561633,0.0030240870896697564
2018-02-15,0.0031537025,0.02439486,0.0009303369,0.11410717047669561,0.02356989,0.004175174,0.0030131,2.5689785480672667,1.5818258116571215,-0.5838909561125739,-0.20598413829930814,0.0032170738916518496,0.0030949467606669946,0.02492455383734479,0.024960441484141976,0.023428887267244583,0.023402602135008898,0.0027195795180114416,0.0027854616961171435,0.003012156862142476,0.003023261475402436
2018-02-16,0.0027418232,0.02491316,0.0011728129,0.08375050667653883,0.024439039,0.0012603526,0.0034177203,3.0241262752357017,1.421073539881897,-0.39237179488479657,-0.3889986647406014,0.003118982028701856,0.003068626829143068,0.024922202173317736,0.02495691738619973,0.023637382782766052,0.023479852545720426,0.0024183946999252943,0.002671788259070927,0.0030958652633601095,0.0030526623171919062
2018-02-20,0.0031857672,0.02520754,0.0014398475,0.07732846600643739,0.02379335,0.0029049662,0.003023599,2.9353207491348616,1.725192080763428,0.8800073569958166,2.3492003245623807,0.0031327651190787326,0.0030772922670765654,0.024981090043016643,0.024975457148295993,0.02366957139905208,0.023503043527739,0.0025188130699156843,0.0026890375562906655,0.0030809509998180286,0.003050512366862931
2018-02-21,0.004128081,0.02394093,0.0013182301,0.16888857785387845,0.02362132,0.0034152977,0.0027112674,2.5442141717347435,1.488711421413648,-0.21561629045018046,-0.7598271876568995,0.0033381613984985567,0.0031544832111683853,0.024766439576715142,0.024899460775783172,0.023659614247469412,0.023511732172750516,0.0027038142870310098,0.0027423886408161798,0.0030046620102373097,0.0030255914286500575
2018-02-22,0.0037837853,0.024813375,0.001808392,0.16364793889110374,0.023824817,0.0028181262,0.003806435,2.2106285672725288,1.484985399515689,-0.41775507530278216,-0.20485465974580733,0.0034301158191009347,0.003200413525987338,0.02477612459212491,0.024893177672981336,0.023693703722274573,0.02353458298764891,0.0027274025398854557,0.002747916433580533,0.003170107756049782,0.0030825821728164573
2018-02-23,0.0034916166,0.024670312,0.0016487716,0.11322630731661032,0.024026198,0.0028282509,0.002931267,2.651517940102757,0.9388782649520203,-0.7629059913939338,-0.17257983824670015,0.003442805851709528,0.003221540142804995,0.02475429131665628,0.024877008907359773,0.023762310475622373,0.02357024940194747,0.002748211530002675,0.0027537446517349124,0.0031208254888171094,0.0030716043441248657
2018-02-26,0.0030211592,0.025071535,0.0011597299,0.0635499210075956,0.023519875,0.001995265,0.002948722,3.011952604411387,1.7147661687698899,0.007439960736946458,1.4255691904107297,0.0033558069908281416,0.0032070833233396987,0.024819748642465014,0.024891043338205483,0.02371228857058146,0.023566615090749688,0.0025928551670081463,0.0026990228628950524,0.0030853151895256893,0.0030627387982087484
2018-02-27,0.0036452818,0.025018796,0.0021722638,0.06813858367277403,0.023803806,0.0037507564,0.0028357618,2.491664902440274,0.8482691505172318,-0.6513202063757029,-0.4814765043120701,0.003415532776888926,0.003238534978194878,0.02486081708785831,0.024900212797480028,0.023731170859155354,0.023583639442367615,0.0028317587418517512,0.002774510942994873,0.0030338261621079272,0.0030464475411186593
2018-02-28,0.0048284885,0.025728045,0.0026279932,0.1229137563325805,0.024060065,0.0038955987,0.00272731,2.4066037235163784,1.2637125316417235,-0.7334761757302246,-0.3387838053627295,0.003707053034532933,0.0033521077012724633,0.025039743092121005,0.024959346075578075,0.023799028106809297,0.023617671217774847,0.003051249630815313,0.002854591895613494,0.002970585899612235,0.0030236510713486336
2018-03-01,0.0041721934,0.02463427,0.0035142817,0.1638726246289426,0.024452396,0.0036114473,0.002689485,2.215765557935692,0.9769603616149486,-0.8417188398442265,-0.215512849178226,0.003803018617100642,0.003410427263733441,0.024956087772918065,0.024936228618735047,0.023933827871323508,0.023677031808580894,0.0031668270010041105,0.0029084149022426103,0.002912590466386444,0.002999887186864983
2018-03-02,0.004625524,0.025624115,0.0012194847,0.15569341947458848,0.023786448,0.0037281623,0.0032743688,2.0931223988882883,1.3034487454957935,-0.6786283218501078,0.13558155967193206,0.003972711387453273,0.003496480773058536,0.02509390985461922,0.024984944939471402,0.023903421613625884,0.023684780691902045,0.0032826372390958375,0.0029664696556794806,0.002987229706211803,0.0030193260582911745
2018-03-05,0.0036710438,0.024869936,0.0017576434,0.07098541274226089,0.023787778,0.003194187,0.0033159219,2.372168736334739,1.14383440546377,0.20197211532063047,1.5713347645989875,0.003910474504818267,0.0035087959239524986,0.02504770184254219,0.024976831207294076,0.02387956321453937,0.02369204698379702,0.0032643891315880897,0.002982534767493447,0.0030550420123779333,0.003040250434905626
2018-03-06,0.0025127833,0.024155889,0.0020477467,0.24700409661663214,0.023378672,0.001583438,0.0028964304,2.4770703421394606,1.0401738805198,-0.583085307443277,-0.5858798310945915,0.0036221204527055323,0.0034387795301461955,0.024863714187367675,0.0249191216655,0.02377622566328214,0.023670017764710317,0.002917596466798321,0.002884182894749968,0.003022319269525049,0.0030301403648349693
2018-03-07,0.0035266937,0.024752343,0.0017561858,0.19064310922567596,0.023310382,0.00033778255,0.0032439362,2.171947483771105,1.191505507648334,-0.8079517933453091,-0.3458902123896714,0.00360243335799301,0.0034449390943232464,0.02484073768396635,0.024907436589852908,0.02368011941096311,0.023644820453651898,0.002385365970058331,0.0027057734219764463,0.003068040126321599,0.0030451196303266253
2018-03-08,0.004009273,0.023936609,0.0012494185,0.31197376750851513,0.02380609,0.0027298215,0.0031273738,2.2144210849572943,1.316159726543114,-0.7205305992471344,0.1340239078513178,0.003686366175184304,0.003484356190341626,0.024654211854056723,0.024839627056981953,0.023706107610848435,0.023656084635911186,0.0024564286827850174,0.0027074531100901946,0.0030802809191991616,0.0030508648447339077
2018-03-09,0.0032800909,0.026139215,0.0023921223,0.2194789409070672,0.023701487,0.0029149335,0.003379027,2.290534374890416,0.93634955271405,-0.7678467350988643,-0.03015840217838355,0.003602550181368315,0.003470129817703727,0.024960573036409636,0.024930138832653225,0.0237051543854352,0.02365924676098445,0.002551019801389703,0.002721903400105404,0.003141913241440575,0.0030737201953458413
2018-03-12,0.003525126,0.025079165,0.0015683074,0.08642167427207004,0.02347673,0.005801445,0.0031432784,2.2206111511570517,0.7387394573828135,0.032772946590069026,2.3433684612884735,0.003586577375308636,0.003473949877319462,0.024985038798062523,0.024940490228317812,0.023658029664467138,0.023646569013007324,0.0032215910161398197,0.0029358096343542178,0.0031421948805823827,0.003078551738360854
2018-03-13,0.0031424752,0.024561774,0.0016573628,0.09156067517491251,0.02356918,0.0027868971,0.0031029796,2.2262682622869168,1.0245093996509975,-0.5491418818275221,-0.5309596940122059,0.0034949582103352378,0.0034509827710146475,0.024897718432358086,0.024914249868187098,0.02363969974129678,0.023641206888953773,0.0031319128085136563,0.002925491835725388,0.0031341046955451223,0.0030802442891737386
2018-03-14,0.0026177505,0.025427468,0.0009201239,0.0981537324593521,0.023608444,0.0027683543,0.0027571633,2.183546414372781,2.2399604523486194,-0.41521637241445686,-0.05760296154108732,0.00331398899178638,0.0033933837318225715,0.025007006565020733,0.024949727226724446,0.023633251689668795,0.023638942098919046,0.003056910149721568,0.0029146293495046875,0.003056341126650328,0.0030579105905878565
2018-03-15,0.004154458,0.025580691,0.0012316749,0.08049517747559498,0.023971196,0.0024092263,0.0031314744,2.1443996970001544,1.9113961255626604,-0.8382028172790933,-0.1027854099683153,0.0034873786653455475,0.003445881296844397,0.02512535830098873,0.024993250000442255,0.023702970009514306,0.023661860401802758,0.0029232922847426887,0.002879767541060305,0.003071841193134567,0.0030629848894690465
2018-03-16,0.0029455894,0.024745002,0.0016704738,0.3046446313412309,0.024568299,0.002441247,0.0030746495,2.612194125711073,1.0685144534745716,-0.2663915787184477,-0.1201988524155965,0.0033756071413039903,0.003411441313370386,0.02504689060123958,0.02497616069091671,0.02388148797136507,0.02372425941865329,0.002823845992585076,0.002849579885598718,0.0030724205465106026,0.003063787877836383
2018-03-19,0.0032282905,0.02457311,0.0013798503,0.07195122805481224,0.023610877,0.0034107326,0.003038138,2.0624539346513546,1.4375608849372947,-0.15947389067768242,0.9184453918007194,0.0033452156438817213,0.003398856818625402,0.024949149451717403,0.02494846663985433,0.02382566077581982,0.023716468779860892,0.0029449209742400885,0.002888137303192169,0.0030653480243586703,0.0030620254410470373
2018-03-20,0.0032735504,0.02463628,0.0010025088,0.1824001251428614,0.02376574,0.002361253,0.0028422524,2.9473798778955125,1.3282174432956877,-0.4627577547506925,-0.47522734335557165,0.0033304310896972943,0.003390261869235431,0.02488460435917833,0.02492705328657107,0.023813299293127994,0.023719848427872628,0.0028245100990059164,0.002851997530349339,0.0030193233337855985,0.003046950884512448
2018-03-21,0.0037285353,0.025324766,0.0010708707,0.11494902395889794,0.023804586,0.0033859918,0.0029660107,2.77090025193917,1.017850437234547,0.4962042379465805,-0.6078322285258619,0.003412560019121376,0.003413426906031619,0.02497540966509315,0.024954288713546078,0.023811501818438843,0.023725651301685097,0.0029403438271168258,0.0028885655756906306,0.0030083249342863845,0.0030414080834183835
2018-03-22,0.0038791432,0.02515331,0.0014585536,0.08593644432026626,0.023684967,0.0025303941,0.003273194,2.4441158398045992,1.6332348944769686,-0.3635920585910691,-0.5894441031291678,0.0035088161065651765,0.003445271071278687,0.02501211031454617,0.024967897081870645,0.02378539775301464,0.023722869462371912,0.002855771215342003,0.0028640749745780514,0.003062967405725715,0.0030572568489242754
2018-03-23,0.0037692152,0.025223346,0.0011646412,0.15086640720083166,0.02399166,0.003063654,0.0028343971,2.3738246795191067,2.1536155654226152,-0.18243082437256505,-0.3926548598258625,0.0035625364042896892,0.0034673901365522243,0.025055688296574088,0.024985339289656395,0.02382794947945293,0.023741222564468614,0.002898657418941051,0.0028777023334552658,0.0030158133892225687,0.003042039877321417
2018-03-26,0.0033475747,0.024951754,0.001524522,0.054509722523076065,0.023804517,0.0032200105,0.0029961278,2.1356667724244542,1.1284231774535198,0.4494286536940505,1.718311016358985,0.0035181898574752073,0.0034592198130917787,0.025034246701842254,0.024983049087012574,0.02382311545943449,0.023745538702283034,0.0029649525009722236,0.0029010446480865824,0.003011752260424486,0.0030389090915336997
2018-03-27,0.0032158375,0.025564266,0.001117782,0.09726155292106764,0.023600917,0.0028474184,0.002675959,2.0119185338763024,1.4163001144779477,-0.5665169234233579,-0.4388314016422192,0.0034558146554129455,0.0034426436370847027,0.025143589611724186,0.02502263438323107,0.023777276042901817,0.02373568889077215,0.0029407052531420473,0.002897392296175853,0.002942478185430474,0.003014189436877955
2018-03-28,0.0037736807,0.025130145,0.0016707233,0.13581984937218516,0.024113294,0.002396705,0.0023828282,2.2657862709484027,1.075008812796404,3.181219839337998,-0.6986026739867981,0.00352139030653205,0.0034651640777699066,0.02514081604468815,0.025029948345127763,0.02384659638259904,0.02376137733973182,0.0028284781995679634,0.0028633305574513033,0.002827022568522478,0.0029712379435230902
2018-03-29,0.0039425576,0.024492366,0.0017808498,0.2197600117016617,0.023356756,0.0031649908,0.003167524,2.36132469437194,0.8610859042798212,3.9064866964915885,-0.5506340592743307,0.0036082769655953347,0.003497606663312579,0.025007041089678855,0.024993415480201814,0.023745542533142514,0.023733880201240055,0.002897900625634813,0.00288383070610517,0.0028972678884230554,0.002984577100468886
2018-04-02,0.0036546427,0.025009373,0.0015117034,0.06082900937896041,0.02365983,0.0032793765,0.003010876,2.5524209056098144,0.8808715289433925,2.5224634562476096,1.2666171558165906,0.0036178422039629316,0.003508267916989588,0.025007522203702885,0.02499449885763594,0.02372786026035616,0.023728852959611288,0.0029765989538512124,0.0029106845022608793,0.0029207051984565437,0.0029863625461008674
2018-04-03,0.003809777,0.025240883,0.001287854,0.1675213744795917,0.023561249,0.003890296,0.0033607592,2.333009220838863,0.8204848626935366,0.6663995627952707,-0.8602762588474963,0.0036574382885615465,0.003528718633342474,0.02505566448387975,0.025011210577920127,0.023693488336947285,0.02371748471464048,0.00316509425935568,0.002977129434404898,0.0030114881578279487,0.0030117570653833275
2018-04-04,0.00427781,0.02496942,0.0014579492,0.17952873114391577,0.024111766,0.0031008478,0.002952243,2.341124990248413,1.2192136825160282,0.1699244778764939,-0.559861900136892,0.0037854206924329424,0.0035794841825388083,0.02503787217500503,0.025008378414912665,0.023779778907434997,0.02374420498652072,0.0031518402488086815,0.002985513768331565,0.002999265901827362,0.003007723824595952
2018-04-05,0.003594478,0.024713647,0.002250506,0.15749652548722282,0.02293876,0.0036155763,0.00364204,2.375320243983002,1.634151621897235,-0.2196571024703717,-0.473567548607887,0.0037460292816719446,0.0035804994841304593,0.024970984593558343,0.024988420603597055,0.023606277096557354,0.023689664148302286,0.003247508782685308,0.0030281785555280392,0.0031318699148795664,0.0030506766522881167
2018-04-06,0.002736713,0.025752967,0.0008410914,0.27773802443796225,0.02410455,0.0032459365,0.0032492946,2.141095301130237,1.44864653148033,-0.2787379975178705,-0.7325594654548512,0.0035378078219991138,0.003523405063384575,0.025132307237272358,0.025040153298092657,0.023709070658159415,0.023717737240684447,0.0032471844161184485,0.0030429130446591977,0.0031560945694112893,0.0030641160434720922
2018-04-09,0.0036898006,0.025448307,0.0017936829,0.11288732128784285,0.023507906,0.0037344934,0.0031775753,2.597039382315972,2.018622115314574,1.2563883667277607,1.0527367384677577,0.0035691638626150664,0.0035346562940516044,0.025197497915932898,0.025067751606194205,0.02366757051271761,0.02370354901165083,0.0033477160212335303,0.0030896758916815095,0.003160526033956277,0.003071787860515106
2018-04-10,0.004389748,0.02482318,0.0022427007,0.18622809902102122,0.02386885,,0.0031214014,2.899608797742167,1.7035338485360034,-0.3334744289649003,-0.7471347413300444,0.0037384499592772596,0.003592437768889924,0.02512027620551737,0.025051225028872533,0.02370909426837019,0.02371471893208683,0.0033477160212335303,0.0030896758916815095,0.0031524546446669785,0.003075140418459662
2018-04-11,0.003920147,0.02467929,0.0014330841,0.12970851797998417,0.024073763,0.0026907094,0.002257363,2.661735047389585,1.668486067764022,0.20545259556669837,-0.3423955800283003,0.0037759340080000215,0.0036145687970250123,0.025029300999396226,0.02502610734525474,0.023784325207558753,0.023738966053843426,0.003212175886444896,0.0030627163608083472,0.0029677976746651613,0.003019913882603074
2018-04-12,0.0037525205,0.025529487,0.0018002974,0.12528001453264448,0.023722857,0.00016543246,0.003087654,2.4515378444307325,2.238921786787486,-0.5038411317903612,-0.5249586114103898,0.0037711038215601403,0.0036238797544681854,0.02513248913006691,0.025060082610533184,0.023771644396335414,0.023737878800392728,0.002583634244920685,0.0028670556127384857,0.002992523976214878,0.003024485955697479
2018-04-13,0.004403814,0.024484558,0.0015896717,0.1640731615595986,0.024057804,0.0014391845,0.0029209584,2.2353159913459906,1.4517330585867583,-0.7451382733408717,-0.3115053598327595,0.0039016316512403477,0.003676493147473545,0.024998821275085147,0.02502125844939852,0.023830678909551838,0.02375946052834027,0.002347534848871922,0.0027706824426324073,0.0029777600439350395,0.00301750212069218
2018-04-16,0.0030521636,0.024460979,0.0017882475,0.05438066782324402,0.023823177,0.0025418308,0.0030831015,2.4204453631773966,1.4902738444575063,-0.48564940643277427,1.6981029688730211,0.003726386836121871,0.0036343973669922427,0.024887864649999824,0.02498348126851215,0.023829131360639945,0.023763756678306762,0.0023876179968156616,0.002755244397424938,0.0029994919267929986,0.0030219251952331287
2018-04-17,0.0042527444,0.02504093,0.0019864812,0.09845081210027473,0.023827204,0.0039071036,0.002972599,2.214551500115601,1.522437480748093,-0.7249539654256297,-0.6207414180423532,0.0038349741242476127,0.0036760706633192607,0.024919441980959706,0.02498735301641217,0.023828733846316914,0.023768032722417638,0.0027010870873694667,0.002832909171339769,0.002993943906384455,0.0030186008645955616
2018-04-18,0.0031182282,0.02489337,0.001615746,0.1617657465670317,0.024331821,0.0026965884,0.0026198812,2.3417065100189696,1.6563276602232682,-0.8141465219041014,-1.0552672971991393,0.003687109804773265,0.003638491120417932,0.02491406324694538,0.024981021737157723,0.02393252049195904,0.023806012816715138,0.0027001590110267448,0.0028237218772540107,0.002916774960384932,0.002991740767900984
2018-04-19,0.0024441709,0.02456606,0.0011148722,0.11111313903078779,0.023928043,0.003460716,0.0027435666,2.454544684334872,2.299176083887496,-0.4353649216937274,-0.21272301337435232,0.003430692150936055,0.0035580667809364287,0.024842270344000016,0.024953078621081235,0.023931596684795574,0.023814230174547094,0.002857061521745463,0.0028666335374049608,0.0028810421742562096,0.0029750289685629644
2018-04-20,0.0010652158,0.025161736,0.0016559174,0.22894234668920665,0.024035355,0.0019805096,0.0031653987,2.3823545688940126,2.8084172801316196,-0.16826810710383436,-1.0374118920703286,0.002942695611236215,0.0033902630926097945,0.024908175883249364,0.024967124157653224,0.023953001986872093,0.023829114968815637,0.0026762293178059214,0.0028069628315978753,0.002939704782366749,0.0029878435119687283
2018-04-23,0.002805045,0.024981424,0.0014639882,0.08321872765322602,0.02380542,0.0032128964,0.0028291661,2.4203583837432086,1.7651643076995498,-0.17051710952985144,0.9837241937639609,0.002914298384159425,0.003350883411738098,0.02492328697532089,0.024968086417202287,0.02392255607451172,0.023827520576591668,0.00278694345895932,0.002834287830881456,0.002916900715938382,0.0029771660125557675
2018-04-24,0.0040625543,0.026183518,0.001846707,0.09129143851199673,0.02331667,0.003330958,0.0028806082,2.65974818610669,3.6625253621407663,-0.8374961348792878,-0.6313501348215765,0.003151182986044782,0.0033987566967275578,0.025183271904472476,0.02504984707934831,0.023797562137315372,0.023793156259484437,0.0028991733903819656,0.002867709079438107,0.0029094135883213404,0.002970670679295427
2018-04-25,0.004592249,0.024404874,0.0021479842,0.39342070178309796,0.023595663,0.0030145044,0.002890749,2.534006126615195,1.0683699315915918,-0.410086507446327,-0.014766861858670459,0.0034484741853217267,0.003479017337692755,0.025022688839051548,0.02500647357831795,0.023755910407163378,0.023779875109415156,0.002922966126405505,0.002877583834893637,0.0029055630735433796,0.002965296055555417
2018-04-26,0.0036592034,0.024889069,0.0013682878,0.07568060509104058,0.023488259,0.0020976528,0.0029888707,2.7631035352407194,0.6787228256549195,-0.5317608760505856,-0.6584667236748868,0.003491947515124171,0.0034911311800025864,0.02499512306985435,0.02499858049099381,0.023700694050360658,0.023760269864138903,0.002752704410880899,0.002825134599199033,0.0029227493976205434,0.002966880971474355
2018-04-27,0.004438505,0.02514887,0.0013063145,0.09609917963233705,0.023660822,0.0032728564,0.0030348874,2.712263989793444,0.948867410556134,-0.50458649803553,-0.5446335811686105,0.003687221836570389,0.0035548060467073617,0.025026841068265932,0.025008681773914666,0.02369246843430858,0.023753585766210755,0.0028600114839249444,0.00285523476443544,0.002945883402454672,0.002971451815695025
2018-04-30,0.0026925863,0.024256345,0.0016941462,0.06995682886901955,0.023469333,0.00218375,0.0030689647,2.391283282736468,0.9696643729776787,-0.009972643445711566,1.4361710782769663,0.0034820290425141252,0.0034968687471773003,0.024867888109911435,0.02495812811089625,0.023646435629939754,0.023734485229339356,0.002720499102493344,0.0028101029510214223,0.0029712750086332293,0.0029780042436548704
2018-05-01,0.0026561958,0.024139356,0.0010990958,0.11635484419563813,0.023306306,0.0017911893,0.0034397477,2.694716185914683,0.9479710315656064,-0.902322244022478,-0.4340283547406381,0.0033116600737028478,0.0034403922011363793,0.024717592290916923,0.024903122859169784,0.02357626715901302,0.02370572010978018,0.002528782979615229,0.002741636526373077,0.003067920684767049,0.0030090242456583126
2018-05-02,0.0031172263,0.024822697,0.002051184,0.17278939166272655,0.023662634,0.0017733487,0.002498054,2.4555804081457064,2.0111373872088647,-0.8340748789003322,-0.19173387517945067,0.0032715484876960866,0.003418686490063451,0.024739275346155422,0.02489772099128291,0.023594084632948324,0.023702826207825798,0.002372937276136544,0.002676586790881001,0.002950357475779977,0.00297470449360786
2018-05-03,0.0036157973,0.024325514,0.001040941,0.17330661555049376,0.02311364,0.0019110803,0.00253014,2.376411583424343,1.8172567275953424,-0.7871341574632383,-0.7060817912310935,0.003342566829491635,0.0034319229699191498,0.024653916641610273,0.02485929587968996,0.023494969162794987,0.023663260886959653,0.002277656429888279,0.0026251709021955397,0.002863666852706122,0.002944850886632811
2018-05-04,0.0038792803,0.024850473,0.0014563252,0.14772403007340995,0.023775537,0.0016941,0.0030106485,2.209627703923052,1.7390014884731118,-0.5381605784877935,-0.5508000699056854,0.003453290535429111,0.003461958558342691,0.024694466075422326,0.024858703498301753,0.023552850070838696,0.023670799080533562,0.0021572690403692425,0.002562647168662411,0.0028939890966409453,0.0029492685433710974
2018-05-07,0.0025463188,0.024799598,0.0014858599,0.07505095349807533,0.023520628,0.0036131735,0.0029249457,2.14681304485041,1.0642146963912247,0.04224037758293742,0.7654710518212285,0.0032661827444981097,0.0034004931048110983,0.02471615481478965,0.024854735864918404,0.0235462026725729,0.02366071833191156,0.002457621364483621,0.002633179547614554,0.0029003754216834184,0.00294763578728775
2018-05-08,0.0023741422,0.024594763,0.0021837556,0.07261570566758613,0.0229413,0.0027330162,0.003000896,2.5800420251457075,0.9172123613259172,0.22491817594502098,-0.7001922114809614,0.003082155244049212,0.003331606903706349,0.024691111807835335,0.024837287132422774,0.02342141170236606,0.02361243275042756,0.0025144351647716193,0.0026398814216508594,0.0029211127555652263,0.0029512104816277183
2018-05-09,0.002787252,0.024453362,0.0024609803,0.11857728735819495,0.023552723,0.0029784578,0.003070811,2.3354816217755388,1.530833778554251,-0.2713227484772711,-0.2883761312288443,0.0030213168509246827,0.003295076612232544,0.024642064240309482,0.024811522912530116,0.02344850120126051,0.023608425794605342,0.0026101627980085937,0.0026626058547204188,0.002951995433470006,0.002959236574484742
2018-05-10,0.0044486504,0.025501875,0.0022090902,0.11617513543889213,0.023623977,-0.0001240049,0.002644878,2.469175333582672,1.2351184585524844,-0.5292024028535386,-0.34414240583999095,0.003315775012610892,0.0033724791750435463,0.024819442790620577,0.024857844211752498,0.023484701736666558,0.023609469240677458,0.0020461054388980684,0.0024756034149522794,0.002888637291869378,0.0029381437318187
2018-05-11,0.0028666754,0.025841493,0.002031436,0.130348161951925,0.024297377,0.0032401942,0.0039461334,2.3425639172123884,0.821578990030868,0.7692403594010795,-0.2895613678139427,0.003223125994297148,0.0033385451689773938,0.02503029124430073,0.024923836498891985,0.02365235623568329,0.023655620474535597,0.002292445316626054,0.0025269059709327286,0.00310679818777982,0.0030057690216373635
2018-05-14,0.0031045051,0.025105203,0.001518299,0.046285667078518,0.023467477,0.0033864095,0.0031911395,2.6061356063310153,1.2482480767345716,1.8380545857722235,0.7711954931253192,0.0031986545721973763,0.003322845513619226,0.02504574541151442,0.024936002728315882,0.02361421583137862,0.0236429996372749,0.002518129549851946,0.0025845694320645513,0.003124197766251034,0.003018203874219312
2018-05-15,0.0030149508,0.02494083,0.0011894525,0.11192162012738682,0.022918386,0.002683096,0.0032685986,2.794428269835277,1.3201424922086293,-0.6742337561667342,-0.7726090703622481,0.003160756576515526,0.003302193962150103,0.02502410136036924,0.02493632649140926,0.023470666582487063,0.023594397351319928,0.002552162062324417,0.002591178705955451,0.003153987577955728,0.00303499870235176
2018-05-16,0.0032729593,0.025121208,0.0013532031,0.12073051903130383,0.022903053,0.0007477564,0.0030195704,2.9432059142546465,1.0955430557932966,-0.36758549345766495,-0.6414950366664002,0.003183903931934327,0.0033002332997145783,0.02504413446688681,0.024948725825126333,0.023353568217494486,0.023548031463905807,0.0021799141214991547,0.002467534074661415,0.00312625737926416,0.003033963981704219
2018-05-17,0.0026656208,0.024916291,0.0018895157,0.07327101949761083,0.023497872,0.0031867912,0.0032726098,2.5323088100188085,1.0904650348529237,-0.5798069233343505,-0.7644121385702715,0.0030769823867305645,0.003257676422649642,0.025017760475771648,0.02494655077388705,0.023383338023191792,0.02354466779285855,0.0023876323340772006,0.0025157719742745733,0.00315644980363837,0.0030499674791637115
2018-05-18,0.0028750247,0.024750283,0.0011889746,0.08528116276374997,0.02353325,0.0040573403,0.00373481,2.4256584048594925,2.2722424565368,-0.5241653404215124,-0.6917037926009942,0.0030353186192116285,0.0032320183179681923,0.02496258001071056,0.024933390349119566,0.023414264635368384,0.02354390214219895,0.002732092214243998,0.002619148965639886,0.003275765217248492,0.0030958885100765767
2018-05-21,0.0031434428,0.025229443,0.0011245407,0.06614980433039508,0.022917945,0.0033099619,0.0030049188,2.693548536335181,1.6266845381809187,0.05772122319541439,1.261191389087668,0.0030576245797434014,0.0032260795400203914,0.025017633677124153,0.024953239965417654,0.023311874142827167,0.02350193320198932,0.0028513064211370008,0.002665470328394737,0.0032198897451110866,0.0030897892080242457
2018-05-22,0.0024454826,0.024285553,0.0014524205,0.10628451094337277,0.023427585,0.0019278554,0.002902688,2.3010157879840856,0.6670066768630576,-0.269274464467496,-1.1387834952156746,0.002931340021370683,0.003173746595579664,0.024866605823264172,0.024908476754024217,0.023335745260658593,0.023496948743239307,0.0026607989662332373,0.002616015005274564,0.0031544511904635455,0.0030772455281718727
2018-05-23,0.0032551785,0.02358319,0.0011925575,0.15477775814704553,0.022483632,0.0017074855,0.0024588648,2.250253440439229,0.9117740334535194,-0.21490612335510487,-0.6698399523480494,0.002998147719572393,0.0031792055571342433,0.024601837920325987,0.02481963331095721,0.023159954736663487,0.02342901885113152,0.002464130905269189,0.002555105176895237,0.0030109520887031255,0.003035791033751112
2018-05-24,0.003504733,0.024608957,0.0015476637,0.10768311266032426,0.023117246,,0.0026408974,2.259536786001588,2.140577051835267,-0.40265544425919797,-0.28513079913133815,0.003102656014912891,0.0032010264716264567,0.024603306510492796,0.02480551113402475,0.023151143968675934,0.02340811995400836,0.002464130905269189,0.002555105176895237,0.002934610002736257,0.003009320338693792
2018-05-25,0.0035303955,0.025460998,0.0013504593,0.2117242566684664,0.023233144,0.003255459,0.0034786118,2.067694345050864,1.7301231273911988,-0.24487455271536634,-0.020035843797570903,0.003190898435408235,0.0032231034425573304,0.024780247730393064,0.02484944713444418,0.02316806045211758,0.023396391625439085,0.0026273814779606795,0.0026020549183777323,0.0030468372913954192,0.0030407760465980963
2018-05-29,0.0038808316,0.025337854,0.0013158347,0.07457990473581944,0.02338315,0.002779836,0.002750034,2.0632095190303437,1.1846160801986376,0.3088527972052285,2.22813764339846,0.0033332312938267857,0.0032671870102247954,0.024895281693104603,0.024882182137514485,0.023212433287379108,0.023395504110653997,0.0026588327796855378,0.0026139720279266796,0.002985606924029115,0.003021289353500299
2018-05-30,0.004379005,0.02569484,0.00019873984,0.3144608855377832,0.024037963,0.0032156152,0.0023526084,2.192397864124616,0.9684798748918113,-0.7759282728819619,-0.8570885303944218,0.0035489738947111315,0.0033417012522626703,0.02506023008037559,0.02493664658248351,0.02338273958737606,0.02343856179977616,0.002773696694357193,0.0026542990139830753,0.0028550196548203385,0.002976474240241371
2018-05-31,0.0038101363,0.025235191,0.0013174461,0.16081261462281426,0.023420336,0.0025296637,0.0027922431,2.3205506132983325,1.1608630447402386,-0.23780463325141638,-0.39440227408085815,0.0036028515710769195,0.00337309418294103,0.025096324423507968,0.02495665401560753,0.02339049565078284,0.023437340350079005,0.0027233528226342394,0.0026459454602692258,0.002842068894331445,0.0029641276974524174
2018-06-01,0.0032895452,0.024694212,0.0008196284,0.14671143542338838,0.023039866,0.0015960672,0.0030796358,2.4682652414605566,2.0305630404494543,-0.4377835372373687,-0.07649139896021505,0.0035382166289840465,0.0033674952904459753,0.02501336879686616,0.024939066899762285,0.02331816098752087,0.02341070430481328,0.0024907943951523103,0.002575582442061128,0.0028910788198740567,0.0029718682739690314
2018-06-04,0.0035132589,0.024918111,0.0012919075,0.04712513133019336,0.02344611,0.0027430882,0.0032303762,2.1875442857204965,2.252728208414242,-0.1279165949425171,1.789288467392338,0.003533067858881045,0.0033772629353116933,0.024993717171973417,0.0249376626438544,0.02334455662529222,0.023413076789675195,0.002542842469154098,0.002586808107940638,0.0029610756845529843,0.0029891909352033432
2018-06-05,0.004203135,0.024968587,0.0014380367,0.09750449352888668,0.022956988,0.0016291642,0.0025078366,2.299222979556326,1.1769164344411163,0.10006506481017917,-0.8190203527940966,0.0036713023881202868,0.0034326023937715834,0.02498853280226195,0.0249397347918994,0.023264601389341853,0.023382515505562716,0.0023543511247806443,0.002522633245973071,0.0028675726911244386,0.002956936683072545
2018-06-06,0.004220748,0.024178449,0.0014750602,0.17236026529901993,0.023841588,0.0031721902,0.0028023038,2.606453281309073,1.2018305882858151,-0.1274766557100077,-0.15209832492145836,0.003784652698848997,0.0034854117576460174,0.024821412953248984,0.024888725153461893,0.02338363338786623,0.0234132754584559,0.0025230708878733023,0.002566160173433662,0.0028541077448360277,0.0029465755673388962
2018-06-07,0.0032952044,0.024657868,0.0017339699,0.08175543150990827,0.02339659,0.004284204,0.0032983618,2.508576164188737,0.9052958689508749,-0.27858190068772265,0.18018125253773962,0.0036836797659144877,0.003472667468435134,0.02478767368423798,0.024873257235614427,0.02338630647961649,0.023412157546708452,0.002886391719250573,0.002681281632484274,0.0029457571197987957,0.0029701459730287908
2018-06-08,0.0024857216,0.025547525,0.00039105385,0.2548955737101648,0.02358951,0.003060861,0.0030472362,2.400098637434394,1.4668718015510323,-0.16332774307964953,-0.23782833514428142,0.003436541627401583,0.003406542368792658,0.024944430593299663,0.02491843298341968,0.023428227356080633,0.023424040143514815,0.0029223846452602733,0.0027067151942519537,0.0029666922092089613,0.0029753109996689155
2018-06-11,0.0034709354,0.025230583,0.0014820771,0.07264978528194266,0.023216698,0.0037172446,0.0028765341,2.3263361672913687,1.166115473338937,0.959271299086662,1.5377871569616701,0.0034436370431797643,0.0034108565424601717,0.02500346364375039,0.024939346250780915,0.0233845890269337,0.02341014875310441,0.003086363836406496,0.0027744227588914266,0.002948092644208733,0.0029686931930237716
2018-06-12,0.0033151,0.023597714,0.0012963746,0.16237785161377483,0.023146166,0.003283594,0.0031978309,2.220645685397985,0.9367927803175614,-0.3232418844003222,-0.3243996113335028,0.0034171199147948013,0.003404441285021132,0.024713458140845548,0.024849462915988656,0.023335402385924325,0.023392463068977735,0.0031270523229410155,0.002808537093536532,0.002999613508601393,0.002984044383086755
2018-06-13,0.004017663,0.02405214,0.0014982191,0.17307715862572048,0.024353938,0.0012673179,0.0025689392,1.9979301540888013,1.3126071327408901,-0.3779212611126447,0.6731390458693711,0.0035410116762388793,0.003445523214812606,0.02457702842659964,0.024796047358429014,0.0235455257839376,0.023456875727239875,0.0027433900928398925,0.002705279213301483,0.0029107656324975067,0.0029562350037141876
2018-06-14,0.0038362422,0.024355344,0.00130989,0.14459287315266023,0.023620082,0.0023563788,0.0031299335,2.254601051799684,1.3340627184412839,-0.36922595662007884,-0.6504683127661858,0.0036019175881617186,0.003471698185692894,0.024531295143845513,0.02476652387955483,0.02356090670560094,0.023467809213387484,0.0026635498723087798,0.0026819044622079014,0.002955979847268496,0.0029678713780720983
2018-06-15,0.002014328,0.024139253,0.0013057175,0.09196620733039107,0.023797818,0.0037090296,0.003333089,2.217033915645515,1.4393878179382906,-0.5867285632796125,-0.46979925674423145,0.0032743986967696988,0.003374068757733307,0.024450417142963733,0.02472450294511517,0.023609781283701805,0.023489916515923307,0.002879231798301268,0.0027507152535081077,0.00303377725513206,0.0029923373530513684
2018-06-18,0.0032586826,0.025116114,0.0013101134,0.06566258988819984,0.023396948,0.0035505623,0.003013076,2.513648503064155,1.3898676119679139,-0.18645962574790972,1.3156762908863726,0.003271156464903991,0.003366339198848217,0.02458775004325186,0.02475073641330847,0.02356587396193245,0.023483688709873985,0.003017726929570628,0.002804298446402093,0.0030295066028333665,0.0029937266076045604
2018-06-19,0.003440217,0.024314975,0.0024560078,0.10986179552862696,0.023479411,0.0033846528,0.0023655803,2.7468322216090573,1.4970889332260031,-0.7474381927273545,-1.0850894353263918,0.0033060335880925507,0.003371288069377118,0.02453147677080909,0.024721546025741316,0.023548036776448837,0.023483402183665996,0.0030934235395933714,0.002843176463292097,0.0028925389545934963,0.002951648880722167
2018-06-20,0.002261458,0.025052583,0.0012019299,0.15230576604414747,0.023261584,0.0019738805,0.0031274809,2.585685984775325,1.6336750794037316,-0.4920854506920509,-0.4795454831861525,0.0030905381864326058,0.0032969452183680935,0.024638980679840262,0.024743720790002522,0.0234889417897936,0.023468543539337448,0.002862462390082024,0.002784943550671003,0.0029410073454996426,0.0029634271253078884
2018-06-21,0.0033427267,0.025748836,0.0011289521,0.10789586794604633,0.023551263,0.0021589063,0.002962369,2.0284596409162403,1.4026869775402901,-0.6203976025223226,-0.057525017680579806,0.0031425645510528323,0.0033000118719128937,0.02486794322316258,0.024811047957570585,0.023501798605171504,0.023474084458332455,0.0027173191409845168,0.0027430071045932273,0.002945414244851202,0.002963356247685672
2018-06-22,0.0030869069,0.024805287,0.0021796452,0.09938328461726376,0.022880172,0.0035640874,0.0024490773,2.2460033458822,1.7408124064779062,-0.4533460819492698,-0.44518916695806954,0.0031310823982074647,0.0032857373816455055,0.02485501725648718,0.02481066206251387,0.02337355743713153,0.02343430222915537,0.00289200699593072,0.0027980078230610142,0.0028430201985705926,0.002928908116276035
2018-06-25,0.0024168896,0.025489608,0.0015700957,0.07474980158287536,0.023208134,0.0026822027,0.0027903314,2.4188337874020456,0.9466719968021327,1.8526654229592872,0.6716292498014108,0.0029837448096760684,0.0032275399913157376,0.02498593295716749,0.024856139388532233,0.023339430643547012,0.023419152960286176,0.0028487244859062423,0.0027902506725484243,0.002832150521951304,0.0029196259320599972
2018-06-26,0.0020023866,0.024556719,0.00038433258,0.2924072964262341,0.023774585,0.0018862822,0.002418628,2.313075280818321,1.7301858943189092,2.1697397224168187,-1.2497669711839683,0.0027812911290743423,0.0031454776931448174,0.02489738629543163,0.024836083822670264,0.023429202707917866,0.023442960224229762,0.002650173155276247,0.0027296998274581063,0.002746841035436565,0.002886068464595063
2018-06-27,0.0026529173,0.024294108,0.0010610097,0.12640320481446676,0.023849634,0.0025100138,0.0031320332,2.29058215294615,1.3486626663311003,1.4599910384325154,-0.4285647899100391,0.0027548076736178453,0.003112485854058597,0.0247729303318367,0.02479978213460876,0.023515937555922916,0.023470199382422185,0.0026212583451898854,0.0027149847565723076,0.0028263059685043595,0.0029025432515686917
2018-06-28,0.0036101115,0.02549547,0.0011803894,0.35503434240368104,0.023673616,0.0024084696,0.0029297243,2.275398690627416,1.1551344521168512,-0.5691509055429553,-0.5926905195499584,0.0029312564114141538,0.003145816524566632,0.024921989796658682,0.024846378862505798,0.023548466608142006,0.023483824129096303,0.002577360131035562,0.0026944539873658226,0.002847641113263489,0.002904363821063685
2018-06-29,0.00404884,0.024436263,0.0010937691,0.1868141810274676,0.02392535,0.0018363493,0.0030500705,2.413955346595438,0.8542601454570385,-0.2803260781212559,-0.33407321410286756,0.0031618133473650624,0.003206299756281893,0.024821784689814542,0.024818909912622387,0.02362621727134605,0.02351339684189345,0.002424489977345053,0.002636977882850312,0.0028894021869672985,0.0029141230454858163
2018-07-02,0.003518991,0.025251837,0.0015678996,0.07671435489959544,0.023635792,0.0030790064,0.003199064,2.8330153256779815,1.0140855708192797,0.22547716213593602,1.988084908165406,0.003235498896749286,0.0032272431227991834,0.024910504347479944,0.024847906445051148,0.023628192453334054,0.023521594574107813,0.0025595163810560257,0.002666584691509669,0.0029532852437353777,0.002933207758805621
2018-07-03,0.00351223,0.02529953,0.0013821095,0.0680612425629834,0.023323087,0.0019536517,0.003069478,2.2810587304844026,0.7608597324398486,-0.6850341181981966,-1.1267714020644042,0.0032925883784647738,0.0032463307102350712,0.02499076023324052,0.024878154901301137,0.023565249363270296,0.023508299119043084,0.0024345268083788996,0.0026188334558876146,0.0029772557662115285,0.0029423347466957894
2018-07-05,0.0030255842,0.02519611,0.0013789178,0.07425821693952395,0.023207981,0.002653444,0.0031869928,2.726905971408464,1.4896729274411844,0.21972538407212755,0.42431606026006913,0.003237505547747059,0.003231545900693797,0.02503312395328123,0.024899450444752877,0.023491545116607674,0.023488184901905018,0.002479689300171919,0.0026211515907304905,0.003020524413236525,0.0029587210647045665
2018-07-06,0.002598659,0.024367949,0.0018506597,0.11458131186323406,0.023226121,0.0029760965,0.0026537124,2.8665145165800654,1.8700405335606378,-0.457492537233239,-1.0528679074801879,0.0031057118208703193,0.0031891578060268405,0.024895898709061302,0.024863852725293904,0.02343678835184144,0.023470632999523608,0.0025820978378021464,0.002644924760112556,0.002944851289236556,0.0029382928746710074
2018-07-09,0.0023832393,0.0241508,0.0017320948,0.10760870820894275,0.023249112,0.0031771325,0.0029438238,2.2377236250093353,1.7872346293886674,0.030376783251609384,0.40070020874626905,0.0029566661269306636,0.003135181267987189,0.024742185229018995,0.024816095885026517,0.023398070833531168,0.02345579659445049,0.002704853166865996,0.002680570115749212,0.0029446393213323156,0.00293866331025257
2018-07-10,0.0016850926,0.026619613,0.0012793273,0.2538213968571249,0.023300422,0.0018488724,0.0029483144,2.5402615184467976,1.504366098437816,-0.9545133360520244,-1.359833411760558,0.0026943411719776507,0.003038062104757794,0.025129497625874846,0.024936885799797925,0.02337792600388162,0.023445390461264835,0.0025282647852551436,0.002624866520099802,0.002945397491667204,0.0029393096896298755
2018-07-11,0.0028099713,0.025026323,0.0012360788,0.1420483547702609,0.023132302,0.0025359078,0.0023296059,2.321413532712432,1.1630549285553027,0.2424569143598421,-0.38257429958841366,0.0027181956144369003,0.003022785925084333,0.025108212811305326,0.024942875796422105,0.02332725387363903,0.023424421626399426,0.002529841531974491,0.0026189084924001637,0.0028183600028505174,0.0028984753089995995
2018-07-12,0.0024923491,0.024779033,0.0016138469,0.13585053551432658,0.022701621,0.0031901551,0.0030951884,2.4098664939019403,1.7476934930292698,1.9409809136210878,-1.044857431333078,0.002671603603318034,0.0029872606372832408,0.025040303172012283,0.024931902640841632,0.02319818615235111,0.023376013034653666,0.0026660638822134713,0.002657167529092285,0.002875469557834657,0.002911649903249015
2018-07-13,0.0031349605,0.02455838,0.0010103857,0.19713142791283678,0.02318771,0.0046496484,0.003353152,2.417731854476071,1.1015225936418196,-0.29591110679395854,-0.9953776710011066,0.0027671938959469332,0.002997152573141792,0.024940882725893246,0.0249068866491966,0.02319602492190911,0.02336340177518806,0.0030752763337418454,0.00279061219625612,0.0029740151858253234,0.002941218710584653
2018-07-16,0.003241485,0.024492012,0.0018153555,0.06826833627890916,0.023965972,0.0023187147,0.002964827,2.3466048079300257,1.4660359707433053,-0.24389850246181574,0.7678575053234072,0.0028650398980985753,0.003013516196272858,0.02484828100073234,0.02487910135927473,0.0233548645051462,0.02340375755340098,0.0029191980759944672,0.002759007502001438,0.002972119667763996,0.0029427998235268364
2018-07-17,0.00274851,0.025052603,0.0015183103,0.1042894572629911,0.023799628,0.0029964987,0.0031033827,2.220901612030841,2.283269610290785,-1.090180398142905,-1.3063836247668,0.002840999862417082,0.002995768101535022,0.02489043259065404,0.024890721203317232,0.02344661898418438,0.023430269949455546,0.0029351451579582573,0.002774913049784586,0.00299919915249867,0.0029535544413400215
2018-07-18,0.0031093182,0.024788357,0.0011793288,0.13844472020886056,0.02384659,0.002065657,0.002589721,2.0840374509868616,2.0453000775146117,-0.29233036006159574,-0.8740696908687487,0.0028963537952006913,0.003003372783662124,0.024869374515481532,0.024883865684961037,0.02352913297828069,0.023458151812632933,0.0027557701958317127,0.002727412189726362,0.002914724024980473,0.002929187773195916
2018-07-19,0.0037591604,0.024228575,0.0012580574,0.38466935206023745,0.023805002,0.002455477,0.0027605195,2.2693660433951592,1.6064003077553977,0.05272998472862997,-0.5763760564253502,0.0030743503449848675,0.0030539891684628244,0.02473717785227008,0.02483997973168066,0.023586044560905187,0.023481380943980702,0.0026938198477357263,0.0027092000304237388,0.0028829117139084603,0.0029178917719728196
2018-07-20,0.0028406754,0.02458013,0.0013976543,0.13434799902777483,0.023360822,0.00346878,0.002855028,2.2193699613329274,1.4829018346339569,-0.8396794881178752,-0.26136182406975395,0.003026143329551231,0.003039703249910524,0.024704779035892736,0.024822577257779758,0.023539581337214757,0.02347330696741688,0.0028536937360054875,0.0027600706565986998,0.002877159323719289,0.0029136816995457234
2018-07-23,0.0031599046,0.024172403,0.0020480703,0.08293703717707146,0.023910629,0.002552005,0.0029071993,2.2668022777496746,1.0896599536308564,0.08611552893162212,1.3173349006425472,0.0030537382133482486,0.0030477532673911616,0.024594950122862728,0.024779034369640882,0.02361612819890436,0.023502594878603036,0.0027914555077675983,0.002746136144828179,0.0028833565590383973,0.002913247567445808
2018-07-24,0.003390126,0.025780201,0.002171945,0.15979884866188765,0.022853732,0.00042155175,0.0029601892,2.4985731148963946,1.8144358798266178,-0.7391349660451404,-0.9384158628338527,0.003123134822422723,0.003070682246161594,0.024839466746780434,0.02484608331934461,0.023458846286579713,0.0234591400053642,0.0023025456100410594,0.0025904554983174426,0.0028992071018717905,0.0029163912902349398
2018-07-25,0.0036997562,0.02499976,0.0013703324,0.10471347715374169,0.022957299,0.0026306245,0.0031424733,2.4937969916207687,1.127581773015363,-0.6220256651094458,-0.6250328133762851,0.0032420915149827937,0.0031128116873031316,0.024872535179444058,0.024856375139880607,0.02335537732549508,0.023425531422361163,0.0023702281030821832,0.0025931456573382436,0.0029493927880912254,0.00293153212978088
2018-07-26,0.003429607,0.025410045,0.0018629881,0.1970647894530212,0.023355726,0.0031521404,0.0034208093,2.253416426049816,1.7748105742773272,-1.0027801934884355,-0.632302867717888,0.003280775865564493,0.0031340275749977835,0.024983423159979794,0.024893454588207853,0.02335544928835541,0.02342085654051249,0.0025315362020059628,0.002630581996003816,0.0030466457632092117,0.00296429918155623
2018-07-27,0.0036758457,0.024293264,0.000514067,0.22792546368189315,0.023213604,0.0014821413,0.002667997,2.2848296603754448,1.2382186011368645,-0.9635275561890541,-0.5345172682218235,0.003362278561407072,0.003170313191348658,0.02484104376547296,0.02485325978581191,0.023326186775931505,0.02340697684700705,0.0023150465899356245,0.002553670272932069,0.0029685307292072966,0.00294445579515063
2018-07-30,0.003031739,0.024717469,0.001935968,0.04693447229681724,0.023584113,0.002539452,0.0027752477,2.414272829167995,2.11979147188482,0.10177263061203926,1.396889705033742,0.0032940884307117364,0.003161032894042016,0.024815550308566674,0.024844165875118476,0.02337939672229666,0.02341883960543077,0.0023613412940801464,0.0025527180660037726,0.002928656536671663,0.0029331239444344123
2018-07-31,0.0037493831,0.024806807,0.00082694436,0.1668107090898353,0.022155441,0.0023404954,0.0033824777,2.676408272634987,1.6159112761494367,-1.1298620079865602,-0.8415823672248063,0.0033880154913704867,0.0032004345370978274,0.024813746530989667,0.024841663950052877,0.02312689537149064,0.023334230196283303,0.0023570407875164266,0.0025385054884068067,0.0030222795991147015,0.002963217031406358
2018-08-01,0.0023727058,0.025375254,0.0012417658,0.14016620228057852,0.02364808,0.0030650701,0.0030268554,2.5350149240245234,1.0725073064833317,-0.5555926474430936,-0.8769574048267843,0.0031785576450101996,0.003145001939966653,0.024929585319797012,0.02487739825232093,0.023234415379911413,0.023355248533928386,0.0025031068699814226,0.002573769469647168,0.003023223586701485,0.0029674788634353427
2018-08-02,0.004007287,0.024491718,0.00124899,0.12968779617213777,0.024042891,0.0023654252,0.0031976996,2.494690220259124,1.777825431755578,-0.7975735481909584,-0.6050202705492738,0.0033495240457131524,0.003202748605695559,0.02483925353006261,0.024851569496766066,0.023401203544916056,0.02340129952977992,0.0024747032198802806,0.0025598167172733275,0.0030592178866538974,0.002982896594737921
2018-08-03,0.0045796363,0.024683367,0.00149527,0.12565331523994638,0.023837646,0.0029009506,0.004161914,2.660728017216062,1.606615527229088,-0.22188337133016775,-0.24288105608240224,0.0036032955502170003,0.0032949576694188774,0.024807094316001595,0.024840305141177365,0.02349124149069029,0.023430521334768056,0.002562637832394179,0.0025826622919408945,0.003286703489918842,0.003061854437753428
2018-08-06,0.00407613,0.025165046,0.0010696964,0.11232519964295973,0.023251813,0.002902157,0.0030681915,2.6697750857651457,1.5728839493240045,0.6710091931999937,1.3850059699779294,0.003700841094411482,0.0033472720549025743,0.024880939484609826,0.024862052704185626,0.023441847499413106,0.02341855340061187,0.0026326804387391883,0.002604058640537614,0.00324162457410995,0.0030622788224612296
2018-08-07,0.0038177539,0.025070366,0.0016861276,0.12562555046280188,0.024128715,0.0030393892,0.0035674148,2.7929305732661884,1.6534057812904366,-0.19789583027623672,-1.1817032036783797,0.0037249601377608954,0.0033787797114952912,0.024920017975731533,0.02487600318739829,0.023583547816106824,0.02346611212426135,0.0027165842319947816,0.0026332123760219616,0.0033088349312851762,0.0030961072325729616
2018-08-08,0.0042590317,0.025273656,0.0013207581,0.1982375005589666,0.02351795,0.0023549628,0.0035400433,2.667058711006508,1.0377559361420743,-0.18227085725391357,-1.1703078408526084,0.003835138826664025,0.003437729122092333,0.024992973411619792,0.02490263354580264,0.023570014919367575,0.023469583610913156,0.0026419819107282717,0.002614578262378254,0.0033565330865362054,0.0031258370896761895
2018-08-09,0.003805584,0.024901608,0.0021631145,0.18770874583339148,0.023718046,0.0035793397,0.003034025,2.4919567915240104,1.605678194595345,-0.5037589890828907,-1.1497707205860201,0.0038290416900097638,0.0034623638762326468,0.02497412477632514,0.024902564866711732,0.023600553658482366,0.023486222807914726,0.0028353583318881134,0.0026791872901442324,0.0032899998307011507,0.003119688553937427
2018-08-10,0.002945893,0.025350276,0.0015507472,0.1270427559823598,0.023612745,0.002404737,0.0024211954,2.6297575899674026,2.1264224208969575,-0.6152466517934816,-1.2112765303504736,0.0036468485753391447,0.003427776565315181,0.025051724654473872,0.024932547460900654,0.023603068747738185,0.023494695823700038,0.002746521388644011,0.002660807690527503,0.0031107659307320116,0.00307291147418691
2018-08-13,0.0028895915,0.024889162,0.001917518,0.060288068793798,0.023297952,0.003056816,0.0030669328,2.7329306986029103,2.158885441887005,0.5409735491378656,0.9045292236995327,0.003490626839419766,0.0033917351438825594,0.025018188025221922,0.02492964199097061,0.02354012342385386,0.023481520226758812,0.0028105350157702357,0.002687327843620075,0.0031017231753136375,0.0030725110904522204
2018-08-14,0.0044813454,0.024589019,0.0026145112,0.1890047386774757,0.023621228,0.0027521194,0.0025571168,2.505324010169745,1.132305803020223,0.31952189907208495,-0.6278937832686435,0.0036950115604835482,0.003464704553310654,0.024929650659645402,0.024906831022023658,0.023556855171130327,0.023490876199458704,0.0027984839137195254,0.002691666843519517,0.002989371165193303,0.0030379959812738225
2018-08-15,0.0027654807,0.024985349,0.0017923736,0.08000277404480016,0.023665112,0.0023140435,0.0033330556,2.2120671372361023,1.2593660254992476,1.8733445024356918,-0.6780752686480462,0.0035032498249963316,0.0034178787413887634,0.024941141157897702,0.024912089221892673,0.02357918839729943,0.023502544436301457,0.0026985441037790585,0.0026663779897637594,0.0030602730930360347,0.00305775561561169
2018-08-16,0.0035618737,0.024599902,0.002309072,0.11915136542110694,0.02405577,7.5208336e-05,0.0028986626,2.4238566744703443,1.2845039333818213,-0.3195291766874505,-0.6455266233846719,0.0035153438969814294,0.0034275218211804975,0.024870743767565942,0.024891182633338314,0.02367750686257055,0.023539592924386153,0.002157351314730833,0.00249285161583826,0.0030269329300063406,0.00304710144446718
2018-08-17,0.003274111,0.024954397,0.0014565517,0.09503625200208865,0.023486748,0.0014733649,0.002515587,2.8171210968270413,2.2288373886681603,0.40109638476035164,-0.5504323883322593,0.0034655776931429706,0.0034172481945747724,0.024888001433142223,0.02489541599508997,0.02363815347923513,0.02353605402263029,0.002016245274228285,0.002424578356800194,0.0029214425386376495,0.003011506931688187
2018-08-20,0.0034282021,0.025347926,0.0017254343,0.06245553470492804,0.02326501,0.0033234146,0.002944437,2.392361478113209,2.5429383802345455,5.548109124647832,1.2096160082907936,0.003457867132567941,0.0034179817575487725,0.0249828835721443,0.024925719680239287,0.023561174123327207,0.02351790272129343,0.002285913617717768,0.002484771785879291,0.0029261863021681034,0.0030070153963926943
2018-08-21,0.003682044,0.024540473,0.0014569153,0.1053745647489781,0.02300813,0.0032149174,0.0026440283,2.636516599750012,2.611703125236968,1.4322160122130054,-0.7686006349200222,0.0035041147234232913,0.003435665474558604,0.024891614457538416,0.02489992048022042,0.023447081512824854,0.023483764313991407,0.0024775666049259575,0.00253366825161079,0.002867977250975352,0.0029827068891381766
2018-08-22,0.0031816247,0.024549136,0.0013290555,0.11875540042821464,0.023427002,0.0036074407,0.0033519508,2.859569004575345,2.523344108106726,1.1181956710397423,-0.733194482950656,0.003437585199551555,0.0034186528973311693,0.024820961319155063,0.024876429176784152,0.023442939147109525,0.023479963069971504,0.002710659044669099,0.0026055766801551354,0.0029678207365122005,0.0030074343767158124
2018-08-23,0.003579062,0.023798937,0.0013422932,0.15500368155808675,0.023401694,0.0031597828,0.0033915732,2.777091143880424,1.781929513842132,0.9109599111503034,-0.2456090485786757,0.003466771777524524,0.003429395144458818,0.02461011823513972,0.024804271853270977,0.023434430371759664,0.023474721584468977,0.002803313049322618,0.00264269073776253,0.003055240647995941,0.003033159323754772
2018-08-24,0.0029801228,0.023807194,0.000981738,0.09855311640738718,0.023212075,0.002688535,0.0028300888,2.692584736004077,3.390358210899442,0.46867010321119473,-0.8419424981399072,0.0033663763511569502,0.003399308372202055,0.0244444754050703,0.024737499765700596,0.023388558623683605,0.023457132740660712,0.0027796344029628376,0.002645760833213963,0.003008791947828657,0.0030195601434935626
2018-08-27,0.0033393179,0.024869323,0.0009440485,0.09019910269096998,0.02339319,0.004953064,0.0037495096,2.451623419961995,2.658397518697608,0.8168483608410686,1.448151927034539,0.0033607941986804816,0.003395290943722767,0.02453212119439403,0.02474632765364948,0.023389513978158517,0.023452850609233137,0.0032280117906858855,0.0028002759406068945,0.003161601604676524,0.0030684432006689083
2018-08-28,0.003573561,0.024801867,0.001538628,0.10783281860919702,0.023007737,0.004563864,0.002894645,2.571666601109115,2.381057583668766,-0.4457958873795275,-0.30334241678972446,0.00340468789588052,0.0034072292821169443,0.024587769629272605,0.02475004700050859,0.023310753685881182,0.023423042413968236,0.0035035973688870904,0.002918379513135627,0.0031065286163501063,0.003056804344028706
2018-08-29,0.0032718878,0.024672478,0.0014528567,0.1189743873035699,0.022881024,0.0036066782,0.0031369664,2.6650499697411463,1.217309620354114,-0.3711562582234506,-0.4801521024432831,0.0033772913012832103,0.003398165781290914,0.024605245011838695,0.024744852417095876,0.023222100592264885,0.023386744693574477,0.003524862894152143,0.0029644733157641254,0.0031128079104648745,0.0030621726060258607
2018-08-30,0.0038214847,0.024302611,0.0009770795,0.21429326773991653,0.024159905,0.0020823681,0.0032233708,2.662461396894528,1.3894279509157221,-0.11728567493153294,-0.5894204909638937,0.0034689281749902133,0.0034265144343300284,0.02454281180067936,0.024715236581363032,0.02341556905947529,0.023438521351285494,0.003227276982240353,0.002905400775379069,0.003135616968309798,0.003072967658819256
2018-08-31,0.0029973004,0.025263434,0.0013582979,0.10528181752411947,0.023893265,0.0046949144,0.0034249427,2.586389218439712,1.5872440288034577,-0.4146706525555673,-0.7343091754177179,0.0033716316037462526,0.0033977710163967715,0.024691475838298903,0.024751948041207235,0.023514117491808883,0.023468974425663234,0.0035300498189116754,0.003025240278095234,0.0031953047199961082,0.003096538568878941
2018-09-04,0.0033528116,0.024367424,0.0017265187,0.0472264150348809,0.02361414,0.0036398484,0.0031900343,2.315381858007047,1.0686400049293252,1.0731607939740453,2.5774665564034995,0.0033677490386276134,0.003394760193131317,0.024624624058412863,0.024726197401815857,0.0235347521295586,0.023478695819307532,0.0035527012161040298,0.00306639910859565,0.0031942174355256677,0.0031027997461958775
2018-09-05,0.0023750814,0.024434082,0.0015876199,0.09149984213373297,0.023180656,0.0033952717,0.0038177697,2.2767057842896894,1.182942791191655,-0.9675074793330021,-0.21029862972019564,0.0031629622298679372,0.0033264748696358966,0.024585315375320462,0.024706635182044374,0.023461702312146993,0.0234587368511742,0.0035202235939384157,0.0030884229036594883,0.00332285593946031,0.0031506794858935728
2018-09-06,0.0032751528,0.023852501,0.0023550433,0.13006129206254535,0.02351573,0.0024712004,0.002670014,2.299726335642941,1.9753105154590156,-0.635671301701983,0.26104579333467215,0.0031861070775309587,0.0033230379587581003,0.024434136168454915,0.024649435995464635,0.0234728480376301,0.023462553485881183,0.003303810665608348,0.003047089045242284,0.003188174999866989,0.003118490545404739
2018-09-07,0.0037596624,0.024063215,0.0021160669,0.08878906270713305,0.025185715,0.0024867926,0.0029200187,2.127095444879763,1.9580915166799997,-0.6078323301349484,0.10858370986662497,0.003304431236377593,0.003352277571796893,0.024357615256295706,0.02461017826303064,0.02382621167501757,0.023577949199951657,0.0031352602737466343,0.0030095674030866334,0.0031328545048862786,0.0031051994000919716
2018-09-10,0.003085135,0.024701007,0.0017114374,0.07025427676395812,0.023426969,0.0034440556,0.0028873645,2.3064918143632034,1.7204537891966285,-0.36194118983348444,1.8298229865203908,0.0032591905415818114,0.003334387730602439,0.02442845673268566,0.024616260807612256,0.02374384803952946,0.02356783842266612,0.003198964579080697,0.003038663968485988,0.003082210041240517,0.003090611562601406
2018-09-11,0.0030843746,0.024549127,0.001511032,0.1775564303988879,0.023438303,0.0034882857,0.0029987746,2.69009301676988,2.048998098194593,-0.8367564192679138,-1.117987616816384,0.0032231261030732923,0.003317645008290616,0.024453350868012258,0.024611765007987254,0.02368081421733871,0.0235591637627327,0.0032586513741190057,0.0030687739773676416,0.0030649973615201067,0.0030844614853427262
2018-09-12,0.0032518927,0.024136718,0.0015806513,0.15767835136775965,0.023692634,0.0025719574,0.0037537317,2.7158369763051926,1.2396185548785374,-0.5958397871497663,-0.46369987958340325,0.0032290606466583243,0.0033132417539123503,0.02438802974868315,0.024579952395133647,0.023683252623345922,0.02356810190733009,0.0031169867723051547,0.003035503466308273,0.003207082898594821,0.0031292807367941456
2018-09-13,0.0027172733,0.024194196,0.0016796659,0.09871560827092729,0.024409816,0.0026006678,0.0028909917,2.734212431577908,2.0241778883755925,-0.07531642852032563,-0.85309360218821,0.003123479188261993,0.0032733313426365003,0.024348041920759796,0.024554119313097977,0.023833142197516078,0.023624469224661333,0.0030104704327487933,0.0030063836631476276,0.0031418734599737166,0.0031133231609547316
2018-09-14,0.003211845,0.025065308,0.0019810768,0.12006502142162956,0.0243011,0.003862597,0.0031864773,2.559430707332006,3.186180779505021,-0.31610910829217564,-0.5460930764048602,0.003141708997465407,0.003269213764504501,0.024496013625738076,0.024588352269474607,0.023929681753776185,0.02366978139705047,0.003186263705328372,0.0030637220007701154,0.003151075218655602,0.0031182220994985053
2018-09-17,0.0037765417,0.0245046,0.0014192908,0.04876477536904478,0.02384383,0.0031475322,0.003396324,2.8459845639001924,2.7330789413944365,0.5778341814790805,1.0619135115822922,0.003272674645596265,0.003303188136100823,0.024497785009370145,0.02458274361381739,0.02391197067524606,0.023681436989197835,0.0031782734227746804,0.0030693345476002776,0.003201669936948439,0.0031368458356587706
2018-09-18,0.003004973,0.024413953,0.0017053168,0.05312961280230899,0.02362536,0.0032871976,0.0030141433,2.3343613617407195,1.9305374576012784,-0.6701066453226746,-0.49136778316044444,0.00321744794842701,0.003283217488112144,0.024480490428223638,0.02457144014171084,0.023852843209109676,0.023677681720357637,0.003200744414238217,0.003083924245481942,0.003162983295235363,0.0031286287841447422
2018-09-19,0.0033533575,0.02454094,0.0008439825,0.06306863159132936,0.023493214,0.0037013707,0.0030521636,2.374558046048381,2.164348548600629,-0.729385433838557,-0.2795359738803293,0.003245486027310787,0.003287914574807224,0.024492961204899136,0.024569397651258387,0.023778651805589617,0.023665328396809657,0.0033040233485360114,0.0031252729548147044,0.003140121257888829,0.0031235081237170293
2018-09-20,0.0032912362,0.023877284,0.0016815726,0.06545314330640817,0.023403192,0.0029118545,0.0030626317,2.307833798545921,2.169872737914356,-0.5245490229278579,-0.7391130181960276,0.0032549242714421407,0.0032881370173054444,0.024365947230231968,0.0245230486870147,0.02370119463259734,0.023647773844124077,0.0032231191286484955,0.00311098090719179,0.00312413520327767,0.0031194313983337386
2018-09-21,0.0038340795,0.024557583,0.0018789211,0.05368609447257022,0.023796355,0.0029798106,0.0027933766,2.6555059287174227,2.6375014685031593,0.0,-0.9588105678305455,0.003374403687452451,0.003324697264467668,0.02440548159575988,0.024525361356089917,0.023720826238916998,0.023657723934036787,0.003172924703549098,0.003102196791681525,0.003055899870554816,0.0030975964140181464
2018-09-24,0.0034552559,0.024027186,0.0013659337,0.041372442672858334,0.023654357,0.0026603297,0.0031421864,2.2540745412546364,1.4577527437668922,-0.052216082418618,1.0711309347744098,0.003391083452060153,0.003333440409594405,0.024327439313187985,0.024491999913846717,0.02370711358713399,0.023657498433021184,0.003067176621144114,0.00307260617524065,0.003073700744554805,0.0031005824833334945
2018-09-25,0.0030677149,0.024124041,0.00095274544,0.0684059125587958,0.023294408,0.003813845,0.0033097274,1.986457836288252,1.5685465774775609,-0.8844441172425637,-0.24797846637715643,0.003324372681741621,0.0033156455165103023,0.024285478389356317,0.02446735875305426,0.023621972615662425,0.023633183278917808,0.0032212139367246346,0.003122244882759901,0.003122392922228391,0.003114588331426685
2018-09-26,0.002860315,0.024226926,0.0012347293,0.09378665744290704,0.023287648,0.0031123448,0.0030773955,2.272775888380554,2.2050992606178577,-0.9183017197532919,-0.6825302748213211,0.0032286378077723706,0.0032851533112714278,0.024273399117342036,0.024451257668213097,0.023553001692431495,0.023610043779174177,0.003198754284843481,0.003121581899892231,0.0031131099762804755,0.003112097632043525
2018-09-27,0.0034691677,0.023915203,0.0012714094,0.09869572463081422,0.023957353,0.0035234615,0.0029580158,2.2428964756649457,2.6027965466696914,-0.7647629432256098,-0.43945328075615825,0.003278259006869782,0.003297476236207147,0.024199503506194833,0.024415359625713305,0.02363641917209363,0.023633302099031167,0.0032657412168040295,0.0031484946484525663,0.0030811141234284153,0.0031017792065600727
2018-09-28,0.003271861,0.024946833,0.0012269841,0.07237226018991538,0.023205128,0.0032675066,0.0030932731,2.3642787252747723,1.3369910615593874,-0.5079500807976126,-0.7454638697237019,0.0032769391017992795,0.003295760856832768,0.024353677193746422,0.024450950887614568,0.023547443940826245,0.023604628468701438,0.00326610541507896,0.00315646454308844,0.0030836225234055705,0.0031012095798877465
2018-10-01,0.0033568582,0.024270391,0.0016694614,0.03796307636982332,0.023304813,0.0035526583,0.0029943113,2.4123474901946964,1.5010169530555484,1.4990041871478945,1.225094870594541,0.003293426360772943,0.0032998523685888502,0.024336495314702316,0.02443885931351559,0.02349738922492783,0.023584550656520403,0.003325221114315514,0.003182996512752388,0.0030651976598276777,0.003094050905562903
2018-10-02,0.0029571177,0.024811327,0.0012512812,0.13508199141762545,0.022578195,0.0029938112,0.003126229,2.630525016365828,1.3573204671439356,-0.7389938992714817,-0.776960974520251,0.0032240460699823783,0.0032769004122919438,0.024434452935992463,0.024463802438436474,0.02330775988563962,0.02351715788262847,0.0032568514139710565,0.0031703273075233047,0.00307778837808265,0.0030962057754870312
2018-10-03,0.0031000318,0.024831371,0.0013469012,0.09985599353678143,0.023838205,0.003240201,0.0025793633,2.623498639071129,1.1755702358812814,-0.563654180349149,-0.4633272258408717,0.00319846198182518,0.003265056026276869,0.024516337002606036,0.02448841747478818,0.023417190487987072,0.023538657503529282,0.003253416426597536,0.003175006544138407,0.0029749635457731478,0.003061594319181045
2018-10-04,0.0027664627,0.024216602,0.0020610627,0.1264462196209707,0.023849608,0.003526782,0.0031411427,2.4790014786641543,1.4355150957730054,0.07437432644564439,-0.14185247880259694,0.0031093407657542555,0.0032316666701090093,0.024454501751879465,0.024470214750256073,0.023506398070967566,0.02355948098785555,0.003309811583787191,0.003198563933541304,0.0030092462097857002,0.003066921442489643
2018-10-05,0.0035647494,0.024421783,0.0018883045,0.1674254304135987,0.023423992,0.0032820976,0.0031381305,2.414130408298376,1.713874794832769,-0.44273959038656957,-0.10271351439506508,0.00320329132306954,0.0032539722572317983,0.024447751924439005,0.024466971426794278,0.02348939776196023,0.023550407688123463,0.003304094210508349,0.003204157945517277,0.003035834977402309,0.003071690109491336
2018-10-08,0.0044898028,0.02450523,0.0015191495,0.09310950146080987,0.023456275,0.003340669,0.002802321,2.299848126034427,2.3154923303635075,0.6416236813960798,1.1081876544485956,0.003468697954877942,0.0033367322482922976,0.024459609552461705,0.024469533470381912,0.023482564649128044,0.023544103925501856,0.0033116395654548486,0.003213299696050845,0.0029876611643883666,0.003053651239234359
2018-10-09,0.0041418537,0.025428569,0.0009989366,0.30772520766036104,0.022909494,0.002770119,0.00230525,2.15126288354831,0.9096031028506667,-0.3122641738708521,-1.3097144623738495,0.0036075696220780893,0.0033906488931749953,0.02465950536534793,0.024533757293701247,0.023364340499755873,0.02350160594776156,0.0031999241811194235,0.0031836211722723103,0.0028468800828636838,0.0030035329739190866
2018-10-10,0.003616957,0.024767553,0.0013075174,0.13779370187604012,0.023222007,0.0032856856,0.0029831952,2.3583190103204594,0.8926841591107881,-0.7852879030204694,-0.1749898867856755,0.003609506231955076,0.003405804088745054,0.024681795625033056,0.024549413941494312,0.023334977144202098,0.023482882009548848,0.003217616707265846,0.0031904561284770163,0.0028750018283991404,0.003002171015108916
2018-10-11,0.0041745966,0.025578693,0.0016858343,0.2251877888591639,0.022907801,0.0033462238,0.0031819057,2.8860204647545595,0.9061694986224149,0.777455230315756,-0.5580637715327125,0.003726084083850778,0.0034572878858118625,0.02486682499001992,0.024618341732073425,0.023246850924659928,0.023444370507654442,0.003244148293125992,0.0032008874408580618,0.002938315939504566,0.0030142073246453554
2018-10-12,0.0031440079,0.024787046,0.0010118608,0.07874704254464926,0.023571406,0.0032894094,0.003065339,3.0177056144478214,2.5146642422216146,-0.07023390294211058,0.13508983895926788,0.0036060020680560552,0.0034363084376705685,0.02485036662948996,0.02462963936560991,0.023313806375174256,0.023452877674384604,0.0032534856454587324,0.003206815502283203,0.0029645207417853116,0.0030176314675347113
2018-10-15,0.0037879213,0.024467412,0.0020098768,0.03363120810740261,0.02342517,0.0025037075,0.0026783592,2.6538551993088446,1.0832668608359648,0.2810815120731065,2.132432877344575,0.003643531904956629,0.003459854921654359,0.024771363369735778,0.02461877549874573,0.023336780485744512,0.023451022124816957,0.003098806816527525,0.003159730410091796,0.0029054857580206547,0.002994911392835378
2018-10-16,0.003408645,0.024517875,0.0018578063,0.09620013969830998,0.023615764,0.0031970532,0.0027282445,2.668227066281658,1.774247549159738,-0.21362139950194847,-0.8253584474425121,0.003595074869681117,0.0034564255462660952,0.02471906888637741,0.024612018498780936,0.023394334731655964,0.023462054436291315,0.003119074996760448,0.003162229809390874,0.002868920984376653,0.002977053493247946
2018-10-17,0.00315557,0.02382313,0.0017675348,0.06552352777828763,0.023831049,0.0035708765,0.002366426,2.5329301079610715,1.349235475984321,-0.14801413384132706,-1.1484159596535575,0.0035044052486286515,0.00343627813320161,0.02453423734604978,0.02455918900764981,0.023484428651457882,0.023486764919034144,0.003212281419538766,0.0031895956870942603,0.0027652565200315827,0.0029361615560128456
2018-10-18,0.0028503044,0.02470391,0.0019990762,0.08930601769027613,0.024078274,0.0034130053,0.0028467227,2.5506770933966085,1.2824140297803055,-0.7035462288167804,-0.7114866326020596,0.003369464578878287,0.0033970371898402038,0.024569240843795886,0.024568880586075776,0.023606938664571364,0.02352637655531027,0.0032536906435560176,0.0032045567725462764,0.002782062955043046,0.0029301721000143132
2018-10-19,0.0016144614,0.025099361,0.0014693205,0.23461155401114575,0.023909345,0.002965593,0.0023267262,2.265607973804182,0.9987591427887798,-0.5265010198070074,-0.5402307217824702,0.003007408350326889,0.0032776633307121054,0.024678604418246607,0.024604405321082278,0.023669324988045845,0.023552022844280915,0.0031942562537110573,0.0031885540701353542,0.002688127225063844,0.0028897611030194786
2018-10-22,0.0024267135,0.02493302,0.0016853217,0.06114025820042612,0.023667654,0.0022279,0.002699414,2.190288374715838,1.216795384263899,0.34879664655244014,1.0002628317646636,0.0028876113024122324,0.003220677723151184,0.024731090147350168,0.02462641165573152,0.023668980268747995,0.023559766323972903,0.00299489748420995,0.003124221893112898,0.0026904556880799906,0.0028770141201120434
2018-10-23,0.0035094374,0.024341704,0.0019163651,0.09563130160846467,0.023695152,0.0030465624,0.003077731,2.182203284838083,1.0452350276720743,-0.8173147318467154,-1.1888514823503042,0.00301589370598129,0.0032400151100919804,0.02465076005678064,0.024607345644573255,0.02367437953531509,0.023568832720735924,0.00300555593525196,0.0031190212671285272,0.0027703503816662338,0.0028904555383125357
2018-10-24,0.0030965197,0.02517328,0.0017344678,0.07883785020364786,0.023940839,0.002095328,0.002532902,2.25051870962611,1.1475087398432895,-0.11681202397509313,-0.6249379651820925,0.0030325268136843705,0.0032304056481529315,0.024758555726297916,0.02464524462517943,0.023729349956605823,0.023593744875583317,0.0028177763797163366,0.0030504675382431613,0.002721364893223519,0.002866511228460846
2018-10-25,0.0032958009,0.025307924,0.0013948657,0.09264637437706746,0.023287516,0.0036565484,0.0028985753,2.391097202551128,1.973483037146144,-0.5242178339462072,0.20948661525044385,0.0030868401153885732,0.003234784973866186,0.024871890020477603,0.024689622276758298,0.023638199861764308,0.02357323763768736,0.0029908146162032937,0.0030910549910201286,0.0027579233012400774,0.002868658462823973
2018-10-26,0.0035192864,0.024661226,0.0018104719,0.07828494825340093,0.02406909,0.0025466164,0.0026711165,2.402686216369729,1.7555195226787261,-0.26542928971226554,-0.005949751310874692,0.003176053556767899,0.0032538371938187097,0.024828430184722222,0.024687720675275353,0.023727092155627266,0.02360644336788435,0.0028991767504707657,0.0030545955419549586,0.0027400151032601883,0.002855429661105451
2018-10-29,0.0026852973,0.024545372,0.0015727397,0.04497066895187318,0.0240381,0.0029740206,0.0027624222,2.8312024681461274,2.34403582345156,-0.19903720031457417,1.2576251912598997,0.0030748107951141454,0.003215763757177317,0.02477003533364079,0.024678187974150584,0.02379125303724002,0.023635350177187923,0.0029146169869526694,0.003049199672620956,0.002744637675207884,0.0028492012263821916
2018-10-30,0.0026433782,0.025186125,0.0011840026,0.2324782426298564,0.023335516,0.0026888384,0.0031332057,3.244225030932766,1.8477848700589843,-0.7998133829400202,-0.8385755569637525,0.0029858064815133623,0.003177432791695977,0.024855874451958353,0.02471220302614023,0.023697234819578035,0.023615271200054168,0.0028680389835935454,0.0030250673431304153,0.002824799053710706,0.002868220165234586
2018-10-31,0.0036063436,0.025076061,0.0012025497,0.0929889375917996,0.023000281,0.0034498493,0.0029706515,2.697497208293294,1.6342037184198297,-0.6127429700174065,-0.274370776702258,0.0031138229713037376,0.0032061556810089676,0.02490129892151339,0.024736569549622067,0.02355345367592572,0.023574087148165453,0.0029880661497056933,0.0030535137358221162,0.002854888334727756,0.0028750796877199873
2018-11-01,0.0031695657,0.024316743,0.0013654834,0.10450821550686051,0.024307111,0.0032830583,0.0031175911,2.606120557019504,1.3208039435925896,-0.7268149449382256,-0.6353749300753836,0.0031253226657600784,0.003203705358049345,0.024780705345723218,0.024708455010937547,0.0237089328428581,0.023623175601660763,0.0030489228737399193,0.0030688856554661973,0.002909083785825527,0.002891319961116516
2018-11-02,0.0028127418,0.024293527,0.0010028426,0.18376787181013055,0.023180712,0.0033181498,0.002682486,2.470580874394856,2.2011255428193146,-0.17079492320825523,-0.8474571109753768,0.0030608373954965004,0.003177523687336284,0.02468020071071392,0.024680668513031093,0.02359996116379053,0.023593545127394235,0.0031044642530594327,0.003085578138930348,0.0028623367989933737,0.002877334975640741
2018-11-05,0.0030426981,0.02447663,0.0018405116,0.027408995644770395,0.023457797,0.0023771105,0.0028237263,2.7277360721104564,1.4644814234143124,-0.47410877217678304,1.4117535388334193,0.0030570952764892357,0.003168494820458737,0.02463820430667305,0.024667004700329058,0.023570632821953146,0.02358445449446579,0.0029544115632735403,0.00303813416310148,0.0028543714680108485,0.0028737449599718196
2018-11-06,0.003132147,0.02401701,0.0020040544,0.06909525249216275,0.023133436,0.0026545143,0.0028378533,2.37715260144288,2.3543279882302506,-0.16354215348492337,-0.8447415927535041,0.003072578410875054,0.003166060715909461,0.024510052224038546,0.024623476477294272,0.02348043939249629,0.023554251139538417,0.0028925429105452565,0.0030124442768912317,0.0028509637731461567,0.0028713414002814346
2018-11-07,0.003907376,0.02478388,0.001176701,0.08151318425440879,0.023456056,0.0041425,0.002748525,1.970951253426393,0.8789348984467555,-0.7574758116217278,-0.8003372290765252,0.003244796708024485,0.0032157043963542448,0.02456654265085898,0.024634218192492105,0.02347540904357224,0.02354767528069546,0.0031504083995047985,0.0030881207550429047,0.0028298307087402464,0.0028631167509759123
2018-11-08,0.0025111511,0.02462017,0.0014539208,0.07784895103691736,0.023818854,0.0031713273,0.0019448589,1.9899562102637416,2.6882805999530546,-0.6943656152137905,0.9358753098220067,0.003093446012188798,0.0031685225582870325,0.02457760589809363,0.024633277411635672,0.023546261607477373,0.02356583532986038,0.0031547239558289133,0.003093692849723091,0.002647261496282418,0.0028016237536622616
2018-11-09,0.0037494916,0.024689777,0.0014016841,0.09820855396078487,0.023652365,0.0030560836,0.0023842358,2.372047779790146,2.537238085011673,-0.9352752505054845,0.36714938306872663,0.0032287878815572325,0.0032074283308152485,0.02460074670088614,0.024637061009225844,0.02356815077050027,0.0235716299934754,0.00313437449674045,0.003091174268180052,0.002592999443719971,0.002773672526703727
2018-11-12,0.003526076,0.0248927,0.0016885072,0.05811634518388065,0.023381002,0.002540295,0.0025461218,2.4819210152344593,1.8905354152112772,0.33315230110802646,1.7429079047002711,0.0032901182590656594,0.0032287672158178055,0.02466097668540978,0.02465418044804768,0.02352954212860812,0.02355886422032415,0.003011816211575768,0.0030542835215605604,0.00258332861707558,0.002758434133510703
2018-11-13,0.0031745455,0.024951665,0.0016680569,0.1041766525622031,0.023417426,0.002100692,0.0031770072,2.45729529521113,1.0794391041525824,1.6927525458888004,-1.2080710263444274,0.0032662756547526227,0.0032251361472570936,0.02472094547629846,0.024674102085285244,0.023506412686614103,0.023549392541865638,0.002823851744879616,0.0029904243257322122,0.0027058041953551193,0.0027864647259187142
2018-11-14,0.002756477,0.024166767,0.0019718967,0.29126457506961145,0.023543661,0.0024722815,0.0026752485,2.486581782348538,1.5167800774451667,3.210891224731405,-0.2095260840709418,0.0031611044812129,0.00319375144594335,0.02460661865614177,0.02464012733491807,0.023514097089029202,0.02354900874839124,0.002751322979202824,0.0029557258389227583,0.0026995005803048984,0.0027790169091858113
2018-11-15,0.0034161147,0.025235947,0.0015233795,0.10022689940469698,0.023353415,0.0026377966,0.002213652,2.4160334942077264,1.0978400320369577,-0.2832579841054936,0.045349016639581734,0.003213712959257648,0.003208642452261895,0.02473644880816198,0.02468002761858804,0.02348094837812774,0.023535910391353502,0.0027279025406180667,0.002934435061778252,0.0025992702763916417,0.0027411561055312042
2018-11-16,0.0031510922,0.024945274,0.0015168262,0.08418074675485532,0.023971247,0.002561191,0.0026405652,2.900855173592573,1.6906445704790047,0.46294884067357833,-0.3769310250974678,0.00320079433216943,0.0032047884841322144,0.02477952933445035,0.024697790378388665,0.02358209663421978,0.02356506355758441,0.002693510057466989,0.0029094400244633356,0.0026077893889118885,0.002734419829445567
2018-11-19,0.0026372157,0.025629103,0.0012463955,0.11565873713036734,0.024049394,0.0023136192,0.0027111496,2.6607766710443244,3.265651263423376,6.453279172726255,2.458490043225702,0.003084528347948342,0.0031667798229571774,0.02495479597269778,0.024760157622175916,0.023678499800471965,0.023597497713076402,0.002615138783023599,0.002869539681115206,0.0026291125525028736,0.0027328614935923116
2018-11-20,0.0029194015,0.024661504,0.0010423607,0.12399650467683865,0.023896998,0.0030395319,0.0031276657,2.6457837460636764,1.7797935026845648,0.9069805436287216,-0.8805244750908388,0.003050462767684919,0.003150213634441237,0.02489428993775106,0.024753551065177487,0.023723575821715324,0.023617554340945715,0.00270269085475719,0.0028809235520332243,0.0027319638096765676,0.002759300356329123
2018-11-21,0.0033145326,0.024675822,0.0036090119,0.30592505661550307,0.023702312,-8.2842336e-05,0.0026148867,2.8776599390829563,1.5430246486228356,1.402124245857955,-0.45373859471458095,0.003104940229501854,0.003161217583881317,0.024849220093475496,0.02474834577372317,0.023719189160296437,0.02362323032617917,0.002128036822594635,0.0026824489808464883,0.002707810870291835,0.0027496294064569553
2018-11-23,0.00401053,0.024678005,0.0014808264,0.06679831135092251,0.023393434,0.0025425337,0.0032686829,2.322818855796995,1.4749775679513029,1.2292028494378737,0.918822917828191,0.003291762961754324,0.0032180935166220767,0.024813898490269427,0.024743635255519682,0.023651985947390135,0.023607841520666722,0.002213547306038686,0.002673079270059568,0.002823518467493988,0.002784388868813278
2018-11-26,0.0026165226,0.024805643,0.0017672642,0.09466097521057415,0.023703812,0.0020321286,0.0032407204,2.353333018978946,1.9427428605012675,0.22991809332943458,-0.12402745667799005,0.0031524612304704696,0.003177808106499482,0.02481219531774171,0.024747787706765747,0.023662677570874625,0.02361426835670289,0.0021761207282534768,0.0026301567162596543,0.0029095870003169703,0.002814948028427698
2018-11-27,0.0029019916,0.025258811,0.0018167713,0.20180112956787222,0.024164626,0.00173335,0.00302973,3.216323926396328,1.9518415041981327,0.011129020089590453,-1.1286744126997872,0.0031007894767141517,0.0031593374975765007,0.024904331937425188,0.024782009425113247,0.023766229345115745,0.023651124191470214,0.0020847773569020577,0.0025701002435130917,0.002934372425195463,0.0028293313322304654
2018-11-28,0.003422144,0.025741711,0.003037561,0.19486484659168812,0.023845676,0.0030108583,0.0029722885,2.817027833366216,1.9346493776651017,0.6361145047895751,-0.5346587181340499,0.003167084766869304,0.0031769368717726107,0.02507708285099481,0.024846277793599186,0.023782619216869038,0.023664152767912425,0.002275827371654838,0.0025996164971236572,0.002942194496202321,0.0028389047487670936
2018-11-29,0.0030544994,0.02518324,0.0013905099,0.11759740329415325,0.023741325,0.0030120413,0.0029783365,2.5989441561183875,1.8334676270879413,0.5906822438661979,0.04752048478337705,0.003143858463526061,0.003168737599205493,0.025098983005039488,0.024868843143804352,0.023774100316642385,0.02366932078635021,0.0024277079237099777,0.002627235357823919,0.0029496505791089408,0.002848242079191273
2018-11-30,0.0028169071,0.024381518,0.0018352913,0.12368038090390698,0.024501614,0.0027113364,0.0030345374,2.355921943843424,1.3891968324101427,0.4253405845195917,-0.3869226054838715,0.003076408575428341,0.003145176562763663,0.024950970426958267,0.024836208457760946,0.023924186063094526,0.023725056997071566,0.0024862203211892648,0.0026328673511031215,0.002967162690821746,0.0028607177225031203
2018-12-03,0.003941748,0.025099019,0.0019344664,0.07854205658953162,0.02396091,0.0027233956,0.0028365592,2.2451480182678614,1.3667215235032137,2.8568913514484477,3.3847377327642807,0.003254927607582574,0.003198520562428269,0.0249815126848468,0.024853808067725355,0.023931762344110773,0.023740851418033226,0.0025351494547249352,0.002638929757225048,0.0029402192594966126,0.0028590998984097025
2018-12-04,0.0038111014,0.025269985,0.001584946,0.10332722223299462,0.023908837,0.0033077677,0.0028005124,2.3586528033238507,0.6396817716820455,0.32839677119584787,-0.30442898535226703,0.0033696659744363202,0.0032395432742215236,0.025041024412779417,0.024881678207713805,0.02392703280962729,0.023752100895340685,0.002694540187812447,0.002683719836577795,0.0029113977996984256,0.0028551764659021078
2018-12-06,0.004079514,0.025464632,0.0017463036,0.06897212363441141,0.023727098,0.0030379135,0.00322262,2.1647928166226107,1.5140185565169446,0.8961164335887226,1.3530618588466958,0.0035161072865156,0.0032957936179270437,0.025128414356213755,0.024920716856902468,0.023885786462560017,0.023750426558230918,0.002765377915235858,0.00270743912689454,0.002975602799581982,0.00287978306991402
2018-12-07,0.0030528607,0.02407513,0.0010214673,0.11176810876251986,0.023404978,0.0032638635,0.0032736114,2.0948478766252725,0.9601533065028178,-0.3927205042421909,-0.8519850978194186,0.003420539765826483,0.003279525127970059,0.024911122347684257,0.024864090430293893,0.02378659597412914,0.02372729291433325,0.0028682152296043125,0.002744701206102458,0.0030370818217686124,0.002906156578617518
2018-12-10,0.0030273716,0.024299067,0.0015376937,0.0593238573675654,0.023627603,0.0037205648,0.0032100102,2.6249670613670504,3.331342233243621,0.4823680055049338,1.889822411485732,0.003339429379303915,0.0032626391590579672,0.024784855551080783,0.02482625246611796,0.02375379589519641,0.023720617007073005,0.003044054490994927,0.0028100518750007577,0.0030727568634621237,0.002926504750814332
2018-12-11,0.0031502296,0.024618646,0.0015235697,0.24708939154051446,0.024298355,0.002118509,0.0026727272,2.623535247178681,2.3003641778445045,-0.7044759722374714,-1.044063850961208,0.003300397559215307,0.0032551114249831374,0.024750566634928275,0.02481234968989595,0.023866138148648904,0.023759306393667474,0.002853114949207593,0.002763741315802624,0.002990230958375694,0.0029095100275808856
2018-12-12,0.002812851,0.024301626,0.0016349069,0.09678263049542657,0.023628972,0.0026005867,0.0031938523,2.512338747892924,1.4325569625859658,-0.4403605028386835,-0.5416799065467777,0.0031998169579201667,0.0032254945646338555,0.02465795037438642,0.02477814803586462,0.023817210994045872,0.023750578320191538,0.0028010185125357918,0.0027528153411623666,0.0030322379255611855,0.0029285515774048958
2018-12-13,0.0022072312,0.02492427,0.0015647393,0.2619445007231217,0.023474893,0.00253134,0.0035827917,2.8073517874106577,2.001988746676543,-0.3284191212439717,-0.7132927119061513,0.0029950470468533964,0.0031573045120388728,0.024712892139904328,0.02478793344141279,0.02374659088969104,0.023732116471225678,0.0027453840005394743,0.0027379838066620994,0.003145816871005223,0.0029723640810384233
2018-12-14,0.003354354,0.025026584,0.0020574173,0.13050971581925175,0.02332757,0.002512753,0.0028721094,2.6478788553767187,1.8829624696118679,-0.14278571506686988,-0.5093808370796598,0.003069171895304764,0.003170500331722894,0.02477760661474271,0.02480391515923141,0.0236601471848365,0.023705025230118287,0.0026973923495093276,0.0027229007730186607,0.003089351166414837,0.0029656503254718893
2018-12-17,0.0030458134,0.025078265,0.0017619887,0.04551616693321381,0.023247937,0.002689708,0.0033243427,2.3733390687110667,1.3919260370201296,0.12539912419036753,1.5787364890699838,0.0030643530527609784,0.003162150421370821,0.024839632280739026,0.024822287548052907,0.023575108386989656,0.02367441537977846,0.002695807077252922,0.002720677953799359,0.0031378297876804026,0.0029896708792361546
2018-12-18,0.0031831178,0.025357937,0.0010412424,0.2645751430324502,0.02369495,0.0023984213,0.002277872,2.1618109236267484,1.4888936963162338,-0.6233165138677018,-0.820318187045361,0.0030888541648377934,0.003163554546394788,0.024946558362531263,0.024858158420655384,0.02359983148875249,0.023675790470004395,0.002634456545638909,0.0026990973878269955,0.0029604209606796925,0.0029420038393426556
2018-12-19,0.0027075533,0.024235709,0.0016651046,0.13019267958352398,0.02424528,0.0039169155,0.002625497,2.723834094631258,1.3967135562179331,-0.49966398854480487,-0.2741894003493457,0.0030101920029515414,0.0031330175076272693,0.02479991043846772,0.024816474818978147,0.02373298733648273,0.023713927533630535,0.0028990271546340644,0.002780651028293379,0.002891326335728522,0.002920808326082656
2018-12-20,0.0033037055,0.024307296,0.0015868929,0.3259282258020568,0.024422765,0.0026393065,0.001782639,2.319359416354944,1.9791283083636082,-0.24334363968683312,0.030298623168060385,0.0030707436792571053,0.003144447971120845,0.024698284272912867,0.02478237661383487,0.023875288059884085,0.023761396245383093,0.002845446915310884,0.0027711856060282113,0.0026626047116453284,0.002844588524772602
2018-12-21,0.0028463837,0.024982212,0.00140658,0.07597200586598474,0.02290269,0.003912746,0.0028338796,2.2506644177897543,1.4004684388093005,0.494856527976292,0.014145900869880844,0.003024458338187681,0.0031244874992758785,0.02475685843664172,0.024795758999814725,0.02367464156574291,0.023703891246293466,0.0030656301499337375,0.002847632492368823,0.0026979386212838945,0.0028438713769264458
2018-12-24,0.0030685756,0.025159508,0.0012882627,0.03242992169768977,0.023889147,0.002069898,0.0031560974,2.0035802267179594,1.9118398801936258,-0.03273787815360639,2.676887585779234,0.003033559713429027,0.0031207432488873357,0.024839924827688223,0.024820118182404895,0.023718893871439613,0.02371629725331211,0.002860211120763912,0.0027955499344723914,0.002792456530777435,0.0028647802186146844
2018-12-26,0.0030014736,0.024627706,0.0015986494,0.05305089352396597,0.023731137,0.0032700768,0.0033641483,2.3493014076240426,2.912806392636323,-0.6446442837803519,0.7900559120598024,0.003026940367420233,0.003112756117778883,0.024796144202580802,0.024807232916125167,0.023721419559407864,0.023717291006333133,0.0029447661990627963,0.002827327581723147,0.0029103962455547423,0.0028982214074239556
2018-12-27,0.002748532,0.02474914,0.0013901999,0.14918121447980004,0.023305357,0.0044657313,0.003018861,2.143584409664633,1.2134465455354413,-0.7693065394294255,-0.5035429850987672,0.002969504865161651,0.003088365116611074,0.02478644712081846,0.02480334256191406,0.023635585969617127,0.023689704984049733,0.003258540504847688,0.002937046583190814,0.0029327724545611692,0.0029063002761489285
2018-12-28,0.0032385788,0.024985109,0.0014881869,0.12658859492203023,0.023836648,0.0019589586,0.0026064771,2.0168441309967657,1.9390951389859183,-0.7076477752111686,-0.7199543838812261,0.0030250146748762477,0.0030984244774262177,0.024827430863917792,0.024815514885035715,0.023677064979641952,0.02369954532467487,0.0029904374356145864,0.0028715469528103944,0.0028654578992354774,0.002886222015899681
2018-12-31,0.0030884389,0.024655305,0.0016499952,0.04875681014230293,0.023709286,0.0029126129,0.0028387161,2.122875107356879,2.1482416622449687,-0.25097381707412825,0.3336501574864105,0.003038099055739484,0.003097755772049554,0.02479192135760629,0.02480478609790819,0.02368371216008217,0.023700197628868228,0.0029743822675792233,0.0028742970141704856,0.0028599410891429534,0.002883040689668398
2019-01-02,0.0028831048,0.024831347,0.0014130085,0.09601170162050743,0.023926878,0.0033452096,0.0030199995,1.93799985196973,1.3841767344472091,-0.541921129349425,-0.021923759409130338,0.003006123830617476,0.003083381240913077,0.024800054881448347,0.024806564813325944,0.023733877216746604,0.02371537775889813,0.003050883759361192,0.002905832624877489,0.0028929610509628,0.0028922124103692246
2019-01-03,0.0025700636,0.025029035,0.0020378218,0.10467413133820869,0.02337082,0.003899106,0.0032002241,2.094279161596983,0.9809196965904966,-0.9087691849271073,-0.7227712479169098,0.0029161648290874846,0.003049005891552524,0.024847293418284778,0.024821462995653708,0.023658978531902786,0.023692303700153173,0.003225871573287063,0.0029723491770864566,0.0029563492635988333,0.0029128390346434027
2019-01-04,0.0028200694,0.02455262,0.0024159611,0.22978254747391824,0.023885386,0.003757223,0.0035707182,2.096050048523093,0.7249629187241404,-0.5720870266329773,-0.3339122273031586,0.0028963404000348636,0.0030336747016486572,0.024786502258263524,0.024803459322788022,0.023705686286821494,0.023705233848782474,0.0033354890975171437,0.0030249098318140175,0.003083093257206506,0.0029568952369529626
2019-01-07,0.0032263093,0.024572814,0.0007341661,0.09686232230626035,0.023779975,0.0022306559,0.003067936,1.8677711298875908,1.0619627604589756,0.05978408902671492,2.0596661832109118,0.002964412813888095,0.003046574865785668,0.02474241845893078,0.02478801368737263,0.023721012060925365,0.023710239056960167,0.00310756258331127,0.0029717210185834595,0.00307996633328569,0.0029643313081616314
2019-01-08,0.0027327226,0.02461024,0.0014130708,0.10830765448077972,0.023810051,0.0033380461,0.0023937281,2.2770836183733465,1.24588569264055,2.8513817305094005,-0.629206299083273,0.002916615235211988,0.0030255571149767,0.02471515011493675,0.024776108715942612,0.0237393808259448,0.023716923189879672,0.0031551112196410696,0.0029962527165838544,0.002938395751271592,0.002926119719021207
2019-01-09,0.0030758493,0.023638682,0.0010351669,0.12524867663253847,0.023865545,0.0021895543,0.0024841505,2.030415987850007,1.9087414960392026,2.1823956868028414,-0.455538865485189,0.0029494651317738367,0.0030289250298653632,0.024493075399786353,0.02469993867949279,0.023765408463457427,0.023726875959363618,0.0029559173296398724,0.0029422305340191684,0.0028446851873745065,0.002896522359617681
2019-01-10,0.0034481029,0.023974793,0.0011373532,0.10886050871009656,0.023642112,0.0026485138,0.0029961155,2.3274298774086946,2.2158494249033325,0.4490782892241466,-0.11625903925133445,0.003052333832017506,0.003056996115379872,0.02438615401988147,0.024651377843936274,0.023739972379115723,0.023721199541662658,0.0028925001357672534,0.0029225612002183464,0.002875925177014478,0.0029031918130417995
2019-01-11,0.0022881194,0.024138024,0.0014794568,0.12110797127394435,0.023424942,0.0019736164,0.0027365151,1.931106852623899,2.22447193328158,-0.09086174887377114,-0.40629998955935676,0.0028946767970247154,0.003005506741170942,0.024334964943140178,0.024617000077320112,0.02367498178717822,0.023701360063153532,0.0027029349095434585,0.0028590132062558944,0.0028471649582020005,0.0028920299742011637
2019-01-14,0.002907413,0.024516495,0.0011768489,0.03180068258459057,0.023792867,0.002798885,0.0029234695,2.256877103626353,2.578757109176004,0.5640297839513052,1.4546094556332245,0.002897304280961323,0.002998937700560818,0.024372414486978355,0.024610269549152495,0.023699301365655925,0.023707487983440263,0.0027227293848188006,0.002854986607257932,0.002862906550162488,0.002894135386885616
2019-01-15,0.0027122346,0.024128377,0.0014306662,0.08335502910605563,0.023267636,0.0042602713,0.00282207,2.270273614119181,1.7985308017540624,-0.7900664122231648,-0.8287549009711311,0.0028591245076339733,0.002979738052796604,0.024322069772049468,0.024577998675590577,0.023610249043369745,0.023678032416596908,0.003039923477732987,0.002949094322145027,0.0028544819741945283,0.002889309377878358
2019-01-16,0.0037748336,0.024942473,0.001076286,0.08620668960333366,0.02364531,0.0028854774,0.0035208233,2.436445413502216,1.2030464628981405,-0.6029153239882262,-0.35266499345689584,0.003048034818472852,0.003032983225911269,0.02445005854440836,0.024602406402753862,0.02361748204486165,0.023675841076229567,0.003008061329946013,0.002944834086083374,0.002991947842657853,0.0029315999777092118
2019-01-17,0.0033903003,0.024647301,0.0018094187,0.07061365632739114,0.024033511,0.0032458254,0.003315877,2.316398760681471,1.534393407382868,-0.6410566079998279,-0.5910003476788113,0.003118644011506876,0.0030569116830956684,0.02449074957223533,0.024605412863878993,0.02370330861134349,0.023699793165181976,0.003057111935346697,0.0029649905751417405,0.0030587742443441888,0.0029573338563749136
2019-01-18,0.0027151876,0.024761487,0.0013312245,0.09588652259670183,0.023505727,0.0024180058,0.002848564,2.782743381960682,1.3360841364751725,-0.39901632290762235,-0.5362670725255748,0.0030354111686902606,0.0030340274441377733,0.024546602519615386,0.02461586466849934,0.023662547593606222,0.023686797123069158,0.002925264683827999,0.0029283606432114724,0.0030154079709089642,0.002950049860961245
2019-01-22,0.0033009835,0.024597524,0.0016623825,0.03023433902970929,0.023422228,0.0028910514,0.002875788,2.3403914210618484,2.3111795028214384,0.5160070919771574,2.8791644949201345,0.00309019859244431,0.0030519046900164735,0.02455710753935372,0.024614636430968784,0.02361296982342,0.023669079731725353,0.002918206491088256,0.002925862151437794,0.0029866044246438543,0.002945076759841078
2019-01-23,0.0021227535,0.023325872,0.00076245354,0.29348121323919374,0.024073359,0.0018957919,0.0041478113,2.0535358031278377,1.5883399441329256,-0.4874365445858245,-1.1044266581402598,0.002890615185459846,0.0029896822159826905,0.024303104228396957,0.02452833170988109,0.02370794779106457,0.023696153080070552,0.002707282888608612,0.002856881424130631,0.003226160797850297,0.0030256202965794946
2019-01-24,0.003111371,0.024660645,0.0019047116,0.10818134508614075,0.02329134,0.0033705218,0.0036827715,1.9843105567292807,1.9756217681178236,-0.7563661324846803,-0.4458142689832718,0.002936157008740893,0.0029978313547088446,0.024376864712408585,0.024537192338716783,0.02362200184307002,0.02366904396541116,0.0028441087319089277,0.0028912783854274536,0.0033203593382740873,0.003069627744827637
2019-01-25,0.0034926247,0.025183717,0.0011052747,0.17201967771291216,0.023469565,0.0034000974,0.003071944,1.9782302720097096,1.3528301077072915,-0.3494239411733637,-0.33652685305295427,0.0030509560073012786,0.0030309661872592298,0.024543317871394923,0.024580488147413603,0.023590554292520945,0.02365568548494587,0.002958808895152142,0.0029253524708936977,0.0032691113839232793,0.0030697828572725794
2019-01-28,0.0036998915,0.024816524,0.0014980832,0.05153712539435218,0.023658723,0.0026525033,0.00288583,2.4299222662798408,1.3795748017126237,-0.22221696823954734,1.6377112513734646,0.0031848310585356394,0.00307576211483295,0.0245996802009984,0.024596294778375185,0.02360461738656141,0.023655888874074358,0.0028956182155370175,0.002907080579142987,0.003190040613357174,0.003057464077267872
2019-01-29,0.0021466443,0.025788084,0.0008958122,0.17461611225711104,0.023834068,0.0017349509,0.0027762894,2.1708946863690306,1.4392457277871333,2.2479619288178383,-0.6967187683941326,0.0029706536732143907,0.003013541872792212,0.0248448472120927,0.02467610531593059,0.023651952995121975,0.023667821019171788,0.0026561731648064102,0.002828586562266686,0.0031046839471552184,0.003038634647371961
2019-01-30,0.0028776967,0.025211615,0.0016265351,0.14055139292762786,0.023614448,0.0024562676,0.0027493003,2.4511451998660188,1.2413073592502082,2.2366245867240595,-0.6147890589551956,0.0029514766882403724,0.0030044447245514416,0.02492051131448431,0.02471196683040051,0.02364421564438539,0.02366424675851515,0.0026149327513468232,0.0028036534747798644,0.0030313684936589536,0.003019258793491141
2019-01-31,0.0029477428,0.025196709,0.0015194191,0.14424624207993764,0.02362884,0.0029191037,0.00252627,2.236095975127102,0.7514373315432483,-0.021105307796370935,-0.6018002669951794,0.0029507063927579433,0.0030006475674657757,0.024977490697845984,0.024744428546093572,0.023641043703031477,0.023661875688733246,0.0026776830616609855,0.002811384832214192,0.00292716693860831,0.002986244808089768
2019-02-01,0.0030957225,0.025225742,0.0015252675,0.13089574820841665,0.023011504,0.0019931938,0.0032283214,2.018697611470571,0.7595581128310959,-0.41278362399527774,-0.6989500130039896,0.002980623144449676,0.0030070144529532553,0.025028704767322312,0.024776660654282714,0.023511169940022336,0.023618322224751315,0.0025364732780963797,0.00275659302316079,0.002989294953565517,0.003002455955955694
2019-02-04,0.0029846178,0.02463693,0.001298119,0.21695360296664778,0.023586197,0.0030583008,0.002983906,2.3308011374422275,1.2197501986310553,-0.04497064657811074,0.414729776198251,0.002981447247374915,0.003005514618559523,0.02494788180892615,0.024767303300595046,0.023526647946911356,0.023616170882815996,0.0026441260253629614,0.002776797491825819,0.0029881832304415887,0.003001213725812993
2019-02-05,0.0024260955,0.02448923,0.0011742278,0.14842310703397432,0.023528233,0.0031058076,0.0030735983,2.0379531584696133,1.0518881190312008,-0.8740326933176729,-1.2125457693323827,0.002866878482188566,0.002966712655997645,0.02485326208812141,0.02474868153295243,0.02352697497770582,0.023610281957260698,0.0027393706880270512,0.002798830313571467,0.0030058043057406476,0.003006061101431315
2019-02-06,0.003678477,0.025087295,0.0013688924,0.11514357744456494,0.023427214,0.0028551682,0.0029516025,2.0940875179079708,1.3712911039742537,-0.6842045578454691,-0.5246252345090228,0.003034310809635318,0.0030143773786240964,0.024901542975393487,0.024771357470680343,0.0235063944381577,0.02359802247546516,0.002763259651746189,0.0028026030926305424,0.002994622491720792,0.0030024141685427636
2019-02-07,0.0027799394,0.02459081,0.0010618498,0.1649919459877408,0.0235855,0.0024216198,0.003235572,2.292469424126172,1.1339269061545718,-0.7003688383487885,-0.5568597379913983,0.0029818341308518095,0.0029986777714492907,0.024837439082974543,0.02475926679758006,0.02352271391431431,0.02359718389584111,0.002692779537504581,0.0027770897835411564,0.0030443302522007243,0.003018028052274108
2019-02-08,0.0028733795,0.024720507,0.0011654359,0.12169186301618518,0.024160141,0.001802229,0.0031695564,2.4667255906864707,0.5318215302758784,-0.4762157992415597,-0.993997841363018,0.002959459998441252,0.002990286921297317,0.024813316002659132,0.024756671152638843,0.02365421481266849,0.02363488345755346,0.0025090594245137017,0.002711806271086856,0.0030701643367423786,0.0030281754512018447
2019-02-11,0.0032858597,0.024500167,0.0012470962,0.04318972793685205,0.023114037,0.0029911832,0.0031975324,2.2845168691453424,1.347074405197813,-0.27035297341455217,1.0033507270180566,0.003026796087557657,0.003010080546917211,0.024748713527567728,0.024739493836629746,0.023542776366317665,0.023600003912792038,0.002608521304829875,0.002730515308018397,0.00309644029707281,0.0030395167781312373
2019-02-12,0.0028210252,0.025036184,0.0016336967,0.2243226364607338,0.023440158,0.003118173,0.0026941497,2.684902537671472,0.7957479613499976,-0.3794714879763679,-0.8665344815791962,0.002984345662878333,0.0029974200762398384,0.024808018559003494,0.024759362297233523,0.02352160625021371,0.023589299509797657,0.0027136621786759004,0.0027564755831606933,0.0030134479656026524,0.0030163885803081276
2019-02-13,0.0032014407,0.024481587,0.0011480347,0.09231331794154307,0.023625728,0.0024613454,0.0030639018,2.204905415616121,1.537985835721798,-0.6786819775301545,-0.26535055197528673,0.0030291322497284947,0.0030110827254634957,0.024740675923174096,0.024740760523985113,0.02354308645939079,0.023591738999601295,0.0026616093600860874,0.002736711597652597,0.003023856563700488,0.003019570398049814
2019-02-14,0.0035054325,0.024753708,0.0022659353,0.1152740897268495,0.023757566,0.0030218116,0.003292788,2.551062654450991,1.821687787272651,-0.4566308977107257,-0.6294525507088584,0.003127392743434822,0.0030441878519505516,0.02474336451471675,0.024741627604000418,0.02358733342764977,0.023602843922144526,0.0027359188928794613,0.0027558038920456438,0.003079336988475144,0.0030378669671159014
2019-02-15,0.0030453329,0.025153523,0.0014616075,0.10982046017411462,0.023699377,0.0026729598,0.0032034002,2.1862104248636416,1.4616558871504053,-0.25583151447123753,-0.33986849730747637,0.0031104638307646883,0.003044264529104343,0.024827980058656888,0.024769211027381745,0.02361044790242712,0.02360930843566609,0.0027229304687592997,0.0027502560721900542,0.0031049311591943326,0.003048952231075698
2019-02-19,0.002742528,0.024943039,0.0014052648,0.05565662300177765,0.023605118,0.0030009432,0.0026678487,2.8244146504189835,1.0949139475900136,2.653253275800619,2.9232154061880613,0.003034558859122599,0.0030240581352831766,0.024851716620854662,0.02478085175475574,0.02360934825854521,0.023609027786219015,0.002780284353731854,0.0027670438407953702,0.003014761281739232,0.0030234308689041337
2019-02-20,0.003851875,0.024907367,0.0014790597,0.18034038857081547,0.023230458,0.0032231011,0.0032813267,2.5901849385712272,0.9008290553362724,-0.7589116852584525,-0.5053958282072553,0.0032031707417278393,0.0030794945520247335,0.024863197327509464,0.024789324122632843,0.023531183331159354,0.023583676078540502,0.002871637224400763,0.0027975846340904187,0.0030697535938501268,0.003040701383373885
2019-02-21,0.0038752942,0.024956403,0.0010276875,0.1386427427378264,0.023562862,0.0035343342,0.0027945305,2.3278388261068828,1.44138796698394,-0.8174617921820873,-0.6567002918772161,0.0033418294647818477,0.003132786876233982,0.024882425670643676,0.02480051291535624,0.023537718542695468,0.023582282195610354,0.003008351271402864,0.002846922551730348,0.003012975209299986,0.003024216054063199
2019-02-22,0.0025678086,0.024253376,0.0009735199,0.16611091460643546,0.023504026,0.007066627,0.0025770408,3.243426544008348,1.1617569860220194,-0.7053769785153545,-0.7820042673464433,0.003182149369450752,0.0030949519717743666,0.024752653019031408,0.024763872781330527,0.023530767837164145,0.02357704162796492,0.003845571426443142,0.003129503538187745,0.002923042172047428,0.0029942700656500573
2019-02-25,0.003557844,0.024475968,0.0012600876,0.12332337154883544,0.02342187,0.0021663143,0.0026313525,2.553775567659318,0.9153307206185544,0.6066089199392275,0.6460588311948244,0.003259654992171047,0.0031259504720707963,0.024695572944367014,0.024744592626650262,0.02350830238297667,0.023566650284686585,0.003499141561092984,0.0030650016350512407,0.0028628667494065185,0.0029699665629719144
2019-02-26,0.0036532737,0.024987644,0.0012084576,0.09846537308462355,0.023101998,0.0037461736,0.0025260088,2.4215725193984152,1.2976340582596266,-0.6445804338437819,-0.797858681922775,0.0033408583214446772,0.003161263730197931,0.02475582696382443,0.024760869022241366,0.02342448210419942,0.0235355339441632,0.0035501041361187353,0.0031106176823828776,0.002793373122720197,0.0029402360367514428
2019-02-27,0.0025271901,0.024961801,0.001534776,0.11197101805821597,0.023802629,0.0020382865,0.0028307438,2.443292356746498,2.1547296802055276,-0.8682488663347862,-0.4546738457054854,0.0031729990034895625,0.003118801718605435,0.02479831934985857,0.024774324852182585,0.023502493556403832,0.023553420483694548,0.003238216959830004,0.003038806873087004,0.0028010826716561533,0.002932903668501019
2019-02-28,0.0032876844,0.024620853,0.0014721263,0.11620840822162093,0.023304278,0.0037985735,0.0035946649,2.725719201130397,1.5529891408699563,-0.8332799250476294,0.16726370331783236,0.0031966585415443773,0.003130111286929064,0.024761708210416705,0.024764047325748058,0.023461601797769495,0.02353673615892685,0.003353818221540248,0.0030896861720410853,0.0029647982590379636,0.0029772198356748975
2019-03-01,0.0027835746,0.024350535,0.0010962572,0.12013338419021402,0.0233731,0.004472277,0.0025867287,2.6942490806668067,1.5179424745933183,-0.7334503468138275,0.13239984476503372,0.0031114395477806673,0.0031069047636255987,0.024676883419070917,0.024736355650625243,0.023443344110473458,0.023525777995582337,0.00358455570548756,0.003182274152409228,0.0028868026996954413,0.0029510698097923744
2019-03-04,0.0034694616,0.02489301,0.0015445112,0.05062547110482718,0.023650238,0.002705289,0.0032153975,2.3796837183581108,2.8362353826106044,-0.4526937087918929,0.9626837811640112,0.0031852993037131683,0.003131184108728107,0.024721470226290357,0.02474684632613586,0.023486026270975263,0.023534112729213283,0.0034031634571339967,0.0031503318870265877,0.0029545916290644185,0.002968771042831411
2019-03-05,0.0031156556,0.024665592,0.0012969088,0.1903654624630895,0.023864374,0.0022704983,0.0034315335,2.2432653897813504,1.0942796844808709,-0.8871887132702018,-0.7362354516718017,0.0031709318487068926,0.003130144212391933,0.024709942626760326,0.024741404982940876,0.023564079118670176,0.02355622930941095,0.0031694952336650184,0.00309141206453366,0.0030529844786032485,0.0029997608578030757
2019-03-06,0.0036323993,0.0249555,0.0015175128,0.191365063070026,0.024719601,0.0036470925,0.002884691,2.485554926564871,2.275044506572911,-0.7312210950313005,-0.6544064160471508,0.0032661323316009296,0.003163778730027958,0.024760600966632986,0.024755742280238822,0.023802462777544383,0.0236341368646493,0.0032680232978775604,0.0031286243208121737,0.0030182656463082326,0.002992054981384166
2019-03-07,0.0032748233,0.024384651,0.0015494137,0.10831721164186114,0.023308063,0.0019633265,0.0028723767,2.4038189750089063,1.2359940211935854,-0.6891326891298369,-0.5207842596612041,0.003267925275074629,0.003171215053104605,0.02468304275497735,0.024730891429610196,0.023700468348203788,0.023612300668408946,0.0029988650294958483,0.0030505878099760467,0.0029881688339824597,0.0029840404850745477
2019-03-08,0.0026532114,0.023734095,0.0010323359,0.230819648622285,0.023675175,0.0024773143,0.0031390893,2.336561191356372,0.8305134608556033,-0.5185096432364451,-0.5941864937740204,0.00314111011673617,0.0031365258950439142,0.024487275244589476,0.024664138926138075,0.023695250422927677,0.023616511200003923,0.0028912693931116857,0.003012197399483949,0.0030193036523732345,0.002994423642216345
2019-03-11,0.0025487414,0.024653535,0.001474114,0.05709136150165983,0.02361597,0.0034596357,0.003235729,2.462748026509683,1.7398813244951576,0.096662747402516,0.9103386258985697,0.0030189047640212323,0.00309716372638754,0.024521574614050124,0.024663428835443944,0.023678894778246334,0.02361647491359348,0.00300852305426139,0.003042161001053536,0.003063952076526168,0.003010583136526408
2019-03-12,0.0025584067,0.024456615,0.00086384267,0.2804957174624898,0.02380694,0.0026626997,0.003172031,2.0114735201154708,0.7234158022331928,2.6109098247702915,-0.7050708561109406,0.0029239042505191893,0.0030610847783473527,0.024508173403185476,0.02464957910667899,0.023705310597796108,0.023629229841834975,0.002937179871903251,0.003016749610829465,0.00308624868204655,0.0030213948106324554
2019-03-13,0.00287724,0.024477765,0.0012007089,0.15990956961488179,0.023216454,0.002626488,0.0020354718,2.435902736487911,1.4263027792597747,1.0020861146954494,-0.6747690119544739,0.0029142774544598307,0.0030487732481432077,0.024501900158197264,0.02463807322752834,0.02360445980320936,0.023601587499423125,0.0028730842991063657,0.00299061495721869,0.0028694739729577703,0.0029553704988906715
2019-03-14,0.003103283,0.024675159,0.0010969681,0.1436750183860609,0.023040807,0.0034667933,0.0026953868,2.645550722692699,1.7414417610650488,-0.5194079974246295,-0.8230777757391563,0.00295326919931984,0.0030524236032346305,0.02453764332152648,0.024640556736290765,0.023488178500516505,0.02356403369854417,0.0029955661611306902,0.0030225031987706303,0.002833559873247178,0.0029379601658781986
2019-03-15,0.0030202337,0.024238026,0.0013838002,0.1123395429666234,0.023134766,0.0021979741,0.0028920341,2.487122899929761,1.2033804804096608,-0.4094147649044239,-0.22171150334974496,0.002967083942135653,0.003050267942212959,0.024475832378156332,0.02461360044161525,0.023415269717780567,0.023535286934732867,0.0028310233443503705,0.002967286953502198,0.0028456230813097587,0.0029348846365290803
2019-03-18,0.0033716955,0.02430248,0.0013600928,0.06442300265757284,0.023037666,0.0026045586,0.0031538687,3.28340173334925,1.3187807149192359,0.8805591265310646,0.913081550565058,0.003050555098287578,0.0030717929856998063,0.024440070026866663,0.024592765686064746,0.02333737036326394,0.023501962779823984,0.002784303786346751,0.002942996120645087,0.002909213994041665,0.0029495493453822147
2019-03-19,0.0036053688,0.024283683,0.0011947858,0.09158960585222031,0.023468023,0.0033797505,0.0026815007,2.69575727031869,1.0892494889874145,-0.19108469136594666,-0.9916185328462683,0.00316501286899594,0.00310752496045582,0.024407807450522238,0.024572067338340785,0.023364323967759563,0.02349968994542024,0.002907144136607606,0.002972244256974544,0.002862236870347005,0.00293159893241723
2019-03-20,0.0033729384,0.024764627,0.0018085839,0.11897736930339331,0.023151116,0.0027804857,0.0027570662,2.8264656126470182,1.0377792010915416,2.2767949070289393,-0.5643758732856587,0.0032079077909403495,0.0031252989026576915,0.024481419180922222,0.02458496249745659,0.023320339368094314,0.023476347020896418,0.002881014560623112,0.0029594027577416857,0.002840540208595666,0.0029199109949161945
2019-03-21,0.0047873347,0.025001755,0.0017203857,0.11138773597253293,0.023061886,0.0028699317,0.0026310035,2.487499686325871,0.9224142572086544,0.26496571032891925,-0.3683743835215687,0.003533742732894564,0.0032366004684771096,0.024588764183462366,0.02461287384346487,0.023267020662863586,0.023448591834966857,0.0028787281822365853,0.0029534111518800415,0.002797312896393992,0.002900563724431759
2019-03-22,0.004559801,0.025013128,0.0015048598,0.09190488693619026,0.023608465,0.0031857782,0.0031419396,2.104691505187566,1.0717946526283395,0.44679875703073596,-0.3451850065933417,0.0037454180054815886,0.003325211247050497,0.024676310276575374,0.02463967768675984,0.023337460397964437,0.023459298045670842,0.002942072430688929,0.0029689720751413288,0.0028684092123410425,0.00291672794742472
2019-03-25,0.0033781799,0.024540996,0.0013984434,0.056943578851982424,0.023614949,0.003591378,0.0031815146,2.1838556395242508,1.3897690042516295,-0.024924593347741976,3.0679791793012456,0.003669656968331667,0.003328758396312406,0.024648395049415472,0.02463306928138996,0.02339470607127356,0.0234697214986989,0.0030760238253479608,0.0030106527371068005,0.0029330026815015844,0.0029344599149629825
2019-03-26,0.0031863211,0.024268499,0.002049808,0.10107646190270614,0.023333054,0.002198988,0.0030342808,2.588042477534334,1.165414507157755,-0.4890685097507415,-0.10165279927711612,0.003569945036809856,0.0033192197979421143,0.024570022620845747,0.02460865507643384,0.023381987288804404,0.023460569287556573,0.002895091817774311,0.0029562979848618497,0.0029538963135453265,0.0029411446240928743
2019-03-27,0.0034155413,0.024499232,0.0010092525,0.18039263438174802,0.023840787,0.0023542813,0.002610919,3.15719214522145,1.275559362099911,0.3277440294112835,-0.6635940136368389,0.0035380916183953373,0.0033256701579565317,0.024555418542571282,0.024601327336959536,0.02347663740504378,0.023486031322915234,0.0027835228833329455,0.00291598272546196,0.0028831402877305752,0.00291903040632384
2019-03-28,0.0033001017,0.02495409,0.0011496195,0.0907632948218079,0.023822268,0.002706003,0.0031222121,2.635669045494923,1.027145397100619,-0.7215724245603153,-0.6691937635768649,0.0034889944294146462,0.003323957916764824,0.024637664232860006,0.02462495079017228,0.02354794091217923,0.023508548118874602,0.0027675305535447086,0.0029019210053550515,0.002932460683545938,0.0029326368787020727
2019-03-29,0.0024404319,0.024309939,0.001847966,0.09663774196578034,0.0239267,0.0028483463,0.0030406904,2.385718822482336,0.9214807704404029,-0.7963331330360813,-0.6268778549088817,0.0032726765215835745,0.003264790819401896,0.024570054642975066,0.024603855377778087,0.02362607861665193,0.023536550468245473,0.002784202789627102,0.0028983332643916625,0.0029547884255165043,0.0029398729025047654
2019-04-01,0.003080326,0.02459635,0.0018085671,0.06163829266529075,0.023889909,0.0030119056,0.0030083535,2.1707779804122445,1.5621054786119741,-0.36456999324168704,1.070949111055251,0.0032329946894511575,0.0032524377555547476,0.024575479416489566,0.024603352782996364,0.02368050659665302,0.023560213803049006,0.0028311777572066262,0.002905938863165269,0.0029658388771407022,0.0029444588448597118
2019-04-02,0.0034110416,0.02452065,0.0012833695,0.07730739682037802,0.023230843,0.0027467324,0.0028413686,2.058250721657722,1.9957898932473748,-0.8643248545164435,-0.6910600964818964,0.0032697256678135035,0.003263058978722888,0.024564168241098746,0.02459781445891218,0.023587741283925597,0.023538156842158663,0.002813756732651982,0.0028952772852631177,0.0029401607142106687,0.002937555196238043
2019-04-03,0.0033621085,0.024061544,0.0016884846,0.3143368052264238,0.022985712,0.0020116218,0.0029335332,2.3665756576666888,1.6019166802066,-0.8454512312385899,-0.5357860813490692,0.0032887841949509598,0.0032696920280267214,0.024460477097092957,0.02456190202163268,0.023463542896133196,0.02350116124321847,0.002648276725501066,0.0028361015233297504,0.00293879345403481,0.002937285852753701
2019-04-04,0.003019923,0.024758304,0.00058888056,0.1579824263025965,0.023238305,0.0019006112,0.0030409517,2.234609491658514,1.3705004366014537,-0.638307072851024,-0.39089686797903656,0.0032333182948359723,0.003252965750869596,0.024521918535192852,0.024575054443643118,0.0234170764371381,0.02348355854711298,0.0024940337234243917,0.0027734545357435366,0.0029598686416301757,0.002944228042863162
2019-04-05,0.0031862028,0.024184888,0.0010567111,0.15308511639910893,0.023278251,0.0022269415,0.0036370882,2.3775757504276056,1.185667005815846,-0.8682522381894323,-0.5210711023519914,0.0032235984014667442,0.0032484948385099843,0.024452389360251243,0.02454892617942244,0.023388436882369627,0.02346980973430592,0.0024389327424160236,0.0027368561940042608,0.003099578686479325,0.0029906268168842106
2019-04-08,0.003058122,0.024211459,0.0017665799,0.05847788248274299,0.023386791,0.002666642,0.003102774,2.373073515523837,1.5830903435774157,0.19223148515598587,1.1223855369315578,0.0031894607079783113,0.003235746139374753,0.024402685525152113,0.02452632700270299,0.02338809740958905,0.023464250241356708,0.0024859090338315124,0.0027321541566699583,0.0031002378848524596,0.0029981369804785944
2019-04-09,0.0033398226,0.024637984,0.001633903,0.17526952457596168,0.023759233,0.0008642474,0.0031009607,2.045326708571201,1.4415958035642262,-0.7290736938783072,-0.35196484821232943,0.0032204802948304274,0.0032427158310682387,0.024451227499835942,0.024533804345281768,0.023464662452429886,0.023484004343138437,0.0021513610884427064,0.0026070660279812943,0.0031003870111953155,0.0030050227806082274
2019-04-10,0.0032825086,0.024674647,0.00097571814,0.1749868138076882,0.023460578,0.0022474043,0.0027285635,2.1704593057922086,1.699319075150879,-0.5128656565083246,-0.30511220075223827,0.00323327669743793,0.0032453806324242913,0.024497318733685578,0.02454323612682638,0.023463819867814078,0.02348243556263087,0.00217117475394007,0.0025829805584705163,0.003023680016526211,0.002986509129657753
2019-04-11,0.0037690024,0.023603907,0.0011208899,0.17983287283236238,0.022922793,0.002613998,0.0030903327,2.4013536635083885,1.416300728350602,-0.18590210017520944,-0.024422855044781564,0.003343796625857571,0.0032804460150469266,0.024313008333030538,0.02448033205551573,0.02335220639274951,0.023444958001400302,0.002262528960439964,0.0025850577049595915,0.003037430435820084,0.002993461885440044
2019-04-12,0.0037849313,0.025098963,0.001562032,0.12127832648768166,0.02304495,0.002809712,0.003034123,2.4481019682470344,2.328965464905497,-0.2580091856896343,-0.22485012323245468,0.0034348024698452433,0.003314229883044731,0.024475150307457005,0.024521759899752204,0.02328881943623043,0.02341817062182843,0.0023754125264300765,0.002600102128683183,0.003036748110810199,0.0029961848377540673
2019-04-15,0.0036926751,0.024706597,0.0013113266,0.07027921736079701,0.023086749,0.0032117094,0.0028149323,2.584972819544277,1.7422635436013454,-0.1634679722860172,1.3179079116650239,0.0034880014679320183,0.003339573230382175,0.02452289753702036,0.024534137854505048,0.023247132415078246,0.023395976308424785,0.0025479401393857606,0.0026410596405440074,0.0029909876175963014,0.002984046894887693
2019-04-16,0.0037293176,0.02433294,0.0012346484,0.10618009319395161,0.024170026,0.0028655957,0.0027325328,2.72875512519722,1.6494301549056682,-0.8611373371942974,-0.6710185471229555,0.003537784852881912,0.0033656732428834933,0.024483709516383845,0.024520664274815036,0.02343752491399954,0.023447812112944135,0.002613472323341983,0.002656096151624544,0.002937668524129069,0.002967203748188397
2019-04-17,0.0038400555,0.024672683,0.0010537796,0.1176379504845998,0.023399895,0.0026840137,0.0027804899,2.294657963134929,1.4870476033224576,-0.5368518960997757,-0.7807558747672797,0.003600143138608207,0.0033974412068318565,0.02452269471440352,0.02453084453606404,0.0234297618943102,0.023444603251058165,0.002628024969192038,0.0026579657053328893,0.002905242647645348,0.0029547000774132253
2019-04-18,0.0039478177,0.024623875,0.001088233,0.11579909729880733,0.023140265,0.0032890933,0.0031280767,2.6310142896266635,1.6562820458216387,-0.642750773853213,-0.8687537843931101,0.0036718682219755738,0.0034342982754844544,0.02454356806640488,0.02453707447946303,0.023370038770241807,0.02342422260705789,0.002764403010585484,0.0027002304298659476,0.00295121318939259,0.0029663105892043856
2019-04-22,0.003531099,0.024488354,0.0014761079,0.06678658744522836,0.02338599,0.002872249,0.0031644679,2.3079337973957923,2.4277061410106278,0.49673952731283383,2.8501067247105327,0.0036428276187844126,0.003440780734727605,0.024532177454543835,0.02453381182151774,0.023373329585348823,0.02342166231126344,0.002786651604485656,0.00271175000637888,0.0029952075173101163,0.002979580589336531
2019-04-23,0.0042021326,0.024331376,0.002244612,0.15349920113223714,0.023981243,0.0023890801,0.003415598,2.5861154919881506,1.1984166652605466,-0.8550081928883098,-0.6557415208348775,0.0037582119378788297,0.0034917661901292083,0.02449075221112308,0.024520255297232393,0.023498741879774448,0.023459135780896197,0.0027046328171727654,0.002690141769629861,0.003081933866878391,0.0030087793755500625
2019-04-24,0.0024976665,0.024422728,0.0014501052,0.15016456490817875,0.024024611,0.0011769345,0.0030554023,2.329519510150309,1.78439869491339,0.8697229382220497,-0.20747151212638706,0.003498162080250349,0.0034251943087907203,0.024476718754204114,0.02451372415409878,0.023607228472608145,0.02349700398738438,0.0023894694489012686,0.002588806802667239,0.003076460420766139,0.003011901574034184
2019-04-25,0.0035537935,0.024857959,0.00201103,0.12345845641439479,0.023505531,0.002388201,0.0026567373,2.39686266290695,1.8530404574881447,0.0364030782263611,-0.3731013525711533,0.0035096388196446883,0.003433806214112561,0.024555368370739468,0.024536776517123066,0.02358624838937032,0.02349757503274799,0.002389207759372664,0.002575372829198113,0.0029898717704827235,0.002988117287930891
2019-04-26,0.0031123569,0.024464978,0.0015367528,0.09160824070345042,0.022982176,0.001972873,0.0024160184,2.29325320504365,1.986406586524135,-0.5072036330242148,-0.36143113982657166,0.0034276797638316744,0.003412279713628267,0.02453672086523318,0.024531968378867182,0.023461628654307193,0.023463060327692433,0.0023033181168193345,0.0025350252178112927,0.002871486121291765,0.002949805536630261
2019-04-29,0.0031455539,0.024069374,0.0013680506,0.06336879842807552,0.02314113,0.0026567068,0.002857272,2.7266775994338253,1.727486810281985,0.8589299209355499,0.9789156862679107,0.0033694773403540527,0.003394417881807329,0.024440307540883603,0.024500989845787684,0.023395510116575105,0.023441501670620597,0.002376222024877635,0.002543173872146502,0.0028685537653551103,0.0029436088456832317
2019-04-30,0.0030508384,0.024709249,0.0013671754,0.11670012376187577,0.023465,0.0024488524,0.0034785294,2.762488013935677,1.939180549421975,-0.773754091975768,-0.6960756660055162,0.0033037422871907045,0.003371409389347671,0.02449579000496985,0.024514936332660553,0.023409845862157483,0.023443075289669976,0.0023912056344688242,0.0025368574457786796,0.002994391417408123,0.0029794308748004534
2019-05-01,0.0026830635,0.024960661,0.0016630696,0.14243136014078805,0.02344863,0.0025323818,0.0031352362,2.879546741801716,2.2928771916308777,-0.3906574980725093,-0.17894196371189944,0.003175696580552526,0.0033253129245707147,0.024591692710059072,0.02454478520079051,0.023417846865968282,0.023443447225445994,0.0024203302025857846,0.0025365577249830307,0.003023447624653248,0.002989864692202104
2019-05-02,0.003051161,0.025249055,0.0014196293,0.1347944106599528,0.023621349,0.002552103,0.0030334038,2.286531878029684,2.94086404148119,-0.5333082926337654,-0.3432728372883059,0.0031500049697259333,0.003306953794840588,0.024727306133627724,0.024591948019323785,0.023459829179897463,0.023455360752599255,0.002447514865175407,0.0025375987467781526,0.0030255015727916833,0.002992780374185292
2019-05-03,0.0027315768,0.023947185,0.001375908,0.19801107347313118,0.022321671,0.0033761673,0.0019754926,2.671311569821301,2.0295320649770705,-0.7887055087167848,-0.1369544699722955,0.0030636834573167064,0.003268422518403601,0.024566367534577735,0.024548770162414236,0.023225027797093192,0.023379440957909624,0.0026390953673311487,0.002593755172011336,0.0028088852686856346,0.0029246556534739338
2019-05-06,0.002955421,0.023817183,0.0015419996,0.04867391872799953,0.022937484,0.0019726148,0.003191211,2.4165543246103134,1.32242006884005,-0.2271771521493748,1.4657089942898374,0.00304134899136792,0.0032474617502282655,0.024411811251960288,0.02449977798883984,0.023165707680647286,0.02334984442829649,0.002501600774274086,0.002552159258622781,0.002887758871739984,0.002942506069498654
2019-05-07,0.0018707052,0.023548545,0.0016844046,0.4106256353329356,0.023356965,0.002547378,0.002268746,2.447549477847411,2.39192238865684,-0.45153682067980927,-0.7101102248850525,0.002799845785529724,0.003155264480262917,0.024233719943407308,0.02443607678237379,0.023205163926181684,0.023350321259071008,0.002511044582230269,0.002551839068909132,0.002760056847994447,0.002897386375200619
2019-05-08,0.0021574313,0.023872389,0.0016318782,0.09762652834489782,0.023341605,0.0023399603,0.0022214164,2.8084483010561443,1.304410471308871,-0.3955185875326041,-0.42727915102700814,0.002667316020979186,0.003088442579151117,0.024159177462215246,0.02439832826618964,0.023233311738671394,0.02334973758672689,0.0024757499865979693,0.002537650182183067,0.002648935617034133,0.0028521186914407253
2019-05-09,0.003013438,0.024315521,0.0015216102,0.14743239067076563,0.023848685,0.00255582,0.0033774285,2.569611035327015,2.233058611298521,-0.3883334186656722,0.2511901775131046,0.0027387208195986013,0.0030834197521883233,0.02419143107679344,0.02439278291939827,0.023360262816611993,0.023383150569202614,0.0024922683731427174,0.0025388669556235754,0.002799223317916132,0.0028872971185855533
2019-05-10,0.0045005153,0.02530622,0.0019875271,0.14073129638905857,0.023365803,0.003215105,0.0030747268,2.288508230869152,2.0307011914983986,-0.2605716824214194,-0.2120669448440087,0.0031021780928534998,0.0031783184012902613,0.024421411287483524,0.024453953016883273,0.023361405766510388,0.023381988858602227,0.0026413891973145523,0.0025841525971458954,0.00285605953895147,0.0028998487228660704
2019-05-13,0.004004854,0.02520658,0.0018242876,0.08652901714912975,0.023565402,0.0032865936,0.0032329934,2.2855633726612505,2.117348382644649,-0.05179291502630872,1.4603045135058559,0.003288399611821049,0.0032336690028326853,0.024583391336283972,0.02450435424520117,0.02340349013467595,0.02339427150503567,0.0027744945249127497,0.0026311929693068874,0.002933820800010328,0.002922158426509196
2019-05-14,0.0029257142,0.02428563,0.0009419569,0.1118179961385064,0.023882315,0.0025470771,0.00339744,2.456521795914328,0.6247466283989674,0.3066226311489034,-0.7010626268049793,0.0032135778114262283,0.0032130461939620714,0.02452196320372821,0.02448970689608296,0.0235022713623434,0.02342695428861676,0.002727578437221548,0.002625559983593281,0.003029465211996179,0.002953986616496664
2019-05-15,0.0033173352,0.024691101,0.0006644754,0.21375321969176797,0.023434468,0.0030698378,0.0032710067,2.337991732208363,0.8270545960798824,0.2581534958438079,-0.23865640218031633,0.0032349828968021525,0.0032200301136895296,0.02455685627589119,0.02450319366770253,0.023488283484661355,0.02342745743352102,0.0027981863659000566,0.0026553119405873615,0.003079295103459054,0.0029752165062076254
2019-05-16,0.0041098953,0.024433477,0.00076470245,0.16244517352517118,0.022401882,0.002149502,0.0026501906,2.3438847322222363,2.131276441033814,1.067866237307103,-0.3152851085782297,0.0034154768700277883,0.003279621724659609,0.024531403165306005,0.024498524941007373,0.023264159499028103,0.0233587777372523,0.002664363132370389,0.002621439365246104,0.002990771072251072,0.0029534504942940075
2019-05-17,0.002473432,0.025682561,0.0014608542,0.2682496058518633,0.023875808,0.0019610527,0.002811556,2.485465793986137,0.788524903546487,0.7827490198027272,0.13013607723516257,0.003221133530510259,0.003225633617577169,0.0247688864416455,0.02457781630045888,0.02339034233388203,0.023393401730223973,0.002519270549908353,0.0025772152425345145,0.0029537990937057433,0.002943948243388332
2019-05-20,0.0027566715,0.025132032,0.0016047586,0.08778402886499004,0.023788797,0.0024608301,0.0033122632,2.543014337255714,1.3806379968587323,0.7012119314989432,1.477684166233105,0.003125315260878529,0.0031942286284411233,0.02484380320228372,0.024614930475354378,0.02347254326782759,0.023419880151042908,0.0025072143254129624,0.0025694212808194997,0.0030277500445361695,0.0029686131923387
2019-05-21,0.005318611,0.024682174,8.140301e-05,0.26372475097534065,0.023435056,0.002430512,0.0033800525,2.516398075893747,2.0232315749571237,-0.6626266497359548,-0.7398970539787384,0.0035777910035635825,0.0033364921559432942,0.02481045908083651,0.024619433539918387,0.02346480970742545,0.023420896446282376,0.00249139069751746,0.0025601189488117402,0.003100429858374007,0.00299616605277573
2019-05-22,0.0024341168,0.025616176,0.0013292849,0.36627971140207527,0.023196394,0.0030972618,0.003248303,2.52934439107833,2.2716523552187393,-0.11635168058595403,-0.38611060741131553,0.003341851614490278,0.003276062777053336,0.024976678145433952,0.024686182429235825,0.023409435610586667,0.023405862163878636,0.0026163815806453006,0.0025960897965204644,0.003130936002387583,0.0030130509074771526
2019-05-23,0.0030303702,0.024105234,0.0018306306,0.21316390101116267,0.022583917,0.0031874278,0.003072702,2.3915405186504763,2.2920992321303566,-0.3130439958160987,-0.19440284047325576,0.003277593167137262,0.003259609481666352,0.024796899691370285,0.024647278055653046,0.02323913151073398,0.023350818940621743,0.0027341881076823715,0.0026356899311206538,0.0031189223775213264,0.0030170455689263573
2019-05-24,0.0039984277,0.02425813,0.0013741599,0.18707110660795356,0.023160942,0.0016036276,0.002415288,2.3381055562525748,2.7666212579782523,0.8596730833007772,-0.2994529248449414,0.0034263009421803634,0.0033090859243213072,0.02468575164274438,0.02462121792755115,0.023223001034923196,0.02333810344315628,0.0025009540649469425,0.0025665758027439553,0.0029737629769599227,0.0029767476651753728
2019-05-28,0.00343878,0.024916034,0.0018977235,0.07148825555417981,0.02325209,0.002874193,0.0032983248,2.4125372823709736,1.210893057973936,2.8987867923779413,1.8626173558406094,0.0034288753826259856,0.0033177711542272566,0.024733258811499265,0.02464096089081783,0.02322900216372502,0.02333234340959228,0.002577953063937877,0.002587176007172804,0.0030407199032497704,0.002998282721584136
2019-05-29,0.0038224899,0.02492796,0.0022444252,0.17334177403563666,0.023338662,0.0030767163,0.0031972493,2.408980199005786,1.227114459901058,0.7102734647460262,-1.2205343262773054,0.0035100778452517275,0.0033515706570359034,0.024773425710489388,0.024660180410053835,0.023251625025259064,0.023332766577524314,0.002680847662596288,0.0026199590578595304,0.00307301182678981,0.00301160691530829
2019-05-30,0.0028163744,0.024878822,0.0016438029,0.12174948614782188,0.02362621,0.0030230484,0.0025829398,2.4345469178728503,1.6211893919251286,0.3773876037171252,-0.702981659240489,0.003366967192193208,0.0033157301656761,0.02479516896467207,0.024674822201142397,0.023328901743181526,0.02335241761693187,0.0027514434941433197,0.002646952745056144,0.002971910226944434,0.002982900361459488
2019-05-31,0.002791242,0.024340112,0.00069145614,0.16170216193463294,0.023373118,0.0045474796,0.0034148705,2.2915587669959607,1.116203597512594,-0.6696242744627346,-0.4569726509509012,0.0032481953828119533,0.0032806067606050886,0.02470129090317252,0.024652407644350272,0.023338023465713297,0.023353803837588814,0.0031219647903509206,0.0027742253405248535,0.0030632926926382684,0.0030118281075503434
2019-06-03,0.0032653392,0.024150427,0.0009088083,0.06805496240379205,0.023915445,0.002406857,0.0031919728,2.4299658634674928,1.6057950284914901,-0.3078155880791031,1.7588097378497733,0.0032517321397093845,0.0032795843365856026,0.02458764805858156,0.024618791531145014,0.02345714531365728,0.02339141529500023,0.0029744384244783954,0.002749623780178167,0.0030898393413957056,0.003023891862035474
2019-06-04,0.0032877969,0.024024254,0.0020276052,0.15198158528179806,0.02350046,0.0025565973,0.0032126878,2.664992095542927,1.7104529734379892,-0.45240980898663324,-0.5297679010729849,0.0032591722730358195,0.003280134304872898,0.02447142010103349,0.024578977111917952,0.023466080959797908,0.023398717643709245,0.0028882380302410918,0.00273669737748087,0.0031151829121919506,0.0030365349606926266
2019-06-05,0.0048722755,0.02428,0.0013554632,0.31880362334290346,0.023201302,0.00266035,0.0029578211,2.3426252271234453,1.6431136056231066,0.08517724348618272,-0.11024950991264425,0.003591954623673295,0.003386755238860997,0.024431930333491395,0.024558955541145698,0.023411457136516222,0.023385497288128474,0.0028412248376559067,0.00273158461817259,0.003082719258298012,0.0030312637306025647
2019-06-06,0.0033766516,0.024545692,0.001458876,0.09022574732670163,0.02347916,0.0030456914,0.0033577643,2.147359432233132,0.5695217201620821,0.7547018125438822,-0.6665687960061577,0.0035475377139138247,0.0033860786253984312,0.02445539928635317,0.024558067315272776,0.02342542418542875,0.02339176959448407,0.0028834061840007485,0.00275261941036495,0.0031394609126400726,0.0030531284992394757
2019-06-07,0.005266294,0.024652284,0.0018338385,0.3261314156839449,0.023973979,0.0039799437,0.0029311606,2.2158240859983733,1.5674131624061456,-0.6259734552881132,-0.6768422974338602,0.00390211620762466,0.0035119910164903667,0.02449601642468753,0.024564376700602242,0.023538590766672016,0.02343075842041339,0.0031096212952808453,0.0028348096459674768,0.0030964886717242865,0.003044960675203427
2019-06-10,0.003978853,0.025135186,0.0015343024,0.10061584277610491,0.023567606,0.0031496105,0.0037136073,2.303769136713587,1.4862963383818777,-0.017786201423432978,0.828575009649297,0.003917946991037041,0.0035432553745224672,0.024627876683074645,0.02460260206295876,0.023544576545292056,0.023439922677607798,0.003117871042731045,0.0028558909159796093,0.003223799924769174,0.0030897379408873836
2019-06-11,0.0029152373,0.024032176,,0.35416570006646586,0.023342645,0.003661957,0.003571168,2.244949549926364,1.2576878964590665,0.8683577575831919,-0.7272500189930358,0.003711088515738125,0.0035011988849374177,0.024504983850778313,0.024564402305229553,0.02350291813157966,0.023433408268871768,0.003230115710940506,0.002909870757199314,0.003295461787097768,0.0031219778753400246
2019-06-12,0.003171943,0.02569484,0.0014476435,0.13297044888426757,0.023325197,0.0025775076,0.003150066,2.034739324574163,1.2265757868190752,0.6694117188113254,-0.6164025768079258,0.0035998630578192945,0.0034791495962911007,0.02475045047762314,0.02464010431289024,0.023466254437857145,0.02342616171061057,0.003095483008254798,0.0028876133932205783,0.003265466691068992,0.0031238588460017133
2019-06-13,0.0037111347,0.024100095,0.0010351093,0.1460917114919844,0.02326469,0.0029024887,0.0031978374,2.195511052929578,1.95472779609367,-0.18666634544890845,-0.2327655491749249,0.0036228183310261204,0.0034946849420822335,0.024616282491607203,0.024603941506916464,0.023424671670582434,0.023415348391076497,0.0030556683818838836,0.002888609547337181,0.0032515148014472858,0.0031288129676594343
2019-06-14,0.0040290453,0.024447517,0.0009637775,0.1881304018123262,0.023485348,0.0038711578,0.0033925097,2.7094796061964,1.6161281212684528,-0.3956542975221629,-0.11774147197226661,0.003706622750778232,0.0035304694598494515,0.024581466356319432,0.02459346625708054,0.02343718908880552,0.02342003603060776,0.003223903412766435,0.0029544078621716956,0.0032806019646332324,0.0031464719456470325
2019-06-17,0.003571546,0.024512718,0.002356885,0.13035233044647832,0.023465585,0.0029734967,0.0032925976,2.6105376637295197,1.8497776840674902,1.0645775415679717,0.8939595890822138,0.0036787564753565038,0.0035332202287114253,0.024567283503489416,0.024588058754403716,0.023443047142831616,0.0234230863063863,0.003172244635729332,0.0029556861832690452,0.0032830766573768975,0.003156257543409104
2019-06-18,0.0036228418,0.024854848,0.0018802664,0.17788899928374036,0.024158329,0.0025522492,0.0041146586,2.371997138171663,2.2686197594699267,-0.21734321116544958,-1.0980579794184624,0.003667221304859134,0.003539221916461368,0.024626607941149504,0.02460592484287605,0.023590609366617953,0.023472323294776616,0.00304433991087957,0.002928669217808804,0.003454631568919337,0.003220438793187707
2019-06-19,0.004441185,0.025152603,0.0016934365,0.18113221018830383,0.02350511,0.003173673,0.0030026645,2.509103563575169,1.617013758171472,1.333181732794487,-0.5338822458868359,0.003826889592199928,0.003599623680757767,0.02473512047902347,0.02464253425465482,0.02357297095283103,0.023474518942006115,0.003071021271472886,0.00294507639216852,0.0033613910085731175,0.0032058551029288214
2019-06-20,0.0035535418,0.02498669,0.002260446,0.16261108572614547,0.023506146,0.0038044106,0.0032516043,2.154419620839927,2.8936428577995272,-0.509844274897925,-0.17009835677297228,0.0037704980952852083,0.0035965377179284445,0.024787019120372778,0.02466558132935875,0.023559184984600124,0.023476636906399062,0.003222319099030697,0.0030026234316605912,0.0033387420621907595,0.0032089187878000087
2019-06-21,0.0033342466,0.025263276,0.002040416,0.1247886145075231,0.02298622,0.00416669,0.0032673073,2.554303726723564,1.5554689059117064,-1.0409373525158023,-0.024997067573591058,0.0036804996362834507,0.003578972864795748,0.024885270654057996,0.024705607150154747,0.023440982650059488,0.023443795166395637,0.0034171423536367746,0.003080577498581092,0.0033240051083492333,0.003212828891798763
2019-06-24,0.0025348805,0.024253566,0.0015930006,0.1088012375518912,0.023180421,0.0029479046,0.0033261415,2.671824266274998,2.0572045361103406,0.4560859812744002,2.5032805747627784,0.0034441590184057873,0.003509053124954829,0.024754950278660655,0.024675335294443202,0.023387229009845256,0.023426157815951098,0.0033203388591391313,0.0030716927938175356,0.003324445846534566,0.0032204170987467804
2019-06-25,0.0037003385,0.025962235,0.0006063281,0.22104596850178793,0.023353051,0.0019612561,0.0029863806,2.8527035772472726,2.655428428217427,-0.03186414624012155,-0.8704812385772026,0.0034970087183193153,0.0035218629367537503,0.025004012565426472,0.02476151514510841,0.02338017818571951,0.023421262097588567,0.003039960809979072,0.0029973301733288832,0.0032547031634914624,0.0032047443743921152
2019-06-26,0.0033721412,0.023940787,0.001744487,0.20620954720548068,0.023419926,0.0027351372,0.0031019028,2.846149820545113,2.357418899535876,-1.2255784004666814,0.32384762034640496,0.003471248606731017,0.0035118365172674463,0.024784669632615053,0.024706553417672476,0.023388378127143297,0.023421172619314062,0.0029770758680230346,0.0029797718970079076,0.003223180524965264,0.003197857380540658
2019-06-27,0.0052763536,0.025071243,0.0025432438,0.2624407436115881,0.022612035,0.0022968675,0.003063617,2.390293857962796,3.0314109516917687,0.5018930676326977,0.13365527380408396,0.003843640809982493,0.003630000945277677,0.024843789531305432,0.02473097557624576,0.02322821900498814,0.023366987111896092,0.0028367492492896032,0.0029340398356583718,0.003190262662220095,0.0031888677066088883
2019-06-28,0.0028261773,0.024440397,0.0012950506,0.1040593209471179,0.02304458,0.0030519678,0.00267688,2.1336824304114086,1.6008677059944443,0.7315164493895024,-0.12152222073832068,0.003633738619382747,0.003576171279233105,0.024760569777035224,0.024711516369951968,0.023190334497331353,0.0233453965118637,0.00288114872840989,0.0029419371203683008,0.0030843520863781996,0.0031545814206646906
2019-07-01,0.002863568,0.02456529,0.0016698306,0.07105036855317393,0.023339035,0.0030489592,0.0032301887,2.249867795380281,1.8120646923313086,0.20934266568743146,2.2272035714343437,0.0034748528300306844,0.003528450370806845,0.02472028379783568,0.02470172407157367,0.023221011330646746,0.023344970499740134,0.0029157679379913813,0.002949104068088115,0.0031144381113987177,0.0031596446166864715
2019-07-02,0.001971362,0.024676595,0.0007478803,0.11944942989376262,0.023817271,0.0020206948,0.0032263636,1.901081997242129,1.2051636011907638,0.018047093354106657,-0.6807812301936126,0.00316468344730546,0.003424176815733371,0.02471127079772674,0.024700041245003402,0.023344019385611876,0.02337659905094903,0.002731114816517863,0.0028869312755084066,0.0031375282737650763,0.0031641125851146093
2019-07-03,0.0029111428,0.024076821,0.0014871608,0.10322715418981643,0.022948168,0.0011918442,0.0034303437,2.201816419241196,2.204128695476988,0.14731400272413,-0.19960716434462084,0.0031123781393614315,0.0033898204605888886,0.024580384196447057,0.02465830606850023,0.02326235549797299,0.023347908319742018,0.0024135641046421547,0.0027734163671448596,0.0031979359419149985,0.0031819412863520052
2019-07-05,0.0029302184,0.024048833,0.001254104,0.06570203539453823,0.023113241,0.0028164997,0.0029420294,2.156531290119309,1.4821279685617417,0.05725884072585252,1.0775490209674268,0.003074798671427191,0.0033590422824182585,0.024470725500618053,0.02461749149218298,0.02323159334195296,0.023332193379427067,0.0024966895011901526,0.0027763015274907903,0.003145142554189055,0.0031658751041414644
2019-07-08,0.0026251958,0.024513591,0.0015783979,0.0807777010572579,0.023318851,0.0022699574,0.0032884006,2.368100069912891,0.9304362736841321,1.436538607688341,1.0508326194541018,0.002982045830415588,0.0033098987771572417,0.024479568647284435,0.024610533592461507,0.023249594626549387,0.023331299904743776,0.0024499147977557604,0.0027423931791955643,0.0031746966120962655,0.003174080269542786
2019-07-09,0.0031515043,0.024763644,0.001073891,0.1856288184843461,0.023737337,0.003493342,0.0029166352,2.849664506118957,1.8219940984079588,-1.0303029286452767,-0.5139484728951925,0.0030170050282798577,0.003299291574397532,0.024538173189824337,0.024620786921115214,0.023350215712471336,0.023358491023820642,0.002665173297864654,0.002792681980788741,0.003121458688202231,0.003156839946535776
2019-07-10,0.0032674142,0.024277057,0.0016787581,0.1325384858088542,0.024730638,0.0026221336,0.0031961966,2.4363594854340844,2.889933701557699,-0.5631199919462111,-0.1772316023838514,0.0030686643023788347,0.003297156839946335,0.024484305160086744,0.024597768389974774,0.02363499603613941,0.023450379579859123,0.002656294228059825,0.0027812608650287125,0.0031368770864073263,0.003159475545930403
2019-07-11,0.0035453874,0.024768228,0.0011036423,0.10507373714092727,0.023594981,0.0029135034,0.0033699502,2.7351524384564243,0.894146073222483,-0.7877785473261739,-0.11801850294678769,0.0031670120298082356,0.003313780098981249,0.024542878233067403,0.024609183540789958,0.02362674096749192,0.0234600631083655,0.002709356353599396,0.0027901167547972694,0.0031849599520409524,0.003173570405458874
2019-07-12,0.0025423535,0.024921812,0.0010556239,0.10181441088632193,0.023242483,0.0019021176,0.0030955812,2.491131792349853,1.3717756737535567,-0.7173841479043459,-0.08868235923028585,0.0030381452970709255,0.0032621199652565105,0.024621052094030083,0.02463011934130559,0.02354746873348388,0.0234454924137498,0.002542823428843353,0.0027306501096732647,0.0031665211617327806,0.003168347701425633
2019-07-15,0.0029814243,0.0245062,0.00178251,0.06402032482173681,0.023386799,0.0030317937,0.002973883,2.547622342507859,1.6461442942218298,0.133652865980139,1.2347057129318781,0.003026443791742017,0.003243322618386161,0.02459735818909357,0.024621820840755915,0.023514322610517512,0.023441561877956645,0.002643697748692783,0.002750816798314069,0.0031267799993822017,0.0031553249785780265
2019-07-16,0.00053965003,0.022765048,0.003220644,0.30837019130914833,0.023416262,0.0022142355,0.0022520302,2.5522864446665405,2.023328780568607,-0.7274915422138615,-0.8861831748927015,0.0025134195476627695,0.003062265753587297,0.02421935352953842,0.024497478308050546,0.023494092782903757,0.02343986762885201,0.0025550999098850414,0.002714883553062029,0.0029463195730592066,0.0030948340285823317
2019-07-17,0.002979017,0.024343716,0.0019266505,0.09608990729692024,0.023423852,0.0027991459,0.0028210923,2.3612087454378488,1.1784653920689052,-0.9599284921431899,-0.15062860588447116,0.0026094720769136276,0.0030566908400059983,0.02424500943778986,0.024487181304970105,0.023479602228648002,0.023438795136818402,0.002605446464611095,0.0027205263488465207,0.0029204852444492703,0.0030765023613159737
2019-07-18,0.002738599,0.022849124,0.0012700348,0.1268182935948864,0.023538977,0.00344829,0.0035625533,2.4274562453916344,2.0600884772398302,-1.2925739366240865,-0.8395424558001493,0.002636110886413781,0.003035389178852349,0.02395703899070884,0.024377485502540257,0.023491851193712505,0.02344550401031892,0.0027793246533449026,0.0027692625069077157,0.0030529435507343,0.0031090517399851377
2019-07-19,0.0030571301,0.02242904,0.002205147,0.3666749372982876,0.023212958,0.0024579722,0.0021144636,2.491823076411665,1.0102098602699716,0.35785567430699783,-0.5905170143515838,0.002722966938376177,0.003036845106435003,0.023641813541114286,0.02424700391611306,0.023434315700796716,0.023429931108200013,0.0027130298009922157,0.0027484163229619402,0.002859335630015042,0.0030424471474322316
2019-07-22,0.0029234188,0.023944987,0.0016963419,0.100569255208111,0.023329478,0.0028871815,0.0033732045,2.3924438423878382,2.333615008707663,0.09635494338323677,1.3413597358268796,0.002764320045341576,0.0030292492838523396,0.023704358062944787,0.024226778745673135,0.023412687688179005,0.023423204047794466,0.002748957199126974,0.002757709009874215,0.002965346507115187,0.0030645969777015904
2019-07-23,0.003887754,0.024603078,0.0013979104,0.08053682472892998,0.023313968,0.0034581749,0.0040407935,2.4295791358858643,2.0755126338343888,-1.1722872727313782,-0.9097634565478714,0.002996083865594984,0.003086740772002342,0.023889763542501902,0.02425197839051887,0.02339232176756416,0.023415888803714324,0.0028952684330078755,0.002804617113517505,0.003187210659326836,0.0031299699395263814
2019-07-24,0.0037560281,0.02403921,0.0014996926,0.08285131697453707,0.023223132,0.0039572716,0.0036216108,2.4646748614747014,1.4148533619080526,-0.6038045019122558,-0.6012851987026795,0.0031528599685258668,0.003131560944462785,0.02392059442314286,0.024237729978246206,0.02335741798585883,0.02340298045018147,0.0031143591227954757,0.002881806934657008,0.003276827182509615,0.0031628936580506686
2019-07-25,0.0028427783,0.02397976,0.0013173106,0.05866433336946231,0.023220314,0.0032798264,0.0038855756,2.0474363049981816,1.8950267902103886,-1.1770453393632905,-0.5084586306273495,0.00308889029165528,0.0031122220373444713,0.023932800396263384,0.02422045454783687,0.023329133446473343,0.023390747805243632,0.0031484949290667666,0.002908461105619097,0.0034024116546911777,0.003211289503775571
2019-07-26,0.0026056692,0.024076963,0.0018466029,0.30387702909983927,0.023202116,0.0034905162,0.003537969,2.281413137855261,1.608615868672934,-1.208582890165258,-0.3114853552682021,0.002989202034700131,0.0030782997092270747,0.023962541033308846,0.02421084533766063,0.023302929745964564,0.02337811567543605,0.003219053740957407,0.0029474395952175402,0.0034303770565579103,0.003233166250036728
2019-07-29,0.0031688304,0.024638055,0.0018222287,0.12443353566251958,0.023006432,0.0026481298,0.0032369304,2.7670301216470428,1.6441564491046057,-0.03642190256289928,1.5973293778169353,0.0030262592751225904,0.003084362279782425,0.02410189918713409,0.024239454283529846,0.023241762367084005,0.023353225115418482,0.0031012724376835096,0.002927395715396767,0.0033904691030965137,0.003233418320664961
2019-07-30,0.003850706,0.02464286,0.0013156574,0.10608104821919107,0.022935562,0.002143346,0.0031340194,2.5591641545644963,1.4448330475973339,-0.655524716876554,-0.9248455978231104,0.0031963421846553544,0.003135682020933142,0.024213499224928933,0.02426646919217447,0.02317859335852968,0.023325255455035186,0.0029036527186917342,0.0028748902518753536,0.0033375636724963993,0.0032267618749849086
2019-07-31,0.003035805,0.023739226,0.0015070626,0.09012807706340409,0.023779802,0.0026120108,0.003050014,2.236252032022135,1.2662699336044612,-0.5452754846078482,-0.5891953162834038,0.003163223438677058,0.003128993552632849,0.024115656941596245,0.024231161303739614,0.0233026223900652,0.023355695078990407,0.002843487146051521,0.002857286001976835,0.0032782423079419695,0.003214925592583462
2019-08-01,0.0023944129,0.025400093,0.0014142197,0.3458517762447023,0.023929318,0.0030709226,0.0033817284,2.389328841951749,1.442293176008728,-1.046570145368853,-0.13355286472787833,0.0030046182241930766,0.0030798008823133475,0.02438063538881015,0.02430944115083649,0.023431909449993057,0.02339410891766302,0.0028904069540629388,0.0028715926037312677,0.0032995914399715676,0.0032260958794399844
2019-08-02,0.0022380755,0.025118435,0.0012363881,0.23467917611322897,0.02380662,0.0023545795,0.0034021388,2.4315741288665738,1.2443491467798753,-1.10562565242009,-0.2889137767621493,0.002846480859611768,0.003023433050288591,0.024532843019618097,0.024363617035500437,0.02350921211966422,0.023421733576870173,0.002779866034608235,0.002836969783643681,0.0033207469120532843,0.0032378849490238178
2019-08-05,0.003980979,0.02443972,0.0013734123,0.15855137323295998,0.023545913,0.0026549743,0.003556597,2.752813383962407,1.5640483367010065,-0.2600545670111138,2.0865087676342036,0.003080527199894797,0.0030875570284791955,0.02451363187979068,0.024368713452628095,0.023516783574135447,0.023430049528020542,0.002754100945525928,0.0028247820938211154,0.00336940267074738,0.0032592281447564684
2019-08-06,0.0041727065,0.02678074,,0.5182368191938169,0.022740196,0.0029918663,0.003184448,3.218636916601659,1.8199779196335102,1.7679354776229643,-0.7082336529817088,0.0033058432172803705,0.0031602262430504616,0.024981334974237573,0.02453023961644151,0.02335657405614337,0.023383852130211904,0.0028031518172957895,0.0028359712246346005,0.0033312466186958874,0.0032542203419231295
2019-08-07,0.0027562983,0.024930162,0.0018138788,0.18291591351624603,0.023546368,0.0036547782,0.003418735,2.717574131514196,4.614315402620698,-0.05559457363571915,-0.5952216839985869,0.0031924723871824836,0.0031331763961883956,0.024970778089867515,0.024557021245879544,0.023395728422936107,0.023394735324049964,0.002978841899640464,0.00289080428072952,0.003349295424843668,0.0032652373961314686
2019-08-08,0.003216104,0.024200868,0.0019282497,0.10609865733775092,0.022507984,0.0030483021,0.0041423654,2.733868773007723,1.6684712582591925,-1.227900070065409,-0.15483839714325795,0.003197347600467617,0.0031387298175223313,0.02481194601471776,0.02453317071917421,0.023212587254864026,0.02333535225343022,0.00299317151070958,0.002901351441210049,0.0035129053473668802,0.003323976035820367
2019-08-09,0.0032133006,0.0244873,0.0011081281,0.24011048823888348,0.023028046,0.0038137126,0.0030834293,2.749304236103681,1.5709326477322896,-1.485439254629461,-0.9039843841339743,0.003200638696398054,0.0031437235999117494,0.024744971680585856,0.024530098883929895,0.0231745164689186,0.023314772865771428,0.0031624487109616598,0.002962449540315263,0.0034243046645472137,0.003307867340479665
2019-08-12,0.003378735,0.02467379,0.0016945864,0.0738515098067315,0.023534978,0.0033448965,0.0030994606,2.728734786325761,1.36769295379694,-0.07411427433204534,0.47663710071953935,0.0032373798544557517,0.0031594616052341715,0.024730286883602855,0.02453972143067823,0.023248879453696848,0.02332951933204112,0.003200087590224904,0.002988060867916146,0.003357289509109273,0.003293910965894511
2019-08-13,0.0020629305,0.024529336,0.0013969007,0.20878788629130318,0.023650652,0.0038921896,0.0036756315,2.706518129213027,1.1165768777721619,-0.6481449630414466,-1.3303606920060533,0.0029950915688639803,0.0030860301969398425,0.024688830826210848,0.024539025950816917,0.023331764876928982,0.02335102461258352,0.003342867868797577,0.0030486076637172297,0.0034229632903213488,0.0033194736468127226
2019-08-14,0.0032423332,0.025413448,0.002083031,0.3355191111238296,0.023565698,0.0037896368,0.0037915972,2.4957824128892643,0.6190373700103264,0.40776973283828866,-1.2894175664570222,0.0030460973845970302,0.0030964973405839895,0.024838318966172536,0.024597583378983198,0.023380025242796167,0.023365400674929523,0.0034350360585608834,0.003098232166291541,0.0034990122732602986,0.0033510903492062526
2019-08-15,0.0047004633,0.02644488,0.0010059067,0.3751797243373529,0.024041425,0.0026749368,0.0036613075,2.5612566080033385,3.067254522982864,-0.8696952775376369,-1.1779339167493337,0.00338739219559127,0.0032039101402311786,0.02516975172262781,0.024721291326979207,0.023516471754919794,0.023410672030874713,0.0032782279777238284,0.003069885340747326,0.0035324936944640967,0.003371864664188327
2019-08-16,0.0019796607,0.02558454,0.0013857774,0.1374033468504502,0.023698391,0.0018074331,0.0032692105,2.633234266533988,1.2935036350729292,-0.7524559234381709,-0.8656446053514499,0.003096977930239897,0.003121925818172474,0.025255322201999043,0.024779100467894017,0.02355400168053322,0.023429939735821605,0.0029748037654603633,0.002985342690011568,0.0034781785012234652,0.003364990219080456
2019-08-19,0.003515299,0.02560113,0.0015820687,0.0844408116347104,0.023662528,0.0034882154,0.0033956477,2.383170429699429,2.1765538039992527,3.4967171135415023,0.6818137826954833,0.00318327733534152,0.0031482688396167356,0.025326662164483326,0.02483414932511425,0.023576390607926517,0.023445515477625814,0.0030807203125260483,0.0030190185700331115,0.0034611524489754513,0.0033670432616675064
2019-08-20,0.0049871197,0.024297057,0.0017175562,0.18852313999100156,0.023495797,0.0018301762,0.0035811518,2.396373603774937,1.1282613636674774,1.4100035796608112,-0.7834028038713937,0.0035554090657663527,0.003271411180548023,0.02511425510277253,0.024798181840059316,0.023559764203005974,0.023448882685305955,0.0028227337234846667,0.0029394053541483465,0.003485908258554011,0.003381381472101987
2019-08-21,0.0040241424,0.02492019,0.0009759916,0.13555297666701893,0.023731206,0.003758811,0.0035517248,2.489527916091,2.063087580396783,0.6784760679947295,-1.00719794675941,0.0036521085059549392,0.00332181933845344,0.0250742195232258,0.024806352345009497,0.023595132475592848,0.023467789007155432,0.003015845958049049,0.0029942784940286678,0.0034994861831416264,0.0033927888573597477
2019-08-22,0.0041356366,0.024548158,0.0010002487,0.1554213451244626,0.023802258,0.0028875843,0.003156867,2.6671837708908988,1.4749714611742344,-0.6953365165006706,-0.35184037549683717,0.0037518601000633973,0.0033763182467503065,0.024965693317913356,0.024789061845442547,0.02363786237765798,0.023490187400004487,0.0029893856390714913,0.002987133500961329,0.003428804048791984,0.0033769898837814312
2019-08-23,0.0036912144,0.02536822,0.002088267,0.1173985759979802,0.02346722,0.0017124846,0.0036819533,2.550847786775908,1.2547217171396925,-1.1107437301305767,-0.3837201789243237,0.0037393489177695413,0.003397405898074882,0.025048734204227027,0.024827846283685853,0.02360265902040816,0.02348864936644401,0.002725961633454175,0.0029017740795321332,0.003481028605736259,0.0033974123713175542
2019-08-26,0.0034895088,0.024759384,0.0016988205,0.06452071116950975,0.023494586,0.001922396,0.0034663156,2.3096673056180905,1.7327779924399063,0.5389836708902919,1.787494570151926,0.0036878070244748627,0.003403573751157368,0.024989041382913496,0.024823261560793213,0.023580363685044955,0.02348904694837385,0.00256018646833883,0.002836188060171619,0.00347799331368559,0.003402026612239007
2019-08-27,0.004824533,0.024577754,0.0014606057,0.34567259702146214,0.023440734,0.0038837318,0.0038141808,2.345322172485296,1.6752123183410972,-0.21755511709751368,-0.5841574248866287,0.003922313021577165,0.00349873114972193,0.024904192933416846,0.02480682062833447,0.023551558062036695,0.023485811544748596,0.002833233170857625,0.0029063389296108467,0.003547348625032152,0.003429627348383631
2019-08-28,0.0036944156,0.02402975,0.0019640904,0.1115193279124197,0.023648554,0.001949913,0.0034636322,3.1134327396493218,1.5012758104228607,0.3280922300452762,-1.0942453779896988,0.003875297894738364,0.0035118355491558814,0.02472379589395851,0.024754782558232814,0.023571568367755858,0.023496709950878943,0.0026510046810977544,0.0028422899452739763,0.0035300779694108463,0.003431904551189599
2019-08-29,0.0038607302,0.024232179,0.0012747071,0.13585608215525946,0.023730073,0.002568273,0.0039715385,2.648960309561577,1.4403273026368941,-0.4257243514115768,-1.199406117581961,0.003872292589489316,0.003535199981007507,0.024622375572147907,0.024719785356401507,0.023604267815633177,0.023512337584479747,0.0026339372007922798,0.002823939857318758,0.0036211510460004443,0.003468042222838442
2019-08-30,0.003061553,0.025211101,0.0033779964,0.15658804236121804,0.023914915,0.0037441538,0.0037377644,2.217966934277857,1.3877223442738238,-1.002594732772412,-0.9820292636805181,0.0037050374381348825,0.0035034812594663413,0.02474382940033436,0.02475268732190877,0.02366835407935533,0.023539296961425264,0.0028629742953832234,0.0028855638303010105,0.003645208326407094,0.0034861047123708085
2019-09-03,0.0032125076,0.024763906,0.0020249686,0.060032630214320926,0.02397401,0.0026972147,0.00350366,2.545940690283525,1.350946935483607,0.3244082705280688,1.1529097209706123,0.003603428787740618,0.003483995622700569,0.02474797126955977,0.024753438628303533,0.02373141088372495,0.02356840844143167,0.0028287781815590387,0.002872950653639586,0.003616006975535099,0.003487280335652648
2019-09-04,0.0044211634,0.026943045,0.0023605009,0.31263537139310793,0.024161687,0.002018285,0.00352705,2.5456680836943297,3.6844751190375207,0.7969786361643795,-1.1818273520697808,0.0037721269978902576,0.0035467549418490914,0.02520081377131511,0.024900069999114455,0.023820176645114093,0.023608138539773654,0.0026615738611953164,0.002815716250503129,0.003597655178993856,0.003489943584843632
2019-09-05,0.0022722848,0.024015216,0.0018261892,0.22132740802386797,0.023964757,0.0038825758,0.0036324821,2.26169745784695,3.145899005153831,1.8660897990092076,-0.7329069445838126,0.003462710346008325,0.003461407490583116,0.024956225607054457,0.024840813984370186,0.023850003516857978,0.023632020217897568,0.0029134659148487485,0.002887160641654264,0.0036048399629901766,0.003499488965557254
2019-09-06,0.0019713887,0.023864452,0.0011688289,0.2394807524342243,0.023814196,0.0042441655,0.0036661113,2.399078302905936,1.4248119251675817,0.25200768720650124,-0.7171150619031129,0.003155051475126682,0.0033616253897141737,0.02473099324405172,0.024775429929426152,0.023842616396905877,0.023644219969439117,0.0031879885383149778,0.0029780351971554274,0.0036174802010072453,0.003510647162702002
2019-09-09,0.0036136159,0.024347011,0.0015927184,0.07981887308306634,0.02330209,0.0025276672,0.0034856305,2.3300270062869273,1.9830430983059408,-0.08219506543234469,0.7075313641785552,0.003249653069458143,0.0033785004386214543,0.024651777909055487,0.024746739995347985,0.02373110596648556,0.02362130851023627,0.0030517645955002127,0.002947875400314954,0.003590279676875058,0.003508971871585478
2019-09-10,0.0027487164,0.024169141,0.0011936,0.13960302676980108,0.0238425,0.002717964,0.0033905776,2.2329292695932392,1.9247558370059246,-1.273591563337571,-0.7618260646715098,0.003146310095921222,0.003336325684891384,0.02455221025660105,0.024708059947111827,0.02375408660484759,0.023636121077609117,0.002982901684604321,0.0029324789139576193,0.003549081247944512,0.0035010433628552854
2019-09-11,0.003040439,0.02403458,0.0007241886,0.41447999417570236,0.023642575,0.003274853,0.003347881,2.1481797027021066,1.898016820137373,-0.28003849566260497,0.17400511199732235,0.0031244689411336914,0.0033165110376611453,0.024445423451451388,0.024662959024246058,0.023731081895397903,0.023636553302147444,0.0030431311097820373,0.002955406689537825,0.003507573723125172,0.0034907865312769335
2019-09-12,0.003025463,0.02424597,0.0017199896,0.17516860395054956,0.023644594,0.0028971224,0.0032855067,2.270197598561078,1.410627587126203,-1.1789852958335445,0.18661438396262953,0.003104044084832789,0.0032970204268689793,0.02440427629924916,0.024635034513459157,0.023713239586190163,0.0236370917954799,0.0030130095916491265,0.002951503565642816,0.003461761421353978,0.0034770395577713937
2019-09-13,0.0028873077,0.023693195,0.00165085,0.13645892434749352,0.024230003,0.002597346,0.0037291863,2.2255915046868795,1.8802349999826142,-1.2250738967711996,0.22364291393929903,0.0030593314756774447,0.003269583188960599,0.02425758052136488,0.0245719623128648,0.023819847680285007,0.0236767973090337,0.0029272584052531733,0.002927786690976337,0.0035169310235896975,0.0034939250676864013
2019-09-16,0.004537241,0.024489585,0.0017304127,0.1152204047274702,0.02343462,0.0016519553,0.003181067,2.9176644066113213,1.8494801709438267,-0.5934902825821637,1.786400418482992,0.003364223447162456,0.003354474444857084,0.02430544298727501,0.024566445771431557,0.023740375484794296,0.02366057944260863,0.0026641640460072094,0.0028423480796070286,0.0034476424650846287,0.0034729739030081056
2019-09-17,0.0034476805,0.024471328,0.00199708,0.16411617332374417,0.023523616,0.0034218624,0.0029266055,3.340429830168504,1.270917317514256,-1.2172884512733528,-0.5999025454872258,0.003381440593527205,0.003360716175625529,0.024339664908514615,0.024560075996223587,0.02369565804967139,0.023651407388702448,0.002820476813123592,0.002881156418455301,0.0033401528175296597,0.003436385246930738
2019-09-18,0.0042987852,0.02558077,0.00095339154,0.25093196880721036,0.023946228,0.001941224,0.0028170415,2.68643180075657,1.3207508637218015,-0.4940869254178151,-0.05458786342609291,0.0035706883107055223,0.003423535854312798,0.024595704113290654,0.024628428780351975,0.023747350396675818,0.02367115060997945,0.002639087415724006,0.0028182119547648437,0.003232235222396994,0.003394909647211306
2019-09-19,0.00390911,0.024891112,0.0010257922,0.14087556213207353,0.023988748,0.004312548,0.0035563856,2.402492419313964,1.3805133181630522,-0.9448345203493206,-0.10430505376023388,0.0036405045461050745,0.003456053308372506,0.024656646604887394,0.024646019889728553,0.023797150588930664,0.02369241915502693,0.0029843214241493947,0.0029182831596480576,0.003299107282293338,0.0034057232111411977
2019-09-20,0.0026057386,0.024240404,0.0015251839,0.14523038752301098,0.023639474,0.0034428823,0.0036713113,2.465357495943652,1.6218227343099916,-1.0978184128109016,-0.48314421792864004,0.0034270328723833773,0.0033991102750258683,0.02457077605024022,0.02461885703161511,0.02376462200479586,0.023688873580675528,0.0030789222972865964,0.0029534139965522047,0.003375892776961022,0.0034235088514510746
2019-09-23,0.0038155834,0.024382882,0.0015656962,0.06416216261077368,0.023758912,0.0033500018,0.003429014,2.7628283467997883,1.9508395069834825,0.11828911040930087,1.7735124060135858,0.0035071906457902714,0.003427000235586745,0.02453201356941269,0.024603054477635295,0.023763444128504577,0.0236935638748341,0.003134845847825223,0.002979972292651838,0.0033868516579321994,0.003423877514975034
2019-09-24,0.0025490858,0.025153715,0.0010832637,0.22074059791965295,0.023774067,0.0027974201,0.0029596563,2.8607618356143933,2.0951128529906953,-0.4800748914753855,-0.9450006659572208,0.003309534113053365,0.0033682089298771247,0.02466027028126142,0.024639930576443893,0.02376563560891834,0.023698954924277028,0.003065235101086318,0.0029677473208745845,0.0032987214795250127,0.003392790008695087
2019-09-25,0.0031662951,0.024406683,0.00021780388,0.3254008078945704,0.02326387,0.0022898277,0.0030036937,2.6860433926275245,2.325976371160893,-0.6771119753134207,-0.46483875286526993,0.00327998398461377,0.003354687366219969,0.024607955296613464,0.02462431066392261,0.02366212158792903,0.023669818575554436,0.002905268958012589,0.0029223490705611818,0.0032378573937644106,0.00336673338964364
2019-09-26,0.0029191782,0.024333134,0.0014445944,0.12148151374993132,0.024012588,0.0026072084,0.003429094,2.68402425711478,1.320896915696688,-0.5048746423449562,0.44407117753998926,0.0032055499458199174,0.0033255226217560555,0.024551259868234233,0.024604811453464,0.023734422617083053,0.02369277281612721,0.0028437792307067734,0.0029012450455421415,0.003277309424981359,0.003370909499637219
2019-09-27,0.0035409096,0.024851374,0.0007142203,0.14440189436336015,0.02294374,0.0032761956,0.002850273,2.434005697812191,2.0329924791280978,-0.1702663145083609,0.9862411612029555,0.0032747344694412815,0.003339946444440977,0.024613173323456628,0.0246213230315789,0.023571305355665036,0.023642612376778237,0.0029329865022988772,0.0029263543631615927,0.00318921201976733,0.00333604402577545
2019-09-30,0.0038115734,0.024381148,0.001450451,0.06422737184301963,0.023186592,0.003784129,0.0033844062,2.4509578094043305,2.1272248514149976,0.26197841403700484,3.0284821099147265,0.0033854840536769737,0.003371529889217032,0.024565306558877585,0.024605239207953537,0.023491939272205404,0.02361207408214101,0.003108576737532816,0.0029837969598666804,0.0032294804791038662,0.0033392826967576835
2019-10-01,0.0034139596,0.024398776,0.0011133114,0.08145408116089603,0.023412729,0.0025907536,0.0035336588,2.6049627625513487,2.1852415913505445,-1.1539296490984698,-0.37989446697761475,0.003391358551981719,0.003374371282639678,0.024530951344984682,0.024591412969241156,0.023475598169142627,0.023598724517053405,0.003001750097395334,0.002957476022109646,0.0032922323076137105,0.003352299483201332
2019-10-02,0.0035233335,0.025045978,0.0019925109,0.15072453660390706,0.023494987,0.0023007311,0.0037747691,2.398119903964679,1.3909345064026797,-0.12454201882390921,-0.4366315830186561,0.003418584906876805,0.003384346834287332,0.024637201053501066,0.024621853823167485,0.023479598037047144,0.023591777513632096,0.002857130255056335,0.0029134957819815285,0.0033917794020280937,0.003380591012186161
2019-10-03,0.0047799097,0.02508028,0.002053395,0.13665469645228323,0.02333498,0.0045709545,0.002870027,2.571340686027879,1.8983762128433364,-0.9698504354673252,-0.35803602708843096,0.003699425503380209,0.0034778035070315468,0.0247286080851876,0.02465255327817557,0.023449763414337584,0.02357458055309909,0.0032106912910687944,0.003024490832590722,0.0032841421509451868,0.003346400066045182
2019-10-04,0.002804824,0.023137758,0.0008635273,0.22407414706742934,0.023456603,0.002936572,0.0037205655,2.5771849434689105,1.2891512236638798,-0.4254412063329494,-0.24463142504200555,0.0035148696669177874,0.0034327360772152663,0.02440041645749984,0.02455111194013824,0.02345117447681068,0.023566679968632296,0.0031541406398006987,0.0030186031760255057,0.003374176051332644,0.003371456803564671
2019-10-07,0.0029996503,0.024656048,0.0014503784,0.054352321137364656,0.023417566,0.0025976093,0.0030844402,2.449905774052958,1.8748403847672326,1.0926874001566829,2.2429151561323017,0.003408580185500925,0.0034037336192748926,0.024453153119452686,0.024558139197131304,0.023444241059865926,0.02355669425033192,0.003039328517545035,0.002990410475702629,0.003314403707903766,0.00335223616358966
2019-10-08,0.0040474525,0.025564618,0.0017111034,0.13149753527347974,0.022765083,0.0028716929,0.0029866402,2.4434253996185085,1.9744527597425596,0.3311468776569089,0.34125259594499685,0.0035403792022000325,0.00344684154514332,0.024682447824007206,0.024625540099009115,0.02330413115854074,0.02350368242900184,0.0030047453735127607,0.0029824603134079165,0.003246786269394034,0.003327753295852577
2019-10-09,0.0038609183,0.024007495,0.0019637453,0.17455584096793553,0.023392403,0.004029137,0.003068735,2.632386714875224,2.58028411772347,2.500545363522972,0.05839693094532268,0.0036065062575939065,0.003474571029324828,0.024543205513072056,0.024584151500627566,0.023322341695801573,0.023496230411907213,0.003216076844242022,0.0030525531254551016,0.0032100543638305615,0.003310407608190416
2019-10-10,0.003978826,0.023952411,0.0008814933,0.13630321166678483,0.023002844,0.0031758687,0.0038483138,2.347642347191102,2.513518777546788,0.528540999189672,0.24923299502069673,0.003683315646402137,0.0035083394832849967,0.02442132501638577,0.02454184576183521,0.02325642955189176,0.023463189820233078,0.0032077819154883534,0.0030608111974158377,0.003341726953844986,0.0033464295780034274
2019-10-11,0.003520798,0.024911966,0.0013066836,0.11668115938867274,0.023225652,0.001436511,0.0033415337,2.398940677487335,1.4237590254184704,-0.02390849613010748,0.32301456680876817,0.003649788328662879,0.0035091737887345967,0.02452254402930562,0.024566631618665364,0.02325008017025531,0.023447282626628218,0.0028423696685546257,0.0029520366760074678,0.003341687087600598,0.003346101716323699
2019-10-14,0.0038475196,0.024832778,0.0012903714,0.07562662877115867,0.023287611,0.0031532918,0.0036766168,2.4279332991506943,1.4414467666183701,0.659702909640787,1.5266146541745274,0.003690580193010548,0.0035318317978374945,0.0245865450680527,0.024584454624138,0.02325782277764806,0.02343658990096091,0.002906512733250836,0.0029655141271707655,0.0034107829151392923,0.003368235324040371
2019-10-15,0.0037092534,0.025027433,0.0010466604,0.1482127489217503,0.02327532,0.0022024205,0.0031678614,2.956280709666677,2.3136145825632366,0.005028836542323787,-0.8708042566641314,0.003694432463601479,0.003543713191060432,0.02467750010115536,0.02461411958825905,0.023261432339554765,0.023425790103774713,0.0027612588749339477,0.0029144120294771446,0.00336066832899474,0.003354816880038581
2019-10-16,0.0032002633,0.02463868,0.0018105619,0.1202048890619839,0.023244819,0.0041546086,0.003152908,2.5624244810064343,1.8370345889086142,-0.4737586903068723,-0.6975457578081918,0.0035924856148883784,0.0035207133759922187,0.024669491687613062,0.024615764375195304,0.023258004948787693,0.023413670988407475,0.003048706187228493,0.0029974642827028794,0.0033178074945398087,0.003341295650300385
2019-10-17,0.002954247,0.02435838,0.0017402999,0.0927015564158642,0.024052316,0.0031477334,0.002466901,2.2161688098419483,1.6185454082212118,-0.8807838888708062,0.10942886894241341,0.003460817312365389,0.003482778813509859,0.024605309630970986,0.02459852815279987,0.023421870967476596,0.023456439155928935,0.0030691354486789123,0.0030075273558041295,0.00314226592663713,0.003282740054521963
2019-10-18,0.001661523,0.023984348,0.0025291825,0.32619008764178814,0.02327192,0.001299652,0.0030412222,2.227199613347506,1.4909523300688046,-0.7604947386456582,0.4553065576192939,0.003089623844691877,0.0033608147608662656,0.024477205655931852,0.024557398372191782,0.023390936194654335,0.02344408247073072,0.002704091951805304,0.0028931560549521748,0.0031214206643172134,0.0032665663280469267
2019-10-21,0.0028014611,0.024879728,0.0016082377,0.16364963375975217,0.023326425,0.0027509544,0.0036102552,2.1339126467735254,1.7610532275953605,0.6985376564331862,1.604855587850487,0.0030301760313725746,0.003323356522557502,0.024560245703241994,0.0245789837904653,0.023377627544747693,0.0234362032939781,0.00271375964153524,0.002883633232702682,0.003222266971226644,0.0032895821434220903
2019-10-22,0.0020065361,0.023316996,0.00033704698,0.3953626747262633,0.023825396,0.0031997324,0.0027690688,2.2764429677657336,2.022341063413719,0.3462460872941125,-1.1450138243180565,0.0028189996554194305,0.00323517299930221,0.024303763978890804,0.02449447225494381,0.023470001911082367,0.02346226635532689,0.0028140155653224416,0.0029048014480967574,0.0031287724299337584,0.003254724922939993
2019-10-23,0.0034057186,0.02481881,0.0015417222,0.1213137423066506,0.023040654,0.0032082028,0.0028488184,2.643753159947707,1.8265755604724458,-0.08853727427829436,-0.5491907083128609,0.0029400394647751695,0.0032465939278880397,0.024410017640867112,0.02451619216357221,0.02338142769127,0.023434032246382932,0.002895336179459848,0.002925119327361253,0.003071018067522716,0.003227542579562092
2019-10-24,0.0028941606,0.024437586,0.0018785214,0.13856588698831673,0.023405807,0.0019675072,0.0031708493,2.2811809085508994,2.3907185001741906,-0.24797519919965746,-0.449666063228598,0.0029305746730336124,0.0032229925202662654,0.024415704947000932,0.02451092813361061,0.02338645714897954,0.023432142092283118,0.002703925545243052,0.0028609909066975715,0.003091613196157557,0.0032237459995431103
2019-10-25,0.0031304401,0.024732416,0.0018718436,0.09831287332434968,0.023684021,0.0023996935,0.0027610327,2.513477211490947,2.4704811908649136,-0.6791835417698957,-0.5595795363816998,0.002971806812619441,0.003216794563869057,0.024481042372908355,0.024525760546627865,0.02344784443256996,0.02344900967495362,0.002641162629386908,0.002830099197754421,0.0030234146064904667,0.0031927594717626657
2019-10-28,0.0029911115,0.025112499,0.0013332606,0.08330093716173836,0.023414342,0.0027819301,0.0034607314,2.3721882858680847,2.046520466941913,1.0902817315648807,2.2640398209537578,0.002975789356052658,0.0032016812431109537,0.024611311450438007,0.024565052635572987,0.023440932843241606,0.02344668806658201,0.002670202894175146,0.0028268734605073993,0.003113632822168252,0.0032107047472917562
2019-10-29,0.002320795,0.024583617,0.0012277333,0.24061970207855965,0.023730855,0.002578308,0.0035705352,2.4520808702675043,2.5386444738914795,-0.18307883680401424,-0.31995369663098117,0.002840664382893327,0.00314269093244919,0.02460559814635656,0.024566295850609637,0.023500743721454127,0.023465717905156728,0.002651245047984477,0.0028102277823976052,0.0032078915465599987,0.003234801517616705
2019-10-30,0.0031006052,0.024478016,0.0012050251,0.11594599758163371,0.023660794,0.0032235426,0.0030944957,2.320557718600155,1.7675120369755337,0.16434034876289377,-0.32993844855204635,0.002894290040013175,0.00313987257791134,0.024579278103562485,0.024560384041313155,0.023533761989205343,0.023478781560987164,0.0027693097298197985,0.0028379062385958036,0.0031844980512672895,0.003225405659405403
2019-10-31,0.0031001095,0.024458347,0.0014098181,0.06404494825373641,0.023797313,0.003769164,0.0029038126,2.10965022954388,2.1501754686782846,-0.8569136156964301,-0.08444780763540895,0.0029367504903605275,0.0031372097648379635,0.0245543300574871,0.024553550918431997,0.023588132372825147,0.023500112641912162,0.002975579134410301,0.002900269783219218,0.003126592783067772,0.0032038695319245884
2019-11-01,0.003515938,0.024354838,0.0014986792,0.09719012626490853,0.023429137,0.0015951823,0.0026976126,2.1982486422317784,1.9050269268209654,-1.0761066141623887,0.24317556494929313,0.0030562365821761137,0.003162572066058787,0.024513174916883724,0.024540243697681013,0.023555331653953158,0.023495359596968437,0.002690804002680906,0.0028128719816530746,0.003038094402015797,0.003169967021328266
2019-11-04,0.0030667076,0.024359431,0.0016713925,0.17236272690910537,0.023459295,0.003822017,0.0035637293,2.2188090597841357,1.6352955009733203,-0.14076181751348174,2.0127025909228204,0.003058396754927628,0.003156152311912735,0.02448145765199399,0.024528135220112064,0.02353551930374332,0.023492944446133975,0.002924172648078847,0.0028804514043292667,0.003146532614826807,0.0031963361063682863
2019-11-05,0.004839215,0.024643866,0.0016320876,0.1377784918403382,0.023143787,0.002146645,0.0028581002,2.673060013025782,1.449501256630799,-0.3284656878998313,-0.618446243695257,0.003425778614359608,0.0032688619826435937,0.024514962479995822,0.024535885387351065,0.023454705122528834,0.023469562412264704,0.0027637690998311734,0.002831310583531272,0.003087029164753418,0.0031736854613150832
2019-11-06,0.003549407,0.025585834,0.0015292614,0.08648680237549877,0.023768501,0.0026994434,0.0034389624,2.5792047511612326,1.2806373994966,-0.043315146473561925,-0.4382786758296426,0.0034512830860018557,0.00328764924342607,0.024735882698299926,0.024606197300756617,0.023519441120492462,0.02348958145905615,0.0027504987360069976,0.002822479830858395,0.003159632804143847,0.0031914502636866994
2019-11-07,0.0037817764,0.024057586,0.0017841645,0.10088723803888477,0.02399508,0.0031966532,0.002449395,2.503831182947626,3.0647616477083166,-0.5125519392735979,-0.6043962546611853,0.0035194636848251367,0.0033207394615448788,0.024595950393824156,0.024569458426129568,0.023617564985514084,0.0235234331238642,0.0028425401696288407,0.0028475371028058075,0.0030131110985496474,0.0031417570360148268
2019-11-08,0.003225838,0.024011062,0.0015294874,0.11266907473525356,0.023320593,0.0024579384,0.0035149485,2.378183698874419,2.2272472735340076,-0.5650848110059891,-0.3449186777544596,0.0034588888743122903,0.003314384199053896,0.02447528832033789,0.02453206431861657,0.023556299808696918,0.02350984952354489,0.0027631970247554323,0.0028214468424982236,0.0031166398974931714,0.003166748554208608
2019-11-11,0.0036402643,0.025127525,0.0016404775,0.054472856371464595,0.023069605,0.0027823371,0.003527008,2.412556074531023,2.094165708210626,0.3072993025442553,1.5193062044534131,0.003496306523596999,0.0033362074127030587,0.02460984430320468,0.024571940506294177,0.02345589497337047,0.023480367680299256,0.0027671456193704273,0.002818827782365374,0.003201298620581758,0.003190874051365374
2019-11-12,0.0030726988,0.024471808,0.0011772272,0.08908591978385427,0.02348001,0.003603869,0.0037787813,2.497885967908758,1.7646166249298403,-0.5041421979590522,-0.8705726470164281,0.003408916479924574,0.0033185610314441444,0.024581367532858604,0.024565234946959717,0.0234608697437114,0.023480343679812048,0.002939761188959615,0.0028713996365271697,0.003320432988688331,0.0032302444394661954
2019-11-13,0.003631565,0.024084441,0.0015078379,0.08918385585092048,0.023124881,0.002543544,0.0034465184,2.4308643216823675,1.093193617366304,0.23118860456894239,-0.8637680658555473,0.0034548487569112498,0.0033395219722852486,0.02447885192555945,0.02453303763900798,0.023391555460914187,0.023456539413466954,0.0028580217770664924,0.0028494441207269072,0.0033464443517021583,0.003244727662526359
2019-11-14,0.0042891074,0.025054066,0.0008739024,0.1774438118742856,0.023496687,0.0047824853,0.0031380483,2.164591397317328,1.6021023806810708,0.22773025714662035,0.15888758526441474,0.0036269558755957663,0.003403112867471951,0.024597518185606432,0.02456792931689649,0.0234132441271795,0.02345922800484204,0.0032550375916710343,0.002978894106407873,0.0033034523644099828,0.0032375836675321906
2019-11-15,0.0024631466,0.024985176,0.0019026534,0.14115036313540152,0.023294626,0.0037885252,0.0035544336,2.213469971171559,1.8951330591340902,1.052491954375877,-0.3016025428041129,0.0033868626297543316,0.0033401661370446255,0.024677491702124115,0.02459587105091467,0.02338877322946349,0.023448205087853686,0.0033650958126333007,0.0030331126812916686,0.003355229658043268,0.0032588021585841336
2019-11-18,0.0035243053,0.02555864,0.0014243782,0.06244542020701305,0.023312934,0.0030583062,0.0033620896,2.4120907548419224,1.8524865870135254,2.7239446252434476,1.9979076853240454,0.003415216980111468,0.003352497385856637,0.024859271991758292,0.024660344761587988,0.023373127583296446,0.023439146370558044,0.003301805271622498,0.0030347998141547084,0.003356644866310078,0.003265719011446335
2019-11-19,0.003228386,0.023851922,0.0016406806,0.18801587324686264,0.023093237,0.00438933,0.0029842576,2.861294363540554,0.8922293051665782,0.48363288375624336,-0.7237724449420977,0.003376673833309627,0.0033441860131256333,0.024651456173314216,0.024606207093065217,0.023315386222784118,0.023415981828714898,0.0035261610125748655,0.0031255086360792075,0.0032798215789945338,0.0032468703859228035
2019-11-20,0.0043570106,0.024672316,0.0010853724,0.1367173771635829,0.02323345,0.003920382,0.0029735027,2.131569139088479,1.134691363936692,0.33850118564406956,-0.2362463022365988,0.003578916790939524,0.003412011845255787,0.024655759624486462,0.024610634234731445,0.023298482634676012,0.023403758157025323,0.0036074885719753085,0.0031787389199177916,0.0032166281625304626,0.003228563772108196
2019-11-21,0.003866996,0.024577852,0.0010586998,0.07791862252986581,0.023036858,0.0027715156,0.0031468847,2.0286768631463703,1.480368478615431,-0.411175462329004,-0.12878210713565177,0.0036383473632513844,0.003442480767481302,0.024639687392376274,0.024608438929212592,0.02324450962395758,0.02337918795558586,0.003435027794176831,0.0031514683945526225,0.0032022401291010513,0.003223093971009812
2019-11-22,0.0032725604,0.024916591,0.0015291971,0.06944142404646203,0.023290219,0.0031720665,0.0036241664,2.041806232143322,1.596941474402887,-1.0782957725578586,-0.02539271881427764,0.003562885710309427,0.0034311017104751663,0.02469681248630469,0.024629074959764925,0.023253939399921927,0.023373229956413406,0.0033807790233502245,0.003152847789952965,0.003289283289019055,0.003249952589210774
2019-11-25,0.0036542714,0.02429549,0.0016617258,0.07131378835361879,0.023047522,0.0029327278,0.0036437504,2.4948136588660534,2.4277734302551806,0.9146629495732483,1.0643646210860325,0.003581738522642135,0.003446046714565691,0.024614019916968276,0.024606735788684445,0.023211355539145117,0.023351418249545813,0.00328834629216589,0.0031381070128932865,0.0033624096770430646,0.0032763240536136237
2019-11-26,0.0035760533,0.024094658,0.001305834,0.18795537498251846,0.023349795,0.0028487507,0.0030184889,2.6092804909473024,1.4935899554137573,1.584074268378585,-0.6882373735086007,0.003580565665534173,0.0034547528671053734,0.02450687582099132,0.0245724434692312,0.0232399156282931,0.02335130957822728,0.003197657948353431,0.0031187296848206826,0.0032914589964080938,0.0032590576030024567
2019-11-27,0.0033262924,0.024888558,0.002095367,0.08717258064224975,0.023839718,0.0022881734,0.0029378887,2.906633521175104,1.1902553932991367,0.10605778473926426,-0.2535393997098497,0.003528109220998907,0.0034461502527491834,0.02458561671838548,0.02459361273466598,0.02336365448657037,0.02338401681111945,0.0030100317682174357,0.0030631098163042972,0.0032185176357173873,0.0032375498841377675
2019-11-29,0.004382548,0.024085758,0.0017494749,0.14362560577174366,0.023761436,0.0031222915,0.0025896844,2.379013189521509,1.2908907019740483,2.408577006758497,0.23347267942081748,0.0037043794756834703,0.003508858003419775,0.024482496180086334,0.024559603239356596,0.023445716674364698,0.023409291468117998,0.0030331908975494686,0.0030670730384714296,0.0030887896793134325,0.0031941642738195397
2019-12-02,0.0034662462,0.0246902,0.0012597723,0.09315487462907213,0.02366603,0.0017859588,0.0030861646,2.457352406349731,1.6663816112196157,0.3748028665755683,-0.7041211399067671,0.00365525270285558,0.0035060044173454894,0.02452534529531376,0.02456834888984966,0.02349116715547775,0.023426484465894386,0.00277588756522057,0.0029812806482696517,0.0030882481255314325,0.0031869318583267244
2019-12-03,0.002966841,0.02346909,0.0008013054,0.20966266438187509,0.023091085,0.0022303623,0.0034366697,2.731237413981164,1.3278267915249284,-0.7246822504766457,-0.9648198457928808,0.003513233727411137,0.003469898255161673,0.024307440478718877,0.0244947348413906,0.023408630469876034,0.023404023784109655,0.0026633459833755877,0.002930993890754,0.003160127314585721,0.003203656054972382
2019-12-04,0.0039120866,0.024687734,0.001140581,0.27980951132218423,0.023057342,0.0020184163,0.002673172,3.031775181094521,2.2123621486756035,-0.5620197503196162,-0.4643429021645416,0.0035955168649419974,0.0034995102856973663,0.024385894729227805,0.02450765938427517,0.023336159755763915,0.023380807513719862,0.002530297329003782,0.002869881299538514,0.0030596686741110636,0.0031681311198373057
2019-12-05,0.0030452218,0.024432754,0.0013114267,0.16766357358016482,0.02283543,0.0034402432,0.002404445,2.6155864606895025,2.427785458062473,-0.8155552037552944,-0.5169859182999893,0.003481991280566422,0.003469087944206228,0.024395561801862968,0.02450264320442058,0.023232859420566885,0.02334428519692578,0.00271801868192637,0.0029080767292192083,0.0029244963920695326,0.0031169893505995686
2019-12-06,0.003634588,0.024982454,0.0014633487,0.2210231613604131,0.022948327,0.002894507,0.0027349233,2.804577520060565,2.0281168785597012,-0.6617110009838254,-0.5041890931005223,0.0035134719230026056,0.0034801709941668013,0.024516637406295103,0.024534774715120413,0.023174160437579146,0.023317769030395483,0.0027544281337720275,0.002907168006559492,0.0028853875566164497,0.00309140352811975
2019-12-09,0.0034947055,0.024161858,0.0014736813,0.12985319490118075,0.023490218,0.0034216854,0.003598474,2.744622557360328,1.6353773151395834,-0.627546246503018,1.3791508797395382,0.003509600427894273,0.0034811443291668295,0.024443446701264433,0.024509801630724887,0.02323936303840447,0.023329317451846885,0.002892082962102119,0.0029416236989124704,0.0030324969078252646,0.0031253605184328598
2019-12-10,0.0039409716,0.023595795,0.0028531991,0.3224752096419442,0.02332368,0.002872771,0.0029623357,2.704269384550382,2.3387712984356,-0.9553197434963561,-0.612322369518673,0.0035985920672505158,0.003511937583776566,0.02426857660844011,0.024448593343317823,0.023256757447665838,0.023328939884555044,0.002888098890754952,0.002937012831940854,0.0030180226898950755,0.003114443234796902
2019-12-11,0.003411891,0.024672741,0.0016523085,0.23957055999057697,0.022672676,0.003537491,0.004123625,2.873732787822369,1.9314016705269716,-0.06459608577469288,0.019703072485940783,0.003560075722669103,0.0035052377592609332,0.024351955524356244,0.02446360384605365,0.023136261659391862,0.023284991825307733,0.003022068133882267,0.0029772250560881255,0.0032461078401570783,0.0031820251105631994
2019-12-12,0.0042050704,0.025818372,0.0011921782,0.23699906351662792,0.023247678,0.0030324608,0.002963258,2.7428724849733004,1.6385186505651899,-1.0382525736119543,-0.6943465092348498,0.003693137792772474,0.0035521034600469923,0.024654476501944113,0.024554328626214622,0.02315924675737147,0.023282493018858475,0.0030242121372419176,0.0029809240292043696,0.003187756057319339,0.0031673749285063262
2019-12-13,0.002627834,0.023961639,0.0018703969,0.17244843777794172,0.023346541,0.0015523096,0.0041926433,2.400870526599498,1.9913359846563887,-1.0251267509367084,-0.5879055744366375,0.0034733661763662266,0.003490207897901129,0.024511544496268245,0.024514637977127256,0.023197885553828623,0.023286782150650453,0.0027205594196745733,0.00288525399517476,0.0033950637737842453,0.0032360340864422622
2019-12-16,0.0028036735,0.024709309,0.0016409195,0.14286363767073973,0.023128392,0.0026560405,0.0034153757,2.686379178205481,2.267294297657652,-0.4006035634549015,0.6842505228185771,0.003335208929904095,0.0034442327432044153,0.024552343110335013,0.024527674481016636,0.02318354910629568,0.023276175247799867,0.0027072491964299935,0.0028699042517883076,0.0033992541165983894,0.003248044058807836
2019-12-17,0.0032909564,0.024376377,0.0019214087,0.30420847515809313,0.022391833,0.001904286,0.0031045182,2.74009392732795,1.6891313127209575,-1.1974333005872082,-1.267260317569228,0.0033260796509504056,0.00343396828330796,0.024516041489915232,0.024517542572353477,0.023020218565288752,0.02321695351744761,0.0025415983069222597,0.002805239684710529,0.0033384502453618226,0.0032384325592416255
2019-12-18,0.002982987,0.02490702,0.0022679688,0.17518338046622606,0.022872439,0.0031549297,0.0024386747,2.871985316077865,2.0806951167867846,-0.8459265044784067,-0.8777175094219565,0.0032552998362825724,0.0034037674219822654,0.024596700326658148,0.024543624767600768,0.02298973164738239,0.02319388238769175,0.0026681282563468934,0.002828657380753177,0.0031528270196786484,0.003184875166633457
2019-12-19,0.0037577434,0.025048329,0.0016710712,0.1747365204619803,0.022713756,0.0023189918,0.0028495814,2.948464438103165,1.8858725799896288,0.09451445185395918,-0.5334120234576201,0.003358953678731359,0.003427472134145771,0.024689870994383994,0.024577423270976912,0.022932798055425287,0.02316172977246383,0.0025961015918914776,0.0027945266024182068,0.0030902676116700205,0.003162421547368496
2019-12-20,0.0028848,0.024128038,0.0018190279,0.19108633211463488,0.023058133,0.004005939,0.0026229413,2.567692972550954,2.440969393781537,-0.42007943092805,0.10357941039729752,0.0032611360407536504,0.0033911310101171137,0.024573965233140347,0.024547329312941464,0.022958654629787766,0.02315479221990623,0.0028869502598505336,0.002875651251189043,0.0029938584344395974,0.003126294167473958
2019-12-23,0.0023780859,0.024566945,0.0014360064,0.09980051196627804,0.023309765,0.0038868464,0.0031809348,2.5408391025158674,1.2787067703789377,-0.00197152849465295,0.9953504905652987,0.003078963253137224,0.0033232904070414223,0.024572516898485823,0.024548642895966425,0.023031088593620803,0.02316517030907096,0.003093228299344614,0.002943367962586616,0.003032452193295595,0.0031299532881616057
2019-12-24,0.0030974017,0.02365532,0.0009423985,0.16712634208123733,0.02396645,0.0035292774,0.003491138,2.652761285645964,1.7767369290641122,-1.1594135020058898,-1.3220382959723012,0.003082767094830961,0.003308163316021705,0.02438329957543294,0.02448881970633407,0.023224053210147526,0.02321882962926735,0.003183184998901977,0.002982604564661049,0.0031270788562530196,0.0031541407550535
2019-12-26,0.0033085507,0.024678187,0.0014947067,0.09832897905855387,0.023384307,0.0031006075,0.0031056101,2.854644238189838,1.2990825751074495,-0.3628808239593844,-0.9985500014192464,0.003129346131241406,0.0033081892571312256,0.024444134787778297,0.024501501097278982,0.02325711339602194,0.023229911125616023,0.0031661493134280314,0.0029905068711894266,0.003122649872082257,0.0031508908051717257
2019-12-27,0.0038059058,0.0246261,0.00090921146,0.11575067167079056,0.023818735,0.0031300215,0.002944216,3.4756088208998093,1.4869508609028037,-1.4864869623767265,-1.8009972243491552,0.0032689200378010364,0.0033415198459638847,0.024481674205265074,0.024509845142239778,0.02337297564438293,0.023269342901223466,0.0031586961655639084,0.0029998497488564297,0.003085839037357592,0.0031370504050033184
2019-12-30,0.0031128672,0.024967287,0.0010587813,0.10149753031564046,0.022858024,0.0019639947,0.0033410324,2.834988775505719,1.5834610208816355,-0.7344099872212888,-0.6748237133688674,0.003236726428051907,0.00332620766508071,0.02458185581488441,0.02454047863730534,0.023266741317456038,0.023241798081010002,0.0029122298813230195,0.002930481634939198,0.003138485298988521,0.0031507104706588684
2019-12-31,0.0024412144,0.024053186,0.00076452736,0.17513899108470377,0.023889404,,0.0035727522,2.6975292426834425,1.29273041925575,-1.4513900839417067,-1.343325967110526,0.0030726127145859665,0.0032669423134440876,0.024472791546909768,0.02450784611907288,0.023395196258079887,0.023285166298020517,0.0029122298813230195,0.002930481634939198,0.003228074339180264,0.00317897334496921
2020-01-02,0.0035803705,0.024511013,0.0023925877,0.18502054177137417,0.023413578,0.0035213225,0.003515492,2.9316004721054356,1.2819944083164447,-0.514928628244874,-0.25005913063945095,0.003177362868794594,0.0032879316582684415,0.024480676649715916,0.02450805820766996,0.02339898841174376,0.0232937656487915,0.0030378853693277205,0.002970048480521698,0.003287368443295912,0.0032015089899481847
2020-01-03,0.0023499557,0.023827761,,0.4456416241771498,0.024153143,0.0032215302,0.002931102,2.369220798124038,1.2010616216652483,-0.31919393012166497,-1.4249420747297126,0.003006669210908931,0.0032251182162264715,0.024345980579529435,0.02446250076637454,0.023554570141181983,0.023351315590359644,0.0030757712084063444,0.0029868894612647607,0.003213870852327327,0.0031834006391583277
2020-01-06,0.0035311524,0.024536239,0.0015398226,0.12149002063948322,0.023463232,0.0020227851,0.003414771,2.7997272023223334,1.9908792371270225,0.8560538845873494,0.908025753353013,0.0031148698133369197,0.0032456124088288693,0.024385230788148943,0.024467438794169672,0.023535727222034883,0.02335881032715995,0.0028585407352368156,0.002922326278662506,0.003255316458249722,0.003198894823683148
2020-01-07,0.0035074207,0.024494493,0.0012947563,0.12439176949543962,0.023188176,0.0019335304,0.0026677197,2.768464142245284,1.8860946509308907,3.181579913545841,-1.00204938295724,0.0031958528451823823,0.0032631449237639754,0.02440777160341641,0.024469250558860595,0.023464027512136998,0.023347383432188836,0.0026677115976002,0.0028561095792787898,0.003134095562506787,0.003163323616763188
2020-01-08,0.0032403017,0.023578715,0.0020389964,0.21259616832661454,0.023135176,,0.0031828878,2.604199897809887,2.0896776280885643,2.512232361893342,-0.9204418543298648,0.003205022628685113,0.0032616151840449852,0.024236737575421042,0.024409614028383517,0.02339618560339792,0.023333172530491577,0.0026677115976002,0.0028561095792787898,0.003144161375061244,0.0031646337714653825
2020-01-09,0.0035479125,0.02427291,0.0010149837,0.192820767370268,0.023655267,0.0030165738,0.0025736932,2.487516235156812,2.1582936559666206,0.0033785257206720124,0.379891354544643,0.0032757606212622725,0.0032807876563843053,0.024244199801319172,0.024400459327570387,0.023449634048434108,0.023354742262509078,0.0027396816952507366,0.002866855390959658,0.0030264740846502247,0.003125060247282385
2020-01-10,0.0038796035,0.025290856,0.001929569,0.12847311911582593,0.02380725,0.0028300553,0.0031076837,2.786401679328553,1.909932014102441,0.19298331899657542,-0.20565892953100443,0.003400333082139595,0.003320888559651272,0.024460124453025377,0.024460086538301437,0.02352341002356726,0.0233850453495365,0.002758325724326934,0.002864390999590395,0.0030432275924115976,0.003123896594110451
2020-01-13,0.0037490495,0.024785765,0.0016178915,0.05990779437007565,0.023714824,0.0038210372,0.003267502,2.676556843065267,2.6951811687175358,1.429712260514463,1.4165788347884656,0.0034722730960330293,0.003349561217067234,0.024527303826611755,0.024481896218150067,0.023562898553676024,0.02340712961566302,0.002977562551876791,0.0029284547367395162,0.003089495273703272,0.0031335134149618727
2020-01-14,0.0031929594,0.02447282,0.0018656472,0.0894948357837494,0.023631906,0.004029502,0.003114646,2.652383015474753,1.9444033487927646,-0.696603663736411,-1.0117823206462604,0.003414650817827518,0.0033390740587328407,0.02451606376782583,0.024481288386946812,0.02357713478179213,0.02342218222686104,0.0031945771399038755,0.0030021885889081113,0.0030946838693053477,0.0031322499251676744
2020-01-15,0.005424699,0.025085408,0.0018239083,0.24907300588847692,0.024160346,0.003402374,0.0029877408,2.683917191511716,1.8214124036432737,-0.8706994123928778,-0.41122132578277104,0.0038293226623392824,0.003478742109420067,0.024633519233084072,0.02452174448629629,0.023697450952708754,0.023471614847594805,0.003237445520021418,0.0030289878078033528,0.0030726215691607964,0.0031225725809709342
2020-01-16,0.004247524,0.0255474,0.0013224932,0.11147118417534563,0.023324177,0.0028259691,0.0026191825,2.573972200837716,1.3180864994066928,-0.21382887197598513,-0.13492279182107847,0.003915597346198661,0.0035302251223622415,0.02482205237873271,0.02459042957559262,0.023620444664340896,0.023461741353849135,0.0031525581575332054,0.003015392254400105,0.002979077319060497,0.0030888620503555235
2020-01-17,0.0031436025,0.02559044,0.003178645,0.34403446306741015,0.024013732,0.001631346,0.003168051,2.968722748642192,2.4137740772163396,-0.7815432340277687,0.029255314308144705,0.0037563352188892747,0.0035043341630435466,0.024980570394144915,0.024657397299450375,0.023701579558216494,0.023498706491253754,0.0028387328790742384,0.0029227068137620145,0.003018062469047928,0.0030941650906019277
2020-01-21,0.0036286407,0.0244615,0.0018090517,0.05325776209841859,0.02328724,0.0035109469,0.0031944537,3.2932675199805885,1.6401276765417874,1.1865766916215401,2.566076880077325,0.003729991900302398,0.0035126585978442477,0.024873486516371498,0.024644278666554987,0.023616101611074154,0.023484545240789936,0.0029774102725659657,0.0029620994908259295,0.003054451879044635,0.0031008811161042714
2020-01-22,0.0036051252,0.024647716,0.0013395998,0.12628188800073203,0.022996435,0.0038951687,0.003178901,2.6177692866825324,1.9284857841969223,-0.7034362802831754,-0.08117762169804532,0.003704231973778128,0.003518850812193053,0.024826910266884203,0.02464450888347687,0.023488264703155837,0.023451857954272386,0.003166743344826056,0.003024584341663986,0.0030801256752983367,0.0031061058769454083
2020-01-23,0.0035595782,0.024091976,0.0015787596,0.09417853538058574,0.02240942,0.0024315293,0.004372744,2.6813657043444508,2.167645793340395,-1.0139122250145463,-0.159791322399166,0.0036743899784200938,0.0035215782041944045,0.02467529366538756,0.024607507393351175,0.023265699703343135,0.023382049033802074,0.0030150690826024015,0.002984869222433166,0.003346792133030595,0.0031909288354646397
2020-01-24,0.0038267823,0.024389854,0.0015423613,0.13640950313531008,0.023008943,0.0033988203,0.004768629,2.4844169646055208,1.5366473386121133,-0.850638013719307,-0.4663137518560867,0.003705828442495999,0.003542016812152211,0.024616407550870353,0.024592931776693142,0.0232127308488122,0.023357063212364196,0.0030942367552963044,0.0030125902872258983,0.0036401163499515323,0.0032965827019448505
2020-01-27,0.0028970137,0.024554769,0.0010075916,0.09932438993002668,0.023142913,0.0031467578,0.004901481,2.656372192881799,1.3627719495537531,0.5652579267737803,1.7816751543176639,0.0035389703818564946,0.0034988228817607143,0.024603691463027006,0.024590376101390914,0.023198327536855277,0.023342722237149015,0.0031050718269059357,0.0030215750866928845,0.0039003351851248395,0.003404057930545406
2020-01-28,0.0027069226,0.024698526,0.0011663818,0.261918490670778,0.023361893,0.002383522,0.005487511,2.4199670661931765,1.6826569822152313,-1.0483968364130458,-0.48488870720070165,0.0033673193601915386,0.003445791688269428,0.024623255709464664,0.024597618554279107,0.02323207108235423,0.02334400607061496,0.0029562164752514543,0.002978846579623646,0.004227768707385969,0.003543580545492028
2020-01-29,0.003643294,0.025419485,0.0010343436,0.29213199803437995,0.022877837,0.002294608,0.0055305217,2.319268654473502,2.065931240885656,-1.0048959487556344,0.007559546072579203,0.003424252803413329,0.003459017833803692,0.024787517356977526,0.024652656479715245,0.023158992694955124,0.02331278809572739,0.0028197269795694844,0.002933025163926309,0.004496525972637144,0.003676640053231909
2020-01-30,0.003187521,0.021851128,1.592838e-05,0.24792669604448903,0.023406658,0.0044386727,0.0046181334,2.7153778997785185,1.314797057220351,-0.5126338552602889,0.08342926457949185,0.003375415135256502,0.003440836496015359,0.02418174177036848,0.024465046496110334,0.02321008598346771,0.023319074303939116,0.0031537146261127243,0.0030338538739051076,0.00452161352470597,0.003739689047375919
2020-01-31,0.0030054727,0.024493938,0.0004813014,0.1539002735920737,0.023851102,0.0025166927,0.0039716177,2.435527984073665,1.580399283171105,-0.8283972751512976,-0.14536943451288187,0.0032990962075833863,0.003411681485696549,0.02424614775268313,0.024466981294585143,0.023342327295493952,0.023354702621764818,0.003022297345476376,0.0029992211396810114,0.004408149668935489,0.0037552206133341765
2020-02-03,0.0036696573,0.025038393,0.00137356,0.0703312619804275,0.023730775,0.0023510556,0.0049771806,2.2090748970021825,1.2920382064856502,1.4881738118268342,1.8843050952901503,0.0033755427616673746,0.003428957352817007,0.024409587574715456,0.024505247041451666,0.023422463923045134,0.02337988708676284,0.002883820530622212,0.002955815433854934,0.00452554045535834,0.003837051619610877
2020-02-04,0.0037779866,0.024548208,0.0014044951,0.12307049870264064,0.024357364,0.0014025233,0.005245161,2.489784005571562,1.1725701550319774,-1.1449508765445677,-1.0561886317318987,0.003458566719037032,0.0034523307990552135,0.02443818496588815,0.024508124031162273,0.023615333230874492,0.023445345763469013,0.0025782296812187516,0.002851796103179012,0.0046739977492292915,0.003931348477479009
2020-02-05,0.0038876259,0.025482776,0.0013329847,0.18893864557490514,0.025771495,0.0044775642,0.0041200286,2.440045349748453,2.1827436044650512,0.40074169315559993,-0.35535526918028015,0.0035470813976081522,0.003481481208211481,0.024653683473234766,0.024573393533932206,0.024060148260418586,0.02360112101605316,0.0029700614028024394,0.002960668932122494,0.00455971420053105,0.003943983819350355
2020-02-06,0.0030351968,0.02510531,0.0012669334,0.11871851677641221,0.024056954,0.003039745,0.004256805,2.3960379082123464,1.8879213115604148,0.0326389791694832,0.27669097668160214,0.0034414798747046376,0.003451594876580123,0.02474685391275805,0.02460901442886356,0.024059489349991928,0.023631646808062793,0.0029844370748072888,0.0029659644141665983,0.0044972241792768,0.0039649325139414675
2020-02-07,0.0038534603,0.023938004,0.0030780442,0.12298562921464962,0.022198163,0.0033483598,0.0034956026,2.635899596131829,1.9518392763942716,-1.03858647011928,-0.24246498781117698,0.003526471221432221,0.003478506602338089,0.024579988586235203,0.0245640788629378,0.023675498697431536,0.02353565068394341,0.0030595141494627835,0.0029915722917593134,0.004290590181667048,0.003933502896011014
2020-02-10,0.0050465493,0.026716853,0.0031271027,0.13366852955607034,0.023927271,0.0038601954,0.0056996397,2.5312475674643102,1.093238944880537,2.3818208572336297,2.0299575257709077,0.0038400625198419676,0.0035835137278067103,0.025020822500198315,0.024708243677371122,0.02372743926655342,0.02356187634948105,0.0032246942703428893,0.003049741382813139,0.0045812763508546695,0.004051775792588248
2020-02-11,0.0057357876,0.028097356,0.0027635559,0.2802539474024781,0.02453312,0.0026823452,0.003425333,2.471456112796238,1.112734676279722,3.6404310605957253,-0.971003894287546,0.004231149599129594,0.003727645067944945,0.02565550968900746,0.02493520237343686,0.023893650966912806,0.023626917692539655,0.0031128079466931115,0.003025137960923541,0.004342805835354523,0.004009824789475605
2020-02-12,0.0040390845,0.02688556,0.001783657,0.24406983468041188,0.024100244,0.0021040346,0.0032533463,2.6064429240407425,1.382769320596953,2.3363530914334096,-0.7740630088941787,0.004191526678210358,0.0037485012376266332,0.025909268376284628,0.025065811974548196,0.02393627101031066,0.023658614942407966,0.002904698545636424,0.0029634544275276885,0.0041180509081195525,0.003959165688675779
2020-02-13,0.0053754873,0.026709916,0.00041734055,0.29881735871973025,0.024714299,0.0027746414,0.0041194763,2.551528986455225,1.2286738034307747,2.586016732445363,-0.5341456288503071,0.004435777124365017,0.0038574556246407316,0.02607444157439154,0.025175912707429627,0.02409677768175809,0.023729310915245213,0.002877867821483157,0.00295081018280626,0.0041183449664281835,0.003969901210972654
2020-02-14,0.0044734194,0.028108388,0.001806833,0.18837111120636119,0.023724891,0.0019626904,0.0031197942,2.354486137824587,2.684662518247429,0.9478139574115882,-0.6571905671288155,0.004443542704862464,0.0038987048756194765,0.026494043690439867,0.025372291817587742,0.02402005770553658,0.023729014943174948,0.0026890671969490095,0.0028846387556983677,0.003912344465689907,0.003912972086650397
2020-02-18,0.0042681065,0.02617748,0.0022623239,0.07511058723196296,0.024077429,0.0022966731,0.003927924,2.589604051401186,1.4719822869456853,3.4143501150852607,1.836900608940936,0.0044073503160809045,0.003923442599924164,0.02642873693612349,0.02542621291611521,0.02403189327125358,0.023752347157106633,0.002608116508149335,0.002845264456931971,0.003915558557636024,0.003913973385260858
2020-02-19,0.0037801869,0.024268024,0.0012927877,0.14399761362009267,0.02385163,0.0012714965,0.0037349076,3.007420194013667,0.9401981679358388,-0.2898410273566067,-1.0785066882912735,0.0042779668280209975,0.003913849192566836,0.025982982925765213,0.025348652447049865,0.023994704918415388,0.02375899578833129,0.0023323725090578264,0.002739873926642215,0.0038782903603074596,0.0039019818853727136
2020-02-20,0.0032509258,0.025485603,0.0013270609,0.1088608187489194,0.023868375,0.002385496,0.0039672675,2.552212169145155,2.0441378153840604,0.3789476168356349,-0.9146443708185739,0.004066088804497069,0.003869455196239833,0.025880373737329068,0.025357823625183632,0.023968643025011168,0.023766320555215974,0.002343331842659615,0.002716142292278118,0.0038966462894047703,0.003906353865076379
2020-02-21,0.0034473862,0.02482164,0.0014669804,0.11175060473038678,0.023666833,0.002858215,0.0035534399,2.82996040055599,0.941152768383684,0.7550997079593156,-0.7388904513146898,0.003938450783304803,0.0038411904984198392,0.025661957714737366,0.025321917073670153,0.023906379692266777,0.023759658144213432,0.002449551969603268,0.002725656477279104,0.003825842984163983,0.0038827202701143017
2020-02-24,0.004275568,0.024679089,0.0015943812,0.16194253780773582,0.024192296,0.0030047328,0.0044905115,2.3870317714587235,0.8288047610904166,0.9546567882704985,0.549180915596733,0.0040079978526391365,0.0038702794488337973,0.025459192408651916,0.02527886879828037,0.023965364069672996,0.023788630605056107,0.0025640854776517496,0.002744345382041699,0.003962963747703768,0.0039234222300071255
2020-02-25,0.0031755066,0.024118757,0.001398259,0.20236251163949226,0.024627514,0.0038316483,0.0017446094,2.828636087719039,0.9191778044602916,0.4831781712468767,-1.0645421761010931,0.003836255345325858,0.003823752589660288,0.025182661263188955,0.025201179573322307,0.024101965289879467,0.023844808128754814,0.0028255830145426115,0.0028171588035947027,0.0035053184213674742,0.0037775136556290694
2020-02-26,0.0051198294,0.02582739,,0.4257721818828062,0.025212161,0.0041735284,0.0035826124,2.5387099195078404,2.129617750362896,0.5535225804093278,-0.8564377843307147,0.004101056005634272,0.003910546978973975,0.025315668299594855,0.025243114959392413,0.02433099813105495,0.02393637567632609,0.0031036634391925543,0.002907990818040224,0.0035212641240732158,0.003764461700155604
2020-02-28,0.0033190937,0.025038933,0.0016658938,0.08998632607344914,0.027001213,0.006108708,0.00502793,2.7365469521156,2.2862737496458387,-0.6976024258784485,-0.3114970947768676,0.003939737598379885,0.003870939123890279,0.025258578031537318,0.02522944152993353,0.024881862112275735,0.024141618682226786,0.0037236025956326065,0.0031223332869847395,0.0038320884577688085,0.0038490723781930123
2020-03-02,0.0037227375,0.025350349,0.0014741166,0.0789448882888002,0.026441906,0.0027154656,0.004400038,2.543311361689851,1.9499516008035398,0.015387272520654872,2.117523224326889,0.0038949706011523677,0.0038610145073876196,0.025277510338999536,0.025237538343107803,0.02520369827303776,0.024295662018899097,0.003515624466319598,0.0030950865759981514,0.003949256182685748,0.003885968908391906
2020-03-03,0.0037453787,0.025015252,0.0021088328,0.11934794408656424,0.025474116,0.0020656316,0.0048252414,2.4223513546233804,1.8100363098476933,-0.49551858096156487,-0.4406625999050815,0.0038641098693002083,0.003853270722864761,0.02522340652198936,0.02522265247233492,0.02525948535040723,0.02437457957043149,0.003216491692621515,0.00302614705329504,0.004129971471864458,0.003948869177157174
2020-03-04,0.004039033,0.025553972,0.0016764429,0.12749738903783414,0.02531101,0.006374836,0.0050615543,2.533084132327708,1.9778107397572458,-0.6120658796701981,0.15877626613317938,0.0039001963882973833,0.003865710656832526,0.025291601909065153,0.025244839918407095,0.025270114849932215,0.02443728951214686,0.003868056455396853,0.0032503987321878636,0.004322156510404423,0.004023382368304267
2020-03-05,0.0036304407,0.024493324,0.0012195456,0.13479953427936664,0.026636722,0.005237154,0.0036232544,2.523269314173524,2.2578757035562207,-0.6590345346355928,0.22032651558795818,0.0038445459280110894,0.0038499553304483514,0.02512691752183966,0.02519451312136617,0.025552045096709504,0.024584578897132857,0.004150500599355174,0.003383445802210737,0.004177973365286132,0.00399658699287753
2020-03-06,0.0030010953,0.02395402,0.0017124647,0.2456912315159402,0.025490802,0.0019169045,0.004922971,2.4121601881634493,1.104701143146358,-0.6878857124576652,-0.21851760880515156,0.003670542499135973,0.0037931097110219833,0.024884949547753235,0.025111441062460486,0.025539410632977454,0.024645265932694182,0.0036897108923110832,0.003285235916277008,0.004331666012169439,0.004058624167189364
2020-03-09,0.0042000627,0.02532117,0.0013664614,0.11507435442807712,0.027003827,0.0038633123,0.004813051,2.3682183888407278,1.1523767409172514,0.7345698552530551,1.8961219101908484,0.00377978224104989,0.0038203621362511635,0.024974941739473813,0.02512548602804724,0.025841518871245923,0.02480321168308738,0.003725524772235036,0.00332394796262736,0.0044309754512660065,0.004109145865324094
2020-03-10,0.0039165122,0.025486311,0.0013904088,0.13156677969860742,0.02788167,0.0036510285,0.0036617308,2.5935181344153704,2.6126921868100887,-0.6689798599558411,-0.33243597307554235,0.0038079895686271613,0.0038268010212936638,0.02508043693738748,0.025149649393244974,0.02626240112934818,0.025009366877021343,0.003710156230251994,0.0033458515676752557,0.004272280682746926,0.004079183816347247
2020-03-11,0.004625568,0.025878565,0.0012963226,0.18295885412677382,0.026289769,0.0023468481,0.0037902996,2.159824724973784,2.4197331709324392,-0.5756239477387137,0.22451337521155526,0.0039766556033092315,0.0038802920674584564,0.025245090416520517,0.025198462716696585,0.026268047007029522,0.025095111544483243,0.003428906487832094,0.003278951296523785,0.0041728482473423895,0.0040598381073297714
2020-03-12,0.004037,0.026305446,0.0016834191,0.19275433687578603,0.02639677,0.0038582287,0.0040963944,2.486697446652493,1.4801191541065606,-0.676857485669362,0.27408206490027814,0.003989104573824664,0.0038907863137173835,0.02546384129843744,0.025272594102467915,0.02629460249901572,0.02518227971931645,0.0035174754302073666,0.003317743769948589,0.0041570758598329935,0.004062286173209763
2020-03-13,0.0041343328,0.023802055,0.001090402,0.16741727246941773,0.027035423,0.0060630846,0.0052132267,2.157418813494992,2.38151384567426,-0.7021509085308297,1.4424715454648835,0.004019065072485977,0.003907095890725022,0.025121015668624975,0.02517411650102545,0.026447433300966567,0.02530637915584148,0.004042633259629045,0.003501591031459404,0.004374959213844453,0.004139361214352536
2020-03-16,0.004596313,0.02612616,0.00268617,0.05854893819009044,0.027176406,0.003710599,0.004836059,2.1387897232533457,2.191407265379479,-0.42535271565666766,4.1428711634395965,0.004138151015483702,0.003953250698446952,0.0253283762824437,0.025237871962887858,0.026597820033726922,0.02543160927504459,0.003974134749529329,0.003515587664344679,0.00447008389338866,0.004186016992608416
2020-03-17,0.0067833327,0.027640734,0.0028151898,0.1513685049739366,0.02675097,0.0037727496,0.003633021,1.9572913136333805,1.4402922868119301,-0.6086303251413783,1.165430449788838,0.0046838506006618855,0.004142772822168879,0.025805414436056648,0.0253987844364156,0.026629414921562428,0.02551996295819097,0.003932589091998095,0.0035328090275585536,0.004297398240479152,0.004148984499355726
2020-03-18,0.0046118605,0.026976598,0.0035284346,0.13968378522167146,0.027413651,0.004484364,0.004814537,2.094544044337185,1.6164709978991512,-0.82235870303144,0.6145777005859863,0.004668999079742008,0.004174186220329404,0.026047029077302143,0.025504445919256293,0.026791202483667387,0.02564677760456173,0.004046419930549038,0.0035965318061726283,0.0044040836484316665,0.004193554544324822
2020-03-19,0.0060389177,0.027670791,0.0022615693,0.17472828674258234,0.02695321,0.0051046424,0.0052588754,2.249723015955744,1.9158198662512773,-1.0642810869715418,0.876988902873854,0.004951612569357702,0.00429906170872441,0.026382010384760672,0.025649519593568364,0.026824624382292838,0.025734265419704874,0.004264730661425938,0.003697525458488138,0.00458042674405458,0.004264895897316559
2020-03-20,0.0045438632,0.026389163,0.001798381,0.18461293644783394,0.025537737,0.0025639483,0.0051090075,2.2639227756218188,1.6334546256076863,-0.7017320403423941,1.1697130319080367,0.004867494096542199,0.004315455334733824,0.026383485962937582,0.02569905129898756,0.026559140133183015,0.025721104480199056,0.003913860150182587,0.003621613185807458,0.004689472669855962,0.0043214235241690714
2020-03-23,0.0052038357,0.026197193,0.0021759355,0.10360074532756036,0.026773395,0.0064476593,0.005817086,2.2215923054437225,1.5571059433766357,0.06887007331175618,3.132709365867114,0.004936881185448089,0.004374947507908291,0.026345053861961554,0.02573241037124936,0.026603340802976362,0.02579157322946864,0.0044365815902534505,0.003810865042516288,0.004922098700608857,0.004421583563850046
2020-03-24,0.004355408,0.025731528,0.0017936386,0.13314160529672958,0.027836671,0.004956187,0.0060469704,2.0973659568786505,1.553556053023208,-0.8001776381095511,0.3208555879596799,0.004816923528910197,0.004373638991160728,0.026218483836035627,0.025732351293397016,0.026857776194347687,0.025928527315810072,0.004543775957272966,0.0038875638421141554,0.005154159135346837,0.004530430856180399
2020-03-25,0.004200587,0.02580952,0.0019964676,0.07017932467277754,0.026048431,0.0057210815,0.004659335,2.177969621589764,2.9467741368820657,-0.5852972310925891,0.6132441969713553,0.004689773637314035,0.0043620502202939586,0.02613411498826864,0.025737519108118546,0.026690808742139457,0.025936556918427067,0.0047866534743634895,0.0040103490355588205,0.00505207720309941,0.004539063189706772
2020-03-26,0.0043376694,0.02542657,0.0016015893,0.15784487882606557,0.02575686,0.002297984,0.00592527,2.142838724115154,1.5528539189191912,-0.8796891136293705,0.6943102105841351,0.00461713470808508,0.004360417506360495,0.025988148896618407,0.025716695798400812,0.026498135639212474,0.025924523163541362,0.004273242264715612,0.0038956770697544875,0.0052322163760273495,0.004631893299338868
2020-03-27,0.0038159653,0.024044007,0.0009550481,0.19133208047109085,0.026934236,0.0026936214,0.0064065238,1.9650932904329723,1.6374400367416122,-0.8538426190804099,0.020048129148891126,0.004451853872617841,0.004323957168258417,0.025587073458912465,0.025604680837695043,0.026588102973689916,0.025992140630897113,0.003947367319787449,0.003815179000338802,0.005474475370221049,0.004750734991945392
2020-03-30,0.0037244337,0.024928415,0.0014578222,0.06043107173785156,0.026752312,0.00448609,0.0049318923,1.993591693089451,1.6508805778848326,-0.21348654915794396,2.3647002591196298,0.004301787476614501,0.004283808876058296,0.025451192605336525,0.02555939335062065,0.026621979155054522,0.026043047015749138,0.004058505533189284,0.003860107905474016,0.005362540761697129,0.004762866552808195
2020-03-31,0.0038777366,0.023973102,0.0010740586,0.2302979432131621,0.02561716,0.002754156,0.004635605,2.168777183406952,2.2288457111113704,-0.9190302156333756,-0.4515380560161061,0.004214306009600798,0.004256615432389629,0.025146263239336233,0.02545316414757788,0.02641468547188483,0.026014526629868615,0.00378941891305321,0.003786045615669755,0.005212574302555505,0.004754344229317308
2020-04-01,0.0041775783,0.024655838,0.0016353455,0.1684467963675128,0.02576427,0.005871376,0.0040383684,2.2708204213947103,1.6347506328657215,-0.8934817259210256,-0.326453920153603,0.004206729094023593,0.004251322549347714,0.02504508868081303,0.025399769571618692,0.026280505051453462,0.025997767675563808,0.004218925569696284,0.003925693954685667,0.004970336232519542,0.00470639746666532
2020-04-02,0.004474363,0.024638336,0.0016459513,0.13254590185883364,0.02616415,,0.0059019555,2.3235048020624576,1.9438424703386141,-0.8352700891532692,0.2891708019543352,0.004261941791769782,0.004266258889315499,0.02496117584803091,0.025348778653352104,0.02625650103779391,0.026008909793085927,0.004218925569696284,0.003925693954685667,0.005162528804351131,0.004786460413863539
2020-04-03,0.003053352,0.0240216,0.0008886966,0.14563750254908425,0.025981247,0.004994984,0.00494851,2.359716429757216,2.895427299279855,0.6133115141287309,0.34419282989745237,0.0040126103542347845,0.004185034143655959,0.024767341729620865,0.025259901431857697,0.02619971636226992,0.026007057327053516,0.004379025971289125,0.003997301095792183,0.0051183768080952305,0.004797312380297433
2020-04-06,0.0030674308,0.023917139,0.0014380163,0.06359581295620709,0.02590181,0.00531874,0.00572946,2.0958335107504897,1.701738150660685,0.0058908495168375945,2.570862500780971,0.0038176203108469223,0.004110191591570215,0.024591945266326933,0.025169980620359404,0.026138258299187943,0.026000009183862523,0.004572888464041355,0.004085793900524256,0.005244442981647823,0.004859735528379224
2020-04-07,0.0037782367,0.02561106,0.0016939878,0.08151213438522076,0.027010338,0.0076859393,0.005103854,2.21524512769987,1.8248295766414695,-0.7103937115527403,-0.2813343893511668,0.003809495489616031,0.004087961564554007,0.024802188046246,0.025199518369509753,0.026318167961351654,0.02606766790775334,0.0052151092173246235,0.004326884869011489,0.00521543954803018,0.004876083411922866
2020-04-08,0.0043629706,0.024614302,0.0019287249,0.15129380291144023,0.027077705,0.0055734925,0.0038815928,2.2782243953837544,1.382937807865275,-0.7510446973546047,-0.12293755930157292,0.003923677111828153,0.0041063780963281095,0.02476342734480716,0.02516032820950444,0.026474859984438274,0.02613530704802793,0.0052890434994601904,0.004410366452599054,0.004940267659134712,0.004809485348633455
2020-04-09,0.0040894737,0.026040502,0.0027190193,0.10102133812683389,0.025035359,0.0061273067,0.004842067,2.3781330221420203,1.4984628385806151,-0.6629840154945891,-0.08404558934137155,0.003957880870399324,0.004105246062604636,0.025026887152289044,0.025219270807987148,0.02617789168136469,0.0260616468154693,0.005461976762147121,0.0045253448064072966,0.004920008943144621,0.00481166725355489
2020-04-13,0.0029137146,0.02434185,0.0016851792,0.12813458978705117,0.026293147,0.0044743125,0.005891991,2.2449622315766913,1.5643198583860738,-0.010792654084238202,3.3023368937252444,0.003742469922023399,0.004025452766360271,0.024885564267676883,0.025160512535209786,0.026201668866278623,0.026077149714080587,0.005258222151106447,0.004521927327701585,0.005120528298845659,0.004884013292839422
2020-04-14,0.0031367817,0.024233632,0.002448954,0.13083695706800014,0.025227737,0.0050087576,0.0047922772,2.579418530143259,2.1088167280839176,-0.9735369273785671,-0.7070741269825717,0.0036175167692312003,0.003965941126404269,0.02475107094037313,0.02509844210447981,0.026000747168872847,0.026020267064352395,0.005206757741316374,0.004554528893332192,0.005052810277140081,0.004877870003513723
2020-04-15,0.0050820988,0.023115175,0.0017729665,0.35017882647195764,0.025980417,0.0039463504,0.004925168,2.574578871611946,1.2459061468357393,-0.6054810982016393,-0.027682091267957395,0.003919659265057351,0.004040686864579106,0.02441358643632432,0.024965628629120145,0.02599655300081411,0.026017598403683995,0.004946736374245383,0.004513801000479051,0.005026477767130053,0.004881037416838626
2020-04-16,0.0059792683,0.023780791,0.0015107852,0.2547633970814732,0.025209054,0.004372519,0.004404245,2.582378708032559,1.443966124320855,-0.48572649314928096,-0.09886016488693301,0.004344555535130444,0.004170507867050791,0.024283041088998963,0.024886283603539307,0.025834092443538896,0.025963452627255197,0.004828275626869631,0.004504339765902363,0.004898111463096397,0.004849108051305207
2020-04-17,0.004154926,0.023831895,0.0020814051,0.186898175380509,0.026723793,0.004724396,0.0033976233,2.1896003906243724,1.4566323484409953,-0.1159463467810745,-0.10371517071203451,0.004305435096008154,0.004169464407140525,0.024189969809998844,0.024815674327639044,0.02601763715425341,0.02601437033246226,0.004806845299434214,0.004519076268707763,0.004588561546317794,0.004751906460341025
2020-04-20,0.0040187193,0.023818683,0.0016907156,0.13457639674257793,0.026911646,0.0031448712,0.0041983137,2.279146610244871,1.2980840227826884,0.24585578369217578,1.4257520469002851,0.004246285779766169,0.004159369458815839,0.024113373511468028,0.024748908792874332,0.0262020707352411,0.02607445820823582,0.004463980919096044,0.0044270498669566165,0.0045080536189725465,0.004714834008652784
2020-04-21,0.003647412,0.023832323,0.002146277,0.14271963603316296,0.025191393,0.0031350635,0.0034084965,2.291279468938357,1.4789869186070526,-0.6789672960495721,-0.5269864511972039,0.004122738421748298,0.00412508519536198,0.024055392944894442,0.024687527786310396,0.02599356839839316,0.026015321956190315,0.004189825944756886,0.004340529401815157,0.00428121556386874,0.00462735249371694
2020-04-22,0.0035575689,0.025817893,0.0018433844,0.21279178791436149,0.025301442,0.002767937,0.004957503,2.404819225439011,2.3890126487108274,-0.6441138288923851,-0.12565489729404458,0.004006144242898418,0.004087080325579346,0.02441899587112044,0.0247632249929753,0.025850782993669937,0.025967515521004327,0.0038964910085134102,0.004235217594811526,0.004420733342019202,0.004649461697084121
2020-04-23,0.003586614,0.024331862,0.00183096,0.1804594821075034,0.025725927,0.0017649954,0.0039953585,2.3332435196109613,1.416099036759461,-0.7129467624511129,-0.14852015394019905,0.003919595382458147,0.004053565595516732,0.02440102022139672,0.02473433791093408,0.02582502530991125,0.025951337074127768,0.0034567645846208758,0.004069794203864571,0.004332978731369791,0.004605658361294525
2020-04-24,0.003260414,0.02376423,0.0015976484,0.1260080892936989,0.025608122,0.0016318477,0.0036835736,2.216461819668395,1.3054120775548643,-0.5580354892911872,-0.22927093123874323,0.0037836066339241446,0.0040004506136810045,0.024269650797806103,0.024669372707073523,0.0257802783431185,0.025928353010711076,0.003080285191030202,0.003906532219652066,0.004199006787408603,0.004543909101029513
2020-04-27,0.0032962651,0.02488069,0.0018278633,0.058763179825508494,0.025806332,0.003323554,0.004618071,2.1536258561084316,1.468929851304633,-0.07584127666435159,1.5762662623701724,0.0036830683412505303,0.003953293419491333,0.02439570796700046,0.024683524027510242,0.025785653200283865,0.02592018162912625,0.0031304714310222805,0.0038674919163914105,0.004285459518098778,0.004548875502861385
2020-04-28,0.0027197301,0.024923624,0.001518066,0.16112065457586788,0.026182551,0.0027310804,0.004113735,2.207727579680092,1.0806922285817677,-0.6899662211076414,-0.5676314133989567,0.0034843321767811662,0.003870685376831966,0.024504616864064802,0.02469960283593005,0.02586753299459358,0.02593775171678292,0.003048077271359855,0.0037913898367439164,0.0042500328744709956,0.004519735456203079
2020-04-29,0.0044972165,0.024657762,0.0012302041,0.1645181608348878,0.02577237,0.003152474,0.003603264,2.37537785200644,1.0695332518450684,-0.4996561087322859,-0.19720423784891283,0.0036932896899615256,0.003912642295125638,0.024536210558648453,0.02469680085875951,0.025847901000979535,0.025926676624611317,0.003069614274464581,0.0037486035586840145,0.004116604793991499,0.0044583621038334405
2020-04-30,0.003904206,0.025122257,0.0009827943,0.13748817542410685,0.027145172,0.0028511072,0.004647721,2.179568450028746,1.4157228461905447,-0.6077080672050301,-0.36513008760926624,0.003736801609612331,0.003912077340324446,0.024657111620839115,0.024725292380391787,0.026115527230422222,0.02600827558378826,0.003024536371221102,0.003688500909608108,0.004226173802537603,0.004471042907376621
2020-05-01,0.003084961,0.025344865,0.00088451256,0.1496555504593612,0.024883302,0.0037796982,0.0041005425,2.2009165966425672,1.6730565067151129,-0.7821680251587051,-0.08735270730358964,0.0036023272537071913,0.0038566878395295246,0.024798994863034926,0.024766783331813032,0.025861319798795347,0.02593293946350304,0.0031803258517178906,0.0036946081168659673,0.004200256134105164,0.004446231604499293
2020-05-04,0.0042366623,0.025322473,0.0022976822,0.09230374820584075,0.02527558,0.003574445,0.0041531823,2.311855627860686,1.0812465552375592,-0.36113641142815633,1.1680626563328669,0.00373319023901709,0.0038821335920857705,0.024906988060639575,0.024803996184870617,0.025740482107079483,0.025888918105923166,0.0032616324066308904,0.0036865611465337904,0.004190544819548688,0.004426606966861896
2020-05-05,0.004036158,0.024815807,0.0013112731,0.157046330243924,0.026891682,0.0034505748,0.0033979577,2.120091293321996,1.4696451189819355,-0.5274060304989828,-0.7845864703663891,0.003795692299380098,0.0038924481363797852,0.02488817748034151,0.024804787127797212,0.02597797410074531,0.025956070223993016,0.0033006111269216396,0.003670757848140542,0.004027034504322437,0.004357721399666675
2020-05-06,0.0036997902,0.024324749,0.0027251644,0.2049917876635824,0.025670411,0.00498008,0.0045661065,2.361624719599117,1.6337756815203017,-0.5953015309703547,-0.32767928769420085,0.0037759077509929417,0.003879546412110469,0.024771942412110625,0.024772640388002733,0.025914524008289877,0.02593694048468993,0.003647084636929505,0.003758439224360199,0.004138244769281999,0.004371676325079176
2020-05-07,0.004095561,0.024499083,0.0012636003,0.12221252166432772,0.027275799,0.0028649273,0.003063009,2.461684058113472,1.8645850135006303,-0.3508970370817089,-0.5265413283866639,0.0038418520215312796,0.0038940122542114263,0.02471565164608765,0.02475432106392229,0.026195354290539496,0.02602659982365575,0.003485725986893292,0.0036986034028409645,0.003916424172467225,0.004284038781724251
2020-05-08,0.003281293,0.025085634,0.0013558342,0.12411197502321114,0.025820345,0.002459715,0.0039035752,2.4363568005673333,1.6736687407811437,-0.5698963601381054,-0.4424301761880682,0.0037262089842979517,0.003852980276802019,0.024791978732828995,0.024776508074710612,0.026117990006476927,0.02601278753414081,0.0032740604367877566,0.0036156387451601376,0.003913773444780575,0.004258560276610516
2020-05-11,0.0032895692,0.024268128,0.0010974783,0.08357515182381015,0.025925843,0.0025400391,0.0036178958,2.302233037490824,1.3194207925932242,-0.08505419855574063,2.195318647296096,0.0036361304201259497,0.00381525032039653,0.024683908597613595,0.024742463380461495,0.026078350189414307,0.026006965121808424,0.003122632227573485,0.0035436090567236523,0.0038527340355005214,0.0042156568909795696
2020-05-12,0.0028358297,0.023630433,0.0014158348,0.13506695668861557,0.025812916,0.002270062,0.004033815,2.1622593106229084,1.307643109633515,0.22202226780671028,-0.3734567501554889,0.003471028811226156,0.0037496614542509555,0.02446657709149162,0.02466799401813425,0.026023591350165885,0.025993970263273658,0.0029467474356669877,0.0034583234194198453,0.00389009096709789,0.004203479491274807
2020-05-13,0.003197021,0.024439339,0.0010813063,0.12844903888880632,0.025857912,0.0034050243,0.003882941,2.182363451658638,1.3639396697962987,-0.3844457833095126,-0.15196990744703262,0.003414501161203776,0.0037126527818929825,0.024460957803925383,0.024652681648456305,0.025989411865047867,0.025984858873620145,0.003041289711224103,0.00345475413667353,0.0038886159515089786,0.004182013993539834
2020-05-14,0.002466796,0.025010351,0.0011570487,0.08394867810777307,0.02628548,0.0021621052,0.0036873405,2.302594615847059,1.3838260962550744,-0.01862639459153979,-0.5020920387240668,0.003218990077917118,0.0036292214779611045,0.024574297350205335,0.024676633701083896,0.026050490711597426,0.026004990618539503,0.0028599144030150014,0.003368189302449996,0.0038470929386126874,0.0041488871917455105
2020-05-15,0.0044915164,0.025321418,0.0019728453,0.12378103690705822,0.026414288,0.0036106277,0.004094368,2.2672107424197403,1.9357583777570935,1.509086183905927,-0.305974102070165,0.0034815115865551595,0.003686966788563249,0.024728428033822965,0.024719813004777685,0.0261255419437306,0.026032400053669406,0.0030147861666258552,0.003384424678392949,0.0038981056221186693,0.004145236194314256
2020-05-18,0.0033781086,0.025036836,0.001585784,0.08996921679569714,0.025076248,0.0041678953,0.0039006283,2.508980748891806,1.2821439008845954,2.182999400878566,0.8157146952473026,0.003460179606770348,0.0036662834802698337,0.024792052443898524,0.024741043089261363,0.025909073103829394,0.02596836939437218,0.0032526719740043524,0.0034368913620370515,0.0038986260500863796,0.004128855535660715
2020-05-19,0.003188371,0.02507635,0.0018251792,0.11515482931087317,0.024871366,0.007904963,0.0043100533,2.2918700021857985,1.1903711592770119,0.031339559352081575,-0.8262515022377755,0.0034041056258742545,0.003634279108469092,0.024850702920867697,0.024763497603196193,0.0256949946944521,0.025894906365374906,0.004212437090652561,0.0037361047288901957,0.003983503276899625,0.0041409898083852115
2020-05-20,0.003291703,0.024747735,0.0014598091,0.15592548242475734,0.02536117,0.003701831,0.003648519,2.1405933265133408,1.9743732716151892,-0.48494964327440393,-0.48974972953584556,0.003380917036096189,0.003611337815474749,0.024829460670133002,0.0247624420214072,0.02562612665601213,0.02585916357939032,0.0041070993188636745,0.0037338095185452096,0.003914396207154672,0.004108010514962648
2020-05-21,0.0023398683,0.02448691,0.0012065159,0.12982263135858563,0.024384618,0.003160192,0.003826914,2.5394889407302634,1.3393280232014837,-0.5841845894122428,-0.7476711392283221,0.0031661492377988982,0.003526191308392884,0.024758792760894023,0.02474399050314923,0.025370004033161465,0.02576041766006957,0.003911752823154919,0.0036953960648188166,0.0038963486510363104,0.0040891863148661495
2020-05-22,0.0028278844,0.024938887,0.0015589129,0.13605590642814214,0.024635587,0.0022574195,0.0042757136,2.2572694942807745,1.1095572892724619,0.8795357713647908,-0.6529890191497569,0.003096365378968732,0.0034794277835168016,0.024795946104638096,0.024757042137511016,0.02521849416232347,0.02568509110820981,0.0035704647323025903,0.0035990990771888253,0.003974611436669996,0.004101677487915585
2020-05-26,0.003686541,0.025644504,0.0022382163,0.06618594779502951,0.025121354,0.0021898136,0.004147292,2.206798869807918,0.9117928632508484,4.802125533805139,1.4683860447095574,0.0032181182977060628,0.00349329753556445,0.024971003055954774,0.02481647277234975,0.02519845410852974,0.025647339291492925,0.0032856371396916685,0.00350472344788639,0.00401023536973974,0.0041047321630198145
2020-05-27,0.0030655079,0.02514682,0.0014942648,0.18591293468527803,0.026465913,0.0044466965,0.0046354365,2.5090900318932903,1.3749361374645377,-0.6700491253954295,-1.27023836794383,0.0031866348444699382,0.003464649740672931,0.025007273927062045,0.024838595114576607,0.025459930269114944,0.025702156742765596,0.0035251630729717033,0.0035678045645730167,0.004139214025892123,0.004140271842192305
2020-05-28,0.0051414487,0.026238097,0.0018793145,0.22561264906063094,0.024591284,-0.0007866712,0.0035818273,2.549474245050632,1.6738821126027126,0.9359827251774607,-0.8219016890394206,0.003589911913677147,0.0035769399504526622,0.02526119205443333,0.024932315561007518,0.025280728974433602,0.02562776490987596,0.002635633934098272,0.0032761983503900717,0.00402422543206925,0.004102874480040648
2020-05-29,0.0043495945,0.024378598,0.0015404149,0.14215082002061852,0.025259422,0.0017618822,0.0030707035,2.3135036238550097,2.276454713670394,1.6920292889440547,-0.8439841890902863,0.0037466340254890245,0.0036286823122099144,0.025079113310845103,0.024895234734758038,0.025276333385353175,0.02560309809637671,0.0024553794143722515,0.003174789129047265,0.0038275143538229746,0.004033753075597554
2020-06-01,0.0028911284,0.024351196,0.0022231957,0.11976003951491343,0.023686066,0.003361305,0.0045125117,3.1350620474290487,2.6097568750054703,0.31824371967571696,1.7079979673734242,0.003570143668461641,0.003579290534274328,0.024928944427494642,0.024858802112550274,0.024948262115885158,0.02547472020982713,0.0026422713839329617,0.003187279538224905,0.003968828937668625,0.004065814105731788
2020-06-02,0.0039067133,0.02408708,0.0017749037,0.16950514776789183,0.023436535,0.0032088403,0.003205653,3.2928187409549854,2.4266331733899738,-0.4617675977718139,-0.13134439635336367,0.003639577813221667,0.0036012170596063514,0.024755268389918532,0.02480712224032693,0.024636393637928758,0.02533822905366359,0.002759154246270369,0.003188723395655593,0.003811386152881086,0.004008211692844652
2020-06-03,0.0027805532,0.024823582,0.0012334025,0.29257136391108385,0.023500433,0.0025326512,0.003455079,2.7834433371646714,2.258139372363366,-0.43535077759107604,0.13702634951259693,0.003462361484523563,0.0035462596550580334,0.024769361410458674,0.0248082244877898,0.024402045595360043,0.025215157362618982,0.002712426783302884,0.0031447882021889383,0.0037378801597588063,0.003971170046286642
2020-06-04,0.0035274478,0.024525579,0.0018231036,0.13336169457744906,0.025031399,0.0017112213,0.0042435518,2.6239003098304114,2.430626412531607,-0.37038397683202495,-0.2269841036954854,0.003475788760085314,0.003544999882346851,0.024719069240833613,0.024789296569375407,0.024531880867954717,0.02520285161357614,0.0025058786177685234,0.0030487865150100467,0.003842199943564426,0.00398941063437623
2020-06-05,0.0025007457,0.024125889,0.0015293342,0.30429071566403976,0.023888443,0.0029345844,0.004028304,2.808153930704983,2.4229188264586927,-0.6786507141254452,-0.36271408449772335,0.003274637889785549,0.003475069303724925,0.024596696457532617,0.024744870145290393,0.02439913990519326,0.025114829578415414,0.0025943203939327343,0.00304113874061237,0.0038805931154807277,0.003992015207682427
2020-06-08,0.004606181,0.024438653,0.0016968618,0.13184055714816578,0.023811925,0.0025396305,0.0036423246,2.4384270695155643,1.9242012411969702,0.1274190737926511,1.636799394606951,0.003549334496813595,0.003550816458498728,0.02456409220451388,0.024724363708589926,0.024277997820915543,0.025027577970053994,0.0025830379003939914,0.003007554234932234,0.0038314384442172614,0.003968597473199273
2020-06-09,0.0046205763,0.024101043,0.0015679352,0.14363194035506677,0.023847446,0.0031598837,0.004324317,2.475966651165215,3.4212175632725383,-0.9115042171616178,-1.2227020132618445,0.0037703311126873152,0.0036224550733430136,0.02446856542194061,0.02468262179346032,0.024189175174872256,0.02494854805208826,0.002702040878204198,0.0030177552811594802,0.00393311902658415,0.003992418944318229
2020-06-10,0.0036507638,0.023845086,0.002767532,0.14999843862755957,0.024173882,0.0041773506,0.003947629,2.402083032413783,2.279824537067238,-0.6106348194444203,-1.1357810408765692,0.0037456644328980834,0.0036243508221094865,0.024339941919182026,0.02462653451846698,0.024186020171766704,0.02489667097455193,0.0030063964876898427,0.0030954099074014,0.003936112452802253,0.00398941950428644
2020-06-11,0.004065093,0.024427075,0.0012828483,0.140002480289786,0.024355216,0.0017736567,0.0040330417,2.3786676784439806,2.7369750439637235,-0.6012268182063704,-1.0121336957573954,0.0038115624027640744,0.0036538660152151767,0.024357917415342475,0.02461317730712159,0.024220925172193354,0.02486041135146089,0.00275208291689037,0.0030068960488502977,0.003956108895673773,0.003992340749041112
2020-06-12,0.0027510517,0.025251731,0.0010330722,0.18839152929754543,0.024111716,0.0029308053,0.0032949748,2.248305759439164,1.8245430755237773,0.019511432691573117,-0.4912771750621268,0.0035927795986999,0.003593407240062881,0.0245423107447699,0.024655939356193972,0.02419839539324186,0.024810273468661746,0.0027889532546302785,0.0030018004803620646,0.003819717279139143,0.003945640237518342
2020-06-15,0.0036532122,0.02502434,0.0013950043,0.08912915301560131,0.024393447,0.0035921747,0.0039070016,2.3518313254932584,2.2510758324200975,0.42464145550964166,0.6038485099234229,0.0036052468161952935,0.0035974122005006915,0.02464175303513036,0.0246806100155387,0.024238634384203796,0.024782359829829372,0.0029546574231481128,0.0030413360779387786,0.0038377239839432293,0.00394305272203368
2020-06-16,0.0035573652,0.024902761,0.0019914946,0.09308880853517798,0.023941286,0.0012020072,0.00395798,2.459762620782866,1.4314550690900065,-0.6561685931471287,-1.181792398267503,0.003595368854644237,0.003594730369655509,0.02469559883738946,0.024695486801224204,0.024177291550009365,0.024726035625402935,0.0025930865985243643,0.0029181617236326875,0.003862532705186714,0.0039440523469206025
2020-06-17,0.0039018178,0.025364023,0.00084853475,0.24299209605949956,0.02334735,0.0022465703,0.0039859433,2.3964910860795925,1.9554039507342156,-0.4743124074995911,-0.5762980222796729,0.003658589118283286,0.003615295098604261,0.024833494329073894,0.02474025665054798,0.024006075011238814,0.024633709162571155,0.0025216004700020305,0.0028731872556022296,0.0038879922403547403,0.003946857656902462
2020-06-18,0.004210046,0.025167711,0.0013560915,0.11710000609309856,0.023982964,0.0038164784,0.0035536108,2.226778546149365,1.4711892091977739,-0.8529841307100532,-0.8545333934152396,0.0037723543884642112,0.0036551237890499674,0.02490244306881584,0.024768881994883835,0.024001307315865625,0.024590130736304276,0.002788733110011498,0.002936356642994988,0.003819009516985143,0.003920523088677592
2020-06-19,0.0032738673,0.024757257,0.0018249777,0.1853320256310519,0.023673665,0.0030852002,0.003478883,2.2417931977339047,1.672392038790756,-1.05178591490913,-0.5609376345892092,0.0036695167650335186,0.003629592182755867,0.024872491203770795,0.024768103485765122,0.02393371483273588,0.024528757752749826,0.002849894116631037,0.0029463242513507607,0.0037488416092844212,0.0038909477776179974
2020-06-22,0.0031972546,0.02401356,0.0017560932,0.07731816916209966,0.023923088,0.004188646,0.0040679257,2.202749330595702,1.3743767582932467,-0.1888204582856622,1.1373213788534748,0.0035720893314800262,0.003600639829065874,0.024695294202948838,0.024717573983534566,0.02393152249490515,0.02448819785225863,0.0031260779459644757,0.003029518828884696,0.003814668496856229,0.003902799462075396
2020-06-23,0.003097738,0.024489775,0.0014860673,0.06722142256196362,0.024291093,0.0042855185,0.0042312434,2.108709357871003,1.4554979839776698,-0.21319158035594238,-0.9924837573853306,0.0034742308820080985,0.003566961991761296,0.02465289576137552,0.02470231898716814,0.024005701603995008,0.024474998298467627,0.0033652699318338056,0.0031136293725475806,0.003900607679090252,0.0039247943696653865
2020-06-24,0.002451531,0.024275275,0.0014268697,0.18524759289340598,0.023851182,0.0020983294,0.0038220778,2.469295618254861,2.8447320930151685,1.9836985135372034,-0.49039526905851183,0.0032632484116920176,0.003492264907765653,0.024574992786051325,0.024673721125335172,0.023973824355284362,0.024433223208007195,0.0031039007593388714,0.003045637768366435,0.003884406998953505,0.003917915745877754
2020-06-25,0.0035589244,0.02525369,0.0018129563,0.1711627162767404,0.024200836,0.0020174705,0.004039037,2.78530512255156,1.3858369600014375,1.6194193031175943,-0.9001204911021492,0.0033242462170291935,0.0034967288959973073,0.02471500782505543,0.024712559958054547,0.024020656778731154,0.024417660945043655,0.0028797707770173275,0.0029767844850396435,0.003916307095370279,0.003926026876697794
2020-06-26,0.003993698,0.025128948,0.0018612233,0.13533481149694493,0.023919458,0.0025890574,0.0033134138,2.400942910650353,1.6372999592383854,-0.1283509977683747,-0.9301105503657803,0.0034623537533203935,0.003530009425511841,0.024800403376901568,0.024740444190849274,0.02399977943514099,0.024384297755391856,0.002819796766951443,0.002950819564229983,0.0037919305300131386,0.0038850020130229853
2020-06-29,0.0036481814,0.024655793,0.0015035539,0.07411647848691194,0.024307132,0.0036227643,0.0039597875,2.376380445747223,1.8517113915079062,0.6745000793896831,1.170559484005091,0.003500689908556459,0.0035379230522010613,0.0247705703037767,0.02473477534460565,0.02406318605959738,0.024379130180012424,0.0029854485375633948,0.0029958176900805986,0.0038265593436802568,0.003890010176299677
2020-06-30,0.0038145573,0.02491842,0.0016735401,0.20687667811947585,0.02381387,0.0069672847,0.0031501185,2.368285785584046,1.603514344069424,-1.04590030112745,-1.0583861245057877,0.0035654405934203905,0.0035564484225188335,0.02480107166791124,0.0247470734938887,0.024011752247233717,0.02434127638363773,0.0038068992469296927,0.0032617749560612166,0.0036870099564990694,0.003840461845148574
2020-07-01,0.0032826948,0.024857009,0.0017774171,0.10019887636185165,0.024761595,0.004528753,0.003581024,2.3664340977741314,2.434429846699154,-0.5557110264934957,-0.7824476069699214,0.003507110294143872,0.0035381159643447613,0.02481261147496886,0.02475443553445324,0.024166444378054073,0.02436942385272266,0.003955817295223854,0.0033466206850366327,0.0036651451110441768,0.003823088069303984
2020-07-02,0.0039171726,0.024487682,0.0015899984,0.1074631418650932,0.025125258,0.0032734016,0.004850349,2.275905368743302,1.4928653671786722,-0.47930048547654774,-0.83637950017938,0.0035917059220790595,0.0035635002500017175,0.02474557863059366,0.024736571827285093,0.024364247056043387,0.02442003978241993,0.0038150353049485773,0.003341717424776546,0.00390965203412561,0.0038918806556111477
2020-07-06,0.003698069,0.024417233,0.0015311291,0.05257727643567467,0.024324717,0.0024051631,0.0040512485,2.362787673918362,1.5612786869355664,1.0540459692113362,1.1794935930911987,0.00361364854925442,0.00357251191017677,0.024677841042364593,0.024715186642721782,0.024356092026299986,0.024413656300851374,0.003524179417552569,0.0032789991856275224,0.0039388633194215525,0.003902553046272298
2020-07-07,0.0038455091,0.02438865,0.0003749217,0.2000272444084844,0.024914732,0.0056613814,0.0037098278,2.456449432902463,1.6343948772430088,-0.9476069896376799,-1.0255533363883633,0.003661481267517571,0.0035907937180895146,0.024618181171603293,0.024693319489550173,0.02447133920089415,0.024447211855023732,0.003965083064165654,0.003438540196114018,0.0038916134086414743,0.003889646811907961
2020-07-08,0.0031324045,0.025232712,0.002420156,0.13131343444578403,0.025330069,0.0048832316,0.0039686216,2.565360272497996,1.6722416760179029,-0.09662510799146623,-0.6206106168192043,0.0035523330141719535,0.003560096765230003,0.02474495851843029,0.024729440979430674,0.024648494612606764,0.02450633412635628,0.004154496623177966,0.0035352868572605368,0.003907500158868678,0.0038949355174880494
2020-07-09,0.003743275,0.025311066,0.0018531292,0.09264637869000436,0.023486322,0.00274063,0.0041343104,2.4505136689810576,1.3361115552081706,0.07066545017465001,-0.2545937150367948,0.0035917242595886697,0.0035723636682287725,0.024861746160640623,0.02476839065623954,0.024408738971001355,0.02443802695172932,0.003862816671899525,0.003482071061337997,0.003954290994260211,0.0039109657379023804
2020-07-10,0.004152947,0.02515697,0.0010077693,0.1474276219462226,0.024176024,0.0029166443,0.0031606583,2.4375692321378586,1.9422445270286253,-0.23336848517618985,-0.6395625956611486,0.0037075042374991422,0.0036112436041839157,0.024922650519315477,0.02479441259917253,0.02436072997436319,0.024420481391180856,0.003667621814889022,0.003444206124457206,0.0037905649853195605,0.003860719892854272
2020-07-13,0.0034505872,0.025087839,0.0013391657,0.0879110686602621,0.024013758,0.0017972036,0.003582494,2.4902262193917863,1.8937460998805815,0.6331398392077175,1.1099430135380166,0.0036545023793437487,0.0036004849226611373,0.02495672881444208,0.02481406248693624,0.024289149777837495,0.02439324432269231,0.003281755512021375,0.0033339112895589217,0.0037476400712347694,0.00384208794386674
2020-07-14,0.0033685225,0.024550883,0.0015319547,0.15697809117226003,0.024978604,0.003039722,0.0035583163,2.800913282365394,1.798928484509161,-0.0055176250366476415,-1.1245172007840596,0.0035955048819365505,0.0035849510935553257,0.024873003056904878,0.024796438150666223,0.024431383855824045,0.02443244412038694,0.0032318241460222497,0.0033142103194805333,0.0037085826702142814,0.003823084603649154
2020-07-15,0.004008995,0.02592616,0.001651611,0.16388173712316823,0.023789871,0.0029166606,0.0035831332,2.7182064672215227,1.3692992010126717,-0.20602929812876652,-0.8864714218126967,0.003680807655878469,0.0036133480389589924,0.02509026871735711,0.024872092222872667,0.02429904019095056,0.024389412953210562,0.0031668060775069456,0.0032875876057583664,0.0036827025147582507,0.003807015777354609
2020-07-16,0.004591241,0.024547871,0.0010285671,0.2526267126728887,0.024189629,0.003980152,0.0035359904,2.5069950874362728,1.0673897374749455,-0.10333086449305852,-0.4035000623109123,0.0038686295786325405,0.003678834606045017,0.024978372395278954,0.024850380111039374,0.024276468649804234,0.02437603399680178,0.0033345988811789044,0.0033339665609137554,0.003652435876553136,0.0037888660166358512
2020-07-17,0.003508615,0.025218433,0.0015107131,0.24174770804034795,0.024201816,0.0031465911,0.003443848,2.354701567357584,1.192007285361804,-0.8160719046328926,-0.6198872449275489,0.0037943587758288828,0.0036674355132474456,0.025027896724146667,0.024875027496511933,0.024261067836665522,0.024364367135245882,0.0032958129811326586,0.003321418588889092,0.003609404329794526,0.003765761199486728
2020-07-20,0.0036635422,0.024584752,0.0013988557,0.08658795047150802,0.024380049,0.004042837,0.0041438565,2.383160564400263,1.9444697939071998,1.2576174904012025,0.9506419995943025,0.0037673713880921455,0.0036671747906960963,0.024936476113209528,0.024855588586498754,0.024285613533808002,0.02436541728519857,0.0034499236097724918,0.003369729810847347,0.0037196615243425333,0.003791081108386927
2020-07-21,0.0043887985,0.02565222,0.0013384992,0.15288036574816843,0.023482682,0.003738691,0.0033061223,2.2344927987603924,1.3339026621200505,-0.9831340276888997,-0.8542111956282412,0.0038955714731578697,0.0037154997713352536,0.02508413379810091,0.024908936640763605,0.024119969218544843,0.024306303156164655,0.003509496190910555,0.0033944380445528563,0.003634348592426971,0.0037586048653434345
2020-07-22,0.0045963083,0.02511359,0.0019211192,0.15663701702500554,0.024116674,0.0021642812,0.0037264037,2.393495479008963,1.4852110393105205,-0.6645393272030758,-0.5831974646247788,0.004040133120084527,0.003774484886166439,0.02509021060978057,0.0249226416681331,0.024119289507075984,0.024293604288198423,0.003231979047127593,0.003312058121148194,0.0036533395115857193,0.0037564484492697255
2020-07-23,0.004304024,0.025247494,0.0013205034,0.13050652319731737,0.023761682,0.0016965959,0.0032260064,2.4821085555923057,2.2364118476149963,-0.125867356424491,-0.5352253915014454,0.004094573654380577,0.0038099465314759954,0.02512265804069436,0.024944396040837917,0.024045515310270334,0.024257983058043508,0.002915230316024083,0.0032038754503934007,0.0035651809161715495,0.0037209263323058116
2020-07-24,0.0053439015,0.024649044,0.001795345,0.21071843989951766,0.02364592,0.0029234139,0.004697651,2.5418306361578744,2.131696602225155,0.7782733960951144,-0.3915034873304467,0.004352309323373341,0.003912670904098201,0.025024951816115002,0.02492461723162273,0.023963079148014158,0.024216995071524305,0.0029169185806185733,0.003185093777921873,0.003798808926998336,0.0037863346705456465
2020-07-27,0.004814219,0.024876513,0.0015486259,0.10854443897973964,0.024225665,0.003249028,0.003323827,2.4242631210361796,0.9940564683644468,0.663265757996939,0.7211967308237349,0.004447601087014307,0.003973044896151498,0.02499432888123979,0.02492139580748388,0.02401725052405413,0.024217575687866984,0.0029854325789707256,0.0031893752614538,0.0037008203926799325,0.0037553619113640684
2020-07-28,0.004505499,0.024329862,0.0014314306,0.11515809226399787,0.02409664,0.0015447135,0.0034178295,2.27578611912229,0.7769884054061111,-0.9287099759815824,-0.5747322294604593,0.004459545354838012,0.004008701741265356,0.02485724963598902,0.024881782532948125,0.02403362849547245,0.024209476975041687,0.0026882129924944635,0.0030792371839137873,0.003642439523932616,0.0037327583766725105
2020-07-29,0.0041168225,0.024870958,0.001314285,0.14169979525305376,0.02370344,0.004092382,0.0037179177,2.3654537451017648,1.151543470770719,-0.5003075206951143,-0.4189780760691302,0.004388841810106698,0.004015942265015977,0.024860077701250285,0.02488105765836144,0.023965510609482557,0.02417558913647821,0.002977892279212806,0.0031470844480911892,0.0036580106352827346,0.003731764542032402
2020-07-30,0.0030284214,0.023872295,0.0008794228,0.3628762343808437,0.024451923,0.0024001559,0.003940135,2.201431291273897,1.2423601965326811,-0.7571682589589275,-0.22664066266700292,0.004108187801233097,0.003949810948894339,0.02465629873093371,0.024813503867302748,0.024065857152501386,0.024194094363563023,0.002858705563459738,0.003097064876196033,0.003716212696891629,0.0037457184731798897
2020-07-31,0.0038663996,0.024833621,0.0012439726,0.13256275481996194,0.024127113,0.0018474589,0.003075293,2.145714073357904,1.642439084217476,-0.73814150688858,-0.49839642199434747,0.004058307030408029,0.00394422514295551,0.024692880316097458,0.024814851082116937,0.024078494140047625,0.02418960880203513,0.0026500859059880163,0.003013382501336124,0.003583991307231382,0.0037008220870167565
2020-08-03,0.004448821,0.02464942,0.0016621645,0.0895693304189602,0.024749445,0.0042392346,0.0034537036,2.2764313925340773,1.0865243399530056,1.8094118880912824,0.9318042183580366,0.0041388698232713165,0.0039780164070585015,0.024683914631114533,0.02480377270787502,0.02421691090779854,0.02422709934389047,0.0029779264472773862,0.003095474149715388,0.0035571130211786957,0.0036842733010169827
2020-08-04,0.0033357358,0.02498281,0.002194671,0.13132490547927755,0.024877796,0.0046326127,0.0034521893,2.242496814414177,3.971307685727735,-0.718689766884707,-0.7558705858962753,0.00397318368858399,0.003935004793573324,0.024745576592719556,0.02481576230110124,0.024353251144302677,0.024270674548990536,0.003319287348880394,0.003198411719373796,0.003535467305814187,0.003668731327525478
2020-08-05,0.0058178604,0.023986245,0.0007527211,0.3576486352727357,0.024525972,0.0027810766,0.0038130598,2.267321802398369,1.0597345794841104,-0.05516718078934746,-0.6024281598730942,0.004353739516640258,0.004061093998554261,0.02458892679669331,0.02476021198046275,0.024388883383150987,0.024287771061125306,0.0032082547523309963,0.0031704640342061965,0.003592734484693697,0.0036783965714006724
2020-08-06,0.0045495383,0.024061067,0.0011065715,0.3135269064252927,0.02338243,0.0008244086,0.003498225,2.900344023661509,1.7866955048141,-0.6818218323005283,-0.43412802619896534,0.004394132692554244,0.004093803648942434,0.024480029604436036,0.024713392334636982,0.024181252764463368,0.024227143138636206,0.0027164685461451127,0.0030133557204699525,0.0035732372291985095,0.0036663310207364344
2020-08-07,0.0047105784,0.024116836,0.0003007642,0.3715627307323648,0.024599254,0.004639849,0.0038184563,2.446772957076587,2.177540569864069,-0.5280405584707114,-0.6260395438177884,0.004459415267233492,0.004135107206215173,0.024405103055600025,0.024673442774223012,0.024267486226583233,0.024252062298632318,0.0031132609358750936,0.0031222771141545644,0.003623825797899986,0.003676518396696378
2020-08-10,0.0039415564,0.024504498,0.0020723096,0.07590356893849193,0.024349827,0.00331448,0.0037040184,2.1049038498510435,1.9730807223781825,0.23218994811302848,1.3379638774146438,0.00435258126331393,0.00412214569033587,0.02442560810758476,0.02466212902447757,0.02428447315071785,0.024258609329604372,0.0031547723132035474,0.0031351483632686187,0.003640369494731192,0.0036783599913376777
2020-08-11,0.004443139,0.024991388,0.0012527303,0.14995728900133665,0.023672054,0.004563646,0.0036451612,2.386804307378692,1.1913738058445766,-0.44728251456048496,-0.7756873911003828,0.004371263243301519,0.004143641641159687,0.02454232809892942,0.024684178479685466,0.024158131317550718,0.02421932944645407,0.003445422198348954,0.0032308105715997022,0.0036413580141559927,0.0036761367653730345
2020-08-12,0.0034784593,0.025246294,0.00088148384,0.1277412572714568,0.023710132,0.003430618,0.003643979,2.542856272846954,2.091969108023354,0.06269013428474762,-0.24860271568255557,0.004187078262570845,0.0040990963707192634,0.02468755593846613,0.024721821688911103,0.024065709220786016,0.024185229992988225,0.003442368094489251,0.0032441910755542426,0.0036418987398181718,0.003673983261760141
2020-08-13,0.0032470878,0.024471227,0.0018705315,0.10237132472523502,0.023590006,0.0033485838,0.003447272,2.2932567242932214,0.8736755114997521,-0.3582978689068539,-0.4954161697964531,0.003993158728969983,0.0040420399069839045,0.024642927408673757,0.02470504011759054,0.023967571882983617,0.024145369618408432,0.003423020448240218,0.003251181945435886,0.003601747369760667,0.00365880109456464
2020-08-14,0.003781889,0.023851333,0.0007824547,0.14523728376924805,0.024158176,0.0029518288,0.003453459,2.600923200397416,0.9427431212582529,0.24865583550720227,-0.39465160481766165,0.003949573915561143,0.004024618385665977,0.024479621936908405,0.024647869918279663,0.024006893419225676,0.024146227225795874,0.003325813851391578,0.0032311351583267788,0.00357115553483347,0.003645049941559799
2020-08-17,0.004615326,0.024424562,0.002002881,0.0562651007940822,0.023914324,0.002688228,0.0033905478,2.3904952226258493,1.091224945848538,1.3412833608369734,1.306845775133886,0.004086918209340136,0.0040641763038823005,0.024468263148479427,0.024632915670476034,0.02398779642142085,0.02413069736852645,0.003194280209077021,0.0031947782846937574,0.0035338962581436756,0.0036280066957936072
2020-08-18,0.0034723536,0.023874411,0.0011205137,0.07133092861169499,0.023819074,0.0032851784,0.0032711565,2.3230517039518563,2.0036927952322294,2.9629630744459705,-0.9617605593513516,0.003960133846376385,0.00402454370549042,0.024345751836755,0.024582120905858804,0.023952989081783744,0.024109828886092154,0.003213032468163112,0.003200832113262255,0.0034796931752247152,0.0036041095027867847
2020-08-19,0.0033735114,0.024831848,0.0013417425,0.20372428802512832,0.025154375,0.0029129088,0.003223134,2.2079202257601933,1.759682964827622,3.703591728693537,0.007826104943975079,0.0038391139377257685,0.003980946017463263,0.024446033264740822,0.024598844396953902,0.024200834269873607,0.024179778983727692,0.003151117111733212,0.003181550749803732,0.00342676514652791,0.003578596711186601
2020-08-20,0.0022535927,0.024346929,0.001537812,0.13891068820102304,0.02416869,0.0026249052,0.0037310484,2.043318780318883,0.7360982998787208,0.4692611682346996,-0.3396457384257129,0.0035120217429835013,0.0038652703340912673,0.024425588116032567,0.02458197437934925,0.024194203061416286,0.024179036432297834,0.003042559871645291,0.003144273862728974,0.0034895386285016495,0.003588805946938881
2020-08-21,0.0027658197,0.02479583,0.0015596134,0.11943042932004966,0.02332195,0.0034642997,0.0029323418,2.381396928180935,1.0874985445704781,1.6154139092666953,0.1832348567706772,0.00335808064641086,0.0037916434117076167,0.024501968873484506,0.024596295667234716,0.02401425788036187,0.024121639972053015,0.0031295645804871684,0.0031657050370065966,0.0033745892095328064,0.0035448445048016767
2020-08-24,0.0036802192,0.024505254,0.0016110259,0.07436673476648048,0.024245778,0.0030902675,0.003460699,2.328364753136699,1.375965526120793,1.1063023482440082,1.5096322271870106,0.0034245376554797166,0.003784181663924704,0.024502646568851663,0.024590198871179903,0.024062020379629578,0.02412995313103095,0.0031214576207344836,0.003160653213191306,0.003392353612750549,0.003539209531659416
2020-08-25,0.0031284627,0.02416324,0.001141541,0.14417420311084905,0.023831267,0.0026394138,0.004253576,2.2866429199835387,1.5873250451780463,-0.401529140219107,-0.17332435054174708,0.003363457548699239,0.003740270126779157,0.024432627289160822,0.024561606750800394,0.024014416060184177,0.024109951008328464,0.003022012236388602,0.003125747369751253,0.0035700233473266105,0.003587048519936696
2020-08-26,0.0033562712,0.024233622,0.0016524068,0.1446898233958186,0.024133023,0.002715552,0.0029109628,2.1285678794886724,1.1106496597306634,0.18514936833060155,-0.5987462991712486,0.0033619750067968406,0.0037145548667681014,0.024391572700973713,0.02453964262512475,0.024038884583611572,0.02411149606219191,0.002958789649345646,0.0030982778124766406,0.0034340595018257656,0.003541773081404447
2020-08-27,0.0032178233,0.024725048,0.0015755967,0.10951737624579594,0.023663297,0.0032472548,0.003165054,2.353410194084564,1.1161882268195114,0.3853074534203197,-0.23902399097800656,0.003332236593296758,0.003681290242261319,0.024460368453244556,0.024552058659825904,0.023961401123641618,0.024081481531594374,0.0030182998501386542,0.0031082543530449327,0.003378563788114381,0.003516545324942008
2020-08-28,0.0032379376,0.024642088,0.0009592245,0.10000699142017622,0.02452594,0.0040677893,0.0038452912,2.3783402579348367,1.3817050958246355,-0.6414075967167174,0.15993920512113535,0.003312782755848715,0.0036516002405791925,0.0244978570009634,0.024558087623211454,0.024077865283179276,0.02411124561361814,0.003234808971125042,0.003172511537794394,0.0034748494102122707,0.0035385604535563284
2020-08-31,0.0041294647,0.023458606,0.0013932392,0.1276584962851527,0.023345822,0.0043550385,0.003999639,2.821414048633599,1.3576499600943446,0.2181010213203765,2.108924706129865,0.003481263819219428,0.0036836013964269836,0.024283459990214307,0.02448445860341332,0.023926845235533196,0.02405998751537439,0.003465911737055911,0.003251701831966805,0.003583113192892791,0.003569437493551269
2020-09-01,0.0039690766,0.024882007,0.0014088191,0.07017481147490179,0.02328085,0.0016064675,0.0037038436,2.9407639250620847,1.4023548023329626,-0.43753661124162296,-0.7140890473283428,0.0035818993300750727,0.003702718813802059,0.024406940004017465,0.02451108125638666,0.023793576692272916,0.024007810985379272,0.003082309375013328,0.0031415254124894866,0.003608019806060468,0.0035784382663689987
2020-09-02,0.003741571,0.023974763,0.0015424059,0.09383872051179087,0.023842549,0.0015079622,0.003312079,3.248757315021828,1.928217231649442,2.940137087654597,-0.6207226527743577,0.0036148395077214004,0.00370532062722631,0.024317782162750424,0.024475165642540462,0.0238036796435942,0.023996743881358275,0.002757522388930155,0.0030321305736235736,0.0035469673740659044,0.0035606009833301228
2020-09-03,0.004344499,0.024153827,0.0012522624,0.10583689007777985,0.02448033,0.0025636405,0.0030099293,2.610273994629486,2.3273970458541036,4.1909522164941135,-0.3320041106772251,0.0037653679193377755,0.0037481245044072176,0.02428395824904312,0.02445364653875767,0.023943272220415108,0.024029128185437534,0.002717524652121515,0.0030007571932424175,0.0034361767063375943,0.0035237241495057197
2020-09-04,0.004186664,0.024575215,0.0012041401,0.10226888001494261,0.023890242,0.0021784296,0.0025929755,2.7165850704358228,1.1395226897245487,3.160542715042652,-0.6426328394165245,0.0038522810331035034,0.0037774921675620132,0.02434404432912146,0.02446178760374847,0.023932332109824553,0.02401982739177959,0.002606309631773288,0.002945688376082583,0.0032622247423336978,0.003461394697256403
2020-09-08,0.0042244554,0.024247887,0.0016196893,0.05958513766862794,0.023694579,0.0031951165,0.0035473474,2.5762243831275367,1.464151857478061,4.315784503988805,2.3699918618189733,0.003929060419495757,0.0038074239614617035,0.024324207042865382,0.024447463294291493,0.023883283677180348,0.02399804645038906,0.0027277801850178534,0.002962391833326115,0.0033210453932515246,0.0034671506915284443
2020-09-09,0.004093055,0.02440148,0.0020320048,0.07486837534312074,0.023911327,0.002403942,0.003469536,2.705209077570516,1.2220467331457125,-0.038398383182971375,-0.9527998258194399,0.003962892445661065,0.003826551827526379,0.02434014848177283,0.02444438395286769,0.023889069025434976,0.023992239116500867,0.0026609725247424116,0.002924994114378575,0.0033516789440213124,0.003467310433922458
2020-09-10,0.004213493,0.02453089,0.0014524483,0.11665781491777094,0.024005633,0.0032041394,0.0043538725,3.1379321302904835,1.4802668186891328,0.08499437479368846,-0.609542214397974,0.0040145911776159685,0.0038524641103672625,0.024379498246575707,0.02445017696832485,0.023913116080626084,0.023993136054601225,0.00277302756854145,0.0029436876400994513,0.0035584309475561113,0.003526680843328727
2020-09-11,0.0043820534,0.024965312,0.0015310615,0.09896517688829476,0.024713457,0.003476733,0.0029562146,2.576903966988907,1.1912864374290306,0.04674296616492811,-0.3262183274515659,0.00409039843878149,0.0038879291201481744,0.02450035138425229,0.024484674042578078,0.024078225915141332,0.0240413737687175,0.0029182016513965023,0.002979384100525405,0.003434194030516653,0.003488478425163443
2020-09-14,0.0045161163,0.024832226,0.0014277042,0.08873135398183185,0.024209267,0.0035919414,0.0031848478,3.0196805967754528,1.5058013708226576,2.497976061159634,1.5647996386419503,0.004178223818591408,0.003929996939246736,0.02456881701223738,0.024507948579953226,0.02410525952474931,0.02405261704458191,0.0030571938147390667,0.0030204052328447273,0.003382754027409097,0.0034681451882772863
2020-09-15,0.005319787,0.02496166,0.0017602439,0.23286508446165344,0.023828104,0.0034202444,0.0031586573,2.566642215893429,1.402750275938481,6.51628482613178,-0.8692551806719314,0.004413727741537702,0.00402306703468843,0.02464986024895336,0.02453833225534982,0.024048082514319478,0.02403758208689181,0.0031320909670930373,0.003047181268193961,0.003336522999889353,0.0034474197133189445
2020-09-16,0.0047265543,0.02479236,0.001416823,0.13195996077880412,0.023466334,-0.0008238703,0.0029180674,2.8252299488921966,0.6512320174516966,2.180974660048816,-0.5440964769338128,0.004478263689221168,0.004070177470135649,0.02467925790191008,0.024555343742976528,0.023928068049593527,0.02399932729447367,0.0023159782382072874,0.0027879485249817765,0.0032501958273063723,0.003411970571685139
2020-09-17,0.0046116947,0.024882223,0.0016431041,0.08055703450315144,0.02364252,0.00069550326,0.003173142,2.779427791805508,0.7317213391187489,0.234998810222237,-0.5023068387527029,0.004505790440614468,0.004106441260366332,0.024721129589188696,0.02457723389955855,0.02386915953172279,0.02397543294314014,0.0019816751022608543,0.002647823725120025,0.0032342996577112873,0.0033959769349019772
2020-09-18,0.00482315,0.024505872,0.0017430206,0.06226961788554475,0.024149593,0.0028613124,0.0030529548,2.723574345759768,1.1383398348676503,0.17022536195215443,-0.40851196899597253,0.004571261574147875,0.004154437108181363,0.024676722119402368,0.024572455025337822,0.023927012801677916,0.02398709591885432,0.0021631438053845587,0.002662120420185394,0.0031968883078852543,0.003373005768345319
2020-09-21,0.0043698256,0.02462124,0.0016947415,0.039086574872180924,0.02379484,0.0032264884,0.00370845,2.606146518471868,1.848979382682418,1.4968553068283341,1.9798173465871844,0.0045297054366532025,0.004168861030493099,0.02466527635129004,0.024575722062364816,0.023899745448643362,0.023974221058766895,0.0023825112283178346,0.002699914452988065,0.0033024231933749563,0.003395469457735152
2020-09-22,0.0048604216,0.024161672,0.0018977385,0.11717514039327448,0.024180293,0.0039215856,0.0037679416,2.8131054121082504,1.0101833015000405,-0.3106009935172792,-0.40251672010134026,0.0045979320160011656,0.0042151727758609646,0.024561383083817178,0.024547994383042483,0.02395762227808693,0.023988021085770524,0.0027000214664481886,0.0027817261165812056,0.0033984593984368013,0.0034204128036923547
2020-09-23,0.0046132044,0.024641132,0.0011549373,0.08570751567740964,0.023983933,0.00534724,0.0034566547,2.799771405302617,1.5420503648000277,-0.1947574554436522,-0.15500244679143685,0.004601082699453545,0.004241827762570417,0.02457783523960841,0.024554231529433996,0.02396305017268918,0.023987747321009542,0.003246141213149305,0.002953530892119704,0.003410465063819992,0.003422839816783219
2020-09-24,0.0038660185,0.025076441,0.0009069029,0.12919736029487816,0.024268596,0.0045288955,0.0035311696,2.680140496818815,1.1584294567678262,-0.3334724507334401,-0.5246883120615665,0.004449439340622511,0.004216660940141101,0.024680697442020807,0.024589202366729707,0.024026084013368736,0.024006554883508103,0.0035107727449602156,0.003059028346220491,0.003435366348612737,0.003430094339093682
2020-09-25,0.0039349394,0.023667818,0.0013910044,0.09155478796526173,0.023740245,0.0030264982,0.003932342,2.3077876825171635,0.8912087311533188,-0.1391425823006029,-0.4534966494929536,0.0043432982718221245,0.004197794890836514,0.02447174093255263,0.024527500007715485,0.02396711558130836,0.023988720909249542,0.0034108671711231796,0.0030568499029112674,0.0035378921503222377,0.003463728357982195
2020-09-28,0.0038924543,0.02391932,0.0016658772,0.05657262234794691,0.02349547,0.0028055252,0.0036568486,2.7086858374414207,0.963256227737253,0.1376489702629574,0.9395915712650059,0.00425028940143024,0.0041773471461582405,0.024357776729851312,0.024486771994176915,0.0238698151896565,0.02395568932069675,0.0032859854417403227,0.003040019439683435,0.003562432796432527,0.0034766610406275615
2020-09-29,0.0039490233,0.024989167,0.0015600431,0.127653754927457,0.023462664,0.0038259693,0.0031588692,2.446431201905588,1.0837869594782874,-0.3776712992572322,-1.1537800406522734,0.00418813836678602,0.004162056982395193,0.024488032257588395,0.024520415900075056,0.02378582018269505,0.02392267291237173,0.0033973838267637464,0.0030926521503346523,0.003479177843255207,0.0034553794732070397
2020-09-30,0.004647899,0.024060925,0.0015297385,0.07560029999635176,0.024133958,0.002725765,0.0037938063,2.508399718044687,2.9839376337673142,-0.24351772796422422,-1.216800421037446,0.004282986733979377,0.004194592365779782,0.024399920351713237,0.02448964520047527,0.023857640815293367,0.023936822037430368,0.0032588292385626835,0.003068082822736724,0.003544085529071336,0.003478042905601545
2020-10-01,0.0051181796,0.025150327,0.0013411532,0.14824461087125473,0.02337417,0.0029239915,0.0038261195,2.55698381980131,1.427094578744204,-0.3399653439149959,-1.1299153661721282,0.004455286583082752,0.004256442239956232,0.024554728851016637,0.024533889084935298,0.02375790105379054,0.023899142918025845,0.0031897523956393847,0.0030584334599924683,0.0036022689830162748,0.003501352551925283
2020-10-02,0.0040050414,0.02457858,0.0013447352,0.13182214104833512,0.024161447,0.0030500547,0.004026886,2.479108146400932,1.3567422816872465,-0.534931477030194,-0.6985616431356756,0.00436240124669805,0.0042396066803967155,0.02455964946105409,0.024536881944199777,0.023841152337138384,0.023916708626959885,0.0031609328255010564,0.003057872356577474,0.003689867265902328,0.003536545959861946
2020-10-05,0.0046407585,0.024314681,0.0013493985,0.12407776041986995,0.025120176,0.0035141404,0.004328482,2.034240333981564,1.015641379717954,-0.11022795291713039,4.8444117476592226,0.0044198262023087765,0.004266470617911312,0.024509112610429463,0.02452200181624698,0.02410501432338483,0.02399730126182219,0.003233799357941101,0.0030884272610753527,0.003821613119321166,0.003589579537520582
2020-10-06,0.003373274,0.024948798,0.0011011134,0.12523826465389987,0.024704963,0.0027899528,0.0039700526,2.212032302172445,1.2663762021837834,0.22311206270727943,0.027962335142943173,0.00420392305695691,0.0042066559200734455,0.024599819499790784,0.024550583087933932,0.02422878341337596,0.024044691249344212,0.003142234044890574,0.003068439318793956,0.003852236102246574,0.0036150586790620674
2020-10-07,0.0040468737,0.025006175,0.002064851,0.0673741048472345,0.024365136,0.004861554,0.0028472396,2.237401608606828,2.842875721203149,-0.2965697389784657,0.5435050360290324,0.0041715238479738005,0.0041959557797874025,0.024683650434246692,0.02458109271812398,0.02425691296276918,0.024066150502451138,0.0034969288743017315,0.0031885188535925296,0.003644905854084353,0.0035636401328283753
2020-10-08,0.004078836,0.024509426,0.0018934477,0.05503370973372024,0.024162242,0.0020757634,0.003631208,2.256300487978765,1.3980039563586364,-0.6042309207156676,-0.23202877699960395,0.004152402430878688,0.004188112630575296,0.02464770806767085,0.024576293426223503,0.02423738243194618,0.024072585475240826,0.0032037431884392245,0.0031140009510048235,0.003642080012965846,0.003568164956920338
2020-10-09,0.004225657,0.024880929,0.0018166694,0.07933191731002598,0.024305882,0.0027917419,0.0031184205,2.5030884139268905,2.54777728338316,-0.40218784488337705,-0.3399593954028927,0.004167514780219899,0.004190626855027105,0.024695821406571686,0.02459669395382766,0.02425151384285558,0.024088208641060354,0.0031187475316852066,0.0030924202239239053,0.0035340493278670656,0.003538046915090238
2020-10-12,0.0040617445,0.024726821,0.0022000498,0.06464729424870919,0.024339976,0.003376291,0.003947694,2.3679071026697867,1.0259748808121083,-0.28371928856382456,1.7210232527995755,0.004145694437024865,0.004181995992507137,0.02470221662901191,0.024605408180173073,0.02426976349585466,0.02410506873379986,0.0031718785932353657,0.0031114301939335178,0.0036193839761555174,0.0035654797451533265
2020-10-13,0.004672389,0.024385862,0.0009688249,0.1183038347914791,0.023806356,0.003519949,0.0034251867,2.2804657082460205,1.6467977177581046,-0.7147634266170501,-0.9796360237463337,0.004254351250774212,0.004214836145982428,0.024636952846262737,0.024590705832779156,0.02417416275125701,0.024085064828502933,0.0032436853428244924,0.003138787478793478,0.0035793211869926183,0.003556084741806657
2020-10-14,0.0040298784,0.025641683,0.0015307904,0.20392774168121597,0.02464781,0.0024564182,0.0031685699,2.3032911011303736,1.2847813837930657,-0.5747522497311144,-1.0472770048427855,0.004208042622857655,0.0042024500800576,0.024844228249404472,0.024661086662383567,0.02427187583981538,0.024122750160039053,0.0030812725533088795,0.003093091252109095,0.003494583407943229,0.0035301340306253415
2020-10-15,0.004575092,0.023772758,0.0024014863,0.11330731510593772,0.02427893,0.0019463251,0.0030782737,2.1414129625309126,1.179200431768677,-0.5917939273687802,-0.987585588869414,0.004283764691505854,0.004227404786615685,0.02462318439746351,0.02460159791587559,0.0242733309973446,0.024133209020344996,0.0028471334833601557,0.003016295751127332,0.003408698940428537,0.003499874298072791
2020-10-16,0.00342697,0.024466671,0.0022047544,0.207743225506681,0.02416684,0.0023665084,0.003551718,2.147634170351692,1.2581329896955253,-0.6597422925015851,-1.1300073544815308,0.004107008393736229,0.004173802062326535,0.024590895776121748,0.024592562267279457,0.024251361795003857,0.024135461132688288,0.002747980772640029,0.0029727814332207226,0.003438203713782224,0.003503346121083754
2020-10-19,0.0037564326,0.024381347,0.0013976436,0.13462536003968495,0.023857873,0.0035770633,0.0036473346,2.357298973633639,2.030304488702749,-0.6117725720760762,-0.47540171630520317,0.0040346847838821105,0.004145852075412573,0.02454766597395071,0.024578417812728105,0.024170185249772158,0.02411687188138048,0.0029190200672711544,0.003013248383834734,0.003481347314035868,0.003512988601505252
2020-10-20,0.003787135,0.025370322,0.0013581235,0.19883789064815316,0.02443944,0.0029662787,0.003349036,2.429044484597456,1.0149690232699804,-0.698980651963515,-1.1066641525290821,0.003983615395089675,0.004121829866446915,0.024717379514052885,0.024631449278381158,0.024225732193441835,0.024138473248230544,0.002928769497994159,0.0030101029645057046,0.0034540515550707785,0.0035020091848006595
2020-10-21,0.0036452387,0.024624698,0.0024118556,0.16154360926738975,0.02330941,0.0028361883,0.0030694737,2.5631266302688807,1.500247107720441,-0.47992409273667014,-1.0789513849462995,0.0039138084607479,0.004089913981729231,0.024698259338407528,0.024630997156360884,0.024036695328177208,0.024082953337113664,0.0029096700458421097,0.002998456419792582,0.0033747133382896026,0.0034730435748747054
2020-10-22,0.004042853,0.024191607,0.0014908108,0.11933433438399188,0.024223847,0.003092785,0.0033294354,2.408981138242971,1.4152626700902002,-0.43854933256836054,-0.9746819693983008,0.003940430309297658,0.004086762457649253,0.024593737184126625,0.02460157249796659,0.024075304684561066,0.024092388585304134,0.0029474465439844055,0.0030047733159395676,0.0033653725158878287,0.003463426562562292
2020-10-23,0.0047743428,0.024923356,0.0012294026,0.2331135136564274,0.023594562,0.0031327782,0.0026183974,2.302194678036388,1.2657620273618413,-0.5420574340003722,-1.0998748097071194,0.004112466008575869,0.004132807653356141,0.02466173742402716,0.02462312139320754,0.02397612771422876,0.024059050625760373,0.002985680371239879,0.003013345421424988,0.003211271932725897,0.003406837484348421
2020-10-26,0.0037756134,0.02407155,0.0012854707,0.048857784274422555,0.024427418,0.0024113618,0.0029092664,2.4948923805180034,1.4063126722055022,-0.45475154339383106,-0.3665392122340708,0.00404297348898702,0.0041088874215939476,0.024539982068205717,0.02458618430683182,0.024069228593850064,0.02408371906444291,0.0028671987487216984,0.0029730323780656287,0.00314896834809235,0.0033735166366558825
2020-10-27,0.003736179,0.024465559,0.0019115534,0.09271788591503793,0.024042856,0.0025567212,0.0043898416,2.4171168225825093,2.1904146381722955,-0.636355891377513,-0.8734978359909489,0.003979681965674504,0.004083928259542457,0.02452462863878614,0.024578106394266205,0.024063787930926065,0.024080982583792293,0.0028031473966571557,0.002945153264832054,0.0034049598421600218,0.003441576877415081
2020-10-28,0.003432215,0.023717454,0.0009993378,0.13883950395483413,0.023048673,0.0033278207,0.0035631014,2.4551431839176643,1.0900713505660116,0.07056672611560497,-0.9341616897545686,0.0038667398100725816,0.0040402849694022155,0.024358108874153284,0.024520471058225347,0.02385437021852815,0.02401185188744518,0.0029113872196388697,0.0029707793570562754,0.003437584363067019,0.0034497150113762167
2020-10-29,0.0041913665,0.023926461,0.0015046448,0.13934370665869933,0.02416765,0.0029113793,0.0034047628,2.5843965028686964,1.2525564647015397,-0.3831474641580629,-1.0413680433102854,0.003933710123388319,0.004050402446869155,0.024269060168578736,0.024480691989362265,0.023918999558771373,0.024022285183995906,0.0029113855915974198,0.0029668015148075866,0.00343081329779537,0.0034467046981800126
2020-10-30,0.0032339315,0.023513649,0.001033767,0.09319313650664784,0.023962883,0.003421908,0.003442079,2.3106284598166944,1.380961316576278,-0.4161289273548249,-1.149616562914159,0.00378934616001455,0.0039957258295923925,0.024113219171485203,0.024415931990473008,0.023928052747116194,0.02401830721610307,0.0030167060983296505,0.0029972786354339545,0.003433137418951377,0.003446394933138843
2020-11-02,0.004167066,0.024670199,0.0013558533,0.06501029665692992,0.024920546,0.0031472743,0.004165485,2.343952869925437,2.1662905518580597,-0.6029004628131921,-0.9246335744562547,0.0038672695551895406,0.004007199965267424,0.02422812372632421,0.024432959461970424,0.024132803483796275,0.02407872741612869,0.0030436422405292233,0.0030073233934092727,0.003584220347068579,0.0034945502461180378
2020-11-03,0.0038662998,0.024172785,0.0012675157,0.07086821572488922,0.025116473,0.0019739247,0.003320127,2.2377852463163777,1.56711344998621,-0.6882787552225597,-0.8151610142200333,0.0038670694857160233,0.003997764299627592,0.024216707326801562,0.024415536340541465,0.02433573407761451,0.02414822216264787,0.0028229600730706383,0.0029381197738743738,0.00352973803406986,0.0034828696449345
2020-11-04,0.0034416635,0.023666896,0.0021429919,0.11444804146290488,0.024451053,0.0035453932,0.0034096234,2.220598537657803,0.9687007693568663,-0.737736563081315,-0.9673301376779145,0.00377930844614963,0.003960523889923103,0.024103281524007984,0.02436540213156489,0.024359524263201673,0.024168501822494578,0.002971997654590785,0.0029787870609507714,0.003504958448495347,0.0034779645631130805
2020-11-05,0.002813527,0.02411959,0.0016521304,0.277517529698457,0.023367297,0.004373551,0.003303384,1.9401246878536995,0.7621617604188727,-0.4881212599073575,0.35196292546469315,0.003580068220111999,0.003883712932449948,0.024106645846292907,0.024348940793498346,0.02415482828096133,0.024114847525958796,0.003261137347942477,0.0030721902214720966,0.0034633737339734056,0.003466273421227931
2020-11-06,0.0031060786,0.023866497,0.0010290656,0.12519632602335695,0.023544123,0.0035209123,0.003864505,1.9820802461098264,0.8965877752383529,-0.6954024109777988,-0.674433669347312,0.0034822844105150447,0.003831637087436985,0.024057103261530422,0.02431663297456953,0.024028840184472103,0.024076627838336275,0.0033147287752404806,0.0031022397938868336,0.003546126922848514,0.003492941805123017
2020-11-09,0.0035696079,0.024515653,0.0019090085,0.17706516254664395,0.024513328,0.003076486,0.0033820716,2.208863004241944,0.7343324553267406,-0.7030538515767082,-0.07969730073767839,0.0035002991913367083,0.00381408977366114,0.024151701837386883,0.024329960752244563,0.02412878985839199,0.024105872371755353,0.003265579427711385,0.0031005151431487115,0.003512282400131098,0.0034855171604877494
2020-11-10,0.0038037773,0.023619423,0.0004316062,0.1997574986642019,0.024131764,0.003011823,0.0038728379,2.269287062518464,2.0181502843020045,-0.5400613421478728,-0.4225485092465816,0.0035629065604970206,0.0038133991765166714,0.024041892929061594,0.024282378143755216,0.024129403365812867,0.024107606238325842,0.0032132295963926204,0.0030945756911832383,0.0035866648041894995,0.00351145486980756
2020-11-11,0.0036479947,0.025452688,0.0021117576,0.21905873337605386,0.023693778,0.002247949,0.0033241324,2.3477625269458167,1.0370786922882504,-0.5758381145313527,-1.013849465411216,0.0035804602021645908,0.0038023225345906785,0.02433293927953386,0.024360750316328773,0.024039534003747358,0.024079893373793168,0.003014092696037039,0.0030378796275591386,0.003532504509907312,0.00349891044523522
2020-11-12,0.004383472,0.024804292,0.0017235976,0.09513588950963714,0.024010105,0.0036447688,0.0039463826,2.172611438270681,1.2895501178766087,-0.6090932977098804,-1.0201335810664562,0.0037461210712768814,0.0038412403619924778,0.024430179148735933,0.02439045299253368,0.024033462827832475,0.024075219859095703,0.00314420085428655,0.003078521183063874,0.0036178873323772583,0.0035288763136217837
2020-11-13,0.0042718328,0.024042757,0.0013985867,0.07748711341623438,0.023301374,0.003228861,0.0037350734,2.2326505114332624,1.0962623253822714,-0.6901871785802328,-1.0885435253262181,0.003854575116231824,0.003870075846782389,0.02435025421026936,0.024367168847328667,0.0238824333222118,0.02402339772809758,0.0031616661786844306,0.0030885889846462423,0.0036420627516308424,0.0035426847140730827
2020-11-16,0.0018810435,0.024143819,0.00094836054,0.3560679785026729,0.023729391,0.0028602355,0.004123165,2.116742464075633,0.893435845131988,-0.738610069864403,-1.0599312085987742,0.0034474365907425676,0.00373687630366865,0.024307666686673324,0.02435221176053395,0.023850860853341354,0.02400370900357083,0.0030994811915166375,0.0030732968359775984,0.0037413138525014085,0.003581557729336354
2020-11-17,0.0018532899,0.024427773,0.0014100956,0.233253900613428,0.02437798,0.0038153261,0.0039266846,2.1824850294737383,2.006232602743834,-0.6205887979547682,-0.9857027418954014,0.0031185649664335017,0.003610738156869191,0.024332444644842025,0.02435727189955576,0.023959605119505376,0.024028772768235392,0.0032471596281119152,0.003122988318739929,0.003779555743152387,0.0036046698443606426
2020-11-18,0.003125981,0.024368325,0.0011835155,0.08891738404942728,0.023776669,0.0026790127,0.003517897,2.1453868198646817,0.9063050085562667,-0.5375028469505849,-1.0533260129627062,0.0031200948824321706,0.0035782754177023355,0.02433984679447529,0.024358012109258722,0.023921865505665482,0.02401189013675252,0.003129951218941613,0.003093256600781505,0.0037255757029292184,0.0035988589333296158
2020-11-19,0.0031661757,0.024928512,0.0013984758,0.08605342494188406,0.025142085,0.002228412,0.0033909786,2.323052623421636,2.1285786527435406,0.3529979638234223,-0.020591105678328454,0.0031296013267811335,0.003550678331095683,0.024461288127412502,0.02439621678373254,0.02417359610574734,0.024087575892810586,0.0029439641685036822,0.003035340550351492,0.003656548487536567,0.0035849378063501137
2020-11-20,0.0032559845,0.024916213,0.0016084759,0.1700840857461392,0.023797803,0.0023658804,0.00336581,2.4082580339157342,1.5629529511456142,1.01141515889228,-0.12430850514065939,0.003155674111640913,0.003530943567691183,0.024555138890536708,0.0244310393751353,0.024096070108761032,0.024068170644072445,0.002824705793802199,0.002990508807666426,0.0035965692965073265,0.003570263474643761
2020-11-23,0.0037622373,0.024395999,0.0016392968,0.060737279684523915,0.024210539,0.0027390413,0.0036270195,2.2332386136960984,0.9722190724511006,0.7814901089807484,2.2781666041848223,0.0032808077705134536,0.0035464326144741573,0.02452230832556708,0.0244286927970633,0.024119684922045075,0.02407770460789145,0.002807033263112462,0.0029736687839788164,0.0036028511510133223,0.0035740642537777224
2020-11-24,0.003976367,0.025835719,0.0011155382,0.11587006979592984,0.023993723,0.0035220096,0.0037571227,2.224223869077296,1.350921748711339,-0.2704021359068818,-0.17532748337016854,0.003424301263045252,0.0035752240306485246,0.02479326424852876,0.024522917129995814,0.024093699063268886,0.02407208061717096,0.002954532503031088,0.0030103895272945184,0.0036346772844899917,0.0035863231283686167
2020-11-25,0.0042842985,0.024388773,0.0009208559,0.12084295832916903,0.024173979,0.002462931,0.0029034303,2.1588354219675288,1.3196442523349314,-0.422045537495312,0.3983359816947689,0.0036017182433835007,0.0036227086275148587,0.024709817992385724,0.02451393392347119,0.02411026071342935,0.02407890442802667,0.0028531153668565337,0.002973727865946769,0.003483821407341585,0.0035405918356717237
2020-11-27,0.003391711,0.02405852,0.001303233,0.06335503945220533,0.023898073,0.0030015896,0.0034740488,2.476867556668738,1.0662880678038325,0.25821642427806923,0.7118234700205496,0.0035583938680605796,0.003607239410205927,0.024575455722913142,0.024483436268569938,0.02406648640501528,0.02406679465750167,0.002883745514988769,0.0029755936803072458,0.0034818053245139003,0.0035361356479395286
2020-11-30,0.0036274784,0.02449967,0.001415551,0.0745802338526581,0.02387483,0.0019829345,0.003491562,2.395250154712051,1.128143104913937,0.08463932965146893,0.49268375590444013,0.003572645966101772,0.0036085947533263515,0.02455982110027782,0.024484523370971786,0.024026947883250105,0.024053939389100516,0.0026979086846892326,0.002909118267266443,0.0034838181406539933,0.003533150690287012
2020-12-01,0.0045092665,0.02485471,0.001096093,0.17456470896356968,0.023925072,0.0045289146,0.0029692068,2.419068869811124,0.628693258384587,0.10096343255822122,0.1876107554581291,0.0037658702825631367,0.0036689100435249853,0.02462065659235448,0.02450931368389525,0.024005930855928403,0.02404530949758505,0.003075644237452688,0.003017591180533329,0.0033776540869002196,0.003495385053437659
2020-12-02,0.0038662415,0.023485241,0.000917181,0.112085654603303,0.024340726,0.0029844248,0.0036014104,2.5305907762786632,2.08614340822135,0.06186966614211011,-0.036866505334187664,0.0037865768214882115,0.0036821247439445715,0.024386421047310314,0.024440734630464745,0.024074999007831784,0.024065092686145442,0.0030568257196471925,0.003015370128598172,0.0034238149020053713,0.00350248525547271
2020-12-03,0.0034109023,0.024492012,0.001597867,0.09498438236953088,0.024094557,0.0018833644,0.0035310797,2.5451464898097225,1.5198716871546745,-0.10782435321495862,0.04994676583794977,0.003709075373548799,0.0036639617909218713,0.024408204474803047,0.02444416854506223,0.02407903389170667,0.024067065849192184,0.0028147412664121948,0.002939563091321361,0.003445943581526297,0.003504400142515329
2020-12-04,0.0038322923,0.025216024,0.0013141211,0.10843950955648218,0.024439884,0.0025190138,0.002715405,2.435778044105565,1.4909211544727428,-0.2819691334856257,-0.18096375633040046,0.00373449495599614,0.0036752343800321836,0.024574857294075745,0.02449585742055633,0.024153477151389872,0.024092032388871178,0.002753732850962655,0.0029114001650982703,0.0032952338722409703,0.0034515635032682807
2020-12-07,0.0038751902,0.024456719,0.0017067797,0.06132983735956621,0.024016922,0.0020235095,0.0034936897,2.1584153470881673,2.04206083613651,0.07137838932339302,1.1257319662957377,0.0037635203024355096,0.0036886248203950728,0.02455048541305967,0.02449323643336748,0.02412530596558393,0.024087002493579156,0.00260308815170983,0.0028519407814551864,0.003336175204937063,0.0034543845685809627
2020-12-08,0.003756889,0.024129936,0.0014377269,0.10624927282453378,0.024179276,0.0018261828,0.0034410092,2.501899751429731,1.3238135153005786,-0.1681703414850513,-0.3074167938853964,0.003762152249512524,0.0036931962622121844,0.024463726387634777,0.024468907321751877,0.02413643997158175,0.024093181779550908,0.002442812990974305,0.0027832488395498306,0.0033578024039749286,0.0034534888604837682
2020-12-09,0.004225554,0.024292164,0.0013914688,0.18400611130394484,0.024309877,0.0022956335,0.003225148,2.404314029642613,1.5565878768672308,0.0973367044709861,-0.2876165901985756,0.003857751775489204,0.003728846663641255,0.02442833306464617,0.024457071320150323,0.024172220002492945,0.024107693230719488,0.002412449948713849,0.0027505947020026664,0.0033304358613344695,0.003438197553266489
2020-12-10,0.0037190283,0.023921097,0.0015130657,0.1311867343603349,0.023883902,0.0038613412,0.0030729945,2.228259258429304,2.128917715663024,-0.03438786550889543,-0.31083258209985887,0.003829133199237578,0.0037281891584257493,0.0243236904688918,0.024421178703055876,0.024112740054602247,0.024092706570436336,0.0027113554434652757,0.0028249780694418226,0.0032773258497474107,0.00341374099920534
2020-12-11,0.00456475,0.025968185,0.0011030632,0.2040921074999983,0.024136657,0.0011076102,0.00313571,2.4477781030143766,1.7443126875131307,-0.24067639354503068,-0.17457037976629394,0.003980890560021326,0.0037842111359382524,0.02466294876268745,0.02452477706638742,0.024117674086254166,0.02409564979221209,0.002380503639165704,0.0027099710794580155,0.00324811057924797,0.0033951220964917746
2020-12-14,0.004831086,0.024707459,0.0018110966,0.06707794663823596,0.024001766,0.0029094112,0.003551099,2.284868671860805,2.441730711830363,-0.013596629979380399,1.478616565000452,0.004156285414127511,0.003854317207985833,0.024672131183352607,0.024537010723177446,0.02409376230824546,0.02408936267525118,0.002489616992948769,0.002723326988405875,0.00331061692772653,0.0034055674020198436
2020-12-15,0.0028045238,0.025949553,0.0010005916,0.1630644303397546,0.024659006,0.0030472374,0.0040266574,2.40821554559862,2.221215467239103,-0.30044241159777957,-0.1136785317351825,0.0038774177040490857,0.00378401568391974,0.024935662561095476,0.024631604430695158,0.024210371769085005,0.024127509979582084,0.002604653790769646,0.0027450183000523134,0.003458335707966301,0.0034471599435846783
2020-12-16,0.0055788425,0.024923475,0.0018711439,0.16097846916860303,0.02408836,0.0034567749,0.0033210064,2.5324330366998846,1.3459537206551428,-0.4721033978096542,-0.11005244715576008,0.004228420740350838,0.0039042098651451062,0.02493314836838838,0.024651150160332407,0.024185200881465918,0.024124888247292663,0.0027804459204305316,0.002792682508041823,0.0034300047498351774,0.003438711820069016
2020-12-17,0.004473897,0.024735551,0.0016510519,0.0657973003020017,0.023575058,0.003108783,0.003384153,2.316704828384682,1.5116038064284194,0.16153320098138793,-0.10349719145475789,0.004279062397190537,0.0039423601192302,0.024892384202779196,0.02465680225400621,0.024059328768631587,0.02408806777432543,0.0028481816720979567,0.0028138508074449097,0.003420545535882683,0.0034350581719367022
2020-12-18,0.0037953907,0.024620345,0.002052326,0.12991601825043386,0.024500083,0.0034512684,0.0042238813,2.543018498076756,1.1125898631472821,0.05229587620562583,-0.18639441640423127,0.004179281183727941,0.003932518017948371,0.024836262629935348,0.02465436081155008,0.02415025617151261,0.024115659213369143,0.002972598151282674,0.0028565367581989886,0.0035862732792838205,0.003487883296317345
2020-12-21,0.0035016616,0.024735155,0.0014238876,0.04573467564691647,0.024596013,0.0031218214,0.0035076977,2.4035148367418535,2.1972968427344934,2.0933263960463737,1.4586929998634792,0.004039488617444598,0.003903664851724552,0.024815404093250466,0.02465977132879687,0.024242215597331158,0.02414782707808628,0.0030033828377962726,0.0028743020799056967,0.003570063183133957,0.003489210209125929
2020-12-22,0.0033645977,0.024470339,0.0019834705,0.10941793641273301,0.024974383,0.003208303,0.003979115,2.2112983860006,1.4874106614017337,1.053170073122957,-0.24850079656728616,0.0039002589720414085,0.003867565135876602,0.024744217263057335,0.02464708558550327,0.02439326143275833,0.024203179083214767,0.0030456577373474104,0.002896669115165789,0.003654450319755555,0.003522017655053351
2020-12-23,0.00386941,0.02477628,0.0007666518,0.18053482994837156,0.02435264,0.0024277184,0.0037171945,2.701410243670681,1.673144352974712,-0.35258517066944783,-0.47245198694243623,0.003893894825890904,0.0038676886745960975,0.024750831773619857,0.024655737344016805,0.024384881234713773,0.02421318802790534,0.002918177170743497,0.00286526488659792,0.003667394420245959,0.0035350880674374016
2020-12-24,0.003299856,0.024341019,0.0017034634,0.16403165052567104,0.024182998,0.0031659354,0.0035936707,2.653229894301718,1.6722655936254638,-0.7881856383569511,-0.31618056696020475,0.003771344947705224,0.003829662625283998,0.024666287587255715,0.024634661589335468,0.024343232756126276,0.024211166268207334,0.0029692895629181487,0.002885399891347304,0.0036521852493359985,0.0035390111690751964
2020-12-28,0.005542901,0.024217146,0.0018759803,0.12443643873767452,0.024105001,0.0028555468,0.0034014208,2.6354989292904274,1.326166740361753,0.7974762391116703,0.8996239960287384,0.004136816004507892,0.003944393065915781,0.024573629814500193,0.02460670178701723,0.024294085719855262,0.02420405671392975,0.0029458244850776604,0.002883400717283465,0.003600452670728105,0.0035297971521690815
2020-12-29,0.004448447,0.02453366,0.0016800266,0.14109359842900338,0.024040055,0.004189689,0.0026158586,2.4130308433930776,1.5950532638241535,-0.4244364219135836,-0.5973419841174574,0.0042011052965689015,0.003978148044013946,0.02456538390182544,0.024601810344796325,0.024241679218984957,0.024193073978284206,0.0032024331169785655,0.0029708789476889635,0.0033973314251910963,0.0034685934192600627
2020-12-30,0.0044971034,0.025483528,0.0015816025,0.22585648190486718,0.023955872,0.0024610762,0.0039860806,2.394599439559166,0.777487967691735,0.13259017477599636,-1.0030940150046834,0.004262169548188406,0.004012900931266728,0.0247547965777295,0.024660856348660724,0.024182717398294463,0.024177189290307495,0.0030494915849404,0.0029367389860136097,0.0035187900791089416,0.0035032479905377596
2020-12-31,0.003933175,0.024333185,0.0016922402,0.1204425734217488,0.023608672,0.0028429106,0.004339597,2.603179674642561,2.9331465831977828,0.13794343055949448,-0.8280122912533996,0.004194298146209871,0.0040075619242394694,0.0246678182453855,0.024638913150888852,0.024064292031679164,0.024139117354718142,0.003006874033886103,0.0029304555788755224,0.003688122153928539,0.0035592557943181324
2021-01-04,0.004771313,0.023913292,0.0014709316,0.07317208316610946,0.023797622,0.0018122339,0.003654591,2.1651024939071406,1.6165719615778507,1.365207221132227,1.2638687611023391,0.004313336040958299,0.004058708060001947,0.02451215992203598,0.024590320487485523,0.024009278134197606,0.024116248429094204,0.0027604204106388714,0.0028555716208432413,0.003681204702903389,0.0035656401105684746
2021-01-05,0.003624956,0.024466917,0.0009934786,0.0945990859366721,0.023472955,0.0026487787,0.0038257479,2.537663810610613,1.2580133478406648,-0.7502649798979837,-0.4346841339553452,0.0041713235780370716,0.00402966097480939,0.02450282631425613,0.02458205651965393,0.023898635046630586,0.024073169022746723,0.002737388789699035,0.0028417233192650016,0.003711023882997726,0.0035830587493390327
2021-01-06,0.0035032898,0.023510193,0.0006415328,0.16022172540038548,0.023476701,0.0021037308,0.0029228353,2.1066685923948514,2.9921599539266124,-0.27603061089147846,-0.0687379880617859,0.00403350855526755,0.003994411470029306,0.02429804667693111,0.024510277056546972,0.02381159032215113,0.024033225359009158,0.002606665480410405,0.0027923021682063225,0.003548420991694605,0.0035388455596282774
2021-01-07,0.004857678,0.025472838,0.0022593685,0.26403874012333317,0.02323002,0.0038788153,0.003251267,2.2564708060730947,1.0865728332395401,0.905913662675111,0.6888533256924347,0.004203534271275149,0.004052221844794825,0.02454040559799685,0.024574736912296273,0.02369161266168156,0.023979437096043554,0.002869109325750962,0.0028650627044701006,0.003487118258584905,0.003519587277000516
2021-01-08,0.005344719,0.025757313,0.0013641479,0.17380964208839433,0.022979468,0.0027347766,0.0033411733,2.534600706727642,2.404618806901262,0.26906155458330216,2.3132834697572098,0.0044389601136458085,0.00413877652346414,0.024791452908468264,0.024653930480079432,0.02354469761467358,0.023912472164306312,0.002841396552257912,0.002856337832891577,0.0034570098878109186,0.003507639425854415
2021-01-11,0.0038823797,0.024759855,0.0016626276,0.08157299624221692,0.023420382,0.0018324127,0.0033952857,2.400404466158981,1.8280030101924323,1.9391711891749623,3.618920611604614,0.004324137874644904,0.0041216063976784074,0.02478493430161068,0.024661023936429476,0.023519051428803815,0.023879518377601217,0.0026332437085174482,0.0027877686279918178,0.0034442762183104158,0.0035001154322881964
2021-01-12,0.0037971362,0.025328198,0.0011325628,0.24561961189800818,0.023224834,0.0030621886,0.0032794212,2.916130821875197,2.1755794912219897,0.6971977406365442,0.08763857685473847,0.004215417716088843,0.004099877602362458,0.024897009409226088,0.024705702617580427,0.023458354600763644,0.023835676146967064,0.0027217348192388464,0.0028061457142764144,0.0034102667241677027,0.003485336202825778
2021-01-13,0.0031967396,0.024392001,0.0014702834,0.07880563829396381,0.02362826,0.0032452848,0.0030793906,3.058591647326032,1.745014640847587,2.5754187090216707,0.10465933907113474,0.00400526495482728,0.004039397151556189,0.024792826508283843,0.024684694980857205,0.023493405804982003,0.023821786046331915,0.0028297429009423248,0.0028355535438648323,0.0033420071576968882,0.003458151241474782
2021-01-14,0.0034498586,0.02411269,0.001294972,0.09424850559745268,0.023384994,0.0030584277,0.0033811473,3.0999181483557625,2.4127017494222627,2.877284362671982,0.20892088560432986,0.00389068492255026,0.0039999175205235864,0.02465251475390761,0.024646389534544927,0.023471040485158922,0.023792535382696503,0.0028769204571683768,0.0028504787601651353,0.0033500817447943997,0.0034529945166821992
2021-01-15,0.0037584074,0.023989866,0.0013960577,0.10168417601086777,0.022523379,0.002326535,0.0030054129,2.974768267166961,1.9200392813838363,0.978739813020495,0.020390024164710953,0.0038633961455622184,0.003983744312295985,0.024515810572996337,0.02460242408774148,0.023275538409599096,0.023707543773350513,0.002763376239433175,0.002815391818029026,0.0032789767378089496,0.0034230213129537745
2021-01-19,0.00358215,0.024345493,0.001278427,0.03773047017186126,0.023588087,0.0027026783,0.0034755098,2.613077104050668,1.5659637577090906,2.3908503257258538,3.259959985340157,0.003805375208890883,0.003956850741036372,0.024480674135743796,0.024585218177672213,0.023340017103931274,0.023699544138037276,0.002750854290771988,0.00280784373231484,0.0033195214086275448,0.0034265363110337716
2021-01-20,0.0030485424,0.024217954,0.0013389183,0.12322282349585378,0.023569439,0.0015883717,0.0029968459,2.6343085836278606,1.6423596614990779,0.17571925118988785,0.49765383395223767,0.0036492410028951955,0.0038960240501021435,0.024426475090423578,0.024560623588046965,0.02338734663923927,0.023690831359805754,0.002511034743484097,0.0027261793383221143,0.0032529536145962656,0.003397761227588811
2021-01-21,0.0032688323,0.024162635,0.001599977,0.19710817210952725,0.022893399,0.004202419,0.0034235143,2.6050726544719702,2.322915189804825,-0.1963405113196808,2.5163293392667496,0.0035707628960013997,0.0038540228975997085,0.02437204506128523,0.02453397149677694,0.023285445501107442,0.02363742970022906,0.002859966417840277,0.0028250386896029665,0.003288140196401656,0.0033994858344947123
2021-01-22,0.002825296,0.025734976,0.00081708486,0.2089635438847406,0.023886072,0.0020570888,0.0032277901,2.5544095398342064,0.767771893922074,-0.1259081396872469,1.5150485536178604,0.003416973471229681,0.003785132135965499,0.024653216983452228,0.024614399171090706,0.023409354332485754,0.023654080498948286,0.002694333181770258,0.002773611380960489,0.0032756900072029604,0.003387987886070551
2021-01-25,0.00345351,0.024632527,0.0017393794,0.05808379482562309,0.023955256,0.003994759,0.0035655657,2.6110074291957246,1.2945797600696383,1.0493573481758778,2.358728443441992,0.0034245109616059446,0.003762924401275773,0.02464894856031063,0.02461561310820555,0.02352197350713187,0.02367424930432285,0.0029626103795927588,0.002855387995431312,0.003335491206639091,0.003399879739896894
2021-01-26,0.0033726539,0.024403965,0.0018701976,0.10304505891583471,0.02420276,0.002344837,0.0036393947,2.583724903441208,0.739814357713084,-0.7111785774548022,0.19769889566756335,0.003413812867407131,0.0037367891501763804,0.024598408601439227,0.024601439674292094,0.0236624194662703,0.023709642105244677,0.002835164045300577,0.0028211979190217824,0.0033981863272047074,0.0034159193369246187
2021-01-27,0.003942422,0.023750512,0.0017501343,0.07148401687436357,0.024080627,0.0026319078,0.00367766,3.07168684517518,1.6826044177283683,-0.08314804076080867,0.3069279998013434,0.0035228646746981044,0.0037505597738775906,0.024423487963976222,0.024544455588797857,0.023748695391716815,0.023734485831501048,0.0027932323923068247,0.002808521727156105,0.003455841578450932,0.0034334473194847733
2021-01-28,0.003357733,0.023487685,0.0014087268,0.1975092370090762,0.024389822,0.003792757,0.0033168485,2.460621063155505,1.3794447107301049,-0.1455429457496418,0.04659552610163931,0.0034887980767130083,0.0037242533333804438,0.024230432355940437,0.024473686840459124,0.023880959481215776,0.023778371736655833,0.002999433779850387,0.002874433014688505,0.003427167387482369,0.003425639047952928
2021-01-29,0.0030881853,0.024386391,0.0026290396,0.16222496168851896,0.024496911,0.0026070485,0.003145362,2.3112397005199536,1.0482660848722387,-0.47099426294244373,-0.19969844974109094,0.0034061518779579963,0.003681657762072013,0.02426260655118582,0.02446784090209628,0.02400802997486837,0.023826490167852956,0.00291848490076802,0.002856527072904068,0.003369031087916507,0.0034068697336943504
2021-02-01,0.003893192,0.024881307,0.0016444279,0.14584688257119105,0.02383423,0.0024823153,0.0034223197,2.614681849851245,1.4100845423273431,0.5096405031123958,0.9009653080306227,0.0035066279837311465,0.003695823572230175,0.024390244135711298,0.024495529492163534,0.023972175209505984,0.02382700850658947,0.0028285033400175055,0.002831467229444208,0.0033800244915322833,0.003407904368788084
2021-02-02,0.004244832,0.025049457,0.00088894187,0.24075340385689759,0.023803627,0.0027105932,0.002927979,2.81082890399466,2.0494060400469456,-0.6633241864689551,-0.2791009369307884,0.003658919054366889,0.0037325890146385323,0.024526239470241833,0.024532624382135645,0.023937403826978527,0.023825442724973278,0.002804178533101454,0.0028233726550031596,0.0032867677420743363,0.0033757652018004936
2021-02-03,0.0028037801,0.024687244,0.0023160707,0.13926448692451954,0.023826532,0.004098997,0.0029759859,2.82421076102954,1.0610823994035028,-0.6638000670208388,-0.28460231536660613,0.0034825043458114927,0.003670389462768978,0.02455945454279044,0.02454297877031605,0.02391453104097829,0.023825515674874218,0.003071298898819381,0.002908797400353038,0.0032226536060518274,0.0033489931761381537
2021-02-04,0.0036445346,0.023677124,0.0018006027,0.13523438973382118,0.023592586,0.002666281,0.0031838685,2.544747377421924,1.6234779240916435,-0.5325821684212059,-0.33618270426366265,0.0035159311060532572,0.003668658041262649,0.02437743015618362,0.02448499504719833,0.023848113886012576,0.023809917051126155,0.0029877439338824533,0.0028925568072433396,0.0032146522551222837,0.003337935269271061
2021-02-05,0.00498957,0.024776483,0.0019891013,0.21759133136441056,0.023023253,0.002991408,0.0031500263,2.975947768727845,0.8319268189711123,-0.7650392674096173,-0.2904506317504566,0.003819942036151862,0.003757115564033111,0.024459754538605893,0.024504515120361645,0.02367794558237353,0.023757236533498594,0.0029884998514190775,0.002899176583249203,0.0032013199574528364,0.0033253515686704725
2021-02-08,0.0038678057,0.024348957,0.0019313975,0.0483769212537587,0.023522234,0.0035875,0.003511025,2.780910213047496,0.9362699718289526,0.38477970339100553,1.0919557079856936,0.0038298162853670206,0.003764528151480103,0.024436897160412606,0.02449409788947819,0.023645822280348686,0.02374149908942484,0.003112073258629841,0.0029452715406049278,0.0032652119664241083,0.003337785569927259
2021-02-09,0.0044908747,0.024773283,0.0018711117,0.10059338327209089,0.023501156,0.002096515,0.0026691994,3.3489700121822272,2.5384247604613845,0.10485469244617628,-0.866054204116077,0.003966192290187852,0.0038131694074576123,0.024506293367797517,0.024512794076466685,0.023615977681757206,0.023725404024888944,0.0029025641067226353,0.0028884328485449967,0.00314225488124356,0.003293012352208162
2021-02-10,0.0035206133,0.02462716,0.0019551485,0.2457090225684917,0.023509283,0.003147948,0.0034876259,3.8207055264860057,2.062528002185733,-0.5313098582131955,-0.6091406713290265,0.003874269579582637,0.003793577800361765,0.024531228148405342,0.024520452839049748,0.02359396654638101,0.0237109310208557,0.0029531866887908564,0.002905811806418144,0.0032135047320506365,0.0033060450364851965
2021-02-11,0.0028370249,0.024794936,0.002069875,0.2212577413138711,0.022837672,0.0018231291,0.0031658337,3.1246074043565635,1.602715386316921,-0.9905727893669521,-0.5258499043671868,0.0036602865399085727,0.0037295203116394313,0.024585630976640765,0.024538834167273853,0.023437943458190284,0.02365245150223662,0.002720056409297671,0.0028333077866235503,0.003203670213314444,0.0032966554995150464
2021-02-12,0.0037861692,0.025068432,0.0016199969,0.11330813237945936,0.023648383,0.002866466,0.0039657825,2.832864038455564,1.8819593704197677,-0.4720746694481719,-0.35592614687931207,0.0036862560717028535,0.003733313919923319,0.02468523259293119,0.024574299756025722,0.023481357044753744,0.023652179053232397,0.0027502606440548676,0.0028355282972656517,0.003360893570447756,0.003341464930828035
2021-02-16,0.0040993057,0.0248601,0.001383639,0.07584133251065517,0.023343736,0.0028813183,0.0032744196,3.127960785017232,1.4618584185193721,3.109886519786294,2.3820385755227744,0.003771467996711011,0.0037578232958387337,0.024721307816333863,0.024593438998339916,0.02345296595870069,0.023631523565156885,0.0027772977758888616,0.0028385947188265172,0.003343054031246878,0.0033369751041038725
2021-02-17,0.0033417917,0.024125267,0.0015225823,0.0944013197802509,0.024008935,0.003101591,0.0033881539,2.7795767776190647,1.7112148719729572,-0.43460263410943106,-1.0409083403158437,0.003682825999746285,0.0037299629034796495,0.024598344872337956,0.024562086908123674,0.02356766214496872,0.023656797701163267,0.002844199301745586,0.0028562067944080723,0.0033523581011153394,0.003340402391932033
2021-02-18,0.0037453596,0.024166975,0.0015891439,0.16174898812885075,0.024416273,0.0034004096,0.0027307302,2.335640627529794,1.377238170237236,-0.7277243597725906,-0.5842408290674255,0.00369572664888669,0.0037309939742831326,0.02450935352971638,0.02453562745703788,0.023742730212860736,0.023707657520718958,0.0029589451925166647,0.0028926504279059716,0.003224116596731238,0.0032995744706044573
2021-02-19,0.0027861383,0.024938082,0.0015212528,0.10651528192671755,0.02389873,-8.598851e-05,0.0035726968,2.419369350541219,1.3068526369489906,-0.09917785289948594,-0.514929314448698,0.003508079056673909,0.0036677198182080845,0.024597800054158635,0.02456257865541788,0.02377491289813701,0.023720453076705603,0.0023307769710115343,0.0026931798888571667,0.0032960285134236017,0.003317864657281317
2021-02-22,0.0026997665,0.025019215,0.0015296835,0.09228433082979082,0.02470132,0.0018713261,0.0032908546,2.1192276240176526,2.2903731445569964,1.3974576200180786,0.9885774223277893,0.0033413246098292562,0.0036028988828946105,0.024684737822450925,0.02459315825348879,0.023966030120658975,0.02378613877581043,0.0022359925028057445,0.002638142800787897,0.003294961143430779,0.0033160558763727253
2021-02-23,0.0025209694,0.024763385,0.0011928092,0.06292403539779534,0.025163755,0.0023204256,0.003416795,2.311826741200709,1.7113142120538447,-0.35074790968492686,-0.785831710389183,0.003172085755424696,0.0035304453000734697,0.024700962659552378,0.024604557818341987,0.02421312009631881,0.023878393601155862,0.0022534110032338683,0.0026168662293034536,0.0033200954144229494,0.003322802077514172
2021-02-24,0.0031909884,0.02463947,0.0018578898,0.09279133784412608,0.025047138,0.0024032793,0.0038798568,2.233219021280588,1.2569208292356682,-0.8006545024036684,-0.5290195168558937,0.003175985369708067,0.0035077128897812353,0.024688276859944683,0.024606895816373153,0.024385177619931954,0.02395666093952605,0.002284328754189109,0.002602562951653336,0.0034355738905198015,0.003360106364750951
2021-02-25,0.0026997072,0.025501212,0.0013799721,0.13513905597299292,0.024263747,0.0025914237,0.0035353869,2.238701194601383,1.0169268021541469,-0.20366428007459217,-0.7425095192525368,0.003077729427434442,0.0034536031638451124,0.02485598497344056,0.024666785502852777,0.024360126554431642,0.023977225576778154,0.002347682277985665,0.0026018169886452896,0.0034561652563898327,0.0033718443760576973
2021-02-26,0.0036051376,0.02467328,0.0016242282,0.07241123928225612,0.024459638,0.0025083334,0.0028488238,2.277387525231216,0.5701381675970499,1.1065355842734643,-0.7494801447331861,0.0031865334517236256,0.003463750970316834,0.024818292904549066,0.024667220378032963,0.024380655651732912,0.02400953127361791,0.0023808245237776035,0.0025955566736134265,0.003330871030839628,0.0033368192518870073
2021-03-01,0.00411706,0.02452041,0.0014036351,0.06805876397152477,0.024300212,0.0026669288,0.0031508745,2.1092901427851505,0.9114193487322176,1.126907167537384,0.9560628046126878,0.0033785005865168962,0.0035075011207687055,0.024756839864397428,0.02465738894125862,0.024364060177056612,0.024028997294996707,0.002439847686592242,0.0026003362517675412,0.0032937378445025657,0.003324367089184867
2021-03-02,0.0035133464,0.024993666,0.0016958886,0.06271637683570719,0.024201356,0.0010195284,0.004023861,2.3785209034520345,0.9330891574957816,-1.0151505828355158,-0.6514125502911953,0.0034063192123144725,0.003507892563386253,0.024805696871834183,0.024679908377510513,0.02433049436502699,0.024040539633451583,0.002146836558332705,0.0024944742768692753,0.00344436189633307,0.00337121011320661
2021-03-03,0.003220122,0.023904122,0.00057686,0.21938849533921656,0.023844257,0.0024765653,0.0033178253,2.426372135158247,1.5916641639216156,-0.9931642408123369,-0.5279670551374855,0.003367906840763062,0.003488621434635502,0.02461970253502646,0.024627956312206257,0.02423018385177852,0.024027395172482417,0.0022148594257519767,0.0024932749667328905,0.0034182574555082423,0.0033676350895155346
2021-03-04,0.003181894,0.026139095,0.00068161025,0.20541616737500135,0.024014004,0.0026602114,0.003178867,2.705678945761481,1.2005609011520884,-0.35028655550657983,-0.40280034638532,0.003329532505436044,0.0034680808210800357,0.024933152489176474,0.02472915277800234,0.024185585974355182,0.024026498377250308,0.002306735305547061,0.002504454200842247,0.0033688713398989096,0.0033549938583337835
2021-03-05,0.0041658236,0.024570262,0.0019149927,0.11938577852919718,0.02425407,0.0044250125,0.0031469895,2.670345059430397,1.0566783422317876,-0.6729394110829646,-0.6591538387761093,0.0035020589124652945,0.0035148065657447693,0.024858288384423124,0.024718512341916316,0.02419971431555316,0.0240417382078761,0.002743734777932725,0.0026330682451542707,0.003323097233833573,0.0033410644289683863
2021-03-08,0.0034925505,0.024884952,0.002092418,0.07095267112807357,0.024087265,0.0031509295,0.0033743123,2.591301996550646,1.5413935777459948,1.034966893557253,1.019494573910006,0.003500097323466996,0.0035133161408399,0.024863789122203325,0.024729658323460347,0.02417651610851588,0.024044787009913613,0.0028277388274961027,0.002667747861781299,0.003333662876246672,0.0033432909398190902
2021-03-09,0.002847306,0.025414249,0.0018920881,0.20104477361406592,0.02439638,0.0025208986,0.0033092261,2.418655836878605,0.8542042710019991,-0.5147810212894633,-0.9510970568018535,0.0033654268095068096,0.0034687154317363284,0.024977348690694307,0.024775503308297017,0.024221873998184068,0.024068332168085904,0.0027644378478657635,0.0026579138053460247,0.0033286215881851164,0.0033410097213583344
2021-03-10,0.004839817,0.024949374,0.002137651,0.16741839428076577,0.023865158,0.0024073836,0.0036537782,2.369219065803853,0.7065423184272485,-0.2955830077565147,-0.567104438253612,0.003669592743094514,0.0035605340062154524,0.024971577460160523,0.024787146886774424,0.02414828362140284,0.0240547261843288,0.0026907777524569822,0.0026411365496005175,0.003395701232139185,0.003361954892650485
2021-03-11,0.0033569376,0.024797454,0.0013963972,0.09232727221928527,0.023933377,0.003225678,0.0027192768,2.3937556279069847,0.8472070727579245,1.206391269994702,-0.3875974002251702,0.0036050921415967507,0.0035468997607342873,0.02493565598018768,0.024787837155213203,0.024103948522565137,0.02404659980030454,0.0028011274153554484,0.002680281549380776,0.003256155231190804,0.0033189166645538116
2021-03-12,0.0036173451,0.023972554,0.0022529864,0.09082493420559523,0.02394844,0.0024328984,0.0032459935,2.3235797330422296,1.7986759291109615,-0.5902487177996704,-0.38559638514568106,0.00360761992513707,0.0035516172758799118,0.024736968575553443,0.024733240090120713,0.024071867263870783,0.024040026354108075,0.0027251619601686198,0.002663715038948189,0.0032540588749681246,0.00331403321953713
2021-03-15,0.0031904865,0.024412604,0.0016106131,0.06651482195378522,0.024083855,0.0035843155,0.0033151181,2.556278082372059,1.1706943629984006,-0.030799289808198193,1.0372275726876303,0.0035215655104912516,0.0035274334254137138,0.02467005234430473,0.02471176805363121,0.02407434025131969,0.024042961402670135,0.002902404890689422,0.002725364900137153,0.003266655369531741,0.003314105873513547
2021-03-16,0.0029189684,0.02410365,0.0012220414,0.08608903345785746,0.023786522,0.0039126514,0.0031381107,2.492954364262008,1.2510466276142713,-0.7248854165513035,-0.8549270687780343,0.0033972500523886885,0.003486686345775304,0.024553204008426345,0.024671044261916686,0.024014963589895404,0.024025788453026657,0.003110818223617908,0.0028048739282832075,0.0032401366800945243,0.00330232000592545
2021-03-17,0.0027354634,0.024636947,0.001268689,0.07566555391076835,0.024351628,0.0038964977,0.0025798255,2.151023524940048,0.6039435026833944,-0.6147339519708481,-0.8251107890146431,0.0032607238216598965,0.0034363791948650423,0.024570480064849017,0.02466876084474524,0.02408441738320081,0.024047608986025336,0.0032729034771932855,0.002877976703673065,0.0031039148236586492,0.0032539367078643147
2021-03-18,0.0028074654,0.025297802,0.0011391568,0.11172605795249446,0.02403219,0.0038262024,0.002999705,3.022546985083496,0.9532875666670629,-0.7129909947720253,-0.5010063819517856,0.003167216843948358,0.0033942627182309555,0.024720526185469858,0.02471088584520423,0.02407364299271922,0.024046576452262814,0.003387048745494018,0.0029414765391617428,0.0030824163979676737,0.003236911572917827
2021-03-19,0.0035556678,0.025410835,0.0015200493,0.14059064009916022,0.023808887,0.0023961393,0.002780965,2.9474229706531565,1.4729107250826934,-0.5319105436744483,-0.36418239365062943,0.003247354075876397,0.0034050715350106464,0.02486293646889913,0.02475775932607838,0.02401902401779124,0.02403065911599476,0.0031826246514458124,0.0029049569367404424,0.0030202271462711817,0.0032063781991776763
2021-03-22,0.0038641014,0.02428593,0.0019668548,0.05256524974873533,0.02442153,0.0030196751,0.003336648,2.493786047530691,1.0370561446268372,-0.3488664666065665,0.9415007254248686,0.003374588717650631,0.003435811389659108,0.024743900188818196,0.02472616227922467,0.02410206075810964,0.024056834559372107,0.0031490082543438286,0.0029126392720836038,0.0030855046001251802,0.003215101977435235
2021-03-23,0.0042484915,0.024300305,0.0026015178,0.13508081035864483,0.023812318,0.0036260318,0.0036460035,2.5879972622687544,1.1256715542536102,-0.8746345384471398,-0.9820134225316143,0.00355487439959667,0.003490234144709165,0.02465238677033778,0.024697643902774687,0.02404228702504914,0.02404046003165318,0.0032474179611337644,0.0029604130356121277,0.003201135238269751,0.003243958166561791
2021-03-24,0.0025614786,0.024428008,0.0010526022,0.22220501452668007,0.024310583,0.003450749,0.002884371,2.6417146588237714,1.4411829676187617,-0.18563519516914423,-0.4159103549229266,0.0033499373774689162,0.003428038167149015,0.024606097573665824,0.024679587201311057,0.024097636394875877,0.024058549375417567,0.0032893650426178097,0.0029932493667033213,0.003135786937026414,0.0032198776879496308
2021-03-25,0.0021648614,0.024414847,0.0008795249,0.2615467397184943,0.024550656,0.002791065,0.0031947813,2.334328191223897,1.1488909415574495,-0.4718358176052105,-0.5093703127624427,0.003105456830809152,0.003343446999243528,0.024566642613578795,0.024661858320151803,0.02419109407157505,0.02409150427431631,0.0031865660109185786,0.00297970968612858,0.003147957433405282,0.0032181970547856204
2021-03-26,0.0039533284,0.024810798,0.0012454867,0.07779682164790647,0.0245312,0.0028200448,0.0035062,2.2686128503558,1.3851398993041117,-0.6058581545904876,-0.4401481810688071,0.003280372280519371,0.0033842889292328136,0.024617011837553607,0.024671832396173096,0.02426125785467481,0.024120949417067678,0.003110952868799957,0.002969017403397076,0.003221862670457646,0.003237483745259422
2021-03-29,0.0038937721,0.024098812,0.002256975,0.06721109120773516,0.024241949,0.0028951527,0.002607488,2.4495864177618367,1.4195252972834915,-0.3383736969114582,0.28552422566279084,0.003406916348921628,0.003418407495729845,0.024510107415787078,0.024633458912430073,0.024257274345018672,0.024129052363696904,0.0030664333996341642,0.0029640709026314176,0.003095117514237698,0.0031952948197708137
2021-03-30,0.0038522617,0.024458945,0.0025489796,0.12530018986187708,0.024550205,0.002324975,0.0033390485,2.981562535826697,1.1242140396354365,-0.9434279685663843,-1.0220645877089116,0.0034987908597815588,0.003447461413631853,0.024499552594548453,0.024621772224219667,0.024317705804993487,0.024157255702325686,0.0029134709415256166,0.0029212725683191334,0.003145440343144742,0.003204921572018975
2021-03-31,0.0045716255,0.025101393,0.0014721166,0.10773837306304201,0.024553392,0.0035837097,0.003532466,2.5553180776812656,1.840100549464401,-0.550132108777108,-0.7447750827509672,0.003720116081185402,0.003522743319329652,0.0246237120487856,0.02465389102365749,0.024366327760066104,0.024183783770646235,0.0030517408467920877,0.002965634001948632,0.003225283535263339,0.0032268562433691856
2021-04-01,0.0049109175,0.024301419,0.0011555295,0.14836544908055027,0.024092482,0.0019067156,0.0032063422,2.990724330754548,3.013563554873537,-0.24770754443382706,-0.6751647217768327,0.003965777784861411,0.003615705190564114,0.02455722316948017,0.024630287028983254,0.02430983360692532,0.02417766959118106,0.0028155227336900948,0.002894721402106211,0.003221375953103341,0.0032254824809873333
2021-04-05,0.0036369597,0.02402359,0.0017298129,0.052985885515917985,0.024101665,0.0034619889,0.0036368063,2.7820087721294007,1.7253011388180963,2.723046460974079,0.8062301244512813,0.003897942788426867,0.003617128541970562,0.024447135053024323,0.024589658384720527,0.024266888583045255,0.024172579807387094,0.002948888358743948,0.002932709607807404,0.0033070790093758465,0.0032530276047792006
2021-04-06,0.0034822938,0.024045095,0.0016534807,0.15920973533727534,0.024110474,0.002921564,0.0034490686,2.296309739622473,1.5637340663861248,-1.0561984647793774,-1.3078214176101062,0.0038121946214085705,0.0036080990628811834,0.024364194370128368,0.02455319059372673,0.024234620273380424,0.024168420746660285,0.002943251365920523,0.002931963222396232,0.0033363713949869363,0.0032661558862808857
2021-04-07,0.0035117175,0.0242814,0.0014487254,0.13558392592989843,0.024295865,0.0031984993,0.0039005808,2.25475593674845,0.8549073684740572,-0.8499437234319263,-0.9312960451398031,0.0037502063581802744,0.0036016446808240024,0.02434711379577161,0.024534989545502636,0.02424725495127016,0.024176955282057856,0.002995908885758997,0.0029498123478794345,0.0034527674998494295,0.0033086414252930184
2021-04-08,0.003530096,0.02455375,0.001899012,0.07050321169080975,0.024259618,0.003175401,0.0037240977,2.4731173806668623,1.6430986783920585,-0.8897034455448894,-0.6644697771064283,0.003704797713222905,0.003596853281709551,0.024389742676256033,0.024536245857618825,0.024249805349331455,0.024182490926999454,0.003032937993061336,0.002964919338090482,0.0035087427856575265,0.0033364632918297336
2021-04-09,0.0037698322,0.025543397,0.0021998342,0.2491568017888205,0.024302527,0.0023987917,0.0029021187,2.498396169100475,1.3386295438726683,-0.9136181077424683,-0.5345589596152966,0.003718214293138001,0.0036084371622323846,0.0246277410167821,0.02460369177628188,0.0242606818617696,0.024190529404372885,0.0029021139510889077,0.0029270074652963446,0.0033835965603948204,0.0033073765353444553
2021-04-12,0.0041534626,0.024820253,0.0018972857,0.07625917522296,0.024141837,0.0023871304,0.0034683843,2.4215579565935523,1.0065775844590101,0.7723385195253777,0.39908876254110753,0.0038080057883652487,0.0036449358848345994,0.024667456189851993,0.02461819425052493,0.024236164211027138,0.024187268613786547,0.002795873115406654,0.0028908535133066716,0.0034010882198277467,0.0033181587415239207
2021-04-13,0.003644801,0.024649048,0.0018577338,0.12085018941453174,0.024355724,0.002654355,0.002563626,2.445261942361425,1.6496016871325032,2.081354457819225,-0.6555024061970558,0.0037743367217849396,0.0036449268505128274,0.02466365863619791,0.024620260448833888,0.024260829426250408,0.024198549597458846,0.0027666780066225105,0.002875015916659069,0.00322832021257429,0.0032676299437000263
2021-04-14,0.0034884356,0.025144117,0.0018108876,0.11654196712646692,0.02448645,0.0036489195,0.003159952,2.489726137880833,1.0905899165010038,1.09226800750361,-0.47256455161532596,0.0037153554795684844,0.0036344471024810903,0.024762776934243908,0.024655341551782905,0.024307374930642917,0.024217829458191707,0.0029486839665886144,0.0029268419257492077,0.0032142158624118584,0.003260419066184852
2021-04-15,0.0035877682,0.024891796,0.0011030466,0.10694168362080725,0.024561686,0.0022927485,0.003114944,2.314283298566475,2.272405399175254,0.14198333196268295,-0.36359122680069555,0.0036890342868374257,0.0036313211547040567,0.024789393415171886,0.02467117617139616,0.024359839261528137,0.024240856531689805,0.002813364833226995,0.0028843785886621368,0.0031937361481987293,0.0032506770422949327
2021-04-16,0.0030860805,0.02488065,0.0011483404,0.07823810445842994,0.024497122,0.0025332526,0.0030703396,2.7364530158715192,2.4513358955492643,-0.04652177483802211,-0.08015027872959132,0.00356464524638735,0.003594808021967527,0.024808219502000316,0.02468520397503531,0.02438816053007219,0.024258017834846192,0.00275557782350823,0.002860864730524002,0.0031682794970629255,0.0032386003806259248
2021-04-19,0.0034840833,0.02450123,0.0018391425,0.0374996350058705,0.024149355,0.003424201,0.003259328,2.837232169582356,1.05177721508106,0.537832921000091,1.1336570213762553,0.003548025367385616,0.0035873931212244583,0.024744887846324164,0.024672883826308865,0.02433889498142664,0.024250740979546916,0.002893514418246481,0.0028985896704171966,0.0031870627473103174,0.0032399884446850918
2021-04-20,0.0053731953,0.025275942,0.001975635,0.279793272457576,0.024539331,0.0029792548,0.0038815227,2.976585259579179,2.514641957419988,0.7770536575309284,-1.0926317383608917,0.0039245569602216895,0.0037069829494638926,0.02485444402614427,0.02471326882398912,0.024380244821314023,0.024270066988162663,0.002911202617148724,0.002903991573885875,0.0033303294676247765,0.003282950073729803
2021-04-21,0.0044130976,0.025117334,0.0021354887,0.16121017524099712,0.024312938,0.0043272343,0.0035687052,2.889917786778045,1.5519442616810875,0.03429678432865682,-0.776345380727554,0.004025342643677053,0.003754269337330778,0.02490867808502169,0.024740327858605207,0.024366359383602952,0.02427293790694494,0.0032033292180871265,0.002999301884679317,0.003379506249920772,0.0033020862377703113
2021-04-22,0.0033205394,0.025114559,0.0018637129,0.13426515287453167,0.024528924,0.0013831554,0.0034428285,2.915860973592316,1.1100022379789352,-0.586420963412972,-0.6616008224685795,0.0038799420990697562,0.0037252237389497965,0.024951151134634253,0.02476538897431868,0.024399896455980927,0.024290080554969378,0.0028278283067936813,0.002891073386114452,0.0033925696057763906,0.0033115113289481834
2021-04-23,0.0046841847,0.02515341,0.0016526339,0.11176357397985348,0.024009656,0.0039680097,0.0034053482,2.9007802184939213,1.9401378764487662,-0.6880720597040613,-0.504664810925741,0.004045856920063397,0.003789442484264271,0.02499287696815228,0.02479137356084716,0.02431939008840097,0.024271301372209824,0.0030630471336963007,0.0029631925910491874,0.003395205815814804,0.0033177953011395956
2021-04-26,0.004559311,0.02506174,0.0016012266,0.12234020230234843,0.024495872,0.0034197995,0.0036495086,2.4824581463804996,1.8932894319219398,2.097324287350545,1.0769614347358594,0.0041517822441074805,0.0038409982813284076,0.025007083294665368,0.024809479166258225,0.024355798159804064,0.02428634017776945,0.003136644958672205,0.002993770189607856,0.003447668342423653,0.0033400091471302604
2021-04-27,0.003000506,0.025075087,0.001146322,0.19184198197188362,0.02433525,0.0031499106,0.003011258,2.415792304783752,2.144481967203824,-0.6223340163518464,-0.7242023753848194,0.0039142745537067754,0.003784713025405928,0.025021112490103675,0.024827266149991204,0.024351559138561716,0.024289615539556032,0.003139381652908669,0.003004226445599882,0.003357637136107429,0.0033179936720499656
2021-04-28,0.0052080844,0.024879614,0.0020001354,0.22518277843173595,0.02431267,0.001958066,0.003096624,2.299951445968169,1.4231568884022308,-0.8571600725181878,-0.3363114329536766,0.004181186836173213,0.0038800319456002213,0.024991921403584926,0.024830771721622704,0.024343536208283337,0.02429115938838033,0.0028956768342489705,0.002934168203427828,0.003303790272639113,0.003303169210341824
2021-04-29,0.003993331,0.024307705,0.0015988414,0.11588885115767,0.024318174,0.0019764034,0.0033707782,2.087421118150683,2.273578115441474,-0.1704521851134685,-0.435076662412775,0.004142432273717372,0.0038876192436006545,0.024850768014718316,0.02479574353898633,0.024338303900622995,0.024292968444477956,0.0027060312098859574,0.002870029560250091,0.0033176098405234273,0.003307696780080815
2021-04-30,0.0032940079,0.024419997,0.0018169688,0.14643044612554923,0.024373464,0.003197366,0.0034329908,2.3119759638104243,1.6946100334259893,-0.21265158371304096,-0.10008969079444166,0.003967402761913783,0.0038478668645605904,0.02476190015774069,0.024770580909792575,0.024345557469700005,0.024298359010200336,0.0028073932992785195,0.0028919502960922322,0.003341412861521378,0.0033160873424447302
2021-05-03,0.0039083045,0.024544528,0.00188873,0.050720953110161116,0.024552187,0.0027896555,0.003061575,2.2516668504994044,1.158961377831582,0.21351913057550775,1.2879460106382443,0.003955210821070515,0.0038519141920438094,0.024717056345222112,0.024755442806208044,0.02438818502301688,0.024315357108062822,0.0028037339939114636,0.0028850999174398423,0.0032836824338993305,0.0032990434044699365
2021-05-04,0.00445908,0.024403442,0.0015487386,0.11351595397382197,0.024327122,0.0019577332,0.00248799,2.573828965024786,1.6357755132811296,-0.713054796599329,-1.100318921742672,0.004059158730659309,0.003892574257834093,0.02465235780832429,0.024731870344972703,0.02437558768644234,0.024316144945917443,0.002629204471830168,0.002822996941559736,0.003119531518544683,0.0032447295892148596
2021-05-05,0.005273913,0.024234897,0.0013057104,0.1419226218616496,0.023996083,0.0035141003,0.0028770957,2.3045397125963007,1.452612117369796,-0.6704030843096863,-0.8522291468407283,0.004309761904353997,0.003985078383301696,0.024566235765305276,0.024698589495014203,0.024297296082831134,0.024294711359287388,0.0028117580223034943,0.002869278068143774,0.0030695171396281184,0.003220110248396151
2021-05-06,0.0053311186,0.025012642,0.0008359478,0.21612714320411786,0.024252547,0.0037049025,0.0033200416,2.418048937181992,1.6616530461970018,-0.32073781385820305,-0.7372016712961588,0.004520467251618463,0.004075218669291117,0.024658329166666004,0.024719620661494194,0.024288064360507754,0.024291887735012466,0.0029960132547964184,0.0029252373354155706,0.003121200199546633,0.0032268023506090856
2021-05-07,0.004527855,0.023844792,0.0010297653,0.1541849663607202,0.024847215,0.0020682686,0.0034013386,2.772703960857812,1.6963561466201884,-0.8061170454782466,-0.8154316980908641,0.004521991381242337,0.004105530383595522,0.024490496789674382,0.02466103597473989,0.024403416851895846,0.024329076343447078,0.0028046200206664766,0.0028678487029153133,0.0031789926018283127,0.0032384905203254695
2021-05-10,0.0028369178,0.02420864,0.0010153435,0.1003158309709653,0.024774961,0.0034075726,0.0038373447,2.5189385214943756,1.0855960185284317,1.1142325956097632,1.0400420976487303,0.004174361579471158,0.0040205751912846845,0.024432350022442022,0.024630740415189388,0.024480066250023476,0.024358935916637146,0.0029290088266078003,0.0029039923996365406,0.003314810293879737,0.0032785939934002004
2021-05-11,0.004005121,0.023870867,0.0007683063,0.12703704398382987,0.024271702,0.0031889766,0.0030762453,2.910629888087193,1.7695317357461793,-1.1093078216750463,-0.6039411409522654,0.00413944735080049,0.00401954027482406,0.024316516317783563,0.02457985394873443,0.024437080896099098,0.024353094148581025,0.0029826400316869286,0.002923076935802335,0.0032655944631423835,0.003265043307392026
2021-05-12,0.0040355558,0.024625998,0.001745061,0.12861084664373412,0.02423431,0.0029609418,0.0033290558,2.967089811260308,4.796659579725931,0.7204986152849829,-0.4933841526398996,0.004118014569764881,0.004020612783793466,0.024380362224055666,0.02458294407716115,0.024395249324084822,0.024345139515603298,0.0029781636884711423,0.002925612629421888,0.0032786865137605947,0.0032693300358386268
2021-05-13,0.0035065636,0.024160296,0.0014829158,0.13403540967769711,0.024564039,0.0036686475,0.0031386253,2.562546788654549,3.5350663955850203,-0.1362420846181474,-0.18920253321548403,0.003991872557115908,0.003986188448011571,0.02433496262102489,0.024554640581376234,0.02443007053763201,0.024359798556691157,0.0031206101340184506,0.002975371451372991,0.0032497919581720553,0.003260577130408474
2021-05-14,0.0049200724,0.024664965,0.0023773988,0.13194924865769853,0.024382673,0.002728496,0.003447889,2.410164868844124,3.09100453701613,-0.8271493923402687,-0.25069485869996605,0.004183359693989124,0.004048727861717983,0.024403041840629462,0.02456202864596926,0.024420292492622658,0.024361330403387407,0.0030397171902245713,0.00295883893957088,0.0032906592499175728,0.0032731208382429273
2021-05-17,0.0040389867,0.024399085,0.0023108388,0.10669477316031561,0.02446199,0.002987861,0.0034541355,2.6310782590806805,2.677229981808016,-0.3200817101930582,1.4261743617677964,0.004153575631571121,0.004048075528603579,0.0244022255403731,0.02455111679546538,0.024428894712329945,0.024368071290334765,0.003029019272007874,0.0029607824557716,0.0033243843139176667,0.0032852428484969826
2021-05-18,0.003199057,0.024286183,0.0011745244,0.13747564572261717,0.024198208,0.0010942193,0.0031434863,2.678892953101693,1.4459084341490753,-0.8662092629142641,-0.8699192331808394,0.00395665893066737,0.003991219294603304,0.024378285942249646,0.02453337494477328,0.02438130416578775,0.02435669605421702,0.002629871050261823,0.002835784303435657,0.0032870651558123743,0.0032757498387916842
2021-05-19,0.0040646354,0.02495413,0.0018638674,0.10915052882395337,0.02407986,0.0037973067,0.0034095924,2.529002899285779,1.4640034285540557,-0.6924524887238427,-0.23815036372738713,0.003978934414061204,0.003996135749790292,0.02449708244859551,0.024561551710585407,0.024319116239607336,0.024338157122057745,0.002870712406456964,0.0029001745805102936,0.0033123424690126757,0.0032847128770488922
2021-05-20,0.0038630252,0.024732837,0.0014620271,0.06211585853807566,0.024069497,0.0030799175,0.003328451,2.708483111446064,2.121306600197196,-0.7394916590560828,-0.40228830988677267,0.003955022409084198,0.003987221736072191,0.024545718582100737,0.024573022204379756,0.024267619996406958,0.024320165781617453,0.0029138713102482647,0.002912211427105155,0.0033156656412919984,0.003287641885315379
2021-05-21,0.0039916523,0.024258586,0.0009961326,0.07907091333731797,0.024258323,0.0021726666,0.0029571303,2.7017581780667137,1.6257361347218706,-0.4099822888192727,-0.645203793232217,0.003962579132206428,0.003987518436351078,0.02448648320856494,0.02455196532876373,0.0242657020337816,0.02431602435646046,0.002760961168764847,0.002862686322532491,0.0032416999924011836,0.0032655085142990407
2021-05-24,0.0035081173,0.025039548,0.0016383424,0.08236287279225407,0.023952851,0.0026345956,0.0034474174,2.640753014552229,3.06332565702658,3.3231930307062503,1.679256529732723,0.0038688238917059816,0.00395541437524149,0.024600580195344505,0.024584617285273738,0.024201161044911153,0.024291703728043297,0.0027348920212679996,0.002847411770118908,0.0032841393859293624,0.003277690408364099
2021-05-25,0.002717064,0.024368385,0.0006358559,0.13292057526741963,0.02416141,0.0034930771,0.002706941,2.5668096799383275,1.0042220517438782,1.3194886020490202,-1.147971836357603,0.0036312164308390646,0.003872485754852697,0.024552678418351008,0.02457013684615201,0.02419296033998423,0.024282978319175114,0.0028913052086886595,0.002890650047180956,0.0031650636592814277,0.0032394690268560135
2021-05-26,0.004788655,0.025240319,0.0019001724,0.11945356515880479,0.02417748,0.0022836374,0.002843905,2.43846487061726,0.9976346590812205,1.3914343330397607,-0.21988541565537442,0.0038699953692347354,0.0039338388588286465,0.024694538277646828,0.024615016930054336,0.024189766854871557,0.02427591344508997,0.002765943661833193,0.0028500002268963234,0.0030988087983363885,0.003212979287821833
2021-05-27,0.0034286347,0.025950113,0.0017296155,0.10797580131481177,0.024587989,0.0028719958,0.003215984,2.360156869095453,1.6595716375474008,0.014542139520896873,-0.40567248324958655,0.0037789428998146997,0.003900006849107657,0.02495356274669966,0.024704424340723757,0.024271919843720798,0.02429681220160308,0.0027878221604621407,0.002851473204076903,0.003122981975789824,0.003213180502778972
2021-05-28,0.0025688077,0.025140887,0.0016135535,0.11343495991944774,0.024678657,0.0020219923,0.0032531326,2.809532204113227,1.6790836045637507,1.5596432008048124,-0.5283669117544589,0.003529292641664568,0.003810860423468739,0.024992207667687047,0.024733652947781088,0.02435582947033847,0.024322383194157225,0.0026298318726089938,0.0027959253524522175,0.003149831975028599,0.003215855973238508
2021-06-01,0.0034368664,0.02459087,0.0016451431,0.03711379648925339,0.024185115,0.003454714,0.0032043345,2.459785188447029,1.3422177723073703,2.4057680883571124,1.5692678802074247,0.0035102251667722202,0.003785815165828177,0.024909411993342994,0.024724091225385103,0.02432061126216729,0.024313190785411127,0.0028000046385688662,0.002840042462891451,0.0031610758228852454,0.0032150844164677626
2021-06-02,0.0044626617,0.024463743,0.001842895,0.07431766540472928,0.023921382,0.0035662598,0.0037560859,2.672540861812148,1.321574844696999,2.1591978734475963,-1.1488733483440547,0.0037067123199874806,0.0038311415525588387,0.024817470708535162,0.024706656481658464,0.02423825040979969,0.02428695250187759,0.0029580826652452845,0.0028886750621767866,0.003283826083954445,0.0032513136658119993
2021-06-03,0.004028522,0.02471737,0.0020438144,0.14366042687262792,0.024326691,0.0011089081,0.003346929,2.759518692581309,1.8796889560659158,0.7243703350685917,-0.3498536230379398,0.0037731014761209743,0.0038443595268920585,0.024796819994952222,0.024707373937157398,0.02425649574038157,0.024289613697271336,0.002576598923929885,0.0027694893925875696,0.0032968442016991155,0.0032577167449888127
2021-06-04,0.00492871,0.024394713,0.0012838782,0.09513236780844625,0.02477652,0.0030757412,0.003249052,2.60110623512436,1.5488338973627045,-0.2761693807414435,-0.25081369960723143,0.00401150289420645,0.003916975230124941,0.02471386560398904,0.024686435992448096,0.024363776514428517,0.02432222036966423,0.002679571719428614,0.002789998162071969,0.003286984691639638,0.003257136491643629
2021-06-07,0.0043281326,0.024643738,0.00203132,0.03695104651567227,0.024040123,0.0024725983,0.0032927534,2.3437200034412418,1.2413728919482012,0.6283279636518094,2.240358370237268,0.004076823437422393,0.003944509209664703,0.024699398279609874,0.02468357662375797,0.024297007057014437,0.024303329182708687,0.0026368732198076795,0.0027687428454005866,0.0032881747651286,0.003259521646846334
2021-06-08,0.0031531476,0.024416141,0.0014863799,0.122512650332676,0.023659883,0.0026335751,0.0032658984,2.345379703437638,1.4029996579314394,-0.5869760607845621,-1.0192371586040854,0.0038862696065766976,0.0038915140928366177,0.024640962495547897,0.024665667274274515,0.024165568712993992,0.02426023952123321,0.0026361928229776655,0.002759691067003266,0.0032835791713626745,0.0032599486817343824
2021-06-09,0.00400626,0.024147622,0.0018279076,0.16776847875949297,0.023370078,0.0026165715,0.0034422125,2.369352104198911,1.6861482203944993,0.041386873418708385,-0.6470924103508932,0.003911023577032317,0.0038991982879735118,0.024539186670069976,0.0246309753512457,0.024001459362976808,0.0242006280559594,0.0026321449534002237,0.0027501067774343994,0.0033163051381758677,0.0032721543426268546
2021-06-10,0.004348963,0.023644105,0.0017009252,0.07923486040330685,0.02377815,0.0028850925,0.0036938477,2.2198535700414967,2.44148097373429,-0.8294162315163074,0.4563192923361294,0.004001370256533415,0.0039293176874874635,0.02435453170980372,0.024564887569291784,0.023955390729581503,0.02417233595490898,0.002684327902414682,0.0027591463684977415,0.0033941919668371403,0.003300393884200164
2021-06-11,0.0034332662,0.023725249,0.0013815521,0.094214715007088,0.023853907,0.0032446205,0.0040447363,2.106348999682412,1.3342539827613182,-0.6319747100222342,0.2860336279137818,0.0038841706862045287,0.003896098602586682,0.024224710991612112,0.024508659477626846,0.023934454764151052,0.02415101174460772,0.00279991597369296,0.0027916571197774695,0.003528398914375098,0.003350240267040257
2021-06-14,0.004023431,0.024917692,0.0017875651,0.09227398450023638,0.024118805,0.002912548,0.0035680633,2.15992504629978,0.6711946104394724,0.9592830096504659,2.404154064113723,0.003912899988663141,0.0039046256635481,0.02436767259801149,0.0245360511584001,0.02397248618359144,0.024148854975638335,0.0028231518818785982,0.002799752814014459,0.003536581647449876,0.003364827221069922
2021-06-15,0.004433688,0.025141189,0.0018626663,0.13433493672411267,0.024800722,0.0030466497,0.0036613648,2.1090206212463354,0.7270056141936209,-0.47307170432763995,-0.5507861781372914,0.004020338235332127,0.003940055370532128,0.024527248599064105,0.024576575420978373,0.024143350705270013,0.02419250853043882,0.0028692593726608547,0.0028162867626140304,0.0035623243425977305,0.0033846854544626677
2021-06-16,0.0047903936,0.024109058,0.0014031542,0.16112972933749525,0.02409842,0.002530413,0.0036376338,2.470518789888134,1.896539706409523,-0.34029104603478005,-0.39762107215723796,0.0041792002593768075,0.003996999980327555,0.024440976115376743,0.024545267183389265,0.024134081630785308,0.024186207737556604,0.0027993555403481693,0.0027971426506804746,0.0035778606341619213,0.0034016246452498117
2021-06-17,0.004175601,0.025913438,0.0016721119,0.22191875948146267,0.024479207,0.0024357692,0.0033497408,2.04847347325657,1.1759321768507185,-0.7025652333118033,0.06889025107863182,0.004178457746734235,0.0040089603604375156,0.02474474419228645,0.024636889478554237,0.024205280741018,0.024205828998302956,0.002724347866952187,0.0027729425508989966,0.003530799623423922,0.003398150136444559
2021-06-18,0.0037033104,0.02499323,0.0011381137,0.14342330579829465,0.025167512,0.0020422912,0.0032201663,2.275562064157034,1.9259410947794873,-0.32067482336653186,-0.24930524921487587,0.0040804350963841475,0.003988491896093551,0.024796006613042362,0.024660752514327554,0.024403788497435065,0.024270230017021905,0.0025836399394941604,0.002724013017057627,0.00346671613477482,0.003386231092202204
2021-06-21,0.0032826937,0.024819715,0.0014737338,0.07785040890857509,0.024385298,0.0029487868,0.0031985035,2.5158896218453077,1.8344929376218184,0.2817324630712649,0.921880927126778,0.003915861461860929,0.003941226701008276,0.024800897630184282,0.02467139775300445,0.02439997384965923,0.024277935753577045,0.002658969551053307,0.0027390654469267067,0.003411384012723906,0.0033736595380590437
2021-06-22,0.0030273222,0.025324339,0.0015222372,0.17772864788693332,0.023758868,0.003741018,0.003395744,2.38886860510555,0.9450474699446275,-0.015433864801272361,-0.8560216851575371,0.003732556287015856,0.0038800252529955534,0.024908883319166835,0.024715123278170395,0.02426771399965245,0.024243175322559006,0.0028821955786720492,0.002806163212593334,0.0034081574658831517,0.0033751384617729894
2021-06-23,0.0038583367,0.024711274,0.0013129966,0.11757538512058041,0.024843054,0.0024838946,0.0033141589,2.5337192246860405,1.610514848253504,0.1712872479747944,-0.20582587488734666,0.0037585047227719297,0.0038785728363651692,0.02486811654022739,0.024714865477449086,0.024386406316876687,0.024283347395812713,0.0028000262927314386,0.002784581846537075,0.003388765606896406,0.003371054841552114
2021-06-24,0.004228551,0.024746446,0.0015696343,0.09871162473032336,0.02403966,0.0028891899,0.0034085447,2.5300800307373943,1.6047004867001116,-0.12195954512320736,-0.35000146244616254,0.003855475010304388,0.003902009823043576,0.0248430159591796,0.024716980326481345,0.02431487266170454,0.02426702835641848,0.002818420691651146,0.0027915871328737457,0.0033928460227539495,0.003373565425010301
2021-06-25,0.004437161,0.024364695,0.0016184101,0.08765877076930373,0.02447511,0.003130386,0.0038003756,2.828590945172577,1.2549297848103935,-0.4575666872069221,-0.01733707363999866,0.0039754765537011435,0.003937847306074392,0.02474433858718673,0.0246933888288916,0.024347929683642473,0.024280963008131644,0.0028827789469534045,0.0028142754717757168,0.0034769191642917536,0.003402147626943871
2021-06-28,0.0033652869,0.024284706,0.0012815335,0.06413270829029782,0.024263486,0.0037067619,0.0031674814,2.4371315979732255,0.9831367481036074,0.9088424380054184,1.327381284252249,0.0038495947405832887,0.0038995046457528885,0.024649516527118998,0.024666020530264607,0.024330509051026822,0.024279792643002524,0.0030527661903017433,0.0028740426158698593,0.003413082315139893,0.003386432731368748
2021-06-29,0.0046018353,0.024333123,0.0020771632,0.16977538668989756,0.023978624,0.0029108229,0.003315745,2.274327039683388,1.8700109686141853,0.7745612735490771,-1.189837450192853,0.004004781566796844,0.003946537626825516,0.024584244733170734,0.024643727386419036,0.024257915451767576,0.02425962431294467,0.003023483356489657,0.002876505678974578,0.0033930016620433256,0.0033816989802113798
2021-06-30,0.0036554572,0.0250266,0.0015439893,0.10927730449823392,0.024690952,0.0032229398,0.0031240275,2.254548178009611,0.9242851122165425,1.765532966194454,-0.7724537934898508,0.003932716127617051,0.0039270448394553605,0.024675502558716193,0.02466936727407603,0.02434725069525795,0.024288509047994022,0.0030646311140507905,0.0028997053350970936,0.0033375124365651264,0.003364443492883741
2021-07-01,0.0031837814,0.025286602,0.0011454246,0.15069855682098987,0.024162317,0.0039148424,0.0031313344,2.315104455036055,1.7704098184726647,-0.26749971493483005,-0.6721816194723866,0.003778211287688292,0.003877270710561332,0.02480157202238972,0.024710701627571007,0.024309098908247312,0.024280058323613418,0.0032400292514462472,0.0029676860263132565,0.0032949780237130273,0.00334883287676937
2021-07-02,0.0025598775,0.024529886,0.0017086946,0.11382676051214746,0.023796549,0.0030193345,0.0031307475,2.360626792792742,2.581113876736283,-0.6734094668181569,-0.6852277486954428,0.0035268696611828808,0.0037890488260309235,0.024745523235861624,0.02469859291247051,0.024203360145570677,0.024247679155127138,0.003194500043514155,0.002971144771129533,0.003261097347071964,0.0033342283495558303
2021-07-06,0.0039594076,0.02450655,0.0015147838,0.08023301506370406,0.02408915,0.0024395534,0.0034881209,2.4706128328256733,1.9155991713204106,0.9148809027162074,2.2163367197789245,0.003616102003078108,0.0038004572410951943,0.02469622324122544,0.024685732392026566,0.024179798679585567,0.02423706294060993,0.0030387549446922327,0.002935545686191111,0.003307932177504284,0.003344534070321465
2021-07-07,0.0026157876,0.024801815,0.0010185483,0.1129183031632306,0.024218995,0.0034334548,0.0032885897,2.366098850493676,1.353168791567099,-0.4950761589668452,-1.2764499249077172,0.0034097376584926,0.003721123456169048,0.024718006750801755,0.024693506092239113,0.02418788488547253,0.02423585299298891,0.003120181313475684,0.0029688891688086903,0.0033039418244118443,0.003340787639903563
2021-07-08,0.0034276342,0.02518605,0.001739371,0.12724960982512235,0.023342328,0.0030539036,0.003744646,2.854573134013076,2.0033948734122378,-0.04199734430345198,-0.606764736079753,0.003413429715599869,0.003701469361915889,0.02481456396788422,0.024726490330034507,0.024013446974889385,0.02417601630700523,0.0031065082518612524,0.0029745823295831398,0.0033948588589841743,0.003367832824483399
2021-07-09,0.0035740235,0.024849715,0.0012973802,0.10438645515424849,0.02394961,0.0025049206,0.002910819,2.5628421396564525,1.194291694744927,-0.7931438753125536,-0.5544845614783542,0.003446560126563773,0.003692934693059638,0.024821815547763915,0.024734742298218156,0.024000277454862908,0.024160854558575005,0.0029824010330142927,0.0029431304876889617,0.0032950016709999384,0.0033372279694453347
2021-07-12,0.0038111496,0.025082745,0.0020150975,0.046878575967569835,0.024176076,0.0028854203,0.0032204862,2.581755147896171,1.7496188987475574,0.13380282239553004,1.1540575440878855,0.003521774748345095,0.0037008511934145728,0.02487564508595968,0.024758046975190427,0.024036544613515846,0.02416187389662633,0.0029623939672712603,0.0029392658118102205,0.0032796291730311567,0.003329410123845107
2021-07-13,0.0031771176,0.024200499,0.0009519469,0.20728955770499113,0.023538725,0.0035542427,0.0027472563,2.6624479748769367,2.0429997490228224,-1.3431420713470295,-0.9865504327400075,0.0034506721509173152,0.0036657783185077087,0.02473636281546018,0.024720709659085884,0.023933844782058483,0.0241201435093698,0.0030844920419147268,0.0029804489718142373,0.003169800931158698,0.003290425024385701
2021-07-14,0.004769367,0.026103992,0.0017631626,0.1951861397837683,0.024079584,0.0031210585,0.0029966484,2.412061922506945,1.9879950743839416,-1.2222832098386887,-0.35088392096422083,0.0037227182388881058,0.00373968236218847,0.025018503999999483,0.02481334394032963,0.02396391062050314,0.024117427332588825,0.003092035674030887,0.0029898651683718715,0.003134079661030907,0.0032707516846336494
2021-07-15,0.0039885696,0.024934964,0.0010472485,0.1052744414308906,0.023864781,0.0029809494,0.0032368551,2.3971960398249146,1.478560889518184,-0.7180121180202197,-0.23999341502103297,0.003777563235340885,0.003756349596108105,0.025001269794443205,0.024821488488937872,0.02394346033178451,0.02410050839590871,0.003069118625288406,0.002989268103166453,0.003155282189811912,0.003268481734938283
2021-07-16,0.002580829,0.025598308,0.0013717307,0.16673242317176218,0.024350781,0.002330785,0.0031456873,2.408345801179766,1.8800951032924786,-0.47629627165806726,-0.1224504656553413,0.0035306775847729803,0.0036776284960366268,0.025124438476966167,0.02487350977249729,0.02402749037009349,0.02411726840308311,0.002916800769979341,0.002945171454182123,0.0031533027653947057,0.003260258557774852
2021-07-19,0.0038957105,0.02483985,0.0013967936,0.08656698989153289,0.024677888,0.003378566,0.0032184473,2.7063774267921676,2.6438821737872504,0.4417533307195476,1.4365664943983851,0.003605983673951672,0.0036922327924451877,0.025065728053274984,0.02487125568777697,0.024161666968053344,0.02415481139083781,0.003012062671121636,0.002974194582956553,0.003166742053546982,0.003257458584521331
2021-07-20,0.0044663744,0.024517773,0.0018063141,0.12980522150942875,0.024243757,0.003928355,0.0031321105,2.845550647383169,2.3777204084399437,-0.6140281974841589,-0.7672937980586116,0.0037834818291590695,0.003744074740346668,0.02495268515608432,0.02484758399083297,0.02417860212501983,0.02416076782081903,0.003201093284506021,0.003038091847749551,0.0031595975743424756,0.0032490643957123226
2021-07-21,0.004321391,0.025464198,0.001922427,0.07429831257444353,0.02449022,0.0035378363,0.003121439,2.887978980404857,1.4440338785835767,-0.35091128722234927,-0.3982430973524605,0.003894452255329144,0.003782735898500561,0.025058209908497324,0.02488887676100611,0.024242888826140233,0.02418283027931339,0.0032705631815332778,0.0030715582354837174,0.0031517254602825566,0.0032405176981861613
2021-07-22,0.0033204453,0.02499425,0.0014504204,0.09033321317429432,0.024000067,0.0034845418,0.0033544635,2.6352102849870547,1.3600576513388423,0.4660888620496828,-0.5751524113255031,0.003776034923724673,0.0037517776805202443,0.025045015092844496,0.024895933317506714,0.024192794865558313,0.024170591186909535,0.003314706854489071,0.0030992145082127196,0.003193550209888323,0.003248148307222039
2021-07-23,0.0035407476,0.024307355,0.0014442519,0.1460382160598358,0.024015222,0.0031860927,0.0032428799,2.637863201146146,1.725257309611043,-0.6967402888747923,-0.4612971493285022,0.003727495265614146,0.0037376456250651324,0.024892836262419733,0.024856518007401886,0.024156161624141515,0.024160186560163242,0.003288173824539498,0.0031050324816200123,0.0032037268934708655,0.0032477954959523893
2021-07-26,0.0037644452,0.024394672,0.0016430403,0.05460316714936986,0.0242834,0.0027933721,0.0036769728,2.4122374137113516,1.0587478585712313,-0.2528097634705157,0.6871252789922951,0.0037351180166061205,0.0037394403120900657,0.024790065312201313,0.024825589586291268,0.02418241079401537,0.02416843778260157,0.0031860964979080883,0.0030841615210900203,0.003301357278704976,0.0032765362172853555
2021-07-27,0.004142961,0.0252181,0.0014383958,0.09553140847261687,0.024690894,0.0033847615,0.003327181,2.1299502533509687,1.0458125059315604,-0.3809866948995354,-0.8362586691784996,0.0038192558093882696,0.0037664628853562184,0.024878368510235508,0.02485187479134099,0.024287310696541622,0.024203425139991158,0.0032270809858782746,0.0031042918032440424,0.003306684718861088,0.0032799277533818623
2021-07-28,0.003242103,0.024653986,0.0022096038,0.14823306442594475,0.023902463,0.003525397,0.0038610955,2.157656031113064,1.4346756556396323,0.7976781306431688,-0.38101126510002636,0.0037001894713203564,0.003731348066936551,0.024832078536279143,0.02483862277743091,0.024207916776955194,0.024183270592112265,0.003288623431308011,0.003132491961319154,0.0034210593762389265,0.0033188468203593333
2021-07-29,0.0036527812,0.024365066,0.0018476628,0.15723028095508906,0.024590548,0.0034925896,0.0040132934,2.5471159809663555,1.358403376460926,-1.2041695726002084,-0.220196121805047,0.0036904091798044525,0.0037260866821141056,0.024735734017157927,0.024806910071217863,0.024286853423394962,0.02421054475029754,0.0033307015393257973,0.0031566066212157,0.003543236948530239,0.003365351831859439
2021-07-30,0.0034653351,0.024541717,0.0010547987,0.11399313729984484,0.024115186,0.0026168926,0.0033425777,2.3163066204204195,1.6102415852777139,-1.157285460457484,-0.3611097831469826,0.0036439765191679887,0.003708624929890049,0.024695708413242323,0.024789150886090534,0.024251438562335022,0.02420415887242443,0.003183443124151701,0.0031204635856976687,0.00350184105562485,0.003363826717846623
2021-08-02,0.0033822085,0.024735881,0.0012007635,0.07708882202722322,0.024723839,0.0033357951,0.003214871,2.4810031015866216,1.924611789207781,-0.3423794688315784,0.6925043428954827,0.003589973919506718,0.0036867657996924896,0.024703995999990607,0.024785583562226474,0.024348894527196945,0.024238960296914948,0.003214873263327526,0.0031348836952109762,0.003442639293416282,0.0033538516020559916
2021-08-03,0.0044292603,0.025175462,0.0023146386,0.11502111229077816,0.02458814,0.0020604557,0.0035380784,2.3652259327559704,1.3924638086281758,-1.098637750243192,-1.3214744298266128,0.003763118251916177,0.003736488433089582,0.02480125909406368,0.024811692524437764,0.024398250686223966,0.024262343798812282,0.00297671753459826,0.003062932468958192,0.0034623283300076048,0.0033661887193017345
2021-08-04,0.0036351392,0.024496697,0.0018699843,0.15023552489609493,0.024354557,0.0038942809,0.0041376497,2.4637802932331363,1.6513678729565642,-0.9291126836002087,-0.7413651239752194,0.003736716241761895,0.003729701378445018,0.02473842807143654,0.024790598209080354,0.024389236614147006,0.02426851901260362,0.003166010369120389,0.0031186053847082652,0.0036016467665214084,0.003417851151082987
2021-08-05,0.004661381,0.025553748,0.0012980652,0.24423024919171232,0.024221437,0.0020785723,0.0038279544,2.877308662576436,1.5317129576333015,-0.36118466674090294,-0.7767211647435451,0.003927474049434888,0.003792093160746841,0.024906628146244683,0.024841704068363637,0.02435461965271376,0.0242653660745422,0.002941672464992484,0.0030489574795294194,0.0036483339142633787,0.0034453145394698253
2021-08-06,0.004297742,0.024665514,0.0018398709,0.17432969910169427,0.024797808,0.0025428203,0.0033326459,2.497284347734208,1.8869880635256029,-0.8369139833975207,-0.6427756679110868,0.00400386016474421,0.0038259549611875136,0.024856886426184183,0.02482990514704728,0.02444604925382295,0.024301022142846622,0.0028593894717944732,0.0030150629863061255,0.0035832076357796786,0.003437769455403598
2021-08-09,0.0038185276,0.024569241,0.0019239581,0.08037928623109003,0.024235424,0.0032321142,0.0033290687,2.4784349544595776,1.8761255063180722,0.4877297483435592,-0.14193767424801448,0.003965626146392257,0.0038254575705196775,0.024797545394143826,0.024812449271006874,0.024402597303430768,0.024296629208310144,0.002936282397458037,0.0030295982601081703,0.003530778897748457,0.0034304900879929354
2021-08-10,0.00249455,0.024748364,0.0007771391,0.1330362757989637,0.024682105,0.0027536121,0.003701357,2.8012165739396773,2.2345501268192933,-1.230936625376898,-1.3303804670460286,0.0036621439270897254,0.0037363306771538013,0.024787399394009774,0.024808157703156752,0.0244602595091292,0.02432244334129438,0.002898597615239141,0.0030111162939080328,0.003565969057753459,0.003448629230637043
2021-08-11,0.0036835014,0.025253177,0.0016089638,0.10279300635939048,0.024672879,0.0031139795,0.00395033,2.393449414038178,1.1935328295194492,-0.7048939026908615,-1.2745291387352693,0.0036665499602228854,0.0037327928577587065,0.02488348900500533,0.024837959293357907,0.024504122778896208,0.024345910962730585,0.002943030779354259,0.003018004733340386,0.0036452625103624062,0.003482226627835074
2021-08-12,0.0036031574,0.025017042,0.001792877,0.07072586512080237,0.024711968,0.0037677784,0.0036604381,2.392628791416039,2.239665454837526,-0.9479469054594181,-1.0151740607091593,0.00365347209900963,0.0037241115559161074,0.024911040858417898,0.024849951907269643,0.024547001216509517,0.024370424732705554,0.003113175779373515,0.003068214832718539,0.003648393229955316,0.0034941609181141017
2021-08-13,0.0030667682,0.024966996,0.0009049453,0.22721081497561835,0.023743445,0.003419128,0.0031545155,2.2191803632206604,2.171740332646333,-0.966657286919768,-1.1947732486835225,0.003532435387312999,0.0036800912359130013,0.024922584408348367,0.0248577900109424,0.024381228002778987,0.024328437779235112,0.00317629356440448,0.0030917144386841764,0.00354650651849361,0.003471415881971314
2021-08-16,0.0037501864,0.02437976,0.0013622226,0.11462591037076086,0.023990458,0.0024966195,0.0032842131,2.3448025045704752,1.2489761922157285,-0.3903067175080539,-0.788101780268868,0.003577357309487274,0.003684785300265476,0.02481060002397912,0.0248257777729575,0.024300612331476262,0.02430580427629635,0.003036077157465521,0.003051862709282066,0.003492395531060674,0.003458879473907086
2021-08-17,0.0030524305,0.024857474,0.0015374892,0.15177093038450196,0.023851255,0.0019405014,0.0035234704,2.1220995522054253,1.4253742364655653,-0.8904644181307239,-1.423383708780085,0.0034690651765885753,0.003642438388341047,0.024820270201870342,0.02482790040734292,0.024207910141050455,0.024275364468045745,0.0028100604525137167,0.0029774381662849786,0.0034988062536251367,0.0034632049328742758
2021-08-18,0.0037994839,0.025083357,0.001885555,0.13387433963619877,0.0240344,0.0027210522,0.0032558076,2.886381728620566,1.5342292552982595,-0.8021652536078753,-1.1108755873576597,0.003537230381005761,0.0036529552550121735,0.024874544966544215,0.02484500760250249,0.02417211499515918,0.024259227767618557,0.002791698086764151,0.0029602687618411542,0.0034486757513150354,0.003449316151370293
2021-08-19,0.0040372144,0.024720635,0.0015968735,0.23231248314091557,0.024571821,0.0037504055,0.003638449,2.365833006757866,2.517913231691549,-0.046430674874468274,-0.9864716982620126,0.003640376830029573,0.003678687943312079,0.024842793476092792,0.02483667875913187,0.024254574153020066,0.024280161207522365,0.002989478923327412,0.0030131818559521488,0.0034878258504539546,0.003461981805223508
2021-08-20,0.0037235594,0.02609454,0.0014142538,0.12828929798810074,0.02431916,0.0024237335,0.0031865074,2.336251661628483,2.8081023247547936,2.1793935537775484,-0.40120106368595265,0.0036575373577765217,0.0036816928529063036,0.02510102793804801,0.024920913902620995,0.024267898329806626,0.024282772888850526,0.0028727659344616897,0.0029737082610905973,0.0034256640091814955,0.003443534107283279
2021-08-23,0.0044984096,0.024833824,0.0017532464,0.07278935752611881,0.02415165,0.0030033244,0.003728456,2.3805956520813765,2.005037878741693,2.727338490740428,1.7469798607197728,0.0038310088534893893,0.0037363859284120955,0.025045904006340457,0.0249150817848903,0.0242439162214842,0.02427399193611315,0.002899700073518645,0.0029756915641106613,0.0034881298575776243,0.0034626144805614835
2021-08-24,0.004212396,0.025214542,0.0017315404,0.13139571587858845,0.023984373,0.0022010412,0.0031384309,2.4096111685733,2.3909745795292427,-0.4377936795313025,-0.5022357011691739,0.003909688866467437,0.0037682629135954242,0.025080693874556012,0.02493513571979172,0.024190372512150293,0.024254596996639587,0.0027555671167810224,0.0029238155470710974,0.0034159871429026677,0.0034409048747894157
2021-08-25,0.0033891452,0.025247745,0.0018664183,0.12403663678795929,0.02424953,0.0033725528,0.0040037963,2.424731694197762,1.4938186841213312,-0.15964308009663988,0.04210447205666918,0.0038023009917006376,0.0037428745376507223,0.02511515647840744,0.024956070242562793,0.02420257656062068,0.02425425763927457,0.002882850939663499,0.0029538661387970584,0.0035372518547474507,0.0034786000270005083
2021-08-26,0.0044177216,0.025271796,0.0016102204,0.09238818890725142,0.02381322,0.0023386567,0.0035693406,2.350406965575855,2.0468113761702953,0.2494558361429274,0.23433209579629652,0.003929261949346105,0.0037880670297853886,0.025147471065381562,0.024977213431277363,0.024122252453525714,0.024224722650607346,0.0027705839521896007,0.0029126674024309335,0.00354387173903643,0.00348467664945524
2021-08-27,0.0038512151,0.024513297,0.0014715391,0.056166564688537646,0.023778107,0.0027724775,0.0039332495,2.807801525963707,1.8753436987695458,-0.5571312953553489,0.29329104410666207,0.0039131609299712005,0.0037922958686290795,0.025016641244485736,0.024946146321163976,0.024051255431042976,0.024194814137710432,0.0027709745809136248,0.0029032793010641484,0.0036242001677813038,0.0035147162318094546
2021-08-30,0.0031082735,0.025068333,0.0016361912,0.05898754033747,0.023978261,0.0030613155,0.0034347377,2.731078736357079,1.73283367758132,1.300386044294161,3.4108555065095842,0.003747113075108037,0.003746488936419754,0.025027305303300423,0.024954328822463127,0.024036196775474094,0.02418031224045984,0.002830871761956489,0.002913862513233706,0.0035851141559210147,0.0035093603073609574
2021-08-31,0.0031538273,0.02515707,0.0019398417,0.11112547282696517,0.023905924,0.0028342884,0.0038873742,2.7758740809297926,2.2689078603858057,-0.9142573871685012,-0.1866779529207406,0.0036247185264433623,0.003706800157871293,0.02505407564811262,0.024967905778376757,0.024009321485845628,0.02416193725338658,0.0028315766132875025,0.0029085336731464744,0.0036474702413256035,0.0035346747660304715
2021-09-01,0.003053714,0.024716992,0.000985732,0.1188442974481968,0.024224224,0.0027127578,0.0027875016,2.6000639845862112,1.4220770239061549,-0.7437680608073416,-0.3133124678747942,0.003506920604441044,0.0036630649353311534,0.02498453545461423,0.02495110282864934,0.024053655672572626,0.024166108381613784,0.0028070643530195075,0.0028954231480785354,0.003470059152884794,0.003484638811030177
2021-09-02,0.0038517716,0.025225433,0.0010786315,0.13569578230512347,0.023972573,0.0027828861,0.0036722445,2.659635922119965,2.7822149552832123,-0.8172319602137796,-0.061866918467374195,0.003578063180861198,0.003675702055304403,0.02503423240686408,0.024969473872075987,0.024036928310108386,0.024153147879922468,0.002802076402322259,0.0028878868819330445,0.0035117698821874235,0.0034972022023169185
2021-09-03,0.0025735574,0.024804989,0.0014349589,0.1478504832375922,0.024569273,0.0035275395,0.0034421333,2.664992905370084,1.0205986371208773,-0.8716607570151084,-0.5069295424277542,0.0033708341729937756,0.003601894726912797,0.02498693958702221,0.0249584588039507,0.02414675073859568,0.024181014534025283,0.0029517390679813767,0.0029307225075285025,0.0034974038942167875,0.0034935144034182455
2021-09-07,0.00357958,0.025212806,0.0016875998,0.05381557998060449,0.024467725,0.0031361356,0.0034872082,2.794333597461655,1.2959960183554509,1.3008437900792378,1.8025036899268312,0.003413898325703124,0.0036004003758857575,0.025033535651078794,0.02497549165590872,0.02421296762317826,0.024200214696768783,0.002989779983337077,0.002944478410359177,0.0034953005195364796,0.0034930920931378054
2021-09-08,0.0039222753,0.024343263,0.0014522542,0.14126454371091013,0.02432592,0.0035851705,0.0035039273,2.6004263635618186,1.35417456595415,-0.9450380767464251,-0.835819681132344,0.003518776221406174,0.003621955374479351,0.024891132840063668,0.024933153218123807,0.024236269694577966,0.024208632822881115,0.003112608731449084,0.002987383642198731,0.0034970802120723094,0.003493817692016179
2021-09-09,0.0046960227,0.02453844,0.002257001,0.12545979036564403,0.02445891,0.003734464,0.0038992588,2.2578659054917805,1.047953501929792,0.19810106436189945,-0.5446482176936792,0.003761641554676718,0.003693882451439602,0.024818372622605,0.02490672049688367,0.02428220015019892,0.024225393097025223,0.0032408971583651382,0.0030374133827700774,0.0035800494420387104,0.003520968869741668
2021-09-10,0.0035273284,0.02417224,0.0013223967,0.08955205131616939,0.023804972,0.0025363653,0.0030932298,2.544023478971116,1.8310081933541802,-1.0664137036707704,0.5355230362163088,0.0037133028683358597,0.0036827288229923016,0.02468507598152851,0.02485753459337429,0.024183748223154614,0.02419723875039816,0.003095552605874456,0.0030038596913491973,0.0034796188141104924,0.0034923244664886778
2021-09-13,0.0036126077,0.0249744,0.0012257844,0.07199950969569568,0.024108065,0.0032534967,0.0033653656,2.3406815430857453,1.2883901785643275,0.09070286609652073,2.687697151837702,0.0036925295116853668,0.00367803302232829,0.024744763410997718,0.02486536073194206,0.024168134874314785,0.024191267070670933,0.003128136393060057,0.0030205771362029877,0.0034560484269565935,0.003483822408022686
2021-09-14,0.003477069,0.024565471,0.0010568703,0.16734589773176267,0.023678025,0.004400688,0.0025820765,2.4355347876870503,1.7564210638584066,-0.8468786611831434,-0.7277797693020851,0.00364808013870037,0.003664575068542759,0.024707775550281127,0.024845278036242428,0.024067025512640415,0.024156896800034314,0.0033906631663462024,0.003112999047068884,0.003275748472199771,0.003423435180246457
2021-09-15,0.0032255044,0.025090046,0.001509609,0.15568938984081115,0.024240974,0.004689369,0.0031342818,2.4043007797428104,1.753013787531316,-0.38248083539507877,-0.4005118603529327,0.003560902990344526,0.0036351718207525787,0.02478663778981546,0.024861669429742956,0.024102911063583133,0.024162527221154657,0.003658585473008085,0.0032185638193474404,0.003246563980422341,0.0034040714460747573
2021-09-16,0.0032672007,0.025555084,0.00063674647,0.2509767862056612,0.023973254,0.0038896245,0.004096443,2.3256392292744863,1.5917696790798401,0.0839087062629841,-0.3846505733155621,0.003500312354837585,0.003610529893163077,0.024945167741445916,0.024908105297540218,0.02407616298001451,0.024149852192359208,0.0037062487017343894,0.0032635027452971492,0.0034218935407983333,0.0034504374866390036
2021-09-17,0.002298001,0.024757592,0.0013256045,0.30152862717669726,0.024118721,0.0028407548,0.0033489966,2.431062624366437,1.3760066917924672,0.32043126240670267,-0.38639943283513545,0.003252276147950196,0.0035226337574652392,0.024906470966198403,0.024898025872773465,0.024084942777236377,0.024147767462025255,0.0035276977668700243,0.003235192580659834,0.0034068549464305624,0.0034436442959298263
2021-09-20,0.0039259978,0.024790768,0.0018386199,0.0634805755097636,0.024540452,0.0033868328,0.0035513532,2.3959360371915324,1.5842728702052635,0.2517721447699875,1.490197944336026,0.0033912645629480373,0.0035496458382960378,0.024882601418539676,0.02489084310579169,0.024178914149427556,0.02417406438999599,0.0034986373928687945,0.003245347470749541,0.0034366648673169044,0.0034508572413505536
2021-09-21,0.0037952338,0.025044452,0.0017058507,0.1621712462747089,0.024578614,0.0028812375,0.0031706581,2.429049163279564,1.3391603816186972,1.3106531374462644,-0.2721258115800938,0.0034746032015884223,0.003566092128600229,0.024915991190680786,0.024901129860631033,0.024261372051459142,0.024201155877895657,0.0033712681276615018,0.0032209641178371578,0.003381787818517525,0.003432093145476877
2021-09-22,0.0033434224,0.025698269,0.00046082822,0.1351215379862557,0.023522237,0.002999047,0.004097749,2.423852602072242,1.6999464645744014,1.4131429337078125,0.1533825138288783,0.003447540677717926,0.003551180605109939,0.02507737464714457,0.024954511869797427,0.02410888894426041,0.024155690732800234,0.0032944791151744046,0.003206102995694093,0.003529490236448658,0.003476670127621256
2021-09-23,0.0037337479,0.02428629,0.0015537277,0.15613696546413502,0.024311015,0.0035141876,0.0032249985,2.407515845385506,1.3248676558491983,0.48859822126384117,0.3891327658691335,0.003506585071273847,0.003563406588789588,0.0249141744306493,0.024909763092423383,0.024150587522135194,0.02416609235992513,0.003339804868964445,0.0032267345028979964,0.003466673747191096,0.003459816430245572
2021-09-24,0.003046167,0.024416078,0.0010909446,0.23734962551148187,0.023798948,0.0034841418,0.0032846138,2.7040202424190176,1.8276655057095785,-0.14250579374499575,0.04183206280497115,0.003411601082482943,0.003528768606433544,0.024811417374664437,0.024876702470762256,0.024078044505415383,0.024141505810769917,0.0033695814978052623,0.003243972298206427,0.0034291148830035705,0.0034480836365464985
2021-09-27,0.00368479,0.024760175,0.0013189577,0.05607909967851843,0.023674877,0.0024921743,0.003291471,2.684548895817906,1.2284418936622763,0.5914317642003614,1.5906140187026931,0.003467959834442569,0.0035392168995482813,0.02480084620211848,0.02486889900787992,0.023994871335471245,0.024110257099389056,0.0031885728489037925,0.00319362663351371,0.003400719007893397,0.003437595752100435
2021-09-28,0.0037212656,0.024621952,0.0014925193,0.1607893472464501,0.02373087,0.002851489,0.003431462,2.774185403290561,0.7500223929738304,-0.5804899303765109,-0.620393193153098,0.0035202166781575324,0.003551408155605575,0.024763940489386075,0.024852361727284618,0.023940408068201347,0.02408485070281406,0.003119032628180309,0.0031707146997161212,0.003407061267754045,0.0034371849920196746
2021-09-29,0.003364847,0.023979375,0.0015632266,0.14169393281685116,0.023822118,0.0038799355,0.0032216166,2.419674132401037,1.4831814589663093,0.029814913490966502,-0.3006332579686297,0.003488164003871393,0.003538914715909515,0.02460208507024533,0.024793900427030592,0.023916004806183506,0.02406725625268439,0.0032760064864228787,0.003218209093755476,0.003368804133351359,0.003422749022665281
2021-10-01,0.0037217215,0.025697216,0.0015068365,0.17236025841887515,0.02439009,0.0048171673,0.003871859,2.3340378222484475,1.948496797513356,0.1261207476887714,-0.5309040688626637,0.003536346786359651,0.0035511567373816607,0.02482801008581159,0.0248543927948724,0.024013808385310975,0.02408887548017887,0.003593947151020024,0.003325286541284822,0.0034725840983226295,0.003452824577752908
2021-10-04,0.0033116557,0.024822965,0.0014052414,0.0880688197831313,0.024019254,0.0030350254,0.0037039497,2.2308332790056284,1.1432831211693781,0.3642032558019131,1.4788923783344126,0.0034899931369286124,0.0035351180705208477,0.024826969341791454,0.024852288187167944,0.02401493188940219,0.024084213162806352,0.003478641895668541,0.0033058486235442875,0.003520314708538315,0.003469641678628912
2021-10-05,0.002761407,0.023909606,0.0011311292,0.11692062457957397,0.024452886,0.0037387821,0.0033036976,2.3641482864748107,1.3186474117807307,-0.4660693918993886,-1.0081372123269055,0.003339686211827595,0.0034833049585185037,0.024637717775052206,0.024789159583808576,0.024105281512191837,0.024108902053888267,0.003532308690371786,0.0033348408857214883,0.003475626705881222,0.0034585288978053108
2021-10-06,0.0029431295,0.023574872,0.0013070311,0.1444418150864376,0.023635343,0.0027186165,0.003354137,2.336106994682454,1.6084397657625153,-0.4561530966869605,-0.6432164762708837,0.0032578767731428603,0.00344713102478976,0.024418453238816258,0.024707842373049682,0.024008333385959316,0.024077189201778478,0.0033644444215110572,0.003293574182724604,0.0034505634568461614,0.0034515380890469205
2021-10-07,0.0040783505,0.024367008,0.001578427,0.20096000710307416,0.023975048,0.0025422946,0.0029492127,2.521623452338071,1.365656543075402,0.0517608548599718,-0.3449742073214975,0.003427140070518714,0.0034894019044300955,0.024407840187012593,0.024685017738695386,0.024001466672532255,0.02407034912539868,0.003194835337903406,0.0032432632339961377,0.0033471350548266937,0.0034178988589791187
2021-10-08,0.0021743844,0.02477331,0.0021160494,0.2543420085095248,0.023605336,0.00241083,0.0036533459,2.309269859390847,1.0998091836482806,-0.7250684778718528,-0.2634412514074717,0.003168697240051216,0.003401339117844623,0.024483236596667134,0.024690930465562165,0.023919745020784915,0.024039208554266694,0.0030330954487697184,0.0031875176704731605,0.0034103061833677755,0.0034336660404500736
2021-10-11,0.003530868,0.024799164,0.0015981297,0.06508630668842097,0.02376345,0.0025804131,0.0034547667,2.5486242427957055,1.7686865146864936,0.12378971179356185,1.2898564865195035,0.0032434128971945086,0.003410013286039541,0.024548412333145416,0.02469817856733461,0.02388750141186001,0.02402074181962801,0.0029397073243422004,0.0031468616955183837,0.0034194783649568756,0.0034350790886244335
2021-10-12,0.0035507064,0.025288638,0.0014843235,0.14772808055432662,0.02392402,0.002960693,0.0033219128,2.9950493227653743,1.7045238323089684,-1.180028553623911,-1.0806572667069785,0.0033068073916426967,0.0034194350850868787,0.024701120442653778,0.02473771985091051,0.023895035009805728,0.024014264594316354,0.0029440366769973155,0.00313439454101434,0.0033993506480937265,0.003427500683370903
2021-10-13,0.0041343602,0.02519494,0.0012962477,0.10809782891750008,0.025022965,0.0025488208,0.003992862,2.491626430058484,0.9356265118126793,0.33117464458363444,-0.6202591225305693,0.00347753110798572,0.0034673114836640106,0.024802994997899144,0.02476833846466578,0.0241277263579492,0.024081814237869533,0.002862503850441216,0.003095180419665757,0.003521791741866889,0.0034653612440079347
2021-10-14,0.0036968912,0.024188902,0.0011474439,0.1588108103924687,0.024474006,0.003715644,0.0029942582,2.5100477439188604,1.6272120385688154,-0.2599264836429701,-0.02612409000167842,0.003522784989153116,0.0034826857535756863,0.024676307982692863,0.024729535353372804,0.024199163696126142,0.024108078156713397,0.0030385061922900422,0.003136731002272998,0.003412961847503103,0.003433812881774614
2021-10-15,0.003236703,0.024478044,0.0016569649,0.08592769965493097,0.024393678,0.0027632576,0.003209259,2.3247718886694235,1.7270912709510373,-0.6763416318954782,-0.5153643260488151,0.003463766447751255,0.00346621303173433,0.024635406301795573,0.024712693753949858,0.024239291835183772,0.024127203904514994,0.002981722551399928,0.003111720605432579,0.0033709380356220183,0.0034187751730664372
2021-10-18,0.0029293299,0.024360038,0.0017227632,0.09275395528794572,0.02444456,0.0036168024,0.003051158,2.3636675226989836,1.0606405178275289,0.8882344247890852,1.2027332988411634,0.0033535124633060098,0.0034302595726414514,0.024578598036135237,0.024689077475865427,0.02428163846483434,0.024148456265325642,0.0031127391889669022,0.0031455444218683026,0.0033049675908815787,0.003394156953456188
2021-10-19,0.00430719,0.025681686,0.0011023162,0.20316783003223016,0.023530833,0.0033575322,0.0032884958,2.1971905522997743,1.6867552327746007,-0.9741720505942145,-0.6174465700314085,0.0035502556284930016,0.0034889849770660406,0.024806164431970562,0.024755549476285832,0.02412674777964383,0.024107095911225777,0.0031632398586611747,0.0031597406092899313,0.003301569473215832,0.003387081143438846
2021-10-20,0.004877921,0.023610925,0.0015273888,0.2657212368999572,0.023594353,0.0028631543,0.0033701737,2.402967987423166,1.665305103534824,-0.20111415609600844,-0.4058560343258476,0.0038241523362927223,0.003581997880449451,0.024559587228115732,0.024678897419513197,0.02401691508843017,0.024072759075655918,0.003101332361815632,0.0031398791101286353,0.0033157224976021874,0.0033859489052854744
2021-10-21,0.0035151048,0.025059402,,0.27639041359382954,0.024193207,0.004233788,0.003630014,2.654342167014595,1.4885853998870513,-0.2670277285941961,0.05263432724099643,0.003760395984519829,0.0035775182485011355,0.024662698750388064,0.024704378672237175,0.024053283976215162,0.02408082509956608,0.00333495731637316,0.0032131349004507494,0.003380560649347864,0.0034022932080933705
2021-10-22,0.0041653244,0.024491437,0.0020829504,0.10906953238593342,0.02441,0.0035673995,0.0031826498,2.5581468582039504,1.12120813442931,0.006482411362979802,-0.27828148294668403,0.003843932500033931,0.00361688186685028,0.024627367495874738,0.02469011859070401,0.02412687431892774,0.02410286896265925,0.0033829100077436293,0.003236858938013892,0.0033397317545619375,0.00338758434915545
2021-10-25,0.0037809198,0.02475781,0.0011078648,0.056085841003823744,0.024423296,0.0034347745,0.0031326832,2.467041153859928,2.751794919885414,1.3719925931785526,1.1065919836272657,0.003830933018453883,0.003627866998226055,0.02465427770286829,0.02469465167766432,0.024188025879902632,0.024124326978137142,0.003393609618172938,0.003250112748842088,0.0032970177518126063,0.0033705143834152516
2021-10-26,0.003306926,0.024480576,0.0008352181,0.12420580588377594,0.024324993,0.003237647,0.0025222183,2.432705067368788,2.1931254868608354,-0.7314512649242616,-0.7507803625148954,0.0037228306451915203,0.0036063745393652715,0.024618443070140328,0.024680315649563918,0.024216282056989287,0.02413776495933014,0.003361434612990702,0.003249277955230244,0.003137177027062294,0.0033137065306735733
2021-10-27,0.0034024308,0.024816914,0.0017024872,0.08480096483815214,0.023958124,0.003003379,0.00301666,2.2074360074360384,0.9272634949895787,0.2037457597696624,-0.37942135302214774,0.003656732325033961,0.0035927170370439973,0.02465938742166463,0.02468946320099457,0.024163024231081905,0.024125734956443944,0.003287567948416317,0.0032328108443240044,0.0031123144256967007,0.003293814212467179
2021-10-28,0.0042790705,0.024513526,0.001549134,0.18184398241110644,0.024308233,0.003001229,0.0037013127,2.296173850902113,1.5038125781796687,1.2758379778471758,-0.47735903118090706,0.0037851203701648782,0.0036386800774708054,0.024629296264057264,0.024677681205487953,0.024192980639264155,0.024137956277052047,0.0032284963546198114,0.003217302494714685,0.003233824459940851,0.003321103167149714
2021-10-29,0.0042330804,0.025312318,0.002092399,0.22112999548055345,0.024757685,0.0029049155,0.0036685246,2.175118287804949,2.0486076321003632,2.652479453513492,0.10665092688987751,0.0038775342944957214,0.0036784852907814913,0.024770203193052433,0.024720180901956264,0.024309478880694013,0.024179457665046918,0.0031617417911409384,0.00319638287110216,0.003323502861468298,0.0033443689383526364
2021-11-01,0.0039775097,0.024968902,0.0014860388,0.06597072435420193,0.024418015,0.0021577291,0.003049018,2.1704661987475573,1.040708611545668,2.8559678666193804,1.9912555047530531,0.003898159164174027,0.003698510059661024,0.024811194580026424,0.024736836986336382,0.024331869831827828,0.024195433138326037,0.0029546145049858426,0.003126827336498988,0.0032668767983794283,0.0033245901758804323
2021-11-02,0.0039100633,0.024574284,0.0006483676,0.18230666155948316,0.024457872,0.0029780136,0.0034430139,2.3324655557419507,1.4071944389154076,-0.6113447037308052,-0.31574860826226187,0.0039006149811916663,0.0037126771473160887,0.024762319950983554,0.024725951266340744,0.024357863995086274,0.02421300787803163,0.0029594417250650112,0.0031168617254504994,0.003303213784986824,0.0033325206568538893
2021-11-03,0.0037145307,0.025295228,0.0020484198,0.12203770303580208,0.024555063,0.0042278687,0.0029244686,2.271683312831071,1.0054839619977207,-0.7076011675791662,-0.5460361478431692,0.0038622258977918313,0.003712801276120155,0.02487225855292804,0.0247640740105138,0.024398546020320284,0.024235914277918644,0.0032211175525107658,0.003191262542063003,0.003225078852769559,0.003305194631384302
2021-11-04,0.0030975153,0.025447601,0.0012647612,0.15518617364437315,0.024202785,0.003457275,0.0030946217,2.0606425468924585,1.8115061057285313,-0.745681387859624,-0.16169433993395207,0.003704466507902608,0.003671597416316519,0.024990951490482295,0.024809847798504092,0.02435816052646644,0.024233695677365257,0.0032698367069134556,0.0032090765996763094,0.0031981656110121395,0.003291093192184256
2021-11-05,0.0041945158,0.024917185,0.0010546141,0.1460101580656027,0.024136351,0.0036081623,0.002830053,2.365862080108027,1.1837406326068425,0.9755511703563599,-0.2750664263865111,0.0038055634102874833,0.003706615693280221,0.024975733565536715,0.024817035870313756,0.024312401424774855,0.02422717682375724,0.0033396330951071074,0.0032358021739443466,0.0031222241690936165,0.0032602187084702625
2021-11-08,0.0031290094,0.024854722,0.0016124977,0.10200781359404476,0.024405349,0.0029512867,0.0031933791,2.3136060306151767,2.0720186620525967,2.844298486202939,1.4865165679020522,0.003665990671810377,0.0036679351270967925,0.024950768840370095,0.024819559564294314,0.024331576470142963,0.02423910848447153,0.0032595174448994675,0.003216749026012795,0.0031369034036048318,0.0032557426629901513
2021-11-09,0.002964662,0.024486309,0.0014596453,0.10631367219083232,0.024569836,0.003337652,0.00266711,2.507220113484081,2.1210938103861237,0.19183283973218862,-0.8481945876654973,0.003521306919675359,0.003620839024439619,0.024854951002560566,0.024797242765403595,0.02438072918553517,0.0242612562842456,0.003275636553612493,0.0032248455336038174,0.0030399852607455734,0.003216323690960364
2021-11-10,0.0040179323,0.024919286,0.0021107849,0.1791851572435399,0.024875956,0.0024123355,0.0029199931,2.503069458651965,1.9644062364177952,1.3135782532395919,-0.42226868521031397,0.0036237604827749725,0.003647431175897095,0.024868223355081175,0.024805415660524056,0.024482894145946066,0.02430242086228764,0.0030975379965172225,0.0031704341660677947,0.0030152309473878394,0.003196479319809455
2021-11-11,0.0028242946,0.02497559,0.0014930572,0.14710331468797022,0.024027253,0.0024625554,0.0031448656,2.192624635283288,2.084371657737381,0.4981580130731479,-0.3140976630017375,0.0034588310944858366,0.0035923081827683567,0.024890373121593683,0.024816811754268343,0.024388895528446256,0.02428399366491546,0.0029665414252852706,0.0031230296441905002,0.0030419745127280304,0.0031930229049212536
2021-11-12,0.003473585,0.024840536,0.0016098346,0.1614928187160416,0.025408614,0.003483343,0.0030919197,2.289626676473861,1.5093656755139377,0.7212777569051928,-0.5934011679877078,0.0034618748186398584,0.003584357646774861,0.024880091666280153,0.024818400468979242,0.024599263000831286,0.024359306152997896,0.003073157305554756,0.0031471587475948213,0.0030522781789108916,0.003186252325845196
2021-11-15,0.0038418223,0.025330152,0.0015082911,0.057845246526682215,0.023918884,0.0035372875,0.003351907,2.3533907728260566,2.1464463677396663,2.108350366338256,0.9410958360751533,0.0035402577776875825,0.003601599282272971,0.02497293895120309,0.0248526709623694,0.024458901145043455,0.02432981239058066,0.003168907114345089,0.003173284501046736,0.003114091449780204,0.0031973457246807983
2021-11-16,0.004065558,0.02546641,0.0018333906,0.1301082724944106,0.02359558,0.0021740452,0.0029550302,2.82493355430131,1.915774638332644,-0.2533182134664616,-0.3513509106551869,0.0036486269060301488,0.0036326691995149252,0.025074741860441164,0.024893771259375492,0.02428079861838414,0.02428064309952767,0.002963667623062891,0.0031063684337862556,0.003081277194362781,0.003181118577833279
2021-11-17,0.0034606687,0.0247443,0.0015765448,0.07748974320901936,0.023949083,0.0031163048,0.002924745,2.5387098933084533,2.686119431406591,1.9211849292960954,-0.1748986071428576,0.0036098512323308493,0.003621150842342206,0.025006571913867726,0.02488376162778433,0.02421236584857919,0.024258439507573223,0.0029951565827560536,0.0031070338393824554,0.003048984679036411,0.0031639500043411993
2021-11-18,0.0039149416,0.024474243,0.0017481552,0.1355444831658157,0.023747299,0.0034416325,0.0036752648,2.471279322245376,1.6602779904518505,0.6990669095865153,-0.6386198531035974,0.003672791208091794,0.0036408251283488904,0.024896752677482217,0.024856337370423965,0.024116422774796236,0.024224209947937288,0.0030872643280903497,0.003129440910215392,0.0031781859328071497,0.0031981912247162187
2021-11-19,0.0021939974,0.025103092,0.0019281824,0.1266633404179287,0.024371408,0.0028305468,0.0032337692,2.436632498506229,1.2570620004524442,3.3425490478154987,-0.6032883420250232,0.0033677168194374096,0.0035439354023644736,0.024939320411126738,0.024872861802756163,0.02416902607738848,0.02423406735618551,0.0030343036401584795,0.003109424866808044,0.0031896527336675584,0.0032005737759615354
2021-11-22,0.0025428631,0.025026781,0.0013570933,0.0671514531505889,0.024257842,0.0031328853,0.0033297858,2.652465872632671,0.837188682824515,3.7099315677337685,1.6815885688994876,0.003197549938052402,0.003476896587316381,0.024957363584557347,0.024883169343385126,0.024187348848617445,0.024235659503183533,0.00305464098926478,0.0031109959433077436,0.003218562106083554,0.003209226716896289
2021-11-23,0.0035316052,0.025121475,0.0019730786,0.1431995606575034,0.02389111,0.0031730302,0.003810384,2.4579330272328965,1.343485548702748,-0.9516851438882867,-0.4324052376684025,0.0032664653707433983,0.0034805602619960773,0.02499121960868268,0.02489912793610535,0.02412623492443416,0.024212586051892613,0.0030790646241360665,0.0031151501928639285,0.003340654667590926,0.0032494844269817715
2021-11-24,0.0034069205,0.024748249,0.002093382,0.08014699174983897,0.024437724,0.0025989232,0.0033598342,2.496675697836646,1.7266020097504688,-0.09749471058119813,-0.051902675669646764,0.003295441183904227,0.00347562882544216,0.024941094895670517,0.024889024023738042,0.024190494891143784,0.024227662845428575,0.002980011693735512,0.0030805800131435516,0.0033446113946073424,0.0032568742210253424
2021-11-26,0.0034606797,0.024582475,0.0012644266,0.15161736609169696,0.024303952,0.0034361172,0.003549198,2.3857917892283558,1.5361818965959015,1.1052821457160573,0.3564124888204183,0.003329529796452879,0.003474627725151704,0.024867111887254427,0.024868495381052475,0.02421390108088633,0.02423277171742497,0.003074106019810949,0.003104389274956861,0.003386817487502105,0.00327645026475099
2021-11-29,0.0034015486,0.02544945,0.0014852948,0.06596361949629503,0.024911638,0.0025629972,0.0038590608,2.436499038192008,1.5416123316485337,0.30778777133790586,-0.16501494772682326,0.003344387238091923,0.0034697338348721575,0.024987247767842932,0.02490740012012545,0.02435784391236026,0.024278233384906766,0.0029686645317345147,0.003068133864894217,0.003484241037875042,0.0033154659504984886
2021-11-30,0.0038328178,0.024625422,0.001571302,0.22686152561341988,0.02403863,0.0022977549,0.0038927088,3.2661640336709863,3.0393604660450597,0.22607202002859547,-0.8209710670050848,0.0034451502011822034,0.0034940484802391306,0.024912603391583066,0.02488851691796654,0.02429199016893533,0.024262187836641424,0.0028302562204038264,0.0030165438878977918,0.003568507722889371,0.003354122177460202
2021-12-01,0.004116103,0.025116796,0.0014611551,0.17382765078708406,0.024035206,0.002248795,0.0029367874,2.62955024642668,1.5820219135140905,0.3484335463445611,-0.58001874661773,0.00358356742162086,0.0035357056140840008,0.024954728152036858,0.024903804063351548,0.024239015743271572,0.02424698754639092,0.002710301077414918,0.0029651300419298067,0.003438184160318815,0.003326174518407186
2021-12-02,0.002664185,0.025453953,0.0007688841,0.11795446656585118,0.02453399,0.0018467711,0.0027640027,2.319911840513755,2.4465141324186104,0.09665660466041057,-0.547629765255963,0.003393899290222682,0.0034773424787986644,0.02505771799052933,0.024940645896698435,0.024299868936252796,0.024266207293734045,0.0025321552983484895,0.0028902368895484393,0.003299100869934447,0.0032885275503279007
2021-12-03,0.0041692615,0.024722617,0.0018008137,0.14541664897571116,0.024595687,0.0048233373,0.0028720263,2.467299884710254,1.3585318029802884,0.6976577692919539,-0.19200848989125363,0.0035538561163117625,0.003523678229006458,0.024988586857104172,0.02492604516173396,0.02436089608142433,0.024288271575118914,0.003004824942033479,0.003019690841702237,0.003210995609266271,0.003260635707077187
2021-12-06,0.004521889,0.024725903,0.0015707399,0.074502980145145,0.024519457,0.0029204066,0.0031731976,2.3543325448175985,2.354043740234909,4.862451316373294,1.9552552113920547,0.0037535608212525703,0.0035905254279607664,0.02493439527957124,0.02491264222821583,0.02439360702279001,0.024303753341320414,0.002987409490254915,0.0030130420755734495,0.003203197903882765,0.0032547802399342345
2021-12-07,0.0046560625,0.025107333,0.0012353285,0.16264433621901386,0.024183363,0.0020848217,0.00309294,2.8073666176978795,0.8487167916317387,0.040173828818040984,-0.6077453045800539,0.003939746434920857,0.0036618812554993336,0.02497007233040527,0.02492568011601596,0.024350233734204065,0.02429569114172407,0.0028012061029359385,0.0029508819335228092,0.0031804517491732472,0.003243942280901618
2021-12-08,0.0043964195,0.02546619,0.0020097548,0.10295614934173136,0.02443229,0.0030310305,0.0034992108,2.1653115138637,1.452642003144168,0.19679592468049278,0.5462111728801997,0.0040339578493889935,0.0037110710847719753,0.02507242127900582,0.02496187648959064,0.024367161969939582,0.024304838781754736,0.0028486187613779535,0.002956249245268777,0.003246211576203448,0.0032610368507942113
2021-12-09,0.0029184835,0.025541961,0.0015820807,0.07212669413734274,0.024188617,0.002506817,0.0031297337,2.3574294917588245,1.3579687978129653,0.2816759271474284,0.135282914323082,0.0038038360688777443,0.003657993862368142,0.02516928711630977,0.025000723026838898,0.024330328286964787,0.024297055773076608,0.002778105236248193,0.002926152111796402,0.003222182257050833,0.0032522438733504724
2021-12-10,0.0033748962,0.024042847,0.0020479348,0.09433679140243789,0.024472112,0.0022498649,0.003131984,2.3740391394845326,0.9827905352151585,-0.23460070340875994,-0.26932173715795815,0.0037153460088432304,0.0036390356618351133,0.024936903037502053,0.02493657691039886,0.024359578158570497,0.024308778753929006,0.0026691295247566814,0.00288086317777349,0.0032035744111923964,0.003244190431707951
2021-12-13,0.0032480706,0.025596749,0.0018977168,0.0619237627652538,0.02453308,0.0029264332,0.0032307114,2.585446974671095,1.228684038368293,0.48358802219328473,1.8081620152482294,0.003618947337677482,0.0036128539011976595,0.025073028920233994,0.024980786662821886,0.024395371484222043,0.024323799533160752,0.0027222111430048428,0.0028839148675850143,0.0032091727670370677,0.003243287784305226
2021-12-14,0.0023857446,0.024718525,0.0016184072,0.14192356463142153,0.023705464,0.0045189424,0.0032519319,2.7525953538873646,0.9607582190901774,-0.49649500759107157,-0.742216100874095,0.003364538259925333,0.003530678061715069,0.02499989492488017,0.024963223776338386,0.024253043903494906,0.02428239144266595,0.003092875864892394,0.00299340777298444,0.003217993946024146,0.003243866652390015
2021-12-15,0.003328534,0.025330562,0.0016711286,0.06793353012131109,0.024232162,0.0046342374,0.0032397336,2.56425209475208,1.0500240200178217,-0.11957280407121673,-0.44480302347178236,0.0033571106157171677,0.0035171410837122564,0.025068111398365737,0.02498782332794912,0.02424873601134445,0.024279027738046795,0.003410857935255771,0.0031032892233356086,0.0032224788319411457,0.0032435898764223716
2021-12-16,0.0030815734,0.02501115,0.0019131006,0.09399282734141601,0.023543263,0.0031629994,0.002890783,2.542566103323532,1.287368210836304,-0.5726734719019118,0.06646585550229936,0.0033002674343290614,0.0034879724193683024,0.025056360326170327,0.024989385456536565,0.024103197270097028,0.024229755764844544,0.0033597248507499563,0.003107287835549298,0.00315405013491184,0.003219963448407302
2021-12-17,0.0043260395,0.025501346,0.0015175479,0.09972197003627059,0.024488611,0.0031660763,0.0032709423,2.6834501697058126,1.1932222541775288,-0.4087444085960242,0.04041706295657233,0.003511883663593674,0.003544095261941298,0.025148160681105352,0.025023669937021972,0.024182707950140866,0.02424709053539921,0.003319775248654123,0.003111224720570837,0.0031781649172104107,0.0032233773463875974
2021-12-20,0.003979681,0.024887778,0.0016839799,0.08579280284286872,0.024767261,0.0022836134,0.0033021644,2.5216289589786434,1.564763560933063,0.8462185556818665,2.042842340915137,0.0036083900203601575,0.0035732651397474653,0.025094443843086223,0.02501456965148031,0.024303300936549165,0.024281924795203143,0.00310601561053976,0.0030558020682934545,0.003203745940291989,0.003228653478051843
2021-12-21,0.0035560622,0.02533692,0.0012310212,0.07741368914275859,0.024295574,0.0023789816,0.00289814,2.27734461558144,1.3378684819161164,-0.5816137752735077,-0.8665241655264923,0.0035975948256743275,0.0035721131126505608,0.02514446641312192,0.025036156446630726,0.024301706884768653,0.024282838845240677,0.0029560288684184455,0.00301047742361789,0.003140699618646392,0.003206519986666107
2021-12-22,0.0034882352,0.024460305,0.0016189773,0.09991859472694908,0.02411736,0.0028658824,0.0024668851,2.3286824642020543,1.4081365634154264,-0.5632445828040115,0.13089404061620188,0.0035750339873874093,0.0035664960581308627,0.025003324176177497,0.024997593366354032,0.024263676197027902,0.02427175721474731,0.002937431690648611,0.0030007943246069587,0.0030016920461515247,0.003156988853640841
2021-12-23,0.003620462,0.024933413,0.0016045509,0.2693946989205599,0.024019333,0.0024413338,0.0041506044,2.964577721515625,1.8926604028020162,-0.4639919680328734,-0.5186146192432194,0.0035844057679509885,0.0035701099975878176,0.02498890146945012,0.02499329537719106,0.024213268242022426,0.024254853093610675,0.002835086964931269,0.0029633289295773516,0.003238712052917274,0.003223528311900806
2021-12-27,0.0039025908,0.024293363,0.0021341725,0.105317798664608,0.024664935,0.003198268,0.0036905617,2.617356046596168,1.040424004056122,0.8034565867384804,2.2701109130977426,0.003650047179634989,0.003592375244547185,0.024845412268504934,0.02494642300608103,0.024306446799802463,0.024282315033661683,0.0029100109991587867,0.0029790620890624477,0.0033319284067933343,0.0032548041437889014
2021-12-28,0.0052659884,0.025149794,0.00084374414,0.264233339821054,0.024844166,0.0025684845,0.0039429995,2.367806622317554,1.9472820093188792,-0.092736803333504,-1.5155964256813128,0.003983415005400708,0.0037044521115299762,0.02490820612055951,0.024960042172936046,0.024417377965569184,0.024319940504807496,0.002839554265488629,0.0029515669373069123,0.003457992056680525,0.0033008905295817703
2021-12-29,0.0044543506,0.024831599,0.0011395152,0.1261171472097239,0.02420446,0.0028815295,0.003587478,2.5245397155182605,0.7325884493584512,0.19823082471015696,-1.1982832775829315,0.004080568763564856,0.003754670567585183,0.02489240203443472,0.024951440692746716,0.024373453287758907,0.02431220718140304,0.0028482137359731267,0.002946876740196395,0.003484704953804391,0.003320082440048321
2021-12-30,0.0043398812,0.024097363,0.00047730724,0.22347560488820317,0.02420602,0.0022124094,0.0028686335,2.594141526795715,0.9771278498585738,0.09165210602322207,-1.146673160738997,0.0041340647913318245,0.003793860375726038,0.024728385803510552,0.024894245633408908,0.024338911875769295,0.024305096139374854,0.002717047635002816,0.002897691659323209,0.0033576097337240634,0.0032898502540192652
2021-12-31,0.003589839,0.025873125,,0.4444758455656507,0.024626177,0.002986786,0.0030035179,2.167933459736104,1.3081161046556407,-1.0247902207374557,-0.9119470307322739,0.004021791291891346,0.003780197672926623,0.024964544814999858,0.024959798229412678,0.024398174479429248,0.02432659795098054,0.0027726945086901686,0.0029036580378245104,0.0032845607673027957,0.003270675430451774
2022-01-03,0.003330171,0.024529297,0.0010870072,0.127569447830299,0.02455012,0.002911973,0.003377457,2.2990366268651274,1.7303727996121463,-0.40061704934008646,0.3992889290639149,0.0038791104117865,0.003750060740160984,0.02487475340005959,0.02493096884356408,0.024429520639701524,0.02434156651474825,0.0028014275977075423,0.002904214869056671,0.0033037251940194893,0.00327782626713142
2022-01-04,0.0039072796,0.024692735,0.0011468626,0.23120580659014478,0.024077926,0.0029657374,0.0036640577,2.498253258930706,1.0756999388134212,0.4647385068577967,-1.0310083887458144,0.003884921695775429,0.00376058921534527,0.024837203038682115,0.024915015015884938,0.02435698681561608,0.02432391128685376,0.00283532461669833,0.0029083348467003906,0.003378061600850823,0.0033036910308873696
2022-01-05,0.0034256673,0.024898114,0.0014100615,0.07909822035917946,0.024684021,0.0040068724,0.0038251462,2.4032770896166777,1.5770662981658872,2.366278015161517,-1.068977668523936,0.0037901777545039177,0.0037381604962865643,0.02484976887253924,0.024913883184173626,0.024424453847293574,0.02434802677376418,0.0030770143121529154,0.0029819006216196538,0.0034702949265933477,0.003338611326239026
2022-01-06,0.0023530468,0.024728866,0.0019260898,0.12833383590448966,0.024014289,0.0011043883,0.0031724782,2.535515837724807,1.8876627845136125,1.4022564556004287,-0.6217374832944568,0.003493698392002127,0.0036454035748547386,0.024824826734184874,0.0249014931565253,0.024339836964173737,0.02432567732394881,0.002670062597143316,0.002856169236051924,0.0034088554869590834,0.0033274858859552356
2022-01-07,0.003172147,0.024973473,0.0014993695,0.08312455991765078,0.02457813,0.0017576388,0.0027872492,2.4633314603865406,1.6759094900103406,-0.29423812777803526,-0.16158526528291522,0.003427362527066368,0.0036137110036777234,0.024855492294055898,0.024906313403207314,0.02438899666586024,0.024342583315916225,0.002481830039826995,0.00278260393648386,0.003280618429238696,0.0032913078487431134
2022-01-10,0.0033481496,0.024741625,0.0017346663,0.08317011902912363,0.02435612,0.0032339394,0.0038953903,2.6453338299482816,1.2995412091731862,1.5445153448945048,1.379455761699358,0.0034110209402386537,0.0035959271503782126,0.02483200161644784,0.02489528474119331,0.02438221408973437,0.024343489782600522,0.0026369898071426255,0.0028128285229087296,0.003407445545522905,0.003331761444247419
2022-01-11,0.0034890529,0.024618292,0.0016824701,0.11378180029868168,0.023895776,0.0025995022,0.0030421936,2.3420770141603366,1.2624903462666457,-0.2662685127477855,-1.2279110196289609,0.0034271188877139118,0.0035887700999970187,0.02478791348189242,0.024876735381177028,0.024281862146904667,0.024313507723187845,0.0026292561366348835,0.0027985426982524274,0.0033320942603127617,0.0033123699516576276
2022-01-12,0.004916258,0.025566205,0.0027549753,0.11858653256519203,0.024420125,0.0030312047,0.0030080061,2.5423038829357343,1.6746757369782095,0.3041906934973413,-0.5487599189391275,0.00373432753555956,0.00367766800389822,0.02494847469158706,0.024922907124580503,0.024310385785348863,0.024320647590720293,0.0027121779112456697,0.0028141233756508424,0.0032652350516790946,0.003291987617745953
2022-01-13,0.0028142205,0.025066173,0.0018496497,0.3622101350114407,0.024189156,0.0033897392,0.00320141,2.307359303350931,1.8495341218317214,0.7534370958707963,-0.22465289658897003,0.003544509937545752,0.0036198455074220046,0.024972755729661324,0.02493250119185671,0.02428537605131627,0.02431184196203691,0.002851958448442506,0.0028526706453385086,0.0032520679650282214,0.003285921901736837
2022-01-14,0.003359288,0.024640782,0.0013555837,0.23041164951067994,0.023656702,0.0022736052,0.0035525842,2.2650563230091723,2.1171791382841545,-0.16502766719412587,-0.1998925458920293,0.0035062987445540726,0.0036023967490917265,0.02490426968360004,0.02491296561720279,0.024155680856937155,0.02426796917649502,0.002732644478549406,0.0028138923651025633,0.0033140643083838634,0.003303779478818615
2022-01-18,0.0035009533,0.024738109,0.001728152,0.04502279408372922,0.024182756,0.0030392404,0.0034121457,2.5244496420512226,1.5977115145167444,1.797941873886511,3.1342429213234735,0.0035051959855970233,0.003595603385895447,0.02486999076818006,0.02490125597517754,0.024161266341576323,0.024262262671505233,0.002795895049987321,0.00282898324694985,0.003334298438725781,0.0033110364374964066
2022-01-19,0.003889336,0.025816714,0.001200486,0.0802362187072182,0.024552515,0.00451029,0.003091796,2.626417508486602,1.3657157393713266,-0.6775122197029544,-0.4378077811227029,0.0035844438722078794,0.00361527378154826,0.025065299353629417,0.024962561486665147,0.024241980687928672,0.024281699986682736,0.0031495738242461194,0.0029415753298015243,0.0032842703272953637,0.003296354565848653
2022-01-20,0.002341642,0.024275307,0.0008452407,0.18092948250942953,0.024099091,0.0026973248,0.0026445899,2.478953442646014,1.781399800166936,0.4515400092440505,0.5185533965033735,0.003328054508842571,0.003529982474233328,0.024902324266607125,0.02491653808367403,0.02421250263447653,0.02426947121367384,0.0030562750978973133,0.002925218605581622,0.0031523045852738033,0.003252707833899237
2022-01-21,0.0037147158,0.025723498,0.0013903996,0.1652555974585106,0.024733802,0.004046478,0.0028644598,2.3226940235126543,0.9636496581315045,0.7482156352085467,0.7353676339723441,0.0034078225358379097,0.0035423535143733966,0.025071732040787498,0.024970577796289188,0.024320046482036187,0.024300566077707458,0.0032605534033967754,0.00300030598242834,0.003092922349706366,0.0032267080220059626
2022-01-24,0.0037126571,0.023852676,0.0016670891,0.07369344406498246,0.024725363,0.0031403298,0.0034977146,2.265076877430979,1.7079212702950946,1.1233561355324686,1.5743087330299852,0.003470709754455551,0.0035537582387500763,0.024820241452378704,0.02489571526749428,0.02440366299605095,0.02432901343392857,0.00323575134735523,0.0030096829618844155,0.0031764307867820384,0.003244856524649836
2022-01-25,0.0038833607,0.025296452,0.0006622105,0.16135817446320355,0.025569523,0.0022971095,0.0034953444,2.219072496512756,1.5003628699182257,-0.4075061313222028,-0.771086401243169,0.003555839417623361,0.0035758307263646172,0.024918483339654632,0.02492255137576851,0.02464417925075968,0.024412086632021462,0.00304211001941481,0.002961964046059021,0.0032422225029088265,0.003261630950091819
2022-01-26,0.0045159003,0.025143536,0.0019626739,0.19461060421390053,0.02548579,0.0032498948,0.002997918,2.537915963578764,1.6666745765080961,0.4650800973683175,-0.14837903051840096,0.0037538994678537672,0.003638784371891308,0.024964911545444307,0.02493735004209383,0.024817802982559187,0.024483989294593923,0.0030849759160527955,0.002981245909143577,0.0031918226236943943,0.003243970886378289
2022-01-27,0.004329484,0.025198478,0.0019657575,0.11186261510253959,0.025164746,0.0026108862,0.0031539144,2.5036904038924,1.1869127489544102,-0.15149330003363334,-0.0063750717851006064,0.0038726422450303787,0.0036850384567924384,0.025013096234091585,0.024954837017116212,0.024889377092592133,0.024529577517773425,0.002987171464556196,0.002956444029821457,0.0031840021673643117,0.0032379400697372714
2022-01-28,0.0024968155,0.024837729,0.0011242522,0.10561907279315608,0.02454689,0.004723812,0.0031230904,2.5731609934423814,0.6383731738993078,-0.4625706943066753,0.08949477494673486,0.0035888099151973386,0.0036054667212884143,0.024976917981309292,0.024946994616071222,0.024818722100586613,0.024530736855342662,0.0033454394910535086,0.0030747993748201433,0.003171436095529717,0.003230248928897984
2022-01-31,0.00299789,0.02511337,0.0017967853,0.04404447326018157,0.024401188,0.0029616368,0.0033023464,2.7520178234005823,1.2115461356905575,0.5747773464498133,2.14207676695121,0.0034669034711865363,0.0035647791335386117,0.025005068016598932,0.024958136295864932,0.024732585013947043,0.02452206134913475,0.003266261188222515,0.0030672212126174113,0.003198442832665118,0.003235077084159958
2022-02-01,0.0032672186,0.025164725,0.0015491885,0.0876947286611397,0.024070349,0.0034929716,0.0030541357,2.39982282164045,2.385500815562454,-1.162109685425946,-0.8681822271404503,0.0034257085855682635,0.0035448523942113344,0.025038005221718052,0.02497197094070401,0.02459596598813894,0.024491811497011854,0.0033130314371159794,0.0030957324457201994,0.0031686723495470237,0.0032229599817500485
2022-02-02,0.0039854976,0.025431477,0.0020553754,0.18717977004872433,0.024583256,0.0033380764,0.0035116165,2.7318115294284167,1.5406855440742484,0.18372179352265086,-0.8015327025332573,0.003541192771996575,0.0035743610877709783,0.025119178146361054,0.025002742655619834,0.0245933438978917,0.024497935253254326,0.0033181982012483293,0.003111961495832243,0.0032394215462690167,0.003242290444882772
2022-02-03,0.004010172,0.024936754,0.0025591052,0.161184606596246,0.02453253,0.0026477855,0.0030731407,2.6655815781109373,2.0882812765162635,-0.8390508169127058,-0.4516015461844695,0.0036379429596874093,0.0036035460471904655,0.02508154419383208,0.024998323609936625,0.024580798116977547,0.02450025199054171,0.003179892407395469,0.003080877015974534,0.0032051179046309716,0.003230962995564973
2022-02-04,0.0025656146,0.024924042,0.0010514614,0.11643294395326997,0.024168272,0.0024635128,0.0036409495,2.640876359784244,1.0672029018475067,-1.3266144447400139,-0.17574214562039095,0.0034167221926633684,0.0035340388862828654,0.02504905151288807,0.024993349172869134,0.024495694107606845,0.024478020255003282,0.0030321036755517313,0.003039533982713039,0.003295029732127562,0.0032584185648268545
2022-02-07,0.003385769,0.024480406,0.0012731499,0.09029417308033283,0.024285072,0.0031284404,0.0033092182,2.76409763114759,1.0107907105476697,-0.3723027512836668,1.0017489704265703,0.0034103365592067286,0.0035241096935760964,0.02493174028289075,0.024958998916124034,0.02445224297264817,0.024465099118433947,0.0030519778812637885,0.0030454877763080083,0.0032979568082608227,0.003261820465293458
2022-02-08,0.003599632,0.025475081,0.00050008425,0.21015820081717074,0.024492247,0.0039463476,0.0029386794,2.1019175016162928,0.9487696185541366,-1.2842172532532146,-0.6188157458209649,0.0034493881226387783,0.0035291672009121716,0.025043831198668112,0.02499355939317668,0.024460495788667026,0.024466917132866854,0.003236485889547629,0.0031058156656062715,0.003223838071924976,0.0032401806761421844
2022-02-09,0.0053266473,0.024901183,0.0013837783,0.2198051829335994,0.024245696,0.004142306,0.0032340134,2.2415346145598747,1.9139752904159966,2.3712723376885907,-0.41431636198200167,0.003836665705881854,0.003649539066686915,0.025014403016756857,0.024987373244041218,0.024416182734605982,0.02445210262492039,0.003423356063459526,0.003175226310127673,0.0032259372469461245,0.0032397676754167904
2022-02-10,0.004371983,0.024209017,0.0015510755,0.14592185156770698,0.02426103,0.0028781267,0.00313511,2.3818560553587416,1.8892656493437627,-0.607736662876776,-0.778227675627866,0.00394710138191386,0.0036979189756260835,0.02484825229151207,0.024935249050441803,0.024384174690956065,0.02443930702514018,0.0033108755301464207,0.003155330437238432,0.0032071996375480725,0.003232759065238713
2022-02-14,0.0030826698,0.024779744,0.0018129343,0.06722775429585415,0.025084399,0.0033865653,0.0033372915,2.3869146781222073,2.60224407411682,0.27349480146380617,3.4181949076879583,0.0037687696024254974,0.0036567175792590386,0.02483411915907424,0.024924835372298677,0.024528630533009688,0.024482506883911834,0.0033264902798038425,0.0031708155409870637,0.003234037527564088,0.003239759292025231
2022-02-15,0.0031765366,0.024531351,0.001101772,0.07677354351304355,0.025270794,0.0031745266,0.0026608563,2.534340475432966,1.1653932081306106,-0.8268846340802695,-0.4659891094736354,0.003646592254582191,0.0036245612984954875,0.02477165833012377,0.02489848492795647,0.024681738380675607,0.02453529608622691,0.0032951402560836376,0.0031710640606412064,0.003115790551991728,0.0032009918937666595
2022-02-16,0.0041804,0.025014674,0.0023267393,0.1252610443756259,0.024662744,0.0028125623,0.0027909512,2.38713643720682,1.5403431562865795,-0.46246174916932986,-0.4293643030115319,0.0037567165460694824,0.0036617841646840684,0.024821792395033033,0.02490626578201572,0.02467781990230701,0.02454383090874834,0.0031955846729385456,0.003147056268698236,0.0030487763583528075,0.003173532693149749
2022-02-17,0.0031565002,0.025015466,0.0014032014,0.1564288464906164,0.02458873,0.0023616033,0.0029547047,2.383998132304709,1.7781651225053035,-0.39668069098263664,-0.5437351773224725,0.003632892223392135,0.0036279468071362367,0.024861747140374927,0.02491357858825906,0.02465944074073886,0.024546837679043042,0.0030235347572622156,0.0030944568340373364,0.003029369422032787,0.0031588784362098898
2022-02-18,0.0033338896,0.02496583,0.0011456568,0.10676243622042991,0.025027694,0.0034420697,0.00256466,2.55731004823714,2.0215427441452802,0.9904319815669603,-0.33389222256329665,0.0035712081490407387,0.0036082546787682772,0.02488321940995063,0.024917077718853323,0.024735411231688372,0.02457903920045291,0.003109878305794603,0.0031177354310164837,0.0029335001210856757,0.003119085407886229
2022-02-22,0.0031875735,0.024862349,0.0011154088,0.05589937303366588,0.024845794,0.0029568593,0.0032695145,2.552316028328716,2.309117391719144,1.1214994863727317,3.4306547925210538,0.0034920645257988385,0.0035800829197057816,0.024878913862236587,0.024913412702508422,0.02475818310639803,0.024596902960875997,0.0030783105657510653,0.0031069620379080903,0.00300281971786007,0.003129159196489483
2022-02-23,0.0033576346,0.02578957,0.0020269942,0.1538343130551576,0.025949888,0.0019542726,0.0029328577,2.217868410379297,2.2057034171861716,-1.2001022369827243,0.2777705030219061,0.00346433171247308,0.0035651862243326854,0.025066781757536138,0.024972086339907162,0.025004031184967194,0.024687508316844093,0.0028464221292313486,0.0030297698760537845,0.0029883865949221103,0.0031160134739889544
2022-02-24,0.0038270578,0.025331877,0.0015277712,0.12207250852453377,0.025214477,0.0016759651,0.0029039907,2.35537165529874,2.4062125522570748,-1.1487997243217878,-0.16160297335661594,0.003539161909175462,0.003582722978939331,0.02512147080210267,0.02499618045560445,0.025047445945012604,0.024722797800354086,0.002604957469650088,0.002939109623374321,0.0029709757621371757,0.003101814941773069
2022-02-25,0.003634296,0.025967935,0.0013709043,0.1460228069080911,0.025044294,0.0032815428,0.002936247,2.3939135043029887,3.9852009330854155,-1.011069626991733,0.5956314425578462,0.003558787999787095,0.003586176662642754,0.025296095941572932,0.02506125595711308,0.025046795715717208,0.02474432744404412,0.0027445366671195732,0.0029620413487113236,0.0029638112445574244,0.003090727354541359
2022-02-28,0.0039849496,0.026345622,0.0015626599,0.16231026749352329,0.025093585,0.0033404499,0.003370524,2.590771694554487,1.92288778878717,0.34558829826668963,2.9115078083677117,0.003646704903755957,0.003612881290067271,0.02551261257299008,0.025147266095012676,0.025056448372598968,0.024767716194676357,0.002867473250047006,0.0029873822362075616,0.0030477158552508904,0.003109464493402597
2022-03-01,0.0031317517,0.025661496,0.0013080743,0.23570470231526808,0.024861924,0.0038986765,0.0028850555,2.443254993159499,1.5057111199094246,-0.5809697767632831,-0.4652626954232332,0.003540470322400773,0.0035806614786995914,0.025543327237585883,0.025181702563248243,0.02501631816910733,0.02477402503302874,0.003080209934984835,0.0030484088858670653,0.003014159108575791,0.0030944364941358857
2022-03-02,0.0032436997,0.025897665,0.0018952376,0.20861992642068805,0.024892323,0.0044880575,0.002368909,2.3991607213529926,1.5282175389529267,-0.8914609504518651,-0.2851118384847874,0.0034792466928737077,0.003558096154393781,0.02561642692113607,0.02522964842241416,0.024990737972989868,0.02478194707517286,0.0033706481382527113,0.0031448178439081615,0.002881044365832736,0.0030458500932509366
2022-03-03,0.003404983,0.025479933,0.0012001469,0.13292686251845587,0.025365433,0.0025522772,0.0030589765,2.425235673732717,1.1984595881238562,-0.46670541927330267,0.3201923979817404,0.003463926149942659,0.0035478426302810824,0.02558826834794915,0.02524640924837841,0.025068037303113355,0.0248210213635799,0.0032018186391301827,0.0031051371679661228,0.0029177516702379295,0.0030467291290259793
2022-03-04,0.0033545338,0.025491398,0.001429846,0.09539177861666337,0.024440467,0.003093261,0.0033826756,2.644362485454514,1.3320331788373203,-1.1368884165066404,-0.40311342712597975,0.0034413585674016203,0.0035348973167638577,0.025568284010607876,0.025262815400654188,0.024938569953453088,0.02479553680024312,0.003179423263299074,0.003104341859129405,0.0030136652288038834,0.003069226458021834
2022-03-07,0.0032367015,0.025990656,0.001959805,0.12238724945978185,0.025009807,0.003274486,0.0034887416,2.3662179459012047,2.0097197024184013,0.24783757033057083,1.341123286138619,0.003399137917748215,0.003514928033584801,0.02565541905677242,0.025311556684505906,0.024953266159789215,0.024809885847866142,0.0031990346423716796,0.0031157358988664324,0.0031116732306391767,0.0030973201308970976
2022-03-08,0.0030622939,0.025747463,0.0020478657,0.2289566571389795,0.024447558,0.0028307214,0.0037321409,2.53595878130595,1.6654817537192292,-0.13903138064668832,-0.9628618073669615,0.003329647166796855,0.0034846164773721633,0.025674407695943164,0.02534074803359753,0.02484893892478327,0.024785621865794017,0.0031230518220224696,0.003096649333048841,0.0032396753792095162,0.0031398321770059034
2022-03-09,0.002862593,0.025450747,0.0012584735,0.09130981308117614,0.024185693,0.0023156195,0.0029377842,2.36723675679799,1.8360507675816762,-0.3949709430443705,-0.12863218825697625,0.003233294122634918,0.0034429614209597875,0.025628266706935993,0.025348114366124868,0.024712111616969373,0.024745446417093718,0.002956478957606025,0.003044346101258548,0.003177395384764662,0.003126301627457667
2022-03-10,0.0045406027,0.024856655,0.00090961304,0.12446545457394109,0.024805415,0.001931415,0.0033541645,2.2961916502854174,1.4155707041611059,-0.8870675670270299,-0.2514040744384136,0.003502991189688299,0.0035164671722138136,0.02546908360261848,0.025315202797714684,0.024731360142814005,0.024749462361934343,0.0027450088138469423,0.00296981643852363,0.0032138627682860546,0.00314156092497701
2022-03-11,0.0042541837,0.024619125,0.0013365415,0.1077005342602988,0.025248757,0.004222238,0.0029710422,2.6324881933684874,1.0824313017354799,-0.7247827247588575,0.3666953970183937,0.0036579618160463355,0.0035658698433146557,0.025293737554844462,0.02526858853854423,0.024838098766433832,0.024782898605557435,0.003049760411902554,0.00305368736186703,0.0031637690087319174,0.003130141794768057
2022-03-14,0.0041838796,0.02496835,0.0018904847,0.08495741632157472,0.025043644,0.003330691,0.0034105808,2.517103798174228,1.4669182694533391,-0.5310726573587389,1.5532558290134013,0.003766458375734589,0.0036072561071038953,0.025226610336587997,0.02524848248229473,0.024880502642278566,0.02480035994533183,0.0031077162483968113,0.0030722374681234864,0.00321468615162602,0.0031489219560615024
2022-03-15,0.0034330185,0.025042612,0.0010745946,0.09483037822309015,0.02511806,0.0019636422,0.0036344216,2.463145186381273,2.033609435818621,-1.0381347108639407,-0.3678305620764261,0.003697669895913549,0.0035955879329244572,0.02518865159831697,0.025234695959036827,0.024929510684812584,0.024821635395039548,0.0028716943725341374,0.0029979981589523374,0.0033012773580842463,0.0031814344162000357
2022-03-16,0.004964572,0.026156805,0.0018436726,0.17115168381120272,0.025239045,0.0031985764,0.0032970496,2.231928213414806,1.2022150203017357,-0.4847895916368881,-0.18170904275824395,0.003959031115429197,0.003687264694626579,0.02538838122985839,0.025296446873502833,0.024993367410048397,0.024849588054220988,0.0029391299613401975,0.0030114302832229475,0.003300405163954544,0.0031891768159911676
2022-03-17,0.003858002,0.025102418,0.0025604093,0.26480970620979005,0.0253994,0.0028099671,0.0033464127,2.4029966248313186,1.2601824082071158,-0.7653013157829291,0.10206821947536407,0.003938188841982814,0.003698698454684578,0.025329387148633836,0.02528345333466762,0.025077131703552556,0.024886407310176703,0.0029124837407178555,0.0029979388996869668,0.003309896489377913,0.003199706431122614
2022-03-18,0.0037569564,0.025227405,0.0012439893,0.1479908909657226,0.02529374,0.003755712,0.003906522,2.8535612830945487,2.5241013894582967,-1.010527282146697,-0.2160549135443138,0.0039008006907474964,0.0037025998170207575,0.025308348312008674,0.025279699954129105,0.0251218177806191,0.024913685129221222,0.0030864412768427563,0.0030486846939846825,0.003432980007303112,0.0032470397517021673
2022-03-21,0.0038275537,0.024399806,0.0013592894,0.07826936804714335,0.024876071,0.003315373,0.0031894685,2.4422309282156704,1.7435214456600663,-0.04567478579428911,0.8453643064477299,0.0038856898767553614,0.0037109676053025905,0.025120916472554124,0.025220776075802226,0.025071120377953296,0.024911166232898102,0.0031336697896945007,0.00306654401812646,0.0033827437162751097,0.0032431843787750756
2022-03-22,0.0037522586,0.025025843,0.0016376857,0.12591272350782023,0.024236377,0.0025910197,0.0031990395,2.377680512008211,1.2923054724666834,-1.172800807658948,-0.4720906349335265,0.003858163075833875,0.0037137327401128278,0.025101302805620767,0.025207721971533818,0.024898913325940353,0.0248659776386354,0.003021721367629953,0.003034699579042275,0.003344845631588644,0.003240228127819438
2022-03-23,0.0029660927,0.024822526,0.0011338409,0.1421057456112954,0.024133123,0.0025208886,0.0031410581,2.3837930559854787,1.1181137704971311,0.7923955602420131,-0.4575252921502998,0.003674129419626063,0.003663665520983214,0.02504379123125098,0.025181926528223045,0.02474093127886033,0.02481690058648045,0.0029183998265896417,0.0030002911933968194,0.003302804379928883,0.003233587010622028
2022-03-24,0.0035305482,0.025186885,0.0011935051,0.08767029336935728,0.02496026,0.0028356698,0.0042325472,2.3835909366825674,1.7770095332652687,0.8491800119188825,-0.6232479181037877,0.003644508686851128,0.003654751051349937,0.02507331143107035,0.025182258592174822,0.024786178851602725,0.024826500993675338,0.002901332663060895,0.0029892669903216437,0.003494609844152826,0.0033004843891536006
2022-03-25,0.0031983969,0.024912547,0.000976919,0.1407001118272294,0.02436271,0.0025866837,0.0032783535,2.230305377644524,2.6882703793537663,0.5115296316434539,-0.34317014927147416,0.003552476055782518,0.0036241903777069627,0.025040145879542206,0.02516419683513701,0.024698817320953824,0.0247954422563042,0.002836420752448559,0.0029623071933238022,0.0034499962708723865,0.00329900234866415
2022-03-28,0.0040599066,0.02507425,0.001799248,0.055084851307310334,0.024618821,0.0040237014,0.0033974154,2.375542021221379,1.2074354721736444,1.2601425728427498,1.8825993640215681,0.00365715870670473,0.00365336898853308,0.025047181362889262,0.02515817330663808,0.024682314167116932,0.02478361447377814,0.003081356129300513,0.003033385589363281,0.0034391488632385166,0.0033055927757768616
2022-03-29,0.0041679265,0.024896886,0.0019309814,0.08533555478495458,0.02457047,0.0021944765,0.003480955,2.3992835186495483,1.2911898566422984,-0.9530986364459461,-0.2081950258597488,0.003762529833343167,0.0036878273656081066,0.025016175549778814,0.025140675690737288,0.024659240913691528,0.024769340871256807,0.002898393337898644,0.0029772063604047174,0.0034477734528421734,0.0033173362611415803
2022-03-30,0.0033884377,0.024780372,0.0011705317,0.10979768126397982,0.024300646,0.0028755218,0.0041091666,2.2667313272244933,1.340816070809665,-0.5670750455761713,-0.3265858020271272,0.0036853548179078977,0.003667778133684265,0.02496752943402033,0.025116547240990585,0.024585262979217076,0.024737953780315326,0.0028936749473403834,0.002970396848185254,0.003584218503494129,0.0033703627676378942
2022-03-31,0.0039165444,0.023010062,0.0008602718,0.1998313183679804,0.024574395,0.0027561176,0.0027627714,2.5103250454418413,2.0286800895935477,0.2867546494774759,-0.48972790128366966,0.003733049101743865,0.003684437264610103,0.024563704943077518,0.024975482229632376,0.024583020976347618,0.02472700075611426,0.0028652969410538466,0.0029560472086456835,0.0034147544072701086,0.003329674194352137
2022-04-01,0.004346501,0.02485081,0.0016062834,0.19616601870495365,0.024894757,0.0027219276,0.0036660666,2.299279658866243,2.573121003892777,-0.4258674448648709,0.04957166440656423,0.0038596039226422504,0.0037287736978846094,0.02462293455430314,0.024967133299803185,0.024647331994556983,0.024738234903064413,0.0028357199202478124,0.0029403689184566576,0.0034665999731450983,0.0033522013850587878
2022-04-04,0.0034504733,0.024714153,0.0014032808,0.07167779790345397,0.02435981,0.00330009,0.0035054432,2.3406703556095994,1.1102598088619726,0.7371084457430298,0.7422131732335276,0.0037752004913854213,0.0037101367531081433,0.02464175292530729,0.02495019198333617,0.0245880162004388,0.024712892868130932,0.0029315192415166444,0.002964458369033576,0.0034746133151222556,0.003362463532505109
2022-04-05,0.0020975645,0.024160637,0.001524438,0.20678360546481322,0.024002342,0.002711989,0.0036996456,3.504709761626337,1.9428119758276319,-0.9686090835622824,-1.0674788207328187,0.0034291050721947775,0.0036021476144976593,0.024542498878172423,0.024897317820556885,0.024467191828845082,0.024665309372235118,0.002886230265177774,0.0029475512496923632,0.003521037363911834,0.003385043609074414
2022-04-06,0.0037419512,0.025564173,0.0020407636,0.1306962408445772,0.02490058,0.0041484646,0.0031978174,2.788000973011895,2.6346345874724917,-0.943816808084266,-0.7226441813237404,0.0034936450625010704,0.003611509841966642,0.024753269760908726,0.02494197513283936,0.024556599544505658,0.024681064730639485,0.0031466285548339907,0.0030279728275286804,0.003454357248084579,0.003372505627583369
2022-04-07,0.0039459914,0.025349816,0.0019079504,0.1224899431573877,0.024251549,0.0038573511,0.0032243775,2.8981759326695142,1.35861153552615,-0.7475922252358497,-0.21194827270181624,0.0035869638733614143,0.003633909071086913,0.024876336999681142,0.024969287036229505,0.024493667689613315,0.024652301318500863,0.0032932502505416683,0.0030835138120694815,0.0034069125512253004,0.0033625859313748054
2022-04-08,0.0022595935,0.024530716,0.0007920487,0.22173236974207766,0.02517658,0.003398697,0.0036281042,2.377890678955984,1.3134813501076306,-0.9846162463109646,-0.32326188397491895,0.003313128054638398,0.0035418752657261562,0.024805035618833713,0.024939917262033887,0.024634551961116614,0.024687410635319804,0.003315003837203732,0.003104620680048198,0.0034525442775249398,0.0033803668973025496
2022-04-11,0.0040340372,0.025253357,0.0013592249,0.10077556089983486,0.024528641,0.0023809937,0.0030204102,2.794331588009943,1.4050790558994573,0.12118795895969349,0.6295057512895817,0.0034618512395921683,0.003574833880563069,0.024897524159407776,0.024960907408110636,0.02461270263788594,0.024676778324797827,0.0031223180336435326,0.003056161544805386,0.0033633952432099985,0.003356261673647869
2022-04-12,0.0035881656,0.025658771,0.001492747,0.13232602097855894,0.024159184,0.0029167866,0.0032962325,2.40536686722054,1.2703975163507184,-0.8790782163557673,-0.9445383361295775,0.003487909830285745,0.0035757266674184027,0.025054569063847475,0.02500764127167257,0.024519141924848747,0.024642116562900523,0.003079917004279556,0.0030468280208174876,0.003349539614818697,0.0033522417027812557
2022-04-13,0.0036015187,0.024774984,0.0012909134,0.11846088972813407,0.023338297,0.0027415196,0.0033171054,2.459106947165647,1.2482150400035057,-0.4017776396855704,-0.658263622241474,0.003511347278793515,0.003577453882176892,0.024996890714297768,0.024992060878400616,0.02427553431676391,0.02455480369277849,0.003010105796647107,0.0030263824288527556,0.003342848443256093,0.003349888726415221
2022-04-14,0.003658775,0.024149133,0.0016345836,0.1416275236667317,0.024172472,0.0042215446,0.0030083093,2.760375163272311,2.336045202395035,-0.9939229222796061,-0.8647946737823053,0.003541761541650538,0.003582899714654745,0.024821998721565843,0.02493561251283424,0.024254272581234724,0.024529200072103872,0.0032600249847923456,0.003106418864151381,0.0032738331910945415,0.003327014173143959
2022-04-18,0.0041719493,0.024707537,0.0014614472,0.06774565628136087,0.024224576,0.002708657,0.0035221656,2.650741434153465,1.5428156869808871,0.009306668391550926,1.0544437551267798,0.0036717689541403606,0.0036223466062767344,0.02479838535840615,0.02492033898770757,0.02424814611147639,0.024508800283103004,0.003146278048440979,0.0030797819384254044,0.003325064033402149,0.003340082879414037
2022-04-19,0.0033365418,0.025267694,0.0016468571,0.16507151534979958,0.02467817,0.0030700278,0.0030610738,2.541867910383379,2.201425299703599,-1.45388745555528,-1.2143123563757598,0.0036026117727568484,0.003603207114756582,0.024895203514322492,0.02494360032349524,0.024336859953982975,0.02452014251197237,0.0031305476623511427,0.0030791287329734606,0.003270602993751658,0.0033213984781888767
2022-04-20,0.0034659659,0.024418565,0.0011574554,0.08547761171317159,0.024634415,0.004263466,0.0036010225,2.348721541557258,2.3930992787940717,-1.214639112289933,-0.40160168580954186,0.0035744217919759847,0.0035940164782110023,0.02479687313912139,0.024908440245952138,0.024398245462014686,0.024527795017650407,0.0033642681657374937,0.003158440271763291,0.0033387683703558777,0.003340124064456269
2022-04-21,0.003976119,0.02516524,0.0016408832,0.12638458584075907,0.024729075,0.003774455,0.0036940428,2.2598070886405583,1.9662329595338446,-0.9302869469786476,-0.7919963155357155,0.003657291759375333,0.0036196047555219213,0.024872866894466147,0.024925637313659793,0.02446649540318143,0.02454127412992381,0.003448889504210413,0.0031996929386313563,0.003412061297553068,0.0033638249431648583
2022-04-22,0.0030751703,0.024595471,0.00076818373,0.1078022672969775,0.025005957,0.0029211598,0.0028041669,2.248613761670576,1.7821976362196095,-0.4632481968121697,-0.4656908496011746,0.0035372004148269,0.003583145610787436,0.02481564028777119,0.024903527069969685,0.02457778606990389,0.024572392559098207,0.0033400191530608483,0.003181040410582522,0.00328665299693122,0.0033263463162555703
2022-04-25,0.0040032775,0.02494849,0.0012783502,0.05708143005206279,0.024649635,0.0025821042,0.003354724,2.1794459628619527,2.17607066306078,1.0127504110446646,0.5943037692189109,0.003633351875263961,0.0036112805875142266,0.02484304727517769,0.02490653815535904,0.024592608457585128,0.02457756525143321,0.003183661692387044,0.003140931442836001,0.0033006960154433056,0.003328246686915124
2022-04-26,0.004169627,0.024905825,0.0015751492,0.07895415481713786,0.024426615,0.0032444822,0.0027606937,2.470771131130219,1.6186017718473706,-0.9522309857703884,-0.9118979234048226,0.0037439851705650114,0.0036486713826576656,0.024855998293758053,0.024906490399740484,0.024558364066881104,0.02456745655567166,0.0031962089339291015,0.0031478659281802177,0.003189293814317753,0.003290239358808257
2022-04-27,0.004314498,0.025953624,0.0017751713,0.1077487218233587,0.02548076,0.002702959,0.0031318532,2.698548827082632,1.2797316989992225,-0.546680666789293,-0.4288349842885779,0.003861681676387501,0.0036932598023596565,0.025082437981629492,0.02497661383103163,0.024748653916648013,0.024628617772663737,0.003094451755660741,0.003118071849835595,0.003177443842440655,0.0032796327104814347
2022-04-28,0.005039273,0.024782771,0.0014851383,0.2505213197611563,0.024534956,0.0037357807,0.003329198,2.16037726882978,1.490176840751721,-0.6733212387850323,-0.7873992086320092,0.004104618111960896,0.0037833982681658653,0.025020616891409556,0.024963632772908556,0.024704568070609396,0.0246223454985449,0.0032267575828380077,0.0031594379646999573,0.003208750667808633,0.0032829519569425726
2022-04-29,0.0035463457,0.024434982,0.002062062,0.19565769692565538,0.024757342,0.0036337152,0.003057666,2.4032294245723773,1.436108919071199,-0.7203627499024013,-0.5389821738191363,0.003989446816535393,0.0037675235699174497,0.024899800694047007,0.02492823060326344,0.024715455389700106,0.02463138583806226,0.0033107127277520842,0.003191198893156911,0.0031775819576319677,0.0032678652229965292
2022-05-02,0.0043614088,0.024886474,0.0014729188,0.056089243565456304,0.024357863,0.0032320183,0.0031473606,2.4498421698796253,1.4924249535706031,-0.011557820840925232,0.5162914784728804,0.004066182370369426,0.00380729428464425,0.024897051406824414,0.024925434289351876,0.024641684220459,0.024613068816485784,0.0032944781135706494,0.0031939324483018735,0.003171347314859004,0.0032597953912940126
2022-05-03,0.004590121,0.024684545,0.0026067763,0.1977365573362776,0.023876784,0.0054756026,0.0027623721,2.390046008183947,1.5521952684028422,-0.6917976304684688,-1.1212869040050135,0.004174270654267853,0.0038597178544702657,0.02485321137522381,0.024909302631015543,0.024483885783500265,0.02456376204968309,0.0037444429434223313,0.003346729071212478,0.003086975951367295,0.003226484444204191
2022-05-04,0.003488103,0.025220126,0.0008522622,0.12812737179362987,0.024557982,0.0021410522,0.0027137843,2.4829869852441524,2.44407432498279,-0.9087219762179868,-0.7202206064455053,0.004032714613211673,0.003834831914531157,0.02492890565150373,0.024930117536412274,0.02449917171974365,0.024563374952945652,0.00341366426786111,0.0032659884951982956,0.003009986718777994,0.0031921504521631064
2022-05-05,0.0033816823,0.024932643,0.0017119123,0.2313823116260728,0.02413094,0.0027452,0.002828001,2.312280344939032,1.445433477387138,-0.8390597544165009,-0.6486731738910455,0.003898406995002382,0.003804485842269017,0.02492967674677247,0.024930286685849627,0.024423205799862815,0.024534416107077767,0.003275760430388681,0.0032311128441873164,0.0029724431699353375,0.0031677644557110292
2022-05-06,0.0028950511,0.02450213,0.0011900039,0.15088776852030183,0.024388077,0.0026190928,0.0032284383,2.3744176117054336,1.0454417686007431,-0.6494004891034267,-0.46774706612923816,0.003691415211471435,0.003743583721387037,0.02484147412427554,0.02490161432853248,0.024415958692779457,0.0245246161972783,0.0031402902474217415,0.0031901276939373985,0.003025254834669695,0.003171827602870146
2022-05-09,0.0016685566,0.025088292,0.0020117946,0.15513781773994095,0.024337137,0.0032277144,0.003328587,2.4002005830597692,1.2930628826214268,2.7443280730075097,1.105366972572785,0.0032741005425462088,0.0036046253621429968,0.02489239244284103,0.024914115547971828,0.02439969784335762,0.024512061284188386,0.0031583258142581,0.00319264476649298,0.003087832086088607,0.003182325305959394
2022-05-10,0.0033439181,0.025455892,0.001140649,0.12152147893722476,0.024424536,0.0009107661,0.0024468654,2.656283427410615,1.2578580733641505,-0.4991456478173963,-0.767097766874888,0.003288503873689824,0.003587166578583649,0.02500864212283887,0.024950396701981063,0.02440482197371136,0.024506199988032495,0.0026946554219209272,0.003039834176747514,0.002955601002096789,0.003133073758228496
2022-05-11,0.0034323502,0.025463106,0.0009666672,0.1332836541148762,0.024790244,0.003501657,0.0027577828,2.5117433989312485,1.585370737553683,-0.25727843633244657,-0.734012171490014,0.0033181793019953004,0.003576798991071915,0.025102397804492145,0.02498473131729337,0.024484334371520523,0.02452522157763792,0.00286113940875204,0.0030707610650329144,0.0029147912141529466,0.0031079416464587784
2022-05-12,0.0041435296,0.02585406,0.0013308646,0.15599507467062712,0.024409762,0.0027422297,0.0031265493,2.3496278898974348,2.659818748331046,-0.5807093313492375,-0.45801919959010645,0.003488448628492148,0.0036147512426540074,0.025257465408019743,0.02504294768709716,0.024468950058779797,0.02451748957184403,0.002836608404163309,0.003048760304207294,0.002958476796226122,0.0031091877454627213
2022-05-13,0.0039865347,0.025525816,0.0013037696,0.125656427247393,0.02509931,0.0036417663,0.0027395934,2.437436966415524,2.6060914334770597,0.2470367543607058,-0.25870370903492046,0.003591203515331861,0.0036396484660803042,0.025312825949628543,0.025075283919091418,0.02459899281007197,0.02455645228921554,0.003002712046976577,0.003088472139280009,0.002913321263959779,0.003084437116908167
2022-05-16,0.0034242664,0.024934916,0.0014030092,0.06104076066855568,0.023874614,0.003866288,0.0030941733,2.918721249766311,2.173317569606516,0.11994359148828689,1.1090752772779087,0.003556764466600573,0.003625224970307547,0.02523486328984188,0.02506588388779496,0.02444955392255861,0.024510791644697615,0.0031808673350619257,0.003140560148139863,0.002950630937545751,0.003085089117910894
2022-05-17,0.00409218,0.025234602,0.0021546083,0.09580317012619921,0.024644107,0.003474449,0.0027037533,2.915236952919085,1.266993513698094,-0.5335198301292003,-0.9702784764476625,0.0036672204446162385,0.0036564955631252396,0.02523480946669653,0.02507718246127519,0.024489690043052285,0.024519719350212958,0.0032414330864473013,0.003162919688411484,0.002899700210776077,0.003059552198966284
2022-05-18,0.0027548256,0.02469092,0.0015685783,0.11050931073254888,0.023683107,0.0028330237,0.0030779426,2.923762951571703,1.4251782581107086,-0.549757038673169,-0.540937763959238,0.0034789938748889357,0.0035961134252848227,0.02512260545627163,0.02505131565237799,0.024323292287885608,0.02446369389218252,0.0031571784381014,0.003140827538776116,0.002936471531240352,0.0030607837521333357
2022-05-19,0.0033269182,0.024477948,0.0019137884,0.09168725224288465,0.02449729,0.0028184967,0.0031247153,2.4912991693334074,2.6980402667340213,-0.23794474355261847,-0.6654895869479606,0.0034476207496107287,0.0035780862284525545,0.024989612859659262,0.025012918902688055,0.024359187761513298,0.02446594367015249,0.0030873085664489238,0.0031192420044230656,0.0029753061206265695,0.0030650650562847217
2022-05-20,0.0036557547,0.024797505,0.0012804583,0.12917526197166984,0.024577843,0.0028311808,0.0025970396,2.581741843096093,3.3348254541560713,-0.3801010068990091,-0.2422347248565643,0.003490558679927353,0.0035832874555353283,0.024949981061349453,0.024998493262492275,0.02440429622742882,0.024473437235217468,0.0030344695455884183,0.003099951408165123,0.002897269929254598,0.003033722789278601
2022-05-23,0.0031360192,0.024793364,0.0013732553,0.0851842883774474,0.024406254,0.003381852,0.0031880883,2.3131185110559924,2.258061460144677,1.3725447821478323,1.2624225662430868,0.003417417376329486,0.0035533352399842047,0.024917671066170786,0.024984756376641142,0.0244047001750239,0.024468938194459264,0.0031061343757086365,0.00311882945153959,0.0029572656068815283,0.003044060185971328
2022-05-24,0.0034292003,0.025702314,0.0011534622,0.10144893460241367,0.02430964,0.0037537727,0.0034091664,2.289329713418508,0.8786231862885674,-0.5418766846314534,-0.5458647645420848,0.003419848180563685,0.0035450222922258673,0.025079542583820606,0.02503280909430212,0.02438508946570083,0.024458270521167346,0.0032397418221733927,0.003161349701696115,0.003050492493460988,0.003068510253861609
2022-05-25,0.0030597067,0.025012035,0.0010318076,0.14348100712981815,0.024188848,0.0047177956,0.00328918,2.556764549333883,1.5280742856775087,0.5093538562648982,-0.5268802967043206,0.003345551172376232,0.003512522155550767,0.025065615788867898,0.02503141791018588,0.024344604998356674,0.02444022811513336,0.003544663548174227,0.0032655802302838993,0.0030997336230580166,0.0030832878539368076
2022-05-26,0.002823366,0.025943011,0.0017690111,0.14485162839625154,0.024249276,0.0031170424,0.004402019,2.7464341755314057,2.1960406618476287,0.37497726270066356,0.44930847310519023,0.0032378246635254714,0.003466371435146246,0.02524662196880606,0.025092464575390494,0.024324938706317335,0.024427440633019944,0.0034564455221465073,0.0032556330935228964,0.003368394428565734,0.003171599339347636
2022-05-27,0.0025646053,0.025560021,0.0015443584,0.12295390637876913,0.024518065,0.0032865957,0.0035471313,2.584403275079784,1.8846262230603894,1.58675080664683,-0.8857147259236456,0.003098939868185322,0.003405982856447096,0.025311276106711432,0.02512377545725139,0.024364780591006805,0.024433509486120386,0.003421405590934093,0.003257706565925148,0.003405267754582569,0.003196747592455625
2022-05-31,0.0035020064,0.025406485,0.0014114998,0.049662495544278595,0.024278603,0.0032812092,0.0033039209,2.4542840096008183,2.2549213004465947,2.2690440972241137,0.9504949646278412,0.003182092283691101,0.003412413266549765,0.02533091773867513,0.025142707697950156,0.024347002301256606,0.024423135895246265,0.003392483139362672,0.003259280463818579,0.003384359941506587,0.0032039246649111903
2022-06-01,0.003763005,0.025357908,0.0015115299,0.06799507185761278,0.02413328,0.0024493341,0.0032050626,2.553035249378365,1.0979717469519503,-0.547366735760782,-0.9637610481078019,0.0033019342518364665,0.0034358913397430635,0.025336485740700056,0.025157118994153658,0.024302911486340444,0.024403725107673684,0.00319791199551734,0.0032050407810558052,0.0033473709919253605,0.003204000868261633
2022-06-02,0.0034951814,0.024977155,0.0018493481,0.14115632112618004,0.024135152,0.0021797798,0.0036409197,2.2595829942143184,1.7833444954803048,-0.5663307007256806,-0.3050096055082241,0.0033418010461478283,0.003439861820725755,0.025262356004038193,0.025145067345827957,0.024268302767378555,0.024385739561929094,0.0029878718613378786,0.0031363821209857766,0.0034079299341325474,0.0032332600147584475
2022-06-03,0.0041530984,0.024775183,0.0016828522,0.07933083798606355,0.024498707,0.002701167,0.0028878464,2.577079906952359,1.7089312004780124,-0.8566032785925387,-0.41205187301211554,0.003509171272881068,0.0034876251438056157,0.025161852434130227,0.025120297286212737,0.02431583497408902,0.0243933046321165,0.0029287248027988493,0.0031072370674486817,0.0033006369820959757,0.00321012870072997
2022-06-06,0.0035803495,0.025542248,0.0023120602,0.08582886349309438,0.024292182,0.0034172572,0.003298354,2.4427368525952917,1.6386137741650266,-0.15307456308482978,1.3134870483814136,0.0035238553031807377,0.003493834616384016,0.025240327847629418,0.02514855406594197,0.02431095541455352,0.024386532763829332,0.0030295087834149464,0.0031279981895984115,0.00330016602519454,0.0032160368919434863
2022-06-07,0.0029179142,0.024306394,0.0016872989,0.12768156480402237,0.02391346,0.0025236623,0.0036267566,2.342712145554548,1.2719614392275638,-1.3728808851893606,-1.111877094651522,0.0033988499693542846,0.0034552669480264653,0.025047657819063214,0.02509215713637959,0.024228952289144772,0.024354852486161774,0.0029251529178090734,0.003087527622268911,0.0033675414895933628,0.0032435415623029936
2022-06-08,0.0044691605,0.02440341,0.001295089,0.21598459849090235,0.024506813,0.0034232228,0.0031558643,2.446356970412093,1.265201066587954,-0.6352905302631041,-0.746865817177448,0.0036196544598263982,0.003523164363169793,0.024914749839536943,0.02504603380323782,0.024286274790150927,0.024365028821499646,0.003027904473828878,0.003110008124499288,0.0033238725986829624,0.003237670078973814
2022-06-09,0.0036087893,0.024486639,0.0014021286,0.23554329169285748,0.024153257,0.0031567963,0.0033457878,2.2657814758860986,1.2515487540088217,-0.8274580383159196,-0.6359962668104175,0.0036174129820289755,0.0035288984087015218,0.02482643071715435,0.025008572780302978,0.024258833246447866,0.024350847081996918,0.0030544947960828212,0.00311314139069228,0.0033283936845246195,0.003244910396500693
2022-06-10,0.0016153455,0.024512542,0.0021100715,0.14770900594637826,0.023458565,0.0025513181,0.0033277096,2.193847676895806,1.2967154753778936,-0.8198456704628095,-0.1065336904942489,0.0032043875090154088,0.003400753493400341,0.02476167572483628,0.024975355110409735,0.024093738256752914,0.024291093597089197,0.0029506897178931484,0.0030755177687294666,0.003328252562926116,0.003250455212981065
2022-06-13,0.0046585207,0.025229033,0.0011946452,0.11625345737184711,0.024143264,0.004099274,0.0036310998,2.3062255239339935,0.9664611715275899,0.5966626643491495,2.0288625824571,0.003504374418859338,0.003484982399723733,0.0248580913019459,0.0249923431653286,0.02410395532915507,0.024281193870960612,0.003187642062329894,0.0031440756645607863,0.0033907297939486727,0.003275945843984154
2022-06-14,0.0044931998,0.024749255,0.0014153554,0.29691530895512896,0.023920707,0.0033007984,0.0036721055,2.1731558440886425,1.1231466109096242,-0.8768762573139728,-0.674622153783033,0.0037083685654969133,0.0035524996998541982,0.02483563839045603,0.02497606426523468,0.024066151378707643,0.024257053170717878,0.0032109861466898563,0.003154570914525203,0.0034487774526687676,0.0033024754705541803
2022-06-15,0.002458386,0.025112277,0.0020502468,0.13200449850051277,0.024526827,0.0031326863,0.003304535,2.198712663352132,2.007735398986978,-1.0126350143148855,-0.09164903377065231,0.003450497797085065,0.003479230171113418,0.02489270876881443,0.02498518601768781,0.024161188524774283,0.024275119119526737,0.003194832919553304,0.0031531053641295583,0.0034190203223931396,0.0033026133949236266
2022-06-16,0.0043503195,0.026252406,0.00083918957,0.2740112711242303,0.024232302,0.0029661988,0.0035088495,2.176475579591697,1.6032023251664345,-0.7512957106339541,0.335750730466462,0.0036361305420819245,0.0035375644178904423,0.025173213534246033,0.02507004793008126,0.024175859168643017,0.024272251775815802,0.003147665828659789,0.0031405887931712016,0.0034375520417335467,0.00331642441227074
2022-06-17,0.00407543,0.02513679,0.0017722722,0.14303783532951964,0.024247717,0.0030333165,0.0038858445,2.392941661998407,3.0530113256704388,-0.7859847676698958,0.1794670573256595,0.0037267577619446803,0.0035735836580368446,0.025165699235323382,0.025074517400434107,0.024190683424623893,0.024270608762796686,0.00312407561433373,0.0031334050860195636,0.0035300345379253484,0.00335455677140565
2022-06-21,0.0035810806,0.024865417,0.0014188744,0.07387069092386245,0.024183694,0.0026773752,0.0032240183,2.3498449371191894,1.9096789655056394,1.2612026025717853,2.3540172104913992,0.0036967046371130267,0.003574085704856327,0.025103751128905723,0.025060514559419256,0.02418924156636822,0.024264788359438526,0.0030319215575066918,0.0031028661299817104,0.003466903541305899,0.003345814997988336
2022-06-22,0.0029522895,0.023937613,0.0009806661,0.11601956404392189,0.023913948,0.0020620723,0.003232415,2.737606424043916,1.3242950105573148,-0.8996013327655483,-0.9059806648949689,0.003543132193042473,0.003532445875469277,0.024863177399243815,0.024985317185917007,0.024132448620651767,0.024241293621102805,0.0028318421614619785,0.0030331672793500078,0.003418528692400399,0.003338220943852256
2022-06-23,0.004806105,0.023958735,0.0018636611,0.18436822197631908,0.024666661,0.0028073674,0.002926716,2.5174525935935,1.4327879235353393,-0.06461812200513074,-0.5068151128054944,0.003803682828606071,0.003617739020019495,0.024676591442656368,0.024916570059233673,0.024242656435347138,0.024269779228526012,0.0028267930228389826,0.003018046134254598,0.0033170680164354826,0.003310663696517673
2022-06-24,0.0037608186,0.024827365,0.0017038352,0.16369666086959278,0.02458023,0.003120505,0.0036499267,2.289816584534611,2.846015146663474,-0.12485616849036983,-0.4737999951007058,0.0037948399659210007,0.0036273206331283617,0.024707695913607153,0.02491059625203746,0.02431229749309447,0.02429056912593939,0.0028873856529858175,0.003024907499200203,0.0033857365969364645,0.0033333831279165546
2022-06-27,0.0041722343,0.024640366,0.0016308718,0.07015785783914996,0.024265368,0.0023076849,0.0032402014,2.4081492353458693,1.506710613929064,0.8595196597109037,1.8074771616969028,0.0038726962247943833,0.0036638118733003265,0.02469380587759525,0.02489249976959632,0.024302615867988618,0.024288881450968948,0.0027677936841537707,0.0029768772446013957,0.0033557127601744154,0.0033271430256458434
2022-06-28,0.0031931554,0.025431449,0.0011273669,0.12139667564905532,0.024336625,0.0017602664,0.0027619922,2.3603926525397045,2.4190311535704585,-0.7633277219799819,-0.9118961358792279,0.0037325073093923116,0.0036322934170505655,0.024845981181946687,0.024928591560063686,0.024309631911458105,0.024292078686292497,0.002559941329600343,0.002895404453999664,0.0032332285126936587,0.003289296562858619
2022-06-29,0.0035461583,0.024378812,0.0018622188,0.10041878979013774,0.023765104,0.0025100438,0.003164508,2.4143017725206644,1.6815333852980192,-0.3637028540939833,0.13020039716273077,0.003694063610376689,0.003626525207108412,0.024749604413170312,0.024891774463630875,0.02419729606735216,0.024256788760749198,0.0025496474939267085,0.002869598003314718,0.0032190514893981137,0.003280939840376796
2022-06-30,0.0032600712,0.024898171,0.0016291124,0.09368419894382318,0.024026245,0.0030087745,0.0030658224,2.708706932229511,2.0912784122047787,-0.06729662555156524,-0.21541703190382172,0.003604531195424646,0.003601984875603059,0.024780253709539193,0.024892202848988028,0.024162008297117645,0.02424134992665349,0.0026443651500136843,0.002878918235721545,0.0031874404115726854,0.0032665340698098777
2022-07-01,0.0026947965,0.025012879,0.0015793907,0.08782706177915256,0.024141112,0.0025047588,0.003115875,2.4680246015044736,2.261554782239078,-0.3983515174058513,-0.39923889108287364,0.0034168534140998704,0.0035412331865197757,0.02482824412293925,0.024900284149797097,0.02415769747266619,0.0242346373155056,0.0026155644271746267,0.0028538618955902995,0.0031726764940758203,0.0032564448791232424
2022-07-05,0.0032574192,0.025017152,0.001708572,0.049871381495277145,0.024271974,0.0032595524,0.0036584546,2.674232314765684,2.030172126130379,3.433908945795903,1.3529890722927607,0.0033839622227917177,0.0035222270139215433,0.024867215637964277,0.024908110413930838,0.024181272730306097,0.024237137664346344,0.002748418809277741,0.0028810297756936666,0.003272892268497751,0.0032833662696723134
2022-07-06,0.003642366,0.024627896,0.0006678609,0.09047212955291406,0.024308482,0.0027533723,0.0038505164,2.563451423632857,1.9578624883478433,-0.6175036706961108,-1.2247393047321455,0.0034372707933154403,0.0035302723647568424,0.024817844127848328,0.024889345294627822,0.024207515973900567,0.02424191539346517,0.00274944071266268,0.0028724809367158444,0.0033920558224910455,0.0033213466170828525
2022-07-07,0.004609557,0.024254316,0.0007638669,0.31531343934935674,0.023900779,0.0034280356,0.0029177985,2.471015650227449,1.392130554208901,0.1145237145276483,-0.9264307165605024,0.00367911279405774,0.0036025488192647464,0.02470158866721673,0.024846819313557252,0.024144236290130267,0.024219070507316913,0.002889434491003955,0.0029096847738043163,0.0032942167798853017,0.003294322204824375
2022-07-08,0.004203088,0.024386426,0.00073173706,0.17427219816401074,0.024290044,0.0025205307,0.0031388532,3.183761505772959,1.221472190227217,-0.48104419844851126,-0.5944750408549677,0.0037872086273512667,0.0036427651394250497,0.02463657086425812,0.02481598817969025,0.02417431631524096,0.024223823380471833,0.0028133298365567573,0.002883624290818777,0.0032621653627136027,0.003283910913142519
2022-07-11,0.004550111,0.024953641,0.0016162037,0.12580577226092382,0.024022374,0.0025632363,0.0033609546,2.6224176994969812,1.9002981457321353,0.3068378181969215,1.8464939337693986,0.00394459498852406,0.003703527378313269,0.02470198226595347,0.02482520637709946,0.024142970757859136,0.024210332938338873,0.0027617356676475193,0.0028621688642722037,0.003282545526064895,0.0032890702969637494
2022-07-12,0.0039598863,0.02500497,0.0013544149,0.0526599380733862,0.024030708,0.0021472375,0.003451457,2.3259175495936946,1.1069714160318713,-0.821756140656119,-0.8421749925830075,0.003947749570623326,0.003720694965984415,0.02476448845750968,0.02483724460311433,0.02411981096386288,0.024198303978608917,0.0026349650265996304,0.0028142920520568757,0.0033173918772445633,0.0032999448496384104
2022-07-13,0.0022546486,0.025792794,0.0016103842,0.1789286617027862,0.024274644,0.002037286,0.0033992992,2.3539056591355703,1.2526126698383186,-0.12370010170487392,0.5728663436364183,0.0035984637308812267,0.0036225182265709455,0.02497662741237736,0.024901234907893702,0.024151752836811178,0.024203416208692503,0.002511664170145509,0.0027622582852062255,0.0033342893199712533,0.0033065983149232975
2022-07-14,0.0027973703,0.026152829,0.0024938795,0.25556082962719384,0.024393447,0.001786905,0.0029662338,2.126884255299724,2.3785488493939835,-0.2382727751242732,0.34358455022906154,0.003433198579695889,0.0035672605391170015,0.025219277121061177,0.024985050400517392,0.024201614162631523,0.024216141985124437,0.00236214673282428,0.0026969417929389883,0.003258359651949262,0.0032838051190258485
2022-07-15,0.0031746144,0.025352627,0.0024611347,0.15036863947043455,0.024004826,0.002851423,0.0031726668,2.490427632612296,1.0190066034231888,-0.4770158596926017,-0.19627063859087088,0.0033798527982152483,0.003540966201399511,0.02524678713898288,0.02500966590837456,0.02416101693465735,0.024201990807336832,0.002463084191867475,0.0027072869445357198,0.0032406812545993373,0.003276362515981403
2022-07-18,0.0043653045,0.025227474,0.0015427773,0.0562167545681429,0.02417471,0.0027645575,0.00336107,2.3468909263056683,2.21735901477927,1.1447690447865748,2.415210545629161,0.0035831509628594777,0.003596169670211469,0.02524280285862286,0.025024251867953342,0.02416384195860533,0.024200163942547225,0.0025252779743436403,0.002711122181522173,0.0032655174024426065,0.00328203512699716
2022-07-19,0.0044104797,0.024792075,0.0019846247,0.08233156095234007,0.023939226,0.0026378676,0.0030452898,2.4627812799558626,1.2893470959341993,-0.4913664886471717,-1.094050775881827,0.003753828442751219,0.00365070157575827,0.02514981797088782,0.02500870368819706,0.02411750376790993,0.024182689697266186,0.0025485051513812473,0.002706216540200421,0.0032200845591952667,0.0032661809991549645
2022-07-20,0.003764742,0.024792489,0.0013423378,0.09321773826367263,0.023971118,0.003464609,0.003597128,2.387227635389424,1.1523132977190875,-0.31850782590622617,-0.4528744572616356,0.0037560799150207816,0.003658338525432858,0.025076101122906577,0.024994224414867813,0.02408730446778061,0.024168521375830167,0.0027374968767592874,0.002757003809041573,0.0032978684169732604,0.003288343527897778
2022-07-21,0.0038311905,0.024012981,0.0012609978,0.16973690932732366,0.0249141,0.0033029132,0.0033783384,2.288819911870758,1.2840557042549292,0.48500607486643765,-0.1498762787098225,0.003771575193890429,0.003669913906600755,0.024856779997158258,0.024928513477638786,0.024257872109259098,0.024218450597173837,0.002854141958412805,0.002793561725109215,0.003314469334892217,0.0032943702161510255
2022-07-22,0.0020279526,0.024907857,0.0016538904,0.1675180608241793,0.025430286,0.0028004015,0.0025552558,2.106770973365357,1.454931960685242,0.08232602600740684,1.229906390515806,0.0034118667653332477,0.0035599566684066733,0.024867317193038814,0.024927130187155998,0.02449974054079016,0.024299603609152783,0.0028430553369213993,0.002794019766583632,0.003157843977467229,0.0032448739333250627
2022-07-25,0.0029029837,0.024398804,0.0018300151,0.14387197031756926,0.024338992,0.0024594544,0.0034343377,2.20449224920126,1.617279536650315,-0.4402233827687552,2.910565449246205,0.0033068844541062695,0.003515961153255506,0.02477066310811196,0.024891749743551742,0.024466578265855344,0.024302241352786573,0.002763918655123322,0.0027716149215114014,0.0032148844819548396,0.003257561753355544
2022-07-26,0.0031236985,0.024952872,0.0014403642,0.06780822695494004,0.025086217,0.0028255219,0.003390972,2.35107312610731,1.3562142917736744,-1.0285642404294264,-1.0558340452801815,0.003269093292927243,0.0034896924983933452,0.024808252649929533,0.024895842899798213,0.02459440933415963,0.024354741831713655,0.00277662736471165,0.002775224908185058,0.00325121125191424,0.0032664958409406217
2022-07-27,0.0045463275,0.024737198,0.0018031118,0.06949791401479954,0.024851486,0.003351939,0.0034856999,2.3440846981697123,2.290001217832677,-0.7435155704891696,-0.5395751645203989,0.003532586041432326,0.003560452184589152,0.02479359409358492,0.024885218919141076,0.024647444133020422,0.024388007308451108,0.0028953138340613075,0.002813845719677832,0.0032995861331144138,0.0032811752798623532
2022-07-28,0.0034697333,0.024896344,0.0014398731,0.09981605390296722,0.024548143,0.0036327303,0.0032330954,2.2574343944209105,4.070230343599188,-0.04401687388246351,-0.05229506928436338,0.0035196195515643357,0.0035543770115077575,0.02481479138029915,0.024885963943907782,0.02462695839212856,0.024398731126601715,0.003047442471103549,0.0028686839728917723,0.0032858691294690152,0.003277955514018335
2022-07-29,0.00393244,0.025530178,0.0017491948,0.13458503904208952,0.024898382,0.0034863625,0.0026511073,2.3936649923485342,1.3744290483755572,-0.4975240593381466,0.261314081227749,0.003604784231678959,0.0035796947714329392,0.024962375284264718,0.02492910503874226,0.024682952919815242,0.024432191244424823,0.0031379914460665363,0.0029100480572993026,0.0031549180906382365,0.003235977361999935
2022-08-01,0.004143227,0.02575774,0.001116339,0.10233019100122709,0.024746582,0.002322488,0.0032941175,2.4565695419894897,1.2307586278321394,0.035321676774639696,1.8230627793559746,0.003715864669240587,0.0036174328317038983,0.025126458466570054,0.02498459619769475,0.02469607954744352,0.024453245046923804,0.0029697535138277628,0.0028707009178860514,0.003183634858854435,0.00323987083417866
2022-08-02,0.0023173124,0.024411632,0.0016634918,0.14587442097088144,0.023756586,0.0010359262,0.0033479766,2.515361775922852,1.3221592744851645,-1.321766995020371,-0.9008433053050395,0.003427344073027877,0.0035303676561777957,0.024978990090533098,0.02494622648254831,0.02450226252590539,0.024406591875652035,0.0025708059489392473,0.002747831541485444,0.0032175384733823488,0.003247110353838913
2022-08-03,0.0043224646,0.024386263,0.0010675387,0.1438012920809647,0.023993589,0.002613064,0.0035106074,2.2286636704845755,3.1155060650486797,-0.11984868085027423,0.43251847893776413,0.003612006962354287,0.0035834120174353334,0.024856710704734174,0.024908727371206113,0.024397323441767104,0.024378934307512295,0.0025795237423591106,0.002738806555808879,0.003277998440134303,0.0032647559631942932
2022-08-04,0.00420424,0.025514925,0.0021818057,0.2621954752092157,0.024917388,0.0033575818,0.003512917,2.3708312323110152,0.8964599723964848,-0.7821269211291891,-0.6709651689127644,0.003734184359920593,0.0036249870210415982,0.02499249994674813,0.024949322606163084,0.02450461255566844,0.02441499296291942,0.002740036709220499,0.0027802440824391786,0.0033264620333123707,0.0032813745712377395
2022-08-05,0.0047569983,0.024916654,0.001915387,0.18634534796682134,0.024090929,0.002481783,0.0033619653,2.264281732845291,1.9539574151042187,-0.5384538663951368,-0.3123238939425261,0.003945190331740856,0.003700794427981253,0.024976853061215717,0.024947134917652408,0.02441926984682655,0.024393291365883443,0.00268675911345464,0.0027602570394001085,0.0033337863378936545,0.0032867714910378527
2022-08-08,0.003984634,0.024736922,0.001628141,0.04438274988231794,0.024055762,0.0038082341,0.0031387145,2.8815334163945625,1.6856785072761256,-0.2808877544851267,2.2377790857998447,0.003953327505339021,0.0037198023038307114,0.024927355457822147,0.024933057603107062,0.024344278413878852,0.024370688048476676,0.0029181188173831524,0.002830436929411664,0.0032935431141455558,0.003276856555254918
2022-08-09,0.002708095,0.026396733,0.0015582948,0.14639805688844876,0.024301426,0.0030439799,0.0033008598,2.5633512148614,2.074737638374467,2.6326117954452912,-1.1101419917283442,0.0036964366723908574,0.0036520512850889016,0.025230487225973104,0.025031075550888432,0.02433543808352789,0.024366049808781272,0.0029440838867534286,0.0028447372614564437,0.003295052547887797,0.0032784639824689947
2022-08-10,0.0020256112,0.025306448,0.00065822987,0.2268124827200272,0.023752864,0.0032001447,0.0032255654,2.3750459937254216,1.3644670924429403,3.3109435960116045,0.13840492634396967,0.0033517462630651617,0.0035431334603535244,0.025246157963928328,0.025049516442815254,0.02421525344940018,0.024324986619684744,0.0029969091060574457,0.002868537837068002,0.0032807173904335885,0.00327492152414423
2022-08-11,0.003189635,0.025364306,0.001067366,0.10315101626204926,0.023532307,0.0034931109,0.002708376,2.2415297811665567,2.4309236077967875,1.5857606121155474,0.06193227828826645,0.003318302794225905,0.0035194607257930336,0.025270531805325753,0.025070596945971947,0.024074361909783498,0.024271903221847323,0.003099275271464565,0.0029103636254617705,0.00316264364604525,0.003236981659850619
2022-08-12,0.004800044,0.026058286,0.0024241174,0.2001262045966733,0.023495933,0.0040774085,0.002510727,2.306956471865575,1.0068558290663412,-0.15201493664728327,-0.728435567656373,0.003623985225635479,0.0036052175567646374,0.025433045169730197,0.025136739555904165,0.02395503233839301,0.024219938820177762,0.0033010636343468918,0.002988517126958236,0.003028153567851433,0.0031883465523755393
2022-08-15,0.0034236682,0.02486949,0.001256797,0.06941684780653534,0.023791002,0.0028385194,0.002953734,2.228940786447116,1.6554160797087416,0.7009367255436251,1.3088331882786914,0.0035826599309469994,0.0035930597402121615,0.025316784120220877,0.025118842680413936,0.02392119298847996,0.02419121421185346,0.003205641002473348,0.00297847222803134,0.0030128008534574587,0.003172635252669583
2022-08-16,0.003631094,0.024881002,0.0007324469,0.16712574329120822,0.02383397,0.0024467455,0.0032135053,2.304774551778946,1.9312415174335977,-0.781611629349789,-1.3260772972574624,0.0035926518549400954,0.0035956067811413455,0.025226882407649875,0.025102915172216186,0.02390319885095459,0.024167290609440378,0.003049081264084724,0.0029428640812298817,0.003054206067093199,0.0031753721948396536
2022-08-17,0.003947336,0.025144966,0.0009807535,0.11510197621149543,0.0242124,0.002799384,0.0033807715,2.473132847573579,0.9164927221104615,-0.6148411673633388,-0.7641493925136101,0.0036658230542761824,0.0036191610498989423,0.025209983161689924,0.025105731211732367,0.023966986781728736,0.02417031141673742,0.0029975688628603456,0.0029332556536421322,0.0031215763428007904,0.003189127171414001
2022-08-18,0.0021983539,0.024897521,0.0016302824,0.1962906733839832,0.02411288,0.004426548,0.0035929496,2.467499794393773,0.865993762818031,0.23775684168155378,-0.6110615592365063,0.003363084934545348,0.003524013843821611,0.025145522456703727,0.02509178802094371,0.023997084523359143,0.024166465421965773,0.0032923664642822256,0.0030332569608967617,0.0032188203964727624,0.003216169950967423
2022-08-19,0.0027067987,0.024652185,0.001376511,0.15907909932827236,0.023530502,0.0032772943,0.002962721,2.629724015435871,2.4800550586657533,-0.9243776562234279,-1.0724685961571778,0.0032276934346772137,0.0034692873920318607,0.025043747182064712,0.025062349116263444,0.023900828767860927,0.024123876845553095,0.00328925709250622,0.003049599413977793,0.003165987235186863,0.0031991972360075225
2022-08-22,0.0029406415,0.025182383,0.0013655564,0.0909006457772612,0.024093885,0.0032102682,0.0034748348,2.5126580820109665,1.6807251977480533,0.39823318526246465,0.06541666598590547,0.003168474768091203,0.003433885556987245,0.02507234770622694,0.02507038743540944,0.023940656161791068,0.02412186837968506,0.003272961728872713,0.003060358923016489,0.0032297023337645226,0.0032176558618167337
2022-08-23,0.0041165757,0.024252579,0.0023491723,0.11291121926374614,0.024162987,0.003496867,0.0025626405,2.275544321524213,1.4192869855540504,-0.5703461337519935,-1.1619130819528363,0.003364067491513476,0.0034796032735252133,0.024903229774127983,0.025015621225288304,0.02398652294774963,0.024124621987227864,0.003319153249156252,0.0030895905568113337,0.003092087821650814,0.0031737914403726273
2022-08-24,0.0032826487,0.024503011,0.0017078104,0.11540581950908846,0.02383934,0.002250711,0.0032255328,2.257247642069009,1.1195153578403685,-0.8644641380702404,-0.9758588616537244,0.0033472708467391183,0.0034664138178837583,0.02482066490444091,0.02498129326916722,0.023956159103395536,0.024105517480119788,0.0030987341685225506,0.0030334133002829955,0.0031196174558655717,0.003177256406184258
2022-08-25,0.0028070176,0.025479535,0.0013800084,0.11433353010983283,0.023880698,0.0027519797,0.0034185066,2.242560552492341,1.4570070157397232,1.2827687295370032,-0.2632174402974356,0.0032358168961260825,0.0034222560290342397,0.024956589384519116,0.025014659003325314,0.023940591473474986,0.024090461977815086,0.003027198913143617,0.003014566536941706,0.0031812781267762983,0.003193412209204352
2022-08-26,0.0034561208,0.025693638,0.0014414901,0.07646128893304982,0.024516799,0.002222627,0.0035874494,2.5595776255764964,1.9989714957593114,1.303348460593653,-0.5007796580862656,0.003281265484888042,0.0034245238544469633,0.02510864217783965,0.025060128212299228,0.02405946269149339,0.024119012463044584,0.0028612161373871357,0.0029615327109623886,0.0032650710540530425,0.0032197997034487096
2022-08-29,0.0028871712,0.025454717,0.0017857308,0.10477785702137965,0.023963148,0.003251883,0.0030545073,2.22664635942302,1.257537876559968,0.6602497460575031,1.3542964769510895,0.0031999640468730957,0.003388538956529479,0.025180037181478307,0.025086552626707656,0.024039592974744502,0.024108574671116906,0.002941810499155083,0.0029809765991142215,0.0032216318643195603,0.0032087305663089935
2022-08-30,0.0026989172,0.02536656,0.0014989916,0.09628559755088739,0.024482546,0.0025302488,0.0026545867,2.4138200264099474,1.321279449201086,-0.7640675342872013,-0.9823952869045318,0.0030965983406889136,0.003342357048830094,0.025218516663401316,0.025105303857710082,0.024130974028066094,0.024133618437322382,0.0028569055444556566,0.0029507927091659185,0.003104650742252141,0.003171621208374556
2022-08-31,0.0040528732,0.02513323,0.0021802844,0.20564882956593333,0.024570152,0.0018490744,0.0034899903,2.351959706686912,1.0177336279547913,-0.34176105938950074,-0.5628422778980391,0.0032938773484403106,0.003389938192295686,0.025200922026715124,0.025107173973995926,0.024221576246406543,0.02416285179505816,0.0026489905058133213,0.0028770139286489744,0.0031841460806372687,0.0031929414308805035
2022-09-01,0.0035449255,0.024820173,0.00083301537,0.19371517442501418,0.024464846,0.0021870711,0.0035557628,2.5032056989400577,1.066439897095169,-0.28323626519825557,-0.5100559319829178,0.0033456684457724983,0.0034003172272507242,0.025122373735623205,0.025087954388005335,0.024271762597928057,0.02418307542059,0.0025536967826319864,0.0028308105237654863,0.003260810417339337,0.0032172384935384604
2022-09-02,0.0024894464,0.025910879,0.0014233309,0.2382854540457593,0.024214102,0.00326457,0.002791031,2.5282791082310325,1.2875729988101714,5.192348844112599,-0.7127401910060239,0.003169030294182023,0.0033393189348312705,0.025285041864910568,0.025143063157593164,0.024259867237681358,0.024185153174802146,0.002700349534950208,0.0028598580922707256,0.0031638951770212352,0.0031886966547834215
2022-09-06,0.004070943,0.024866587,0.0015018253,0.05922497069521304,0.024065755,0.0025337543,0.0035330197,2.655889956363771,1.636927938034913,3.5170878966343264,2.110911651360462,0.003355094456685518,0.003388313624625134,0.025198714753766147,0.025124548346344266,0.024219822048620717,0.024177157456823715,0.0026659810325904303,0.002838019899120935,0.0032400453687099645,0.0032117549380121253
2022-09-07,0.0026519606,0.025366308,0.0015023999,0.12545006594017738,0.0243053,0.0029922833,0.0030994301,2.253390089785436,1.5502303659114496,-0.5012124690908087,-0.7759955076964615,0.003210038309617506,0.003339002264655969,0.025233289186883813,0.025140738278338803,0.024237456267406737,0.024185738832306243,0.002733297022864435,0.002848350458936148,0.003211036516783837,0.0032042328809481512
2022-09-08,0.0038243912,0.024760246,0.0019274545,0.13351440764831823,0.024137069,0.002516427,0.0037997537,2.875723321614497,1.0353109338952566,-0.5944657107054676,-0.32596782972120686,0.0033367789814659674,0.0033715073075528262,0.025135700683358016,0.02511525786725529,0.024216746332015752,0.024182479528419946,0.0026885568671755696,0.0028261225430325377,0.0033324885680605402,0.003244113130636657
2022-09-09,0.0035077052,0.025122773,0.0013888339,0.0685666966474533,0.02418079,0.0026399582,0.0031093492,2.695836100015278,1.215178852670689,-0.5282010080426173,-0.2815231909127345,0.0033720409647767517,0.00338062807112901,0.025133033688915302,0.0251157611266674,0.02420932864410181,0.024182366413175307,0.00267853098136831,0.0028136556718420013,0.0032864550277527777,0.0032350883913910265
2022-09-12,0.0032534553,0.025050284,0.0018493455,0.03633755344331924,0.023926865,0.0023277146,0.0032667716,2.749500269919078,1.5165438215582578,0.5116747476550335,0.425784627934078,0.0033475767991038904,0.0033721116893344625,0.025115962541960614,0.025111376342205973,0.024151056606739905,0.024165256268601578,0.00260615774250495,0.0027811136507018197,0.0032823943380503816,0.003237210118197749
2022-09-13,0.0034826582,0.024336772,0.0013679619,0.1456515077280277,0.024492446,0.0032124338,0.0032590968,2.482630020195021,1.530176286976703,-0.2653632272969332,-0.956378615166196,0.0033754440175927003,0.003379514657324876,0.024955215951151546,0.025059503409313226,0.024221485127736853,0.024187167208424603,0.0027312321689158285,0.002809997869050698,0.003277588060015207,0.0032386758011448274
2022-09-14,0.004249235,0.025255999,0.0009041409,0.20337480556655319,0.02425759,0.0021896968,0.0030167126,2.518374475128802,1.3394722953830989,-0.0604604494535061,-0.26821078362636364,0.0035557066684993545,0.0034377572368831685,0.02501726725269016,0.02507266210417982,0.02422893336474239,0.024191883153949465,0.002619513700223272,0.0027684581598621783,0.0032237695918270848,0.003223811590223385
2022-09-15,0.0037446907,0.02544998,0.0013338196,0.09302628220961451,0.024559671,0.001746464,0.0034008422,2.49787365208935,1.2726085007765318,-0.404028637990973,-0.09868265660947209,0.003594693970465885,0.0034583116512999627,0.025106535675242257,0.025097929958272664,0.024297164377156715,0.024216512809716442,0.0024394040176304492,0.002700018271994652,0.0032602995764177455,0.003235666800132199
2022-09-16,0.0047234283,0.025539946,0.0013014093,0.1383129746637467,0.023636805,0.004146882,0.0030331677,2.533763562619365,1.705343008964742,-0.5886530244641857,-0.23135316099980266,0.0038275512654220075,0.0035430327274743605,0.0251959479582891,0.025127530437625348,0.02416093256304021,0.024177691504792556,0.0027916557998904764,0.0027969103986198625,0.003213442386188455,0.0032221060400138344
2022-09-19,0.0037941176,0.025334084,0.0014939796,0.07006310469557708,0.024171099,0.0030703745,0.003563666,2.5746910077905247,1.354793973936331,0.7936963191859902,1.1031962591318754,0.0038206539173901784,0.0035598471301146613,0.025224445434896423,0.025141362739006752,0.024163029907404886,0.024177250028937315,0.002849155318048693,0.0028152234704139105,0.003285693337162602,0.003244979289931977
2022-09-20,0.0038253411,0.024392,0.0015060221,0.10566695532090498,0.024308842,0.0022564237,0.0034160102,2.3160780990069987,0.8989498034106523,-0.4007143711318707,-0.779640537175065,0.003821620884513667,0.003577626468281765,0.025052712269821812,0.025091180122509125,0.024193110798472355,0.024186062327847698,0.0027268750971366123,0.00277780232149961,0.0033125776330118293,0.0032564327169025895
2022-09-21,0.004265771,0.025164757,0.0017646669,0.0776249869414175,0.024498975,0.003265614,0.0036834239,2.591819507365268,2.0102571764688646,2.1787075614960396,-0.5828333944713282,0.003913248774705011,0.0036237094343480507,0.025075827023027315,0.0250961073407915,0.024256210402649286,0.024207017147011123,0.002838016633513083,0.002810469605135638,0.003389083013811453,0.0032850270361465357
2022-09-22,0.004083596,0.024829714,0.0012308598,0.049017379404428185,0.024587112,0.0036177842,0.0024939275,2.5140952656662283,1.4016036992968355,1.171482959240058,-0.15997491414168682,0.003948391352743739,0.003654506673263121,0.025025053959022207,0.025078267750752094,0.024324475134801675,0.024232470931951453,0.002998882280836501,0.0028645330512023837,0.0032044128996954776,0.0032320494660175105
2022-09-23,0.003877689,0.025479985,0.0012397354,0.10638783591175893,0.024298837,0.0021320907,0.0031593295,2.4426957926790656,2.218504537037458,0.46789780134338915,-0.2903630473557787,0.003933805473471771,0.00366945251918075,0.02511890607622261,0.025105169580038358,0.02431918608533488,0.02423691529634302,0.0028200636418610732,0.0028154835807429873,0.0031951122238255743,0.0032271796293121143
2022-09-26,0.00360388,0.02504586,0.0014184733,0.07662548198415431,0.02413829,0.0025591822,0.0033319253,2.950125695867357,1.9434294384593083,0.8054975130923651,1.2638042873302806,0.003865742034380672,0.00366506132780787,0.025103836824388433,0.025101197832307676,0.024281867407834664,0.024230310684423856,0.0027662439446611794,0.0027983198462937847,0.003223336680054093,0.003234194130468174
2022-09-27,0.0031888222,0.024894126,0.0008665087,0.10874115747051438,0.02440007,0.0037326526,0.0037363695,2.791365098503639,2.199465494510532,-0.29872428869088635,-0.8614399027095938,0.00372609382563056,0.003633169017142516,0.025060573542027596,0.025087330835062278,0.02430625260430405,0.024241678978682346,0.0029656135494192945,0.0028608893181458787,0.0033291750901710744,0.0032678233156790385
2022-09-28,0.0044145724,0.0260058,0.0012256054,0.10602864154196523,0.023732752,0.0033875962,0.002881856,2.692307360013692,1.179009424225522,0.02841279522007496,-0.6283000614500086,0.0038681265893678774,0.0036854972627885156,0.02525557343094474,0.025148838021877253,0.02418793965039725,0.024207597635135674,0.0030526683535109216,0.0028961613040593102,0.00323689338409708,0.0032419762349458372
2022-09-29,0.0029344063,0.024088545,0.0012548693,0.12752768860611086,0.02508038,0.0025276437,0.0037678508,2.9055036248651414,3.0731538315560805,-0.17398120617245297,-0.5236557626053335,0.0036755005803898342,0.003635198946497414,0.025014816032252186,0.02507783335477733,0.02437204943916362,0.024266045198789606,0.0029443560423281965,0.002871482782121585,0.0033464296215379784,0.003277192481983658
2022-09-30,0.0032682046,0.02435934,0.0010285216,0.20008049391005434,0.024300853,0.002819046,0.0030207268,2.571573790552826,1.4946789280890604,-0.19850363859578674,-0.3510717618305454,0.0035914756399362067,0.00361062243495983,0.024879591640244173,0.025029717994038986,0.024357361607987443,0.02426837615907658,0.002918504628450493,0.002867971241828138,0.0032792373096000014,0.003260017745354312
2022-10-03,0.004143294,0.024921201,0.0017435475,0.07893116831592684,0.02465379,0.0033154276,0.003565749,2.764045355449445,1.2703831933234002,0.5861544398805297,1.3356868443878143,0.003705315466431981,0.0036462938526134817,0.024888175664241806,0.02502245094693107,0.02441851473633848,0.024294186205755398,0.003000389623217956,0.0028979360537712694,0.003338344504261992,0.003280491647558751
2022-10-04,0.0038262687,0.0258737,0.0014082575,0.11689151071633697,0.02427396,0.0039684465,0.003630395,2.8582437044372884,1.9651571174099909,-0.4057621008195696,-0.9305577512679598,0.003730268058153807,0.0036583462307985806,0.02509148884868798,0.025079456559973175,0.024388693153722253,0.024292831711893333,0.0032000992509133215,0.0029696249369218298,0.003398594377690535,0.0033039236314949846
2022-10-05,0.0024872813,0.0280107,0.0010916243,0.25858719586445944,0.023613095,0.0026420553,0.0038281032,2.633114775263087,1.8999477451620954,-0.09699715876136317,-0.7276519263814328,0.0034738405514495065,0.0035799235181700985,0.025693720552703393,0.0252757531573988,0.024228687721049264,0.02424731179674093,0.0030849750721878844,0.0029476885765941795,0.0034872018194303128,0.0033390263683201696
2022-10-06,0.004007995,0.025432264,0.0019121367,0.11759552146657282,0.024274062,0.0021935457,0.003142179,2.365381227362304,1.3804334815211956,-0.4599745923494262,-0.5132083110292908,0.0035840363597653565,0.0036085901933307256,0.02563978229258822,0.025286234249270435,0.024238048486290513,0.024249103202291587,0.0029010736594802535,0.002897185883512202,0.0034160237911843956,0.0033258440882666857
2022-10-07,0.0040283427,0.025725972,0.001551385,0.10258289552764277,0.024002086,0.0025743723,0.0029772525,2.418715756076835,1.70757643282738,-0.5672401262720863,-0.5036004213026865,0.0036756965166807936,0.003636699760602673,0.025657563164784833,0.02531568216474246,0.024189369626056237,0.024232561224072215,0.0028336753487256177,0.0028755680260866305,0.0033255054988630124,0.0033024999505628177
2022-10-10,0.004073267,0.02490933,0.0011189748,0.1247111871498453,0.024260117,0.002968214,0.003406711,2.5317914216894546,1.0914267887667086,1.664127373886688,0.9340930484168728,0.003757715071717588,0.003665935353997719,0.02550320316619046,0.025288470011510533,0.024203964718669906,0.024234406534611626,0.002861430598955034,0.002881772248908772,0.003342258135091545,0.0033094786476170947
2022-10-11,0.003732684,0.025413541,0.0015618365,0.10100157445007307,0.024674786,0.003165414,0.003362189,2.514868586228987,1.1084798772223963,0.49354662484643114,-0.9753510845164413,0.0037525511888953224,0.0036704053157187843,0.025484705933896984,0.025296845649710298,0.024301094953921396,0.024263897447058064,0.0029241422335146124,0.0029007668945619795,0.0033463698717428707,0.00331300850538125
2022-10-12,0.0037713202,0.025254074,0.0006870123,0.11796745893787652,0.024042293,0.00353406,0.0034041263,2.970150228056549,2.41832753453304,0.3050536351788991,-0.7601003374402,0.0037564232297728657,0.003677163284848669,0.02543712678711438,0.025293981392701552,0.0242477043355329,0.024249057288930384,0.003049967942068607,0.002943176637409722,0.003358284986271319,0.0033191103894784
2022-10-13,0.004999068,0.02516481,0.001634062,0.16205502281275075,0.02536438,0.0040312866,0.0038159797,2.527050880894524,1.1332641289093093,0.3657741992449841,-0.2806016688827177,0.004012780212890392,0.003765687295792804,0.02538094778695436,0.025285331109208258,0.024478074005806153,0.024323747136450663,0.003252413459863757,0.0030160441048025276,0.0034527071643153592,0.0033523842405875923
2022-10-14,0.0029579876,0.02439571,0.001165566,0.14580572852197227,0.024558404,0.0025643224,0.0031127064,2.4278667222872,1.6707158080241555,0.07320696736501114,-0.13309525329395705,0.0037951770514643877,0.003711598063366974,0.02517769372029536,0.02522575583530567,0.024494646136367135,0.024339461435459533,0.0031104606436127198,0.002985793656000116,0.003382565176343461,0.0033363337296452708
2022-10-17,0.0037529673,0.025012225,0.0017419726,0.0710982454978587,0.02413552,0.0032234031,0.0034003037,2.766719138428364,1.485234269114293,1.198584352406288,0.8983239257802895,0.0037864692107550143,0.0037143684402484844,0.02514355759231073,0.025211456308200594,0.0244205587439716,0.02432580413327913,0.0031337606179392837,0.003001705651263888,0.003386224615414997,0.0033406176042606174
2022-10-18,0.004775437,0.02530644,0.0013429078,0.10434788395759298,0.02440344,0.0029283024,0.002710501,2.6716782172824667,0.9332393938594807,-0.7055982430561727,-0.8397536621216627,0.00399049275802629,0.003785425031537207,0.025177160330916038,0.0252178171414828,0.024417027121996022,0.024331003163954163,0.0030913746936865067,0.002996790054479148,0.003246823181732595,0.0032984205779394145
2022-10-19,0.004837687,0.025235292,0.0027596636,0.3261371502686182,0.024537573,0.0023589663,0.0025701232,2.536268319814104,1.3687688485026808,0.43924362146944756,-0.6725040654815028,0.004165268510795071,0.0038558918762091254,0.025189152775050638,0.025218987351713667,0.024441895598377655,0.024344836503617278,0.0029402792219789353,0.002954076903986296,0.003107220327078452,0.003249648679853175
2022-10-20,0.0037594486,0.025823852,0.001281854,0.2118055431994157,0.024343912,0.0027977554,0.0025734424,2.2999197403594103,3.8323535571854785,-0.7843808830224815,-0.6344522918938924,0.0040815480868361675,0.0038494333618206184,0.025320090901078948,0.025259493330903705,0.02442168154246618,0.02434477456280239,0.0029108766351017895,0.002943608521360191,0.0029971022240679306,0.003204365169027171
2022-10-21,0.0030880608,0.023639103,0.001527349,0.1499835615289803,0.024197945,0.0033378268,0.0033841005,2.3859450327545715,2.0127439801953426,-0.7346460773576372,-0.7354334608013688,0.003876592175200791,0.0037984465167833614,0.024973304063310144,0.02515098066453499,0.024375524888030117,0.02433494185109041,0.0029989562321588834,0.00297000814100866,0.003076939766092527,0.003216401506864868
2022-10-24,0.004078169,0.024707556,0.0016685959,0.0926289030814903,0.024006287,0.002902615,0.0036099218,2.4869146734477674,2.0286269049173797,-0.05319355232169634,1.4739600291505457,0.0039181773449518875,0.0038171786871601973,0.02491848033035995,0.025121285825928406,0.024299351230848705,0.024312932794519633,0.0029790810627239183,0.0029654950162014563,0.003186893675883558,0.003242754382541233
2022-10-25,0.003853703,0.0258944,0.0013517324,0.13766911620604838,0.02448046,0.0022391765,0.003621217,2.601028802210089,0.9811653939814772,-0.7621371051740109,-1.1582797446759887,0.003904876304521325,0.0038196246056155358,0.025119811989672683,0.025173058951442843,0.024336713918324402,0.02432415160447939,0.002826439148418703,0.002916855640514156,0.003276494369052666,0.0032680988982914582
2022-10-26,0.0038720993,0.025393926,0.0017929429,0.17764329090294606,0.024636276,0.0034419342,0.0036920193,2.843869416261984,3.8860780015154437,-0.7177215887873015,-0.29495494019948787,0.003898114432435849,0.0038231386810956766,0.02517636148479008,0.025187849730648464,0.024398513431887515,0.02434505364595592,0.0029534154622738664,0.0029520185835955233,0.0033622169365570397,0.003296487577086263
2022-10-27,0.003279268,0.025305634,0.0018865502,0.11891023165593584,0.023804713,0.0025663634,0.0029621862,2.9294959862589134,2.0623950152562496,-0.7835614164675916,-0.3898463137474189,0.0037704467478224704,0.0037867172914791917,0.02520303041187582,0.02519573741521948,0.024276012723492463,0.02430886865206339,0.002873566831526915,0.002926192411637424,0.0032796908130441342,0.00327410041621936
2022-10-28,0.0037462942,0.025591506,0.0015107554,0.09701991839975999,0.023229824,0.0026270545,0.0034339337,2.4685705236012683,1.3217671722191027,-0.6962364322322935,0.006272868322690772,0.0037654640865389115,0.003784010276875526,0.02528317265771172,0.025222240832720535,0.02406018461831995,0.024236608285102785,0.002822711459398287,0.002906160038046412,0.003311511042465506,0.003284803974051638
2022-10-31,0.0041413577,0.02569275,0.0017326293,0.06339105452522964,0.024244687,0.0033685495,0.0030543546,2.6132430422454145,1.5510586360394594,-0.29021240277453797,0.6738662395774245,0.003843010746923914,0.0038079407666156704,0.02536766820023538,0.02525374940860459,0.024098247277752904,0.024237149264924464,0.002935317563076401,0.0029371248780335154,0.0032584597980066334,0.0032693714670388877
2022-11-01,0.004349654,0.025297467,0.0017569638,0.11623400657282024,0.023877893,0.002304771,0.002939421,2.624083527958094,1.0437035924383151,-0.8478041192924485,-0.9841822914124493,0.003947530998969812,0.0038442176863066812,0.025353185660545677,0.02525667702251752,0.024052788232550415,0.02421309092369787,0.0028052361354199925,0.0028947780294436725,0.003192642258704663,0.0032472756703196357
2022-11-02,0.004167799,0.025130484,0.0015553774,0.1169663506009031,0.024292989,0.0025052757,0.0033161652,2.5819630711608133,0.8286550853434853,-1.0448900005744042,-0.8299506151375526,0.0039929721524492225,0.0038658869526222313,0.025307242477341084,0.025248226270264504,0.024102341463191332,0.024218441438937473,0.0027433544458104857,0.0028686942205491516,0.0032181249725776926,0.003251888994756146
2022-11-03,0.004235859,0.02497411,0.0014735293,0.15306155392909482,0.024126304,0.00282072,0.003099844,2.271165078126636,2.3560892227877908,-0.8704649246272614,0.09753610278315977,0.00404307958732599,0.003890662875791834,0.025238517340990373,0.025229869497218803,0.02410728498661428,0.024212271291281236,0.002759314911685457,0.0028654815281585343,0.003193723689232185,0.003241707002500187
2022-11-04,0.0036716391,0.024648026,0.0012687086,0.12743893515521199,0.02403273,0.0032633608,0.0028885521,2.306299093791839,1.490173135920937,-0.7673654000271252,-0.19905663315116126,0.0039664516170208036,0.0038759955109710434,0.02511669921199523,0.02519090515416605,0.024091904457763706,0.024200247988903377,0.0028632993175972225,0.002892126314110202,0.00313076696038546,0.0032180572782382947
2022-11-07,0.0040028538,0.02471505,0.0012187458,0.09705040697860512,0.024051227,0.003243422,0.0035299414,2.1426962411743258,3.818856077546243,0.10338008723685953,1.4472534900336547,0.003973961360457006,0.0038844908285653283,0.025033839024195568,0.025159038503941134,0.02408351265268072,0.024190268477348193,0.0029417184070026393,0.0029156515287764363,0.0032131164435725773,0.003238943226889976
2022-11-08,0.003925823,0.025608016,0.0011114746,0.06902872293565288,0.024020988,0.002069926,0.003044195,2.233449610933352,1.7030303992652698,-0.7134094240388169,-0.7639111497373577,0.003964030471080149,0.003887258729874538,0.025152291469019823,0.025189105195640413,0.024070613951664155,0.024178932303281234,0.0027618680691646113,0.0028590158127249554,0.003178268040167568,0.003225901521236095
2022-11-09,0.0030613174,0.025340782,0.0016422326,0.1307247377707974,0.0248749,0.0038087757,0.0034995303,2.662121538540712,2.0316673962901053,-0.11288282232010362,-0.26376683201790396,0.003777801233772802,0.0038319479080431164,0.025191177065122354,0.025199262569522114,0.024236537644747796,0.024225539146869677,0.0029778445594205324,0.0029226183900535885,0.0032445442662725928,0.0032442256190190416
2022-11-10,0.0045014713,0.025529947,0.0012769086,0.21555435094986786,0.023937626,0.0029649101,0.003093786,2.218684615637625,2.574851838258425,-0.39170224009477694,0.6433143845507238,0.003927093986961589,0.0038767838864275693,0.025261065151705175,0.025221407525407656,0.02417487229056617,0.02420625845203661,0.002975176191324341,0.002925450540675561,0.0032134429300876735,0.0032341511325996784
2022-11-11,0.0042616357,0.025618251,0.0012767857,0.11155786671487755,0.024458442,0.0031725464,0.0032759823,2.123423139727983,1.9531659096206058,0.06806766095706944,0.0005974436012472261,0.003996109768368769,0.003902556261723949,0.025334752489558063,0.025247982973393777,0.02423337254839934,0.024223146422014015,0.0030158935599734113,0.0029419978106629626,0.0032263447768539084,0.003236952443223635
2022-11-14,0.0033966405,0.02483533,0.0021074614,0.08752268166004651,0.024413154,0.002760647,0.0034590403,2.1035064065653892,1.527084723626697,-0.5482456193956173,1.1549159527088573,0.0038724395801591534,0.0038686765987510276,0.02523172179008275,0.02522034880493756,0.02427046127016981,0.024235870629566808,0.0029632363490418707,0.0029298532959266357,0.0032743497426117735,0.003251825003168543
2022-11-15,0.0025860937,0.02508334,0.0014856756,0.13014152205565144,0.024204388,0.0030867697,0.0027759785,3.1609634415102703,1.7162847383333233,-0.39463649294374487,-0.07100787668228158,0.0036070671081214053,0.0037827858610066352,0.025201110850160965,0.025211173782312087,0.024256830443098707,0.02423376234951393,0.0029887212186052326,0.002940361519461696,0.0031715360235493625,0.0032199589883610195
2022-11-16,0.003739588,0.026023978,0.0024438277,0.0934213315365523,0.02489301,0.0038730935,0.0034674841,2.496028087900491,3.198758579623353,0.1163801166046002,-0.17717976243802686,0.0036344060907021318,0.0037798930269802816,0.025370867986162022,0.025265604873843796,0.024388073958320027,0.024277910194857744,0.003171166759085137,0.0030028237911927645,0.0032325899652362227,0.0032365350075866254
2022-11-17,0.0033012112,0.025841333,0.002180211,0.11301103589746919,0.02421238,0.002590415,0.0033982377,2.429220585591509,2.5743631480803324,0.9797584402910928,0.5583623099186344,0.003565668153223792,0.0037478371348203033,0.025467924665293552,0.02530415966226885,0.024351828566854136,0.02427352189208421,0.0030513579906743956,0.0029752060127344617,0.0032667630160913147,0.0032473637565019367
2022-11-18,0.0035915466,0.025436236,0.0015613458,0.13144180689388796,0.024447571,0.0030170549,0.002670365,2.382443554751031,1.278056728897469,0.6232385185641092,-0.22757801391631888,0.0035710068541009846,0.003737370822304457,0.025461387226093434,0.025313004392157487,0.02437158028076309,0.0242851774727287,0.003044281275071665,0.0029780085055616675,0.0031437264025738878,0.003208723870538001
2022-11-21,0.0039421264,0.025545241,0.0015923841,0.041821040598577386,0.024336644,0.0038611346,0.003150737,2.7045597656142903,1.5115078471708556,0.435634718821948,2.1907155968243806,0.003647568622912617,0.0037510826913593046,0.02547868627974346,0.025328556603879972,0.02436437284477853,0.024288623999752148,0.003212797694400228,0.0030371488208143574,0.00314517266720491,0.00320484065746749
2022-11-22,0.0035166086,0.02498106,0.0014605528,0.07188191800546762,0.02418371,0.0034740749,0.0031499423,2.937969103727148,1.9747909994785204,-0.7924488252947834,-1.037577358548905,0.0036205516424389858,0.003735380663992899,0.025376026061321895,0.025305285737874016,0.024327102024604547,0.024281598167754517,0.0032666990406761847,0.0030664084520196796,0.0031461566321226635,0.0032011642761601788
2022-11-23,0.0035469842,0.024889562,0.0004967006,0.20970392829380569,0.023114964,0.0029768075,0.0035162857,3.120843845675864,2.028348298079106,-0.31494919722786174,-0.7238261588922783,0.003605374711110004,0.003722764314235874,0.02527566883889821,0.025277445981484313,0.024077038663191143,0.024203472192076244,0.003206894575086259,0.00306040814650613,0.0032225140600661275,0.0032222670138937525
2022-11-25,0.0035762344,0.025361005,0.0014941127,0.12870189478493488,0.023981255,0.0032207784,0.0033065036,2.6956635759752707,1.206138071657861,-0.4126724308081228,0.15097012952062075,0.003599363090302371,0.003712951647490499,0.02529327368878139,0.02528304169350535,0.02405727845057397,0.024188590941213627,0.003209758805874885,0.0030711476642559144,0.0032398410663299327,0.0032279080887797863
2022-11-28,0.0034195436,0.02558981,0.0015908814,0.09154601770760107,0.024009658,0.0033390878,0.0032238944,2.6938083196462905,1.9830318233185054,-0.23698095224828059,0.04577783943125598,0.003562266427433695,0.0036933029893942266,0.025354449114987947,0.0253035850951097,0.024047454381560557,0.024176608339013157,0.003236439314166519,0.003089090815161338,0.0032365512767929473,0.0032276393038347946
2022-11-29,0.0031463713,0.024893656,0.0015715776,0.06388947502336229,0.023750404,0.0037805468,0.0029167354,3.171566841300936,1.8200328045746934,-1.0293296358579105,-1.33285212777441,0.003476467489344276,0.003656676612901108,0.02525938781469044,0.02527613339490848,0.023986173022627916,0.024148066702469113,0.003348688408690571,0.0031353955560237258,0.0031705734222274655,0.003206818997072954
2022-11-30,0.0041715247,0.025605205,0.0014465342,0.1149437646499577,0.02352512,0.0032577033,0.0030893718,2.977809320396057,2.3299586910180294,-0.43641899945852747,-0.5380939571279831,0.003619857418582327,0.0036911544465974932,0.025330729810234407,0.025298170365771182,0.0238910581690089,0.02410634987161112,0.003329918222208619,0.0031435861376670595,0.00315382157766089,0.0031989539120308758
2022-12-01,0.002809926,0.024914779,0.0019569404,0.11972078459192093,0.02388929,0.0025064785,0.003641856,2.808690687334149,3.3883113998650414,-0.5915557835795849,-0.12897908353630086,0.0034527689797701927,0.0036321412094811843,0.02524491932921474,0.02527249577746658,0.023890693431512542,0.0240918140326614,0.0031600430317169836,0.0031009209422091515,0.003254502802273831,0.00322861373340645
2022-12-02,0.0033892724,0.02537305,0.0020850843,0.10989610840675368,0.024374401,0.0020523872,0.0034903684,2.4714198952605915,2.262077607240615,-0.600198800880718,-0.050081908067250436,0.0034396696632267086,0.0036158770100644644,0.025271352429484244,0.02527922953135324,0.023990482089076476,0.024110738049676367,0.0029315342209153272,0.0030307037757373347,0.003303161744827341,0.003246142658368263
2022-12-05,0.004203364,0.025051527,0.0012133624,0.09701835985075458,0.023773694,0.0028799288,0.003783714,2.6999801617849717,0.8918699295014301,0.5911822398501275,2.4980287767828564,0.0035972193593491525,0.003655219242053158,0.025226002502334255,0.025263980955612657,0.023945758905099698,0.024088167245467314,0.0029208880492049625,0.0030206068264925687,0.0034022994277142808,0.003282142204708271
2022-12-06,0.0027812636,0.024747062,0.0018854375,0.1104053017109704,0.023678305,0.0038900378,0.0039010958,3.147129999936861,0.9578895196364954,-0.7044128884250103,-1.2947757469788435,0.0034288881055978427,0.003596693044001502,0.025127197426504662,0.025229364471312483,0.023890583228315363,0.024060719972063677,0.003120823126734529,0.003078830015807877,0.0035052008627427973,0.0033235916772403466
2022-12-07,0.003302522,0.024303988,0.001192475,0.08246733501058878,0.024181157,0.004149424,0.0031108367,2.85975932095041,1.4050877093221241,-0.3631421763851069,-0.711726898055754,0.003402818845232701,0.0035769932894527015,0.024957369676884476,0.025167394752030413,0.023950528516892975,0.0240687853030074,0.003333022927741703,0.0031505244863260376,0.0034238437486964254,0.003309344114598754
2022-12-08,0.003692414,0.024248505,0.002109875,0.1740358157566585,0.023982208,0.0035682565,0.003422587,2.6791380873813897,1.2514089625335547,0.0903126314650311,-0.3483343185716678,0.0034625621554084476,0.003584722663332383,0.024811131269205502,0.02510585945497954,0.023957064023424648,0.024062987494900958,0.003381551491350924,0.003178498750069522,0.0034235844709234325,0.003316927648235334
2022-12-09,0.0033363695,0.024794117,0.0016208359,0.13737837515370765,0.024860976,0.0032910635,0.0032752182,2.674284614026776,1.6390078881287569,-0.9168674063939876,-0.24935668455133175,0.003436528682262782,0.0035680911966587572,0.02480762115525003,0.02508498296965994,0.024143540643187272,0.02411642641554676,0.003362883861452292,0.003186036873047264,0.0033929765845677087,0.0033141344903850965
2022-12-12,0.003104114,0.024862755,0.0012686721,0.0537709475799073,0.024464404,0.0030590037,0.0033315062,2.7846281631601193,1.1241904199742012,0.15362067356833398,1.4244895765318872,0.00336795170272642,0.00353702003004062,0.024818995256989017,0.02507010103336188,0.024209734628344085,0.024139729447482935,0.0033001935511932853,0.0031775298438139455,0.0033802952681378554,0.0033152978190747347
2022-12-13,0.0035168887,0.025447417,0.0012781409,0.11827557242376463,0.023919804,0.004261428,0.003143098,2.820015933753832,0.9400719649921224,-0.6861962004895701,-0.8605727048566969,0.0033986773293188497,0.003535671895868332,0.024948638342471106,0.025095368758281566,0.024149922096695628,0.024125001699634337,0.00349849571746713,0.0032501152624612117,0.003331361590809224,0.003303766110491626
2022-12-14,0.0037509045,0.025306452,0.0010184124,0.11130228796634278,0.02394917,0.0034646299,0.0033207973,3.1455051267821843,0.623132300940992,-0.3452393470968332,-0.0042760378707197896,0.0034713416017791714,0.0035500853770285,0.025022455125370192,0.025109504375916313,0.02410850714482363,0.024113226809205128,0.0034915092116971237,0.003264480664243057,0.0033291821927715287,0.003304906641419703
2022-12-15,0.003322626,0.024540348,0.0013866754,0.0910909190345468,0.024177816,0.0019537203,0.0027308962,3.684528539046288,0.9350839047222437,-0.7369139720768506,-0.13974664473811374,0.0034406616510256594,0.003534853102895362,0.02492299667454594,0.02507138967463183,0.02412280547674017,0.024117552138364008,0.0031742641779597845,0.003176702967049033,0.0032057561135030318,0.003266466881392905
2022-12-16,0.0036550744,0.024878412,0.0014782118,0.1247024809034658,0.02436442,0.004054934,0.0025777195,2.470220925019197,1.5545292398172548,-0.3946128060451705,0.24926777522338048,0.0034848948877635134,0.003542903963321954,0.024913798979718498,0.025058466569548764,0.024172650277573537,0.02413408409242652,0.0033559458549611834,0.003235515457760624,0.0030761924928396954,0.00322034353044189
2022-12-19,0.0032307073,0.025111957,0.0015345411,0.045966047267772314,0.024692342,0.0029637946,0.0034278785,2.7857240616916266,2.322404602279236,0.16073703921629315,1.31116845429845,0.0034324561126705534,0.0035219970836640733,0.02495467877643637,0.025062048631638467,0.024279862341637082,0.024171468933372794,0.0032750452631370402,0.0032173191266650133,0.003148745128630152,0.0032342415256913955
2022-12-20,0.0034261514,0.025156992,0.0007026441,0.15931421489674902,0.024350278,0.003384342,0.002781114,2.745247315295161,2.0589359413898114,-1.3281930898440435,-1.0542315612965654,0.0034311554434768234,0.003515578581616044,0.024996415796506213,0.025068406675276916,0.024294389071322656,0.024183443246975442,0.0032975931124496743,0.003228504145586582,0.003072903035703014,0.003203896935888332
2022-12-21,0.0026914296,0.02456005,0.0013053854,0.14764634303170365,0.023961509,0.0043334607,0.0035978416,2.772424086838149,1.439607627348674,-1.1461690192385443,-0.4480228802605525,0.00327855038569658,0.0034603877880509384,0.024906393592262273,0.025034363494334987,0.02422571601479371,0.02416858095071432,0.003511292051631858,0.003302499780751305,0.0031811975850148367,0.003230278231416256
2022-12-22,0.0028438268,0.024350433,0.00071544625,0.1533511068983635,0.024184382,0.0025557776,0.0033906996,2.491712321010584,1.5227289956269185,-0.8489893536898284,0.9750203056254798,0.003188867133750297,0.0034190985415636535,0.024791699148294655,0.024988562693640037,0.024217188744554266,0.02416963907221177,0.0033141699128620195,0.0032524940269124973,0.0032244177456721822,0.0032410211722390773
2022-12-23,0.003797217,0.024261469,0.0013006186,0.14385001812340492,0.02449807,0.0022394236,0.0030433405,2.416093797093251,1.626629301496993,-0.050146595586713714,0.13448242453804982,0.003314369399301679,0.0034444200062077736,0.024682312952017064,0.024939871405540253,0.024275134329439837,0.02419163308608845,0.0030924503078672404,0.003184651729127939,0.003187061609068023,0.003227783090265336
2022-12-27,0.0034669107,0.024896065,0.0015185506,0.032366232702916276,0.024664436,0.0031442635,0.003394601,2.7304640985948545,1.5473813044081162,0.774984708796506,1.815010106611316,0.003345838585815675,0.0034459261395253216,0.024726409840297447,0.024936937806421706,0.024355446963518736,0.02422329525173095,0.0031031393468342037,0.0031819470517662307,0.003229876862903236,0.0032389543823042664
2022-12-28,0.0036876022,0.025879938,0.0008435057,0.0886758476278563,0.024487248,0.0041718846,0.0032055825,2.6651923955481047,2.037188045460742,-0.7690561764160233,-1.6165158368258306,0.0034163442468810447,0.003462110464656614,0.024964382124968168,0.02500008771877338,0.024382637384181942,0.024240971356935793,0.003323620934277005,0.0032482402091890865,0.003224864948512441,0.003236719567146354
2022-12-29,0.0030315206,0.025701087,0.002071222,0.1276531855724542,0.02404522,0.0026123584,0.0031972073,2.592163224532028,1.2780020061589592,-0.8466320896808586,-1.2921886340439765,0.0033369553389068366,0.0034332751521319134,0.025116363946628462,0.02504703154144132,0.024313028282045297,0.024227862450379486,0.00317688785268726,0.003205657108353153,0.003219159200161079,0.0032340735520605883
2022-12-30,0.0035757632,0.025223846,0.00073563773,0.12111087767273376,0.024357723,0.0023265607,0.0037518174,2.6181564184015245,1.7857985898276505,-0.7655558941084784,-1.6512399210310313,0.0033862212749336106,0.0034428171504044688,0.02513853735848266,0.025058872251067565,0.024322248793739527,0.024236558827738047,0.003001465802646918,0.00314678664988488,0.0033290463050059432,0.003268745308183988
2023-01-03,0.003128205,0.025323985,0.0014496592,0.03531886438565979,0.024283059,0.0033287066,0.003228437,2.5350554328083055,1.6393788995411287,2.353370981347236,1.8041276085317355,0.0033329926449528597,0.00342174851321221,0.02517679513919462,0.025076626068445487,0.024314163947807756,0.024239672801240793,0.003068975407738887,0.0031589692849580643,0.0033082906423457788,0.003266045976189098
2023-01-04,0.004479826,0.025151273,0.0016064973,0.06826628220189335,0.02392683,0.0041093477,0.003550579,2.49985410147835,1.4159184263591735,1.98645055433541,-1.4707465302236928,0.003569583755112679,0.0034926047947023207,0.0251715299839234,0.025081624965925343,0.02423425714144144,0.02421872264931279,0.003283603665402893,0.0032226132846427196,0.003358274618130814,0.003285100306485102
2023-01-05,0.004195809,0.024707612,0.001579741,0.04583604795209917,0.023707895,0.0032264178,0.0031349477,2.306677567993777,1.157723992604956,3.03428650794318,-0.7073792601273756,0.0036987736728415197,0.003539696269883243,0.02507582387569581,0.025056578413047727,0.024125668827728864,0.0241845140235723,0.003271806254608143,0.0032228680626802974,0.0033122023997757062,0.00327504503801435
2023-01-06,0.0032791565,0.024758814,0.0014151571,0.04931295208934117,0.024120519,0.0039841207,0.003592914,2.2122466158886285,1.908363145748491,1.7968900783706785,-0.49064422115386236,0.0036122068743523472,0.0035222487020628124,0.02501042488501635,0.025036638014565626,0.024124606408126106,0.024180228464115553,0.003418756344751607,0.0032738468727740557,0.003370113049135612,0.003296331769496339
2023-01-09,0.0037927516,0.02456664,0.0018342213,0.08999646762996516,0.024067558,0.0036386787,0.0035789036,2.3464234759672795,2.2097316205310045,2.3287722971421876,2.706912912425034,0.003649453152262169,0.003540363470610877,0.024918872134665458,0.025005163600960955,0.024112837423365365,0.02417268328350807,0.0034641262101398397,0.003298278568568107,0.0034131864339193734,0.0033152547609469037
2023-01-10,0.0038374362,0.024815489,0.0021315848,0.06854140191774105,0.024904246,0.0023540994,0.0032517423,2.456966275103828,1.1073095333679517,-0.2558034080732794,-0.4447125877044231,0.0036882339571197107,0.003560257542913908,0.024897544167222493,0.024992461634014446,0.02427610449551389,0.024221673817367607,0.0032351282662089987,0.0032350497152165924,0.00337988060200537,0.0033110015240329087
2023-01-11,0.0045825583,0.024866218,0.0011956283,0.12358486209671138,0.02455278,0.0034538205,0.0027695652,2.3841698043017883,1.025393677438248,-0.2043256871843188,0.2346521390163988,0.003872732597189887,0.0036287179658898573,0.024891081543276013,0.024984007458586466,0.02433318235641743,0.024243846959163488,0.0032802443545081566,0.0032497001387508666,0.0032539728575985286,0.0032747431537918014
2023-01-12,0.0035309908,0.024648145,0.0012018516,0.11420625735110557,0.024326658,0.002541641,0.003004259,2.325792404253744,1.5252432314386979,-0.580123152848231,0.357554512473359,0.003802231443773197,0.003622173469812456,0.024840963829417372,0.024961515743845086,0.0243318363596159,0.02424939255855706,0.0031278708722553344,0.0032022835368319866,0.0032024570127381674,0.0032566296367789673
2023-01-13,0.0036787326,0.02485869,0.0011216926,0.22843438253721104,0.024072438,0.0029633848,0.0033414222,2.31928217608008,1.1580929563850044,-0.9344745944006743,0.6645687452107061,0.003776753687283399,0.0036259610623234906,0.02484462089377017,0.02495462986484538,0.024278322713174632,0.02423754247317826,0.0030939374916023896,0.0031862852061962884,0.0032311254543603072,0.0032623079399687746
2023-01-17,0.0034247078,0.025210008,0.0015222138,0.1364652639824656,0.02429546,0.0032191162,0.0034610913,2.6470723349702676,2.5014807896546416,1.3660309265258865,3.871426368029381,0.003704126805938301,0.0036124837334122676,0.024920000066790005,0.02497173177626911,0.024281858215712552,0.02424142106566827,0.0031197618028601984,0.003188483802738628,0.0032785672901447373,0.0032756198678271274
2023-01-18,0.00277346,0.023617538,0.0018513742,0.17977034692945315,0.02458476,0.004182957,0.0028245223,2.421528452061389,1.5863532251452532,-0.659417100213845,-0.5605577492743076,0.0035121307335445984,0.003556296824006482,0.024651302763984362,0.024881045449579725,0.02434434687797455,0.024264413506550595,0.003339098436074714,0.003255080705309201,0.003184898052045943,0.003245411214660928
2023-01-19,0.0033118797,0.024485087,0.0012551654,0.15533818308705682,0.024020799,0.0032974528,0.0031010942,2.7506446311752963,1.3342894181019767,-0.741230726468271,-0.3673186692859763,0.003470819050663473,0.003539928940397923,0.024617012543878058,0.024854529298221333,0.02427759901867764,0.024248099338636638,0.0033305069663265674,0.0032579182387292333,0.003167609353243616,0.0032357467332554
2023-01-20,0.0037234067,0.024418697,0.0017409662,0.1188651007127306,0.02458295,0.0035975638,0.0028803211,2.56044572840362,1.4212868234660592,-0.7056191369607233,-0.01853327071689053,0.003522927749566358,0.003552215896981219,0.02457610010220835,0.024825342897021492,0.02434059284768911,0.02427052331238476,0.0033856006570690124,0.0032806632879903985,0.0031083419412399464,0.0032119449430114914
2023-01-23,0.003324152,0.024941131,0.0017716236,0.05736547129536773,0.024446834,0.002830592,0.003513705,2.332777059884475,1.3657210804416389,0.13819154153808022,2.4276437048899586,0.00348192041088675,0.0035369431380827933,0.02465140588191689,0.024833096911541366,0.02436251031651703,0.024282330303575062,0.003271102659759837,0.003250523359173274,0.0031919681240315597,0.0032321529103226483
2023-01-24,0.0027271511,0.024577485,0.0012680216,0.0940029321112904,0.024044916,0.0030640971,0.0035769918,2.4215400922609187,1.5038005734011004,-1.109175830551562,-0.5752863609765427,0.003326211909338486,0.0034827137911556502,0.02463615612485404,0.024815979373114458,0.024296990783030666,0.024266431380158056,0.003228397529527508,0.0032380389528503537,0.003271398315519228,0.003255245742299158
2023-01-25,0.0029625145,0.024498181,0.0011830172,0.10120824943933326,0.024438564,0.0029381884,0.0032043895,2.731765731991489,1.6031240656614716,-0.8975540929564757,-0.43530450343215993,0.003251181330306139,0.003447877602515169,0.02460769201531682,0.024794697394736893,0.024326197208410963,0.0242779585689742,0.0031685275345491428,0.003217958856975843,0.003257574427024699,0.0032518400502356817
2023-01-26,0.0036575682,0.025275493,0.0014822797,0.1563598796481992,0.02460359,0.0035127418,0.002745564,2.351965456534629,1.4309483811896817,-1.205099443015953,-0.35797395225559253,0.0033350187372867567,0.0034619199576205197,0.02474545901559671,0.024826894840827892,0.024383423271582414,0.02429976515649745,0.0032395387492414646,0.0032376995864727954,0.003151946964976745,0.003217936264101969
2023-01-27,0.0040745256,0.025032645,0.0015124133,0.11530980538767421,0.024481937,0.0037314747,0.002812957,2.469732031650539,1.7483178478641233,-0.8036000591048682,-0.11967144397322925,0.003487578604550813,0.0035029443217599906,0.024804705351982603,0.024840673319600225,0.024403746661607953,0.024311964679252444,0.003341024886626085,0.003270766231761017,0.0030820134981322587,0.0031908160093051577
2023-01-30,0.0040126857,0.025729794,0.0017934887,0.06546824652991157,0.02413161,0.0032085099,0.0032338435,3.114445489643439,1.4665312508669763,0.8609752021829338,2.2529323520066646,0.003595907929318814,0.0035370801792796503,0.024995550664879247,0.024900215075427508,0.024347604831342975,0.024299886807453378,0.0033136871102921375,0.003266597110071289,0.003113335944156669,0.0031936974305022924
2023-01-31,0.004519257,0.025085997,0.0011810567,0.12508980792564828,0.024782369,0.0038667298,0.0035823218,2.5367928679543734,1.0484676664462156,-0.5895466232817478,-0.6713341913518288,0.0037863944041391716,0.003602853638068674,0.025014209662495658,0.02491265632418846,0.024437296432770247,0.024332197190718472,0.003427779524679615,0.0033067862004749417,0.003210087480750978,0.003219722442337179
2023-02-01,0.003840727,0.025008906,0.001254112,0.10161204375955646,0.024343228,0.0023051547,0.003295924,2.4413118058634664,0.9499455470598076,-0.3296111583972926,0.20409759758507942,0.0037976031969143655,0.0036187833077264745,0.02501311545348774,0.024919101855545866,0.02441789015788825,0.024332935888848585,0.003196182611490825,0.0032397099345459843,0.0032277955196054276,0.003224825435966825
2023-02-02,0.0036938752,0.023881942,0.0011784297,0.20461754294380163,0.024566386,0.0030718558,0.0028193654,2.331814571508486,0.9537248639385314,-0.25888956131973534,0.3833849537568313,0.0037762041570880527,0.0036238119843130284,0.02477975497197873,0.024849646364983165,0.024448524750350857,0.024348569337387185,0.0031705340461143186,0.003228469242194024,0.0031435365917056373,0.0031976729873680674
2023-02-03,0.0023905183,0.024881762,0.0016004662,0.19090142373384056,0.024495363,0.0020070742,0.0033789582,2.320386162701712,0.8541476969412941,-0.8548815635201132,0.3368662204994069,0.0034903378975106795,0.003541221996981149,0.024800798869408835,0.024851797020914702,0.024458187505195392,0.02435839968560268,0.0029305128894377068,0.0031466760692924456,0.0031921039474194896,0.0032098131163049532
2023-02-06,0.0032811142,0.025444394,0.0019454182,0.04014396680453125,0.02455691,0.0031902054,0.0037316035,2.251505116069256,1.4091608009050938,0.4769812829988086,2.438990893894969,0.003447175149951363,0.00352380335307916,0.024933572201691966,0.024891481466323143,0.02447855403167531,0.02437169336896889,0.0029840873244720723,0.0031495911005250633,0.003303402421630177,0.0032447558574372547
2023-02-07,0.0028203814,0.024848841,0.0013576444,0.1266211450344933,0.024689283,0.0034390292,0.0036589128,2.3874364391361405,1.8231595207058557,-1.2919425523511066,-0.6536505547376581,0.003317867935012199,0.0034766972911392624,0.024916092226320432,0.024888625970608837,0.024522027352790854,0.024392961411341972,0.0030779415967916563,0.003168973905055493,0.003376744034585186,0.0032724907118007714
2023-02-08,0.0035294604,0.024956597,0.0012020746,0.09539371937827723,0.024453525,0.0028533041,0.0033938147,2.1376653080325263,1.1074014888092438,-0.9190645253348442,0.17439511752866188,0.0033615193496999217,0.0034802306788445855,0.024924448342974134,0.024893177788131354,0.024507895250318667,0.024397017140221505,0.00303159900920397,0.0031478344457444556,0.003380265696907762,0.0032806154140815917
2023-02-09,0.0039950632,0.025172954,0.0012123028,0.06750915756703257,0.024345033,0.0033084648,0.003776883,2.1157908516404045,1.1483676892410535,-1.0603713889046595,0.21793387240589893,0.003492219122896001,0.003514707475928768,0.024975715017030328,0.024911913592554784,0.0244742968270807,0.02439353590920916,0.0030887162706479546,0.003158591378229175,0.0034620876395631372,0.003313848970240757
2023-02-10,0.0041372883,0.025143217,0.0021907277,0.06938647806104548,0.02548372,0.0034625444,0.0034936368,2.637681835223423,1.565217235524033,-0.8082023023060829,-0.4464578655916779,0.003625296557592385,0.0035563998521379813,0.025010270648956157,0.02492740330958134,0.024682540297653845,0.02446654227674886,0.003165836819077477,0.0031789462034505973,0.0034685962243685697,0.0033258888264746257
2023-02-13,0.0038074565,0.0248743,0.001146834,0.06878100681818766,0.024475615,0.0028140265,0.003256748,2.2820110927922106,1.4800524457961461,-0.007590841537979006,2.318835495579541,0.0036628760507677223,0.0035732123624855846,0.024982219927038852,0.024923847124037373,0.024639851814878412,0.024467149881465346,0.003093258545501691,0.003154508625893323,0.003424892039842119,0.0033212586698036727
2023-02-14,0.003526339,0.024224149,0.0012279041,0.15928203735211643,0.025126694,0.0029434338,0.0035354076,2.277618618208697,1.185832711085041,-0.7466990334897687,-0.29905363877793983,0.003634708544399932,0.0035700733986188363,0.024825830306568215,0.024876990438077576,0.02474028705420858,0.024511317562650074,0.0030623497836839483,0.0031403735776611473,0.003447691340811173,0.0033355995827122086
2023-02-15,0.0033805554,0.025364695,0.0015212838,0.08567064066611607,0.024121951,0.0038390958,0.0033496707,2.1507826039665834,1.4612842331586622,-0.3577311714206708,0.78537204695347,0.003582276889899328,0.003557381946989548,0.024936997833500712,0.024909650561430314,0.024612724715789968,0.024485242869635902,0.0032225920827508173,0.0031871649160846983,0.003427469728939819,0.0033365418816452175
2023-02-16,0.0028091052,0.025749391,0.00050972216,0.19192790871312582,0.024405979,0.003466469,0.0029796655,2.4371058143993967,1.6953273912321907,-0.1650446971204743,-0.41678021698277523,0.0034227719786291307,0.0035072720922864407,0.025104594105063847,0.024965885462792898,0.024570073104984456,0.02447993477996321,0.0032729037630996544,0.0032058690752294326,0.0033350879580265913,0.003312642939916165
2023-02-17,0.0035573107,0.025064081,0.0010952405,0.22984327106279023,0.02446102,0.0048679262,0.0026095558,2.316743572436739,0.9637826871998828,-0.14197770634242107,-0.129028092438732,0.00345052724040471,0.0035106230263095405,0.025096236263225723,0.024972461321056693,0.024547575462269437,0.024478668099282664,0.003601956061120998,0.0033171720714467463,0.003185411064181877,0.003265559300303418
2023-02-21,0.0030951703,0.02514,0.0015785624,0.08544494442103334,0.024721159,0.0029289324,0.003601678,2.5619566758352295,1.06086050137867,5.267221325336483,3.4053782955210887,0.0033772172802298654,0.0034828013967332437,0.025105264803745652,0.024983680919155447,0.024583385586391934,0.02449490696727691,0.0034631116400663936,0.003291172824107144,0.003271286703489429,0.003288068160669134
2023-02-22,0.0035091345,0.026003968,0.00043221272,0.29386008317970136,0.024593372,0.0031057056,0.0038126041,2.462017227106704,2.7921167497606825,1.373213076997799,-0.08528340632722471,0.0034044317373761483,0.0034845648472115473,0.025290666794366125,0.02505200649076507,0.02458544575721081,0.02450150086912168,0.003389378962806955,0.003278752639205716,0.0033829602014071904,0.0033231947645722374
2023-02-23,0.0038139268,0.024754234,0.0015718478,0.2536752539851441,0.024560321,0.005021539,0.002562815,2.323409212623873,1.0079395650795568,2.3154173250474606,-0.5708129443713504,0.0034889103593954305,0.003506621233835113,0.02518000092055382,0.025032065534974193,0.024580262558266133,0.024505439885521306,0.0037260927305286084,0.0033954618315996206,0.0032137646964394916,0.0032722744125128697
2023-02-24,0.0029989844,0.025463171,0.0018749225,0.1446007309766697,0.024008559,0.0019528694,0.0035564231,2.904834085548183,1.325812735954661,2.586183213766211,-0.43051143105046885,0.0033878388955457905,0.003472626314947059,0.025238418821565516,0.02506093539860834,0.02446232042791556,0.02447216526327948,0.0033602776802158186,0.0032988557288062053,0.003284454949412796,0.0032913030015501374
2023-02-27,0.0032128333,0.025302112,0.0013669034,0.07732130134965998,0.024884665,0.0029933178,0.0033663884,2.5081669831316304,1.9284361503224168,2.1189965775662736,1.518359452956744,0.003351735335588476,0.0034552287546804313,0.025251558711922414,0.02507708628097955,0.02454944997039238,0.024499789162414347,0.0032845740471788044,0.003278394766844935,0.0033013577731560765,0.003296331244759576
2023-02-28,0.004400818,0.024880057,0.00052969466,0.21065399071230606,0.02482031,0.0034226477,0.0031342884,2.2811062691629385,2.2239461086767287,-0.09955977093168872,-0.7238777567182632,0.0035681605669648374,0.0035185520472534077,0.025174918145579574,0.025063891832898966,0.024605328073034064,0.024521253425952818,0.0033130585721463106,0.0032880549552190843,0.0032668914409809467,0.0032854797174865385
2023-03-01,0.0030788104,0.025260758,0.0017358925,0.1390883186428118,0.024942052,0.0037070108,0.00297073,2.274219098227164,1.5461257118111347,-0.6717472124787612,-0.26638042039871623,0.0034672078859390373,0.0034891038649740775,0.025192626791203262,0.02507707534806738,0.024674793963515705,0.024549433022127413,0.0033943307022428278,0.0033161111724535185,0.003205793482104563,0.0032644018674475588
2023-03-02,0.003968488,0.025627322,0.0010720559,0.1302809580622094,0.024337,0.002734604,0.0032696414,2.573723040753279,1.6671748024710291,-0.4919870371342097,-0.5890685468196345,0.0035706217014194264,0.0035212067836796128,0.025282304286250133,0.025113923753411774,0.02460510709844334,0.024535206970070562,0.003258229442703662,0.0032771693806512214,0.0032189652796201684,0.0032647527450980957
2023-03-03,0.0039049836,0.025573267,0.0022723775,0.1179094097182779,0.024363702,0.0030535113,0.0034084744,2.5589336586043605,1.1516445327654186,-0.3192892568355307,-0.6999606670532788,0.003639600392268386,0.0035469071712716455,0.025342329672998393,0.02514468457440167,0.02455530538725722,0.024523721806210704,0.003215996189306365,0.00326219166539789,0.0032580609077650525,0.0032743773531737253
2023-03-06,0.0037312643,0.02488663,0.0013700376,0.14301637308317716,0.024654496,0.0031765571,0.003191691,2.5004525487081932,0.9773362265723675,0.7849257465054726,1.7694344831868332,0.00365851060143587,0.0035592530144693563,0.02524831916824936,0.02512740346337797,0.024575768453629,0.024532479393635,0.00320785993272937,0.0032564569769403355,0.0032443688084184017,0.003268840088227249
2023-03-07,0.0031188028,0.025360731,0.0014643002,0.10190497889618033,0.024696562,0.0027549532,0.0036418745,2.5565050595409406,0.9075570908398589,-0.3715326414698621,-0.7868590431620267,0.0035471691645001155,0.0035297573807822995,0.025271509754182866,0.025143028737820174,0.024600688189317255,0.02454346754433624,0.00311442551698395,0.0032228727708870494,0.0033263740295796174,0.0032938210888077556
2023-03-08,0.0030591758,0.025183138,0.0020960309,0.14603267028783096,0.024294507,0.00487549,0.0043746694,2.7800997262587464,1.3114626521113928,-0.4931520254716644,-0.009031461104296689,0.0034464963894217395,0.00349824393986559,0.02525327860591601,0.02514571470205483,0.024537523121176207,0.024526795385280888,0.003477732188640094,0.0033335436012654823,0.0035426368129275474,0.0033662022667513584
2023-03-09,0.003098719,0.024904948,0.0013968799,0.1458067346979427,0.024733141,0.0033898028,0.002900014,2.5246945131714136,1.1206762517102429,-0.616291233340784,-0.26582146637498366,0.0033747501082214424,0.0034714889535083604,0.025181418129001654,0.025129591258060194,0.024577879000021657,0.02454061373813713,0.003459592394044972,0.003337311108916729,0.0034100640507992975,0.003334983028656793
2023-03-10,0.003144358,0.024446812,0.0026395225,0.17130495972610538,0.024623929,0.0028143735,0.0033342734,2.647731326759327,1.2116686909042422,-0.4551444857242469,-0.2935497336219109,0.0033272203481933046,0.0034495819756545135,0.025029869173402948,0.025083867542032713,0.024587379006544778,0.02454619308463469,0.0033264840687947414,0.003302291539432641,0.0033944284693689284,0.003334935503691011
2023-03-13,0.0042314194,0.025539182,0.0011992409,0.08172864829565019,0.024546051,0.0020748693,0.0034935558,2.636946773887885,1.3592064068859053,0.2038907018027199,2.091544571638976,0.0035137561399330385,0.003501939290023911,0.02513494016774091,0.02511435859766563,0.02457885314262308,0.024546183596299245,0.0030682766105540778,0.003220094747258133,0.0034148783899696947,0.0033455578318547113
2023-03-14,0.0037087214,0.024749743,0.0013462511,0.148983798623463,0.024608335,0.003553996,0.0033083777,2.309854813907478,1.0780337349496094,-0.7192425208175578,0.2707898978942318,0.0035539773646293717,0.0035157868674152884,0.025055474157686844,0.0250899413698544,0.024584935136593575,0.024550345658162616,0.0031684802848040454,0.0032424551216672865,0.003392907352478665,0.0033430679892710044
2023-03-15,0.0039029664,0.025207408,0.0016520282,0.13887011918093595,0.024429586,0.0037997987,0.0030823613,2.355914420501201,1.4949377696496993,-0.06716699637075713,0.4162790540268346,0.00362597361688359,0.0035417151217429933,0.025086817982516604,0.02509780774343726,0.024552886647003794,0.024542258730692667,0.0032987209346922674,0.0032797787514886067,0.0033288418662534357,0.003325609242547891
2023-03-16,0.004224495,0.025998415,0.0014400269,0.15052238143084473,0.024642823,0.0032591985,0.0038894159,2.419268218254613,1.623681728326486,-0.562546262386012,-0.21892456858352558,0.0037494482697905934,0.003587438849700659,0.025274880055501776,0.0251581187456986,0.02457144052378546,0.024548993236645944,0.0032905674787081854,0.0032784005541014556,0.003444487990189298,0.0033633656863295597
2023-03-17,0.003979774,0.025465522,0.0012212823,0.11845121936610836,0.024476152,0.004047114,0.003935551,2.381303181252114,1.5675859925031945,-0.55943455199899,0.32310090385402185,0.0037969643863895865,0.003613712373887194,0.025314209380424404,0.025178704619449474,0.024551782533584157,0.024544115271135963,0.003446642614997455,0.00332987898967924,0.003545793990630909,0.0034016832120262147
2023-03-20,0.003400335,0.025157416,0.0011156041,0.07596762196334783,0.02406462,0.0037205436,0.0037631793,2.8764428963016346,1.41286286379596,-0.030095785465977885,2.374277390797853,0.0037151399708293107,0.0035994231354022606,0.02528186303789782,0.02517727900032125,0.024451280972265687,0.02451200484659256,0.0035031482400366934,0.0033560406286142087,0.0035906404645325574,0.0034258915232583936
2023-03-21,0.0028510152,0.024187118,0.0013936514,0.18636888745041702,0.023843063,0.0044761007,0.003930907,2.721992434445002,1.3777223103073992,-0.6406584847136129,-0.2225822731778145,0.0035368714829905087,0.0035493044941659908,0.025056017674236233,0.0251109708678451,0.024325805933075675,0.024467207815074086,0.0037038678150007266,0.003431047699021347,0.0036608373194436214,0.0034597109144210002
2023-03-22,0.004128247,0.025722858,0.0015208995,0.14658643162935603,0.023864837,0.0029736783,0.0034431804,3.0682176912647297,1.6120092520340759,0.8235757547361378,-0.41913113382956335,0.0036588719480693307,0.0035880745441176755,0.0251935863928892,0.02515194708945108,0.02423070835960595,0.024426868867936328,0.003553230099851003,0.0034004190378683907,0.003615934801252559,0.0034586039120128123
2023-03-23,0.0035080346,0.024997255,0.0015864642,0.13509461763753494,0.023586322,0.0036662566,0.0029453381,3.3510236100830912,2.1671487979949853,-1.0257456324662515,-1.6183200998793172,0.003627754288253259,0.0035827145103699038,0.0251530832954708,0.02514158781184291,0.024097771714602513,0.02437057993341292,0.0035765473979794526,0.0034182213810894555,0.003477591063385615,0.0034242320389178595
2023-03-24,0.004842955,0.02516061,0.0012923365,0.110933939406336,0.024402186,0.003090259,0.0030023935,2.4747778557924875,1.284872224766231,0.9117357043032603,-0.6584112395262525,0.003878449587564016,0.003667109056179735,0.025154636190075862,0.025142861716135306,0.02416057227819803,0.0243726965155259,0.0034762263408689093,0.003396258716219921,0.003379558061182362,0.0033959827755925026
2023-03-27,0.003641859,0.024991164,0.0018421358,0.068338266071448,0.024126358,0.002844705,0.0033829072,2.5975407027678283,1.2968817886452353,3.505206614602463,2.4472553557837404,0.003829641059303665,0.0036654181307506375,0.025120911959934038,0.02513270297281961,0.0241535139587323,0.024356199984187706,0.0033459438232149013,0.003359322814745873,0.003380248996874422,0.0033951071466947623
2023-03-28,0.002460071,0.025542136,0.0017631956,0.09991504539316554,0.024319109,0.003757199,0.0032847489,2.578693196110318,1.6321927756969465,0.44105257907649853,-0.04247954473181765,0.00354709945286505,0.003584699631591442,0.025207810315962993,0.02516012149668244,0.024187676041088364,0.024353716083513728,0.003430785558058513,0.003385967395268524,0.003360547372265988,0.0033877167834784594
2023-03-29,0.0039675073,0.024464773,0.001765449,0.10289513916134763,0.024433982,0.0030655633,0.0033519166,2.7791533617146493,1.7183884572238488,0.6285500117214902,0.014957562089468785,0.0036338293657910783,0.0036103351144001336,0.02505452211143258,0.025113556088970354,0.024238488753955713,0.024359091226858802,0.003355440392687034,0.0033645108896798188,0.0033587668400372503,0.0033853193495455413
2023-03-30,0.0035295028,0.024352819,0.0018258889,0.08977654408391589,0.02413649,0.0026773154,0.0027886129,2.5453592690277995,1.3311713106776266,0.41892776655733904,0.04631989713343069,0.0036123068454765634,0.0036049220146029894,0.02490976107241073,0.02506261178364605,0.024217446311428522,0.02434418423887384,0.0032155435593401983,0.003318491462195634,0.0032411443721709066,0.003345359700465865
2023-03-31,0.0038696942,0.025587171,0.0016811385,0.09930414236379104,0.024279179,0.0028340716,0.0034038706,2.6619116502005475,1.632010621706437,1.1508146064477862,0.5137470038226003,0.0036654057196749573,0.0036226530152450405,0.025049510449386476,0.02509773996629848,0.024230181743238637,0.024339831035942058,0.0031368461026287943,0.0032860513157331787,0.003274714711856537,0.00334927800182308
2023-04-03,0.0036340589,0.024742689,0.0016551276,0.10686326043531613,0.024258025,0.0028659205,0.0038454449,2.9010169030890665,2.120808867078243,1.1962194908670662,3.4516418194016976,0.003658938881152353,0.003623416831242069,0.024986213342394203,0.025073963264140523,0.024235925790515648,0.024334352729808526,0.0030809543019340037,0.003257916414640084,0.003392456045437409,0.003382504813381633
2023-04-04,0.002978162,0.024500625,0.0014274212,0.08998652117994499,0.024368213,0.0029354505,0.0038675442,2.3795135196292967,2.2001281668209294,-0.016520610231214667,0.18996017974883098,0.0035184949498104404,0.003580206039382351,0.02488603676568449,0.025035568529684044,0.024263216673266187,0.024336620283599515,0.0030509369490978144,0.0032363218386186406,0.003490466488807569,0.0034149864523537036
2023-04-05,0.003515626,0.024829287,0.0014760189,0.0837559510357423,0.02380851,0.0032168713,0.0028869617,3.0098918778978256,1.7142088169896528,-0.01103220021566208,0.8024479978463757,0.003517903101625156,0.0035758813120945407,0.024874329335780914,0.0250217544782283,0.024169410742423056,0.024301254258261618,0.0030851691170199866,0.0032350192937831055,0.0033659637641650373,0.0033796262129483995
2023-04-06,0.0032540692,0.024401568,0.0013866955,0.10102411799017097,0.024011454,0.0026940834,0.0034498563,3.4287090418927577,1.805452415267452,1.4633183190498624,0.46711282959489464,0.003463474316438922,0.0035543305208891197,0.02477679889536305,0.024980222436810817,0.02413682426983782,0.024281847176040528,0.0030044883347070585,0.003198794433713991,0.0033832707509309835,0.0033843293120255965
2023-04-10,0.003161629,0.02458043,0.0013863292,0.03999582051559014,0.024140557,0.0033330324,0.003926171,3.094412481236059,1.2411697528273649,2.784852715918741,2.913127666705481,0.003401203778878163,0.0035280324723669615,0.024736288144932714,0.024953449549345898,0.024137594386678854,0.024272385413989708,0.0030722667951465616,0.0032077839463292577,0.0034952707846674204,0.0034206148282515817
2023-04-11,0.0029101304,0.023416754,0.0019341073,0.10900532907960814,0.024238082,0.0038007784,0.0033916268,2.723398177009108,1.007320265410297,-0.39878629185243214,-0.41925658582736036,0.003299895604151253,0.0034866534206930084,0.02446406891566019,0.024850541636000142,0.024158324856029825,0.024270088193465694,0.0032225583595322177,0.003247495012059715,0.0034738890762001213,0.003418673583814523
2023-04-12,0.003548548,0.024676826,0.0016660369,0.11668735801984298,0.024625177,0.0028977434,0.0033886859,2.637301906534028,1.0928829205658077,0.12766326144824985,0.14763950728931832,0.0033511924814427683,0.0034907983216168757,0.024507960559555703,0.024838908409569375,0.02425463611779841,0.024293867399371002,0.003155549197734193,0.0032240731907868646,0.0034563117001497295,0.003416665396515768
2023-04-13,0.002992,0.024064828,0.0014484336,0.11347066499374425,0.02440383,,0.0034019577,2.6528223113905343,0.90918906426037,0.5513219182923565,0.40388898359330494,0.0032770912542634096,0.0034573952878586742,0.02441654248585367,0.02478707054083624,0.02428541455723704,0.024301231207352603,0.003155549197734193,0.0032240731907868646,0.003445098495440065,0.003415680465082779
2023-04-14,0.003950531,0.024139224,0.0016301742,0.11887530763642373,0.02429919,0.0031893807,0.003619395,2.7464417119652413,1.126740183130075,0.2442988690414007,0.06871485016459124,0.0034160215461603955,0.003490419119892091,0.02435933174975434,0.02474368617062554,0.02428825631002964,0.02430109447686064,0.00316252862841564,0.003221749941565634,0.0034810557651457725,0.0034293226156295385
2023-04-17,0.0040620742,0.024402067,0.001597916,0.06552078090218338,0.024277778,0.0032047804,0.0034272901,2.753661007642716,1.6812357627407402,1.4097673158336514,1.7203228042796925,0.0035493018763788236,0.0035287011529288076,0.024368148022860723,0.024720808961103926,0.02428609471081192,0.024299533065084623,0.0031712451462440764,0.0032206135419938185,0.0034699639418261665,0.0034291865058002063
2023-04-18,0.0041637206,0.025029307,0.0018560294,0.0936969449078664,0.024410998,0.002800958,0.0036550586,2.596472014018478,1.539121358737572,-0.10168899058535565,-0.8084467445988531,0.0036760561451730303,0.003571226508629333,0.024504544819803967,0.024741468167375498,0.024311862286246943,0.024306997568374525,0.0030948551023802905,0.0031925104656450273,0.0035081488651513408,0.003444312481874672
2023-04-19,0.0045219716,0.0245198,0.0020122982,0.09028134882112959,0.023914905,0.0044181817,0.0033030603,2.656789278997535,1.7011521889331689,0.48936692514949276,-0.6452773493273413,0.003850568052060149,0.0036348950610977024,0.024507691806338362,0.02472662366493018,0.024229970261551343,0.024280740319774327,0.0033678566877777543,0.003274590002983584,0.0034658392037047207,0.003434853246357978
2023-04-20,0.0033198576,0.024912823,0.0014207204,0.09231484817370683,0.024130687,0.004262143,0.0032295363,2.618379663362443,1.6215577493686546,0.34652357438514186,-0.36922865353566897,0.0037410827736212337,0.0036137979475904178,0.024591270156767254,0.02473909287681576,0.02420948820117071,0.024270691705712825,0.003552347445380671,0.003340723460483368,0.0034170900490611594,0.003421103787951879
2023-04-21,0.0031638392,0.025463302,0.0012087489,0.18661476248526632,0.023735713,0.002598922,0.0036437402,2.648252981653312,1.6295976907258234,0.5516901156672561,-0.4886107397513485,0.003621997733105068,0.0035836655579882665,0.024771169803075116,0.02478759097443243,0.024111748670449937,0.02423486579650938,0.003355656277732397,0.0032910472358813917,0.003463847856267876,0.0034360130825333932
2023-04-24,0.0029798,0.025130833,0.0015705737,0.053886560361810165,0.024223242,0.0033297967,0.003421158,2.590697213879622,1.6912322096870573,0.8168689609615425,0.7517221109565673,0.0034895127002323137,0.0035432264950937273,0.024845368042263238,0.024810576837121134,0.024134749676417565,0.02423408738261945,0.0033503214638664885,0.0032936421726826675,0.0034550409746095067,0.003435018286392045
2023-04-25,0.004112711,0.024369719,0.0015060442,0.13013261452653846,0.024215763,0.0025199046,0.0034278228,2.487270859781596,1.3437720935303692,-0.4015449722520531,-0.6060708348900423,0.0036180782180476796,0.003581363180558133,0.024747241793308554,0.024781053873592307,0.024151462772153253,0.024232860282648584,0.0031790069090320366,0.0032418272845050776,0.003449425888030532,0.0034345364289617695
2023-04-26,0.0038640145,0.024716213,0.0012351074,0.09969596301600614,0.022496438,0.002865784,0.0033475442,2.6930278600255666,1.4395900485511555,0.1447693255310927,0.2148327220836749,0.0036688147480379157,0.0036002914952817876,0.024740840640851827,0.02477671169740064,0.023810031960774337,0.024116577253773443,0.003114389208908329,0.0032166447975901053,0.0034284077560586537,0.0034287108217972723
2023-04-27,0.0035171765,0.024859006,0.0013368523,0.14830535508343978,0.023232024,0.002424586,0.0028119276,2.7937296611062177,1.5589281173540688,0.21829325417734896,0.11384866527046589,0.003637531855221163,0.0035947255320382173,0.024765218006741255,0.024782222672888928,0.023690789256118002,0.024057341379457992,0.0029720831900856793,0.0031636029959942456,0.003301228220245314,0.003387406693304639
2023-04-28,0.0038973582,0.024124105,0.0018766265,0.1558448528109131,0.024045909,0.0027916655,0.0034338015,2.860523174448103,1.4878056988940527,0.03631431310558883,0.16096705857372098,0.0036911338930139133,0.003614991936322091,0.024632956633626475,0.024738150469618803,0.02376405023610422,0.02405657577539372,0.002934863114371225,0.003138695454180017,0.0033285780112366817,0.0033905136124804973
2023-05-01,0.0036945255,0.024784857,0.0012988761,0.04496105077319357,0.024008615,0.0028458587,0.0034878615,2.6562754051271305,1.5945556942137582,1.4975101093472998,1.53575846948716,0.0036918335703013255,0.0036203180580864835,0.02466429368331983,0.024741278293503914,0.023814503806382385,0.024053363981886837,0.002916501548314073,0.003119085052074497,0.003361438107562573,0.0033970327081110463
2023-05-02,0.0029110177,0.025618806,0.0010125056,0.11859280993247379,0.024471907,0.002735762,0.0034484344,2.533854246100152,1.0419101282396386,-0.18959975077537694,-0.29902433547053775,0.0035307516756211167,0.0035728183378167084,0.024861209171497253,0.024800043731086855,0.023950125728118166,0.024081392552047172,0.0028792150592098133,0.0030934150490182764,0.003379385398355453,0.003400474926108297
2023-05-03,0.0034726856,0.024687795,0.0018816077,0.059680666128522186,0.02414492,0.0037997006,0.003921718,2.6037286201971424,1.5170617109824247,-0.3717860303165245,0.04932292935788907,0.0035187726708577173,0.0035661127466484204,0.024825433912629112,0.02479252676725177,0.02399031159919301,0.024085646767679273,0.0030691107511638623,0.0031407128824259586,0.0034912683021997436,0.0034353810068089336
2023-05-04,0.003775072,0.025515141,0.0011656808,0.06402405950295009,0.024424547,0.0029856712,0.0039675413,2.760456914234854,1.301364625795576,-0.09623164729070952,-0.09316018334516835,0.003571647098215447,0.003580106126165605,0.024967720114878134,0.024840918078386905,0.02407989420196354,0.02410834192447392,0.003051897207932125,0.0031303302022625797,0.0035895231649362676,0.0034710181876550132
2023-05-05,0.0028767856,0.024925642,0.0013984941,0.12447969973928685,0.023902638,0.0019081129,0.003469988,2.940148832078458,1.827429386160645,0.575770914009669,0.2573849053690772,0.0034282975332764355,0.0035330068534522763,0.02495903936322448,0.02484659176691227,0.024043326316805964,0.02409456654025598,0.0028159351066943685,0.0030484819657979408,0.003564863124363653,0.0034709491994202265
2023-05-08,0.0037429489,0.02491005,0.0018477654,0.05226673500819312,0.024196198,0.002637964,0.003408742,3.0535297570657924,1.4084323005275858,1.1540693323285465,1.4201413855026344,0.003493209939153318,0.0035470660424500025,0.024948932782887418,0.024850841342330406,0.024074863707988507,0.024101372509151908,0.002779219755804529,0.0030209908040237294,0.0035326553988071024,0.003466783362969651
2023-05-09,0.003962793,0.024255505,0.0013566953,0.08247385204920621,0.02348921,0.0021734354,0.0032371925,2.745516068636164,2.0030403566726993,-0.5607414837160539,-0.55908410819162,0.0035900846614824867,0.00357490602789857,0.0248058789612837,0.024810973437182676,0.0239540438117554,0.024060377867756194,0.0026542467636137134,0.002964232554686839,0.0034717015621135543,0.0034514083509790744
2023-05-10,0.004428241,0.025307434,0.0013355141,0.11264128009926577,0.023204995,0.0032964323,0.003261595,2.7249955097330494,1.6640704392471402,-0.18962595744153857,-0.24755519280293978,0.003762995860110047,0.0036320513139280436,0.024909349435883157,0.024844219894444963,0.023799515501738568,0.02400309545739093,0.0027867293057384384,0.0029864789790592116,0.0034283566956926476,0.003438697120914855
2023-05-11,0.00450019,0.024180086,0.0016363753,0.1192746008742569,0.023939714,0.0032727888,0.0038796759,3.040275333981423,1.781443646046936,0.8317170125605481,0.06710313002092563,0.003915078581350449,0.0036901879510102147,0.024758902840633482,0.02479974485638592,0.02382843834429607,0.02399885097979583,0.0028870031303392177,0.003005652293401791,0.0035214636048911214,0.00346822814883738
2023-05-12,0.0042459667,0.025219744,0.0011949812,0.07858905498059787,0.023930643,0.003566197,0.0031951645,2.6949341896259766,1.9584137297188775,-0.409546171982389,-0.20168639748972164,0.003983340620594697,0.003727406789382492,0.024853974144138116,0.024827870947369917,0.023849523060226988,0.023994283278950954,0.0030271204450566195,0.003043190287933398,0.003454148269602817,0.0034499418926426536
2023-05-15,0.0038155848,0.02466503,0.0017370392,0.052291608162649994,0.024364065,0.00337613,0.0035065978,2.6013479635119903,1.9825974478018593,0.9125163394645016,0.7556757325888362,0.003948732686351663,0.00373331180803984,0.024814995008711246,0.024816965957483113,0.02395567286992905,0.02401904647996807,0.003099120935691895,0.0030654862654306957,0.00346496858632154,0.00345373597127799
2023-05-16,0.0041944976,0.02551624,0.00081966765,0.21355240360795336,0.023911664,0.00212939,0.0029631187,2.450127863774475,1.8628892509272843,0.6206693966456366,-0.7545493981824863,0.003999433858041157,0.003764196040636914,0.02495966146634942,0.02486379424326554,0.02394659391734652,0.024011855414096332,0.002899065934007619,0.003002798692501831,0.003361437223029431,0.0034208808017130213
2023-05-17,0.0033964003,0.024648156,0.0015756496,0.08389439879646354,0.023483621,0.0043660034,0.003385411,2.473687941278623,1.1736849126792994,0.17870127535868813,-0.3551431989953844,0.0038750283419903674,0.0037395658568457188,0.024895398056008967,0.024849353596346584,0.023851082839048576,0.023976481132706614,0.0032016943704352764,0.0030940884365357507,0.0033663830232552217,0.0034185055025528414
2023-05-18,0.0036589697,0.025689492,0.0010835713,0.12678112013633802,0.024926096,0.003573484,0.0035021908,2.47353741913586,1.8524690665299695,0.1408403506079684,-0.3763054753775998,0.003830455548254008,0.003734168570232268,0.025059219219412857,0.024905615152076906,0.02407285753016746,0.024040074013017974,0.0032783943796485045,0.0031261921246514214,0.0033944000985496694,0.003424109657349339
2023-05-19,0.0033733535,0.025038365,0.0012070318,0.043952251955773014,0.02439922,0.0034156125,0.003119814,2.418875603976752,1.8653631516521771,1.0144728497169742,-0.6879204969772369,0.003736155638032256,0.0037100058649886425,0.025054917061580785,0.024914505030659936,0.02414018574640316,0.024064124883812033,0.0033067024065041944,0.0031455737416370587,0.0033377531260625824,0.0034037318859353066
2023-05-22,0.0027895125,0.024648692,0.0017769648,0.04654728349214565,0.023979729,0.0039870366,0.0036496841,2.4193877377562707,1.4112581055431408,2.1333096824606073,1.761546120602984,0.0035408636585311844,0.0036483631786599904,0.024971113139708827,0.024896704357915123,0.024107083612570482,0.024058473146722797,0.003447055002145975,0.003201923995035648,0.003402104329108961,0.003420202572271309
2023-05-23,0.002944882,0.024087455,0.0012803348,0.08501050171031477,0.02389803,0.002344181,0.0037109093,2.277718908990334,1.5629913378783589,0.7194871320664425,-0.5678171737707821,0.0034179129615892036,0.0036012531504769777,0.02478881495578863,0.024842511357596127,0.024063955900350056,0.024047728729063,0.003219532688522867,0.0031444835168235796,0.00346581062824232,0.003439670330890094
2023-05-24,0.003203339,0.02461505,0.001377839,0.08243169038191389,0.0248462,0.0041716415,0.0041789087,3.5269567483127067,2.346342367949596,0.5963419496486696,-0.3333439080095726,0.0033736464545037984,0.003574606026405492,0.024752967205225653,0.024827278908224216,0.024225332426011756,0.024101199954718853,0.0034159522445120945,0.003213269217089563,0.003612922375786578,0.0034891749099004656
2023-05-25,0.003475404,0.0248482,0.0014336928,0.11858623635735421,0.024160145,0.003000561,0.0035662511,3.060849187196907,1.7170221893200444,2.189464293125201,-0.12730285366309066,0.0033946390056539596,0.003567962770941733,0.024772613759255952,0.024828679956655407,0.024211884263494354,0.02410514731806097,0.003330257231743118,0.003199024778429875,0.003603294123641732,0.003494336474210263
2023-05-26,0.0039658635,0.025264762,0.0014604053,0.13131680902867282,0.024148338,0.0031729578,0.0036501451,2.8372534204376683,1.9069124586236097,5.899547073406604,-0.13400328824489258,0.003512482316802261,0.0035946089919191107,0.024874143753008806,0.02485788308944383,0.024198774608483145,0.024108039638220707,0.0032978064425478555,0.0031972791511362376,0.003612959463579729,0.003504770514420387
2023-05-30,0.003960263,0.025324788,0.0016016761,0.1059873720803054,0.02396263,0.0032758634,0.0037982785,2.4418802533617194,1.2563305660090553,6.318062761824404,3.0334838605328263,0.003604859232927359,0.003619095745903896,0.024967111412693168,0.024889150310827585,0.024150058091500472,0.02409830198700085,0.003293279596286527,0.00320254170055738,0.003651190686267584,0.0035244258671320596
2023-05-31,0.003313368,0.025588332,0.001423152,0.10394444036469552,0.023703683,0.0040702005,0.0031204259,2.8555464058776203,1.1914916493484757,2.5920610010033376,-0.7768309344933932,0.003544724735306223,0.003598622070244158,0.02509526884030519,0.02493597239978516,0.024057971179505724,0.02407187554518873,0.003453557968361587,0.0032606462141667636,0.0035416941809037917,0.003497371194950098
2023-06-01,0.0025937478,0.024826873,0.0019437906,0.11282672982115638,0.024070725,0.004322956,0.0038207024,2.617040185752934,1.1585764821273938,1.5201040933394085,-0.1685728360394533,0.003348538694948662,0.00353132864687295,0.025039898938982032,0.024928666345640834,0.024060602253975057,0.024071798486234936,0.003632914294159712,0.0033317859125744117,0.003599253436678252,0.003519023720744251
2023-06-02,0.002845274,0.025420738,0.0010037009,0.12945764221686284,0.024456633,0.0027656166,0.00299816,2.387399585099815,1.0821424445521453,1.4923137087349527,-0.04985599924144012,0.003244715463745629,0.0034853856229885337,0.025118465916200074,0.024961618938006677,0.024142303241156907,0.0240975697194441,0.0034539912432310907,0.0032938712497621535,0.0034752481697398353,0.0034841430332386548
2023-06-05,0.0040883766,0.024769016,0.0017004737,0.07992321444320805,0.02387046,0.0030670732,0.003650488,2.56182331995087,1.1165665067998627,2.1996064926969465,1.5831580808057741,0.003418762322454315,0.0035257661281121954,0.02504637450188129,0.024948720869324616,0.024086222265645794,0.024082360907084828,0.003374170250177324,0.003278683261465372,0.003511400074989977,0.0034952826646708836
2023-06-06,0.004144504,0.025350064,0.0015784907,0.11631249802394172,0.023782339,0.0036467193,0.0038699831,2.341328282089794,1.4295781220874915,-0.19255962090466433,-0.8649763640361224,0.0035684824902009337,0.0035672011658534823,0.025109025493700532,0.024975597620780336,0.02402353129685887,0.024062269333948547,0.003430396969497751,0.0033033295319271384,0.0035853755716179925,0.003520375234224597
2023-06-07,0.00658284,0.026839001,0.00053900614,0.25830681681010925,0.024355654,0.0027532484,0.003575796,2.833095478766925,1.1229408209346714,-0.10288436408518718,-0.7071775232039578,0.004190342834241024,0.0037691494691549474,0.025465918552214264,0.025100384177627232,0.02409204796845037,0.02408191640549226,0.0032907015836684517,0.0032664922466706893,0.003583399316931892,0.003524086599030514
2023-06-08,0.004268815,0.024948109,0.0010660635,0.10325000862969247,0.024166588,0.0034024704,0.0032037753,2.425106476778675,1.2930005834673057,0.03747635903063553,-0.6224559819457267,0.004206531561486774,0.0038026105622386602,0.025359094701845702,0.025090186760588485,0.024107425484152054,0.024087586591479075,0.00331375942719277,0.0032755982953559686,0.003505083075323368,0.003502636307417755
2023-06-09,0.005033382,0.02483554,0.002743772,0.22528902073222623,0.024825322,0.0017551933,0.0038805737,2.4001593412767384,1.6143707412022537,0.3830278756543243,-0.169673971026471,0.004377110416314935,0.0038850316578989885,0.025251085638465814,0.02507313382759306,0.02425552705677216,0.024136990492040333,0.002992228063500161,0.0031737813239451837,0.0035825465873892998,0.003527945641939424
2023-06-12,0.003314401,0.024554893,0.0014950379,0.07903597323545042,0.023907593,0.003920465,0.0034779522,2.9260575571985417,1.718371647079825,0.8146433311302059,2.5996842122682646,0.004157874027460851,0.0038468182313483703,0.02510746154058398,0.025038428814780998,0.024183748344868392,0.024121628396113155,0.0031837228091452724,0.0032237844810288252,0.0035609688223968553,0.00352459773137521
2023-06-13,0.0028948418,0.024528451,0.0016553797,0.24081610010041132,0.023168065,0.0028400738,0.003592735,2.7102235597332625,1.6395329741111855,-0.0777647086320823,-0.5446296069592108,0.003897311150086706,0.0037830672198261015,0.02498801202505522,0.02500427714381542,0.02397421333364961,0.024057771084916395,0.0031128281950267185,0.0031980885232137345,0.0035675221523637636,0.003529160675302665
2023-06-14,0.0031341915,0.025476621,0.0009853384,0.08576051081283487,0.023385573,0.0022734744,0.0033624175,2.8547578368663764,2.006631458995089,0.4161709779395979,0.08414951292337035,0.0037398799680516304,0.0037396139541312234,0.02508881189528704,0.025035908629895718,0.023852777179263745,0.02401275600203046,0.002939669939170936,0.0031361698783386946,0.0035252091609524958,0.003517994380583811
2023-06-15,0.003627141,0.0242398,0.0019020527,0.11288746401552685,0.023660956,0.004033018,0.0032835891,2.704947420622428,1.7307050414584353,0.4621700566059761,-0.023704278276462418,0.0037166219795392963,0.0037320819772813213,0.024913661367422974,0.024982595674829196,0.023813204560689003,0.023989197005010156,0.0031652270491420676,0.0031962291076343134,0.00347536307916884,0.0035022969633246837
2023-06-16,0.002326154,0.025191704,0.0011117882,0.2029586212466259,0.023812316,0.003024437,0.003805656,2.352637598162186,1.739540709885619,-0.10208055855454672,-0.40727275569581106,0.003429769149650655,0.003637931180985768,0.024971021377346404,0.024996599021173148,0.0238130213249599,0.02397735183723084,0.0031361821358742684,0.0031847247040490147,0.0035435023321338625,0.0035226120095682976
2023-06-20,0.0034774598,0.0248051,0.0015722335,0.03730240361233528,0.023760838,0.003172621,0.003760447,2.8084831390381395,1.665205297269428,1.7708687649211843,1.8421027429266512,0.0034396077002500276,0.0036271848908772967,0.024936792015408906,0.024983774947105117,0.023802256022022905,0.023962852582330996,0.003143699433357838,0.0031839141483744377,0.0035882579086086498,0.0035385391092043195
2023-06-21,0.0024193113,0.02475276,0.0017150526,0.12012511740985521,0.024320845,0.0019197089,0.0034754442,2.9802299160660835,1.6810790381377747,-0.3838541306268007,-0.638286179568062,0.003229121093748534,0.0035462972112612914,0.02489882637055575,0.024968304587679156,0.023909240564816,0.023986826234187006,0.0028911908328472092,0.0030992541056907735,0.0035649844913075565,0.0035343138291091423
2023-06-22,0.0030187995,0.025062144,0.0010663848,0.1173571870679716,0.023682436,0.0025393446,0.0029226723,2.4584246003851606,2.275564027035605,-0.2542616720075505,-0.699737740198759,0.003185731853547203,0.003510972265607325,0.024932518670892946,0.024974588719181807,0.02386245089712503,0.023966442129089008,0.0028186051395828553,0.0030617586409243626,0.0034324758267081953,0.0034933540265037807
2023-06-23,0.0037290927,0.025406184,0.0013463969,0.15179220601356447,0.023364253,0.0032311492,0.0029985746,2.727277166181561,1.4498490714341878,-0.04070730553460971,-0.5943499026621253,0.0032978269012328898,0.0035255791356168854,0.025030235512085847,0.02500349134223617,0.02375967300357802,0.023926115347497733,0.002903712755410782,0.0030731022177057634,0.0033429622394710607,0.003460220130931203
2023-06-26,0.003172405,0.025107868,0.0018560156,0.09850620132520571,0.024179121,0.0032064265,0.0036861554,3.060686209185944,1.7607407799953811,0.49434337469176404,0.8487137032286839,0.0032719524422035024,0.003501928124581035,0.025046251056761632,0.02501048113581581,0.02384620500351523,0.02394305841127354,0.002966162443881083,0.0030820305467555128,0.003413762813210874,0.0034753503417070002
2023-06-27,0.0038807238,0.024879776,0.002157581,0.1615510651284371,0.024474185,0.0036260134,0.0038715063,2.8575382759440764,1.8254923569352766,-0.5191911885888154,-1.0816300413452307,0.003397541662440418,0.0035272949408104606,0.02501190732802,0.025001728199953305,0.023975756938256744,0.023978626367365627,0.0031022893506011877,0.003118459451593729,0.0035081950564231066,0.003501879721980084
2023-06-28,0.0021156415,0.023899937,0.0007430366,0.2378931658913077,0.024188785,0.004026285,0.0036887939,2.6139474977964263,2.024903542333779,-0.04543074882747336,-0.8686437470862963,0.0031330863306634382,0.003432760732073092,0.02478250844424494,0.024927944542592905,0.024019704491089606,0.023992700054422302,0.00329290914788201,0.0031792538065499054,0.0035454524950707276,0.0035143968027926617
2023-06-29,0.0029722163,0.025362995,0.0019215053,0.15750385508512732,0.024418756,0.0032889582,0.002955287,2.8259901440666604,1.537464323892443,1.1857756747777268,-0.696695452568109,0.0030998989373124185,0.0034019194522310575,0.02490226241672972,0.02495707853823615,0.02410202868294248,0.024021231771030525,0.003292094073883415,0.0031866003830459677,0.003423701663120691,0.0034769548916587286
2023-06-30,0.002863361,0.024450822,0.0009826885,0.07299604981503038,0.023951944,0.0037866638,0.0037159591,2.54463867808172,1.0809180806982235,-0.05016311537412673,-0.6548564976326644,0.0030511012923861236,0.003365853806115772,0.024809130455365706,0.02492317603909742,0.02407106628431857,0.02401659177385505,0.0033941235395060195,0.0032267848321306672,0.0034839942278593076,0.0034929602914986458
2023-07-03,0.0042375447,0.024878722,0.0017243458,0.043025704336629556,0.024185237,0.00294984,0.0037477352,2.967596310083168,1.3557504473892616,1.8262558217474443,0.5722459703103997,0.0032958639480414925,0.003424228339114342,0.024823487089273944,0.02492019906393795,0.024094619548718835,0.024027885409565575,0.0033024680632164536,0.003208238660092623,0.003538403846017233,0.003510021803111552
2023-07-05,0.0033549813,0.024513924,0.0018543819,0.03511138350531229,0.024030505,0.003441131,0.0038067459,2.6935899449914977,1.1050323153374209,0.022072156401200683,-0.6351779165208895,0.003308059828471792,0.003419591072649429,0.02475962448877351,0.024892992071400367,0.024081392699100368,0.024028060818839764,0.0033310741490368253,0.0032238347617335383,0.0035937626636607335,0.0035298925259632345
2023-07-06,0.0037602382,0.02499334,0.0014033874,0.06309561108573813,0.023960331,0.0036045378,0.003529293,2.798047880892511,1.3193180806186293,-0.565663774305628,-0.9165115703141316,0.00340134398415618,0.0034424031902413827,0.0248078397836911,0.024899712042081745,0.02405641782809257,0.024023525185949798,0.003387489557920643,0.003249329305814982,0.0035804626053330324,0.003529852377300258
2023-07-07,0.00423357,0.025419874,0.00179352,0.10014355774221029,0.023697777,0.003063179,0.0029981262,2.764050190616748,1.742862656140472,-0.5525575610882181,-0.7607904213790863,0.0035730317400885924,0.0034953852538447704,0.02493410214468668,0.024934545740140188,0.023982430356117697,0.02400171078566883,0.003320584478329956,0.003236863382529062,0.0034603269122557546,0.0034942442662235364
2023-07-10,0.0041016475,0.024709959,0.0012748498,0.08789948175680551,0.024444938,0.0029079346,0.003690821,2.4957851953721786,2.0340087107933065,-0.21870027588108082,0.870229324318486,0.0036820848994524595,0.003535984824806301,0.02488786144583071,0.02491950581009506,0.024077845379125596,0.024031392366593338,0.003235455025194039,0.003214836005873551,0.003507877697766343,0.003507408414371864
2023-07-11,0.0033960557,0.024345037,0.0015523684,0.10375991784700334,0.024484802,0.002941028,0.0036004335,2.6069021511149617,1.1899263279944035,-0.7129891943082889,-0.8216946116955293,0.003623077218035817,0.0035266141873189377,0.024775876964840213,0.024881035325376916,0.024161800323690863,0.02406175585586073,0.003174714881080153,0.003196499901632266,0.003526971904651573,0.003513638023980292
2023-07-12,0.0023307775,0.025352847,0.0011726044,0.2286137034155976,0.023823107,0.0021338745,0.003018401,2.692004069872473,2.1328485448184233,0.06273017917062168,-0.7976955535726324,0.0033564764593655145,0.0034465325796264107,0.02489490554476919,0.024912631130472585,0.024091927999315775,0.024045774233238153,0.0029599900487416466,0.0031253390543857043,0.0034220540146376586,0.003480473488533822
2023-07-13,0.0045369365,0.026009632,0.0017166238,0.10919691231189221,0.024609115,0.0033804092,0.0039224196,2.54048592343584,1.5298324917171702,0.34593216526163606,-0.7548632338230141,0.0036000047500553815,0.0035195536698816488,0.02512487308278587,0.02498609401536937,0.024198623400313084,0.024083499477441782,0.003046722300381053,0.0031424203395923308,0.003525279176363656,0.0035100692990301203
2023-07-14,0.005381164,0.02573173,0.00091681053,0.43905744422963555,0.024267653,0.0050610877,0.0033539298,2.386918575509737,1.1517817081400257,-0.03327306267380393,-0.7166988318931854,0.003967456995545597,0.0036442201540561538,0.02525006721018137,0.025036026982700993,0.02421286417110803,0.0240958316881688,0.003462284815416207,0.003270907750558506,0.0034899298995574837,0.0034996131069319134
2023-07-17,0.004089881,0.024620399,0.0015570187,0.1091479666775409,0.023935646,0.0043256767,0.0038136207,2.64784841009076,1.0161746705104209,0.15207692270681789,0.09877037316576436,0.003992713044602193,0.003674064741114585,0.02512016696466475,0.025008193611966337,0.02415567417082083,0.024085104519693094,0.0036404021090174475,0.0033415424723528633,0.003556707132505724,0.0035206412531766642
2023-07-18,0.004012992,0.025064725,0.0017329921,0.11866789699171254,0.023758905,0.0025086007,0.0035115762,2.602626416929588,1.7710202923908478,-0.3157516951735961,-1.1435562063914038,0.003996896611296824,0.0036967616950978367,0.025108729404981274,0.025011979378623993,0.02407382090131496,0.024063259914262,0.0034069120753171455,0.003285762854176609,0.003547396647922261,0.0035200341946753267
2023-07-19,0.0034043887,0.024134638,0.001317769,0.08588358234771076,0.02399203,0.0026186327,0.003216435,2.982076907550073,1.6088446117181925,-0.25436043975170725,-0.48503315352657994,0.0038746625346319273,0.003677182348243547,0.024907774816741977,0.02495322643689542,0.024056947471084108,0.024058489856643953,0.0032442904640946468,0.0032410871465091773,0.0034791194275659715,0.003499703062735695
2023-07-20,0.0041846074,0.025145091,0.0010672155,0.13885376412133044,0.023415592,0.0028451344,0.0033823506,2.813083010217889,1.697270470034436,-0.3060706520259915,-0.4877952113566067,0.003938604000712821,0.003711163087076639,0.024956733044542684,0.02496607504051349,0.02392463608557027,0.024015436881490937,0.003161944768380293,0.0032145713724529806,0.003459156059221973,0.003491844316086735
2023-07-21,0.0031249465,0.024580495,0.0018546372,0.12603839727704103,0.024082286,0.0029594775,0.0036183216,2.881519569513394,1.7739338417312187,-0.29447701231879325,-0.4707690089230795,0.003770746885362059,0.0036719059156284733,0.0248791154229741,0.02494025392760822,0.02395715923845565,0.024019913585952585,0.003120175873769619,0.003197488497756455,0.00349199182952426,0.0035003141223892598
2023-07-24,0.0033902354,0.025045978,0.00094042276,0.06350720122033504,0.024401164,0.0033992266,0.003585177,2.8078378383162392,1.5956708557230912,0.31487353403846063,0.5986518808899339,0.0036922475579697247,0.003653043281193537,0.02491353906533004,0.024947333946123272,0.02404875712169004,0.02404544476438406,0.0031777438880348408,0.0032109982937297637,0.003511215882842798,0.0035059971359723574
2023-07-25,0.0032992694,0.024296084,0.0013505657,0.10884036379550754,0.024067873,0.0034088988,0.0034885409,2.821211666934727,1.4037653459073858,-0.619031623067089,-0.8415744148200727,0.00361117636233784,0.0036293520999893685,0.02478615849654138,0.024903721713521582,0.024052700745224302,0.024046946725282917,0.0032254310314480624,0.0032242511007694913,0.0035065380421461017,0.0035048281428812418
2023-07-26,0.0035262618,0.024407618,0.000983886,0.1725770358478641,0.024006385,0.003227961,0.0035773832,2.6746928141069874,1.3297023486606996,-0.6144964764458608,-0.08251402325728721,0.0035936585275972662,0.0036224484493114838,0.02470806573917908,0.02487049911504939,0.024043145904827236,0.024044230451735447,0.003225952966099331,0.0032244995427489686,0.0035211533681884133,0.0035096869403556975
2023-07-27,0.004648682,0.02451262,0.0012429806,0.30389741847090135,0.024003228,0.002717656,0.0035438407,2.688683247999484,1.4484599910256037,-0.7002136281756042,-0.23924235275973454,0.003811309355399795,0.0036911722532906458,0.024667745518593225,0.024846533064368216,0.024034910897677203,0.024041484651765584,0.0031210915865555727,0.0031905577525175683,0.003525833757191746,0.003511974116889868
2023-07-28,0.0042531067,0.024989357,0.0007943589,0.14341851391592852,0.024380442,0.004026894,0.0039226036,2.414530844443896,1.8809495764741853,-0.6342567822100134,0.0722796158209505,0.003902451906427305,0.0037288033192874426,0.024734093843048394,0.024856097570683022,0.024106193731810794,0.02406418359497032,0.0033079581463563456,0.003246564688543521,0.0036076871585583926,0.003539472742198082
2023-07-31,0.003732595,0.024725933,0.0011487575,0.06297818231699426,0.02391465,0.0027327924,0.0036535838,2.883905121946865,1.3753776164203544,-0.2889064215664673,1.4712491913172772,0.003867410494156239,0.003729057229719732,0.02473241018865932,0.024847380813859156,0.02406667837772509,0.024054169782981093,0.003189301756143217,0.0032121588955861366,0.0036171556147076745,0.0035471144193976703
2023-08-01,0.003938519,0.024728863,0.0015963094,0.1613986640060293,0.02334696,0.0035047117,0.0029024605,2.789254448816453,1.4812890652521666,-0.8505380847281054,-0.9001919534485096,0.00388208012711564,0.0037430842531902876,0.02473167831653515,0.02483944400153496,0.02391820096730867,0.024006810095928255,0.0032543706552522643,0.003231750279635148,0.0034697143920434698,0.003503943876084201
2023-08-02,0.0043593347,0.023945522,0.001160028,0.24754351924044393,0.022975512,0.002712157,0.0030361435,3.3470715609638444,2.2414659069685574,-0.679524518393344,-0.9011728013720189,0.003980537495971128,0.0037843527025634293,0.024569494591846947,0.024779580690047674,0.023723724698025927,0.023937747137493214,0.003142512281784435,0.003196954678058093,0.003380268943218812,0.003472616683740172
2023-08-03,0.0052459817,0.024683623,0.0017109652,0.22068492626037206,0.023607384,0.0041885516,0.0034483906,3.62905849010896,2.0283350720176805,-0.2236763274100145,-0.1618859649246443,0.004241597977492215,0.0038822336265476364,0.02459303914884281,0.024773154666722464,0.0236997237585174,0.023915623734158346,0.003358309636226466,0.003263358955345081,0.003394322412346739,0.003470994337711109
2023-08-04,0.0039052607,0.024361232,0.0010693512,0.11583660208007218,0.023482917,0.003343565,0.0032148424,3.441020261823718,2.358601032422765,-0.29368872099540594,-0.5165051118268231,0.004172211774589003,0.0038837756809441903,0.024545217516952215,0.024745569457811496,0.02365499661283002,0.02388664665037109,0.003355267809819239,0.0032687301091169282,0.0033572957816541123,0.003453840609201515
2023-08-07,0.0045251176,0.024894867,0.0010867484,0.09920286547602386,0.02388038,0.002185581,0.0033852714,3.0118767241311537,1.3758225811057223,-0.3736410812939057,0.10883656981991006,0.0042450160558224785,0.003926724429066382,0.024617350040450993,0.024755567473768576,0.023701492937382263,0.02388622694295725,0.003113962040140464,0.003196194854842095,0.0033630671393537065,0.0034492487351512973
2023-08-08,0.004164361,0.024789676,0.0011193914,0.17544726527468857,0.023830676,0.0035758542,0.002883028,2.6254374484547007,1.6939251780157187,-0.8622386047201392,-1.14287517862727,0.004228376945640187,0.003942638234587385,0.024652900809750213,0.02475785162443536,0.023728143428360264,0.023882506892714008,0.003209250157251985,0.0032216195078506424,0.003264035318673153,0.0034113306268023164
2023-08-09,0.0031369939,0.02457958,0.0012132731,0.1333264642344285,0.023857309,0.0027630958,0.0032366163,2.661524612898384,1.5675734921642328,-0.3879339667911493,-0.852520718051903,0.004003225187371834,0.0038886866403676974,0.024637774945415542,0.024745913365532054,0.023754790125360085,0.023880819435196,0.0031172087433755046,0.003190913545318457,0.003258378781944029,0.0033996305285340467
2023-08-10,0.0035882571,0.024151625,0.0019691647,0.10954329706418242,0.023970233,0.003163261,0.0032536255,2.64554763724601,1.4057808747222906,-0.3727181929468024,-0.944948367020188,0.003917617494298407,0.0038685677744458697,0.024537482490426928,0.024706115659008047,0.023799235934117775,0.02388680721266242,0.003126709321611179,0.0031890617441965126,0.003257398176810601,0.0033898530067449357
2023-08-11,0.0039617848,0.024349432,0.0018863594,0.13277605401397308,0.02415894,0.0032956956,0.0031626204,2.9328834833870334,1.7956541109236184,-0.29978812338609756,-0.3088325416493387,0.003926729179038511,0.003874810237449547,0.024498687863648845,0.024682229650769105,0.023873442635781797,0.02390503111253084,0.00316157111062521,0.00319620269733381,0.0032378455622922185,0.0033746359159199067
2023-08-14,0.0033783275,0.025130374,0.0018774504,0.08778520089612873,0.024133306,0.0028361068,0.004022716,2.597772433998749,1.3484479865851882,-0.07187325705933467,0.5436228132380453,0.00381359419497072,0.003841562271778191,0.024629004454991655,0.02471224056111099,0.02392705231044624,0.023920317998628014,0.0030944279967435595,0.0031720881530473,0.0033997639370404874,0.0034180359056795073
2023-08-15,0.003130775,0.025246212,0.00086703605,0.3045692813946519,0.023583341,0.0033327404,0.0034337763,2.58806826478676,1.7025149531014172,0.014427696984201904,-1.2404940639077446,0.003672728942858095,0.00379396297085169,0.024756334100303673,0.024747999048318273,0.023856144928322894,0.02389775168321906,0.0031435917190312567,0.0031828465530535015,0.003406780673938585,0.0034190899941980955
2023-08-16,0.0032049546,0.0253258,0.0017696549,0.13921908577899111,0.02340802,0.0039515225,0.0037319488,3.742474402714423,2.0960036031782874,-0.21950945212986628,-0.08763272933549253,0.003576227332738118,0.003754518839299746,0.024873814484029106,0.024786692606739047,0.023763696973827044,0.02386495581176698,0.0033102674186578293,0.0032343224831496054,0.0034738626850856396,0.003440041211771384
2023-08-17,0.0027428844,0.02524216,0.0007545481,0.06847054669380015,0.023747915,0.0022316203,0.0033580586,2.935500262824805,2.1691599544123,-0.7322200005988441,-0.6188281110420438,0.003404309133900106,0.0036867727104424007,0.02494980379344999,0.024817193838133578,0.023760441243871284,0.023857117965659248,0.0030877430755548952,0.003167174514359015,0.0034499723697255374,0.0034345510836191672
2023-08-18,0.0031774063,0.025304055,0.001022259,0.17335719128811888,0.024209032,0.0027670092,0.0039716233,2.758387326574218,2.379409802770206,-0.6105762908493425,-0.5224227445689241,0.0033574991916680394,0.003652661963468771,0.025022885598311492,0.024849797463059663,0.023852985246910555,0.023880684584738993,0.003021575844685032,0.003140376640026828,0.003557588673349455,0.0034705172003860847
2023-08-21,0.0044350987,0.025050523,0.001566619,0.060013967653872125,0.024461662,0.0036035792,0.004099592,2.9787770983076496,1.9057874737130516,0.15468696790827202,0.4725096819390334,0.0035798074096314103,0.0037050594130368345,0.02502858713013969,0.02486323943568896,0.023978555022775894,0.023919590930795445,0.0031416428397659547,0.003171395932703504,0.0036694036953532775,0.0035126444645680196
2023-08-22,0.0032818357,0.025906393,0.0012330395,0.1341076060798123,0.024132477,0.002590125,0.003599406,2.6236893229302702,1.6327531628396859,0.3295664518528447,-0.9217901571241447,0.003518336002550182,0.003676717387027506,0.025209678082191364,0.024933096329647846,0.024010309070382915,0.023933847282000473,0.0030278649914638545,0.003132469954621274,0.0036549632049765078,0.003518454624187606
2023-08-23,0.0038875258,0.024191579,0.0015182457,0.13778788980295154,0.023923177,0.0032792366,0.0032001107,2.734796243500604,1.7391638556779738,1.5652199759275671,-0.6332475561160232,0.0035944996552493245,0.003690834593100182,0.024999644746125264,0.024883439122322715,0.02399233382622325,0.023933132743355918,0.0030797228243523217,0.0031422984785396857,0.0035611273820477813,0.0034971360870394807
2023-08-24,0.0022251522,0.026039224,0.0016422981,0.16580333779928624,0.024513526,0.0033455347,0.0029910684,2.832145629450165,1.6396872527042832,3.2662775840839555,-0.8292211721819068,0.0033120039989628773,0.0035926822290055986,0.02521410942373963,0.024960838585909483,0.024099855474495856,0.02397199993600696,0.003134559668523149,0.003155908598366765,0.003443524515905907,0.0034632462486118777
2023-08-25,0.0028948332,0.025977764,0.0017404981,0.1549664227828702,0.023531873,0.0022340256,0.0039436785,2.7879855510542315,1.7158918595263863,4.040433006910336,-0.5613283735522625,0.003225941886338624,0.0035459493684000683,0.02537165101863739,0.025028939057381693,0.02398268094319194,0.023942525936967562,0.002948779969116538,0.003094172853521527,0.0035467060109404115,0.0034954193563964116
2023-08-28,0.0033264887,0.025510414,0.0007388775,0.05769313620124106,0.023903057,0.0025896966,0.0037360755,2.7670542394002524,1.3982471815350974,2.2354597099121105,1.4004286495797629,0.0032466846326084774,0.0035312527412019925,0.02540027766044885,0.02506118196528982,0.02396625456129709,0.023939882818937327,0.0028747012491622593,0.003060389584808532,0.0035857728327066095,0.003511535377031503
2023-08-29,0.0037022936,0.025179947,0.0012341588,0.14379321721513139,0.024174895,0.003131042,0.0035691482,3.212857679036744,1.7758168500260039,-0.5252342647115175,-0.6245884818799273,0.0033406765261953775,0.0035427068368979603,0.025354823518819142,0.025069135290653244,0.024009297002436123,0.02395562089086671,0.002927584211593859,0.003065120965813065,0.003582343189638599,0.00351539353865336
2023-08-30,0.0036162566,0.026008388,0.0024912215,0.09547739079026674,0.023620963,0.0027423964,0.0040233326,2.9263850438580383,1.4627119275748,-0.27204834852091403,-0.43115484127880677,0.003397528558590767,0.003547632247141994,0.02548965353320553,0.025132034236634005,0.02392918392192344,0.023933209859527026,0.002889380070640724,0.0030435090694113597,0.0036733190760241054,0.0035494086990411305
2023-08-31,0.0033331162,0.02512415,0.0015940275,0.07761068661540127,0.024199907,0.0038664276,0.003703621,2.787935116369849,1.5892103241687248,0.06648261423862445,-0.6761906314159728,0.003384240319398125,0.003533266748062952,0.02541425022215891,0.025131506212512547,0.023985033896197862,0.023951069751551906,0.0030909444575040945,0.003098617460142677,0.003679570343554262,0.0035597358343853985
2023-09-01,0.0033267303,0.025326883,0.0014447531,0.1574034681927764,0.02435897,0.0028936672,0.003755683,3.028216811801013,1.7252405264478248,-0.24660567336200973,-0.4864476055173321,0.0033723760402774765,0.0035194356224749358,0.025396226496898905,0.02514459003964319,0.02406217654892863,0.023978385556147855,0.003050246263549667,0.003084892554500762,0.003695272360917292,0.0035728578351980804
2023-09-05,0.0030343856,0.024762742,0.0018101651,0.07478186145718657,0.024010694,0.0026734422,0.003792151,2.611783239004526,1.417164683587613,1.4883477692483325,1.8983375135208542,0.0033026487942868473,0.003486953274833034,0.025265539024056947,0.025119018833564263,0.02405155565487027,0.02398054913283814,0.002972511792234513,0.0030573389579860123,0.003715258395947284,0.0035875432498041876
2023-09-06,0.0038515385,0.024611196,0.0011595674,0.09617291145236251,0.023755565,0.004389985,0.0030111251,2.520651883696608,3.1235060733658755,-0.5581139547187055,-0.10389452568591118,0.0034158844568259275,0.003511368458301672,0.025130548309403058,0.025085011427393743,0.0239904929973931,0.023965482637641596,0.0032649357691913353,0.003146582276683126,0.0035699960755859973,0.0035489422533593676
2023-09-07,0.0032200972,0.02460966,0.0015526247,0.15714809676993458,0.023768056,0.0030628522,0.0034845746,2.711731941451492,1.2226638324085062,-0.15552952972515485,-0.612779078103398,0.003375493640849163,0.0034918628909257335,0.0250230894757025,0.025053178613202713,0.023944604399799355,0.023952261578653298,0.003223246033647754,0.003140975123438402,0.0035523736726259998,0.0035446317449911056
2023-09-08,0.0047217715,0.025407448,0.0004376301,0.23806371861766473,0.024143124,0.0032582784,0.0033780774,3.032333454261261,1.5523612217410194,-0.10001007460757905,-0.4800126994069665,0.003653230046824722,0.0035742261884816576,0.025102382521885184,0.025076903001749244,0.0239855588887454,0.0239650430639879,0.003230473184269563,0.0031488305703135156,0.003516416445356635,0.00353347809944099
2023-09-11,0.0050750966,0.025461135,0.0012946575,0.15699672442876977,0.02395842,0.0025296723,0.0037707936,2.723552514097051,1.025515077364709,0.7591891279585075,1.6338565676179935,0.003946560372658218,0.0036747349912630914,0.025176393058569158,0.025102633898165992,0.02397996022886163,0.023964599562716852,0.003085898340152844,0.003107367396333439,0.0035688943093405453,0.003549370405582242
2023-09-12,0.003504403,0.02456622,0.0007164332,0.12289813419467654,0.024437027,0.0019709007,0.0032422377,2.655443917515442,1.2248858093822235,-0.3585775586190137,-0.48621436071747803,0.0038553435259412725,0.0036633283630435804,0.025050514702200165,0.025066711872116693,0.024074252874074453,0.023996236618392924,0.0028558749110508467,0.003031261620679793,0.0035015052280602766,0.0035288026488444996
2023-09-13,0.0029130406,0.025301516,0.0018162427,0.07112947199736452,0.023648607,0.0030110918,0.0030379137,2.823903842517476,1.6811327137755978,-0.008847425961007451,-0.16412695332159813,0.0036609469227241974,0.0036130838343677303,0.025102296149478894,0.02508243600589007,0.023986442274355393,0.02397295687689836,0.002887896082905623,0.003029910911148514,0.0034058665401641803,0.003495929284615361
2023-09-14,0.0044406937,0.024838492,0.0017178482,0.1581636553472806,0.02401748,0.0026239094,0.002866244,2.5062346846964965,1.2726455836955735,-0.3202611805364872,-0.16565360178604976,0.003821808262508237,0.003668506387921828,0.02504787354878291,0.025066099823951086,0.023992845190375627,0.02397593840842065,0.002833435766160983,0.0030027222035694445,0.003294542682320129,0.0034537611410525647
2023-09-15,0.0036861727,0.024464574,0.0012282915,0.2661131252072153,0.023694884,0.0035402563,0.0037844134,2.8127441954794468,2.0853754297050364,0.9881281466038169,0.434663455433209,0.003793826707990985,0.003669689444968872,0.024927539099087095,0.025025817419664764,0.023931375960127843,0.023957117037617007,0.00297925246917271,0.003038719253518444,0.0033956027639181346,0.0034759039369884766
2023-09-18,0.0035328001,0.025566565,0.0013167196,0.052660020450816636,0.0238483,0.0028697548,0.0028990358,2.665496063837802,1.9983118846459305,0.8395945498412235,2.4232311823043746,0.0037399770612071455,0.0036605223767171937,0.02505936978009924,0.0250620296589394,0.023914237598233454,0.023949829939693322,0.0029566631569660955,0.003027404209318596,0.003293161262804969,0.0034372728043416713
2023-09-19,0.0030150083,0.025237652,0.0011730512,0.17240973194947584,0.024239713,0.0032107334,0.0028967438,2.410822752400233,1.7239996846782029,-0.5877244900537296,-0.5048855077545275,0.003590416384898562,0.0036172942293665003,0.025096149213770742,0.025073790531057197,0.02398138306969655,0.023969242562883925,0.0030090777169083567,0.0030396812175749713,0.003211380554218577,0.0034010751957125095
2023-09-20,0.003297931,0.02465579,0.0015629376,0.13104650888941272,0.024073891,0.0028897277,0.0035680488,2.4935426199218207,1.6319505633435853,-0.5316395623704363,-0.07735947348105075,0.0035300768139492652,0.0035959074325653435,0.025005303161531944,0.025045798228156148,0.024000467477550146,0.02397625057853964,0.0029844558728369212,0.003029639279626982,0.0032849610302109903,0.0034122569199413096
2023-09-21,0.0038296022,0.025216693,0.0013512241,0.08434699251778277,0.024558501,0.0040362286,0.0032138391,2.4622494477397336,1.7474568138276083,-0.468583564596122,0.28277378636343364,0.003591868733666083,0.003611557268826837,0.02504891278611142,0.025057242543713464,0.02411558956533806,0.024015242168743286,0.00320143604110368,0.0030970475577176398,0.003270288621625988,0.0033989694747786252
2023-09-22,0.0037583516,0.024645895,0.0014198273,0.12555422104502778,0.02414626,0.0025444292,0.003110679,2.3606557158442114,1.8096023698646402,-0.08226269491420354,0.43095550147771083,0.003626214051390845,0.003621387642788175,0.024965770380513362,0.025029695813592226,0.024121917002980275,0.024024016087410845,0.0030658958657051455,0.0030600403563456565,0.0032373612611296897,0.00337966353076652
2023-09-25,0.0036265855,0.024604125,0.001085184,0.06059060412665018,0.024201391,0.0030337141,0.0039269337,2.433312841187751,1.1849712707746518,0.3983861538044339,1.9770529790643125,0.0036262906753445467,0.003621735725886116,0.02489116311808449,0.02500119660586003,0.024138312501390716,0.024035894372415975,0.003059256791816489,0.003058277368132248,0.003379619701447677,0.003416312579704806
2023-09-26,0.0024001496,0.024673274,0.0018907433,0.2706191103292147,0.02382317,0.0026852328,0.0035301168,2.589146816536348,1.3105801425589985,-0.5670966169153715,-1.2770644545158492,0.0033733384146300855,0.0035399297568705665,0.024846212663667957,0.02497923659566762,0.02407329876733422,0.024021648856990412,0.002982095836242478,0.0030332956884743687,0.0034106671637742524,0.003423933704659985
2023-09-27,0.0038564103,0.02500988,0.0018350033,0.11857734586513036,0.023802167,0.0034162125,0.003812939,2.6000927069084927,2.1483096930990055,-0.7406821115389077,-0.09801266098614982,0.0034729958848039155,0.0035611235102337643,0.02487997711655416,0.024981288682230925,0.02401736438604796,0.024006950800535238,0.003071653877381438,0.003058938482398705,0.0034936556172701035,0.003449984220784078
2023-09-28,0.003417552,0.02462532,0.0017187387,0.28862769675524214,0.023942214,0.0035737602,0.0038127522,2.4815990845458544,2.0359948757560686,-0.6144064640079897,-0.26069137288096983,0.003461557837054882,0.003551508954564329,0.02482744148478321,0.024957450523640623,0.02400186079892043,0.024002615537551165,0.0031752381388598762,0.003093414549868969,0.003559485074123233,0.003474277707013128
2023-09-29,0.0034436744,0.025341287,0.00083809067,0.22417029569029678,0.024003718,0.0026756097,0.003121866,2.3944130382598443,1.981931778029392,-0.6156941427852338,-0.17022353788819108,0.0034578684969478156,0.0035442875981888714,0.024933447596963473,0.024983154921297282,0.024002243948497592,0.024002689369400098,0.0030721650471132005,0.00306543540648268,0.0034692044714203247,0.0034506777434391307
2023-10-02,0.003164419,0.024757821,0.001572184,0.10822377236000802,0.023957586,0.0033949201,0.0034285884,2.378200987040311,1.6152928806697833,0.28524947551829105,2.9772812758963654,0.003397330014513077,0.003518848932752866,0.02489721594567197,0.024968064990241366,0.023993031019866894,0.023999668926049388,0.0031387492542686362,0.0030875000138286418,0.0034608253948747378,0.003449198485419151
2023-10-03,0.0033392408,0.024708198,0.0016986547,0.09640186497551295,0.023335408,0.0032792175,0.003382327,2.702608948776289,1.921243195402857,-0.7230298862031219,-0.8416735864418046,0.003385346238697559,0.003506821112947269,0.024858221722005917,0.024950662500985103,0.023857363823283552,0.023955185387076867,0.0031677277833710117,0.003100338761611025,0.0034446312245357993,0.0034447203044376375
2023-10-04,0.0028265151,0.025036987,0.001516836,0.11370528853124462,0.023396846,0.003604592,0.0033903266,2.649111491715064,2.702888177222827,-0.7303554428445332,-0.4617058729121144,0.0032700596727480912,0.0034612630557280524,0.02489510088775863,0.024956443388900185,0.023762359219373766,0.02391779506238741,0.003257852653225657,0.0031341070963072457,0.0034334282153132847,0.0034410777228029337
2023-10-05,0.0037314333,0.023897009,0.0015854448,0.19068818753986505,0.024368616,0.0025985523,0.0029622596,2.4975835053728024,1.9753436775072752,-0.7019744166534263,-0.18795471792746563,0.0033652408098214163,0.0034793555489076367,0.024689195050183865,0.024885496235228934,0.023887429637408735,0.023947985179945067,0.0031218393301505427,0.0030982425914626516,0.003336226372793352,0.0034090127038952085
2023-10-06,0.004359824,0.024907604,0.00069583143,0.17526682580425113,0.023723371,0.0035892508,0.003462168,2.6388207349639745,1.265965232302334,-0.7769593757966836,-0.30765060956635676,0.0035704228230136912,0.0035383178949769415,0.02473425267274904,0.02488697671671748,0.023853584494247668,0.02393294346214881,0.0032182660799851413,0.003131123945388676,0.003362208048235476,0.0034125723498631766
2023-10-09,0.003991471,0.025039632,0.0014796332,0.06053860749101969,0.024130125,0.0027665768,0.003463416,2.866626852632248,1.7345086403263785,-0.02197741170181717,2.3894982249241847,0.003657284868900008,0.0035686642120276437,0.02479725224121238,0.024897199575884925,0.023910634572349057,0.0239461480929918,0.003125082824971725,0.0031067113155224114,0.003383087173718596,0.0034159771899577086
2023-10-10,0.004679173,0.02407685,0.00044648445,0.21862525355164253,0.023985866,0.002574096,0.0031116595,3.3037831892298803,2.5321620347214893,-0.7353683620869131,-0.7041294470627085,0.003868099900529969,0.00364303167890798,0.0246486334773072,0.024842263166805798,0.02392615487062796,0.023948807913025474,0.0030114145262211843,0.003071043659047769,0.003327091797542216,0.0033955979479320273
2023-10-11,0.003445538,0.025158305,0.0015312292,0.12629668741466005,0.023877209,0.0017776502,0.0034114,2.8770070625463,1.6187975900497602,-0.524479963054586,0.21280240201069858,0.003780925601408575,0.0036298061176181858,0.024753778386826197,0.02486342752424808,0.023916057374081232,0.023944013151522926,0.002756889595972131,0.0029844289687547053,0.0033444845145386743,0.0033966561573263196
2023-10-12,0.004146746,0.025252396,0.0017939309,0.1161766930419097,0.024263812,0.002573513,0.003496821,2.953102162928631,1.4293740524481686,-0.15424534603603013,-0.16119243377964027,0.003856394135376034,0.0036644240280050886,0.02485664298784221,0.024889475595583365,0.023987799017745143,0.023965429139053352,0.0027190590924707635,0.0029569111529338583,0.003375911459289828,0.0034033638997665676
2023-10-13,0.0033749302,0.025371583,0.0023774917,0.11539589452702215,0.024279412,0.0012832606,0.0035167322,2.9339302915027483,2.0986256253425006,-0.8128265278089762,-0.08401854232456063,0.0037570683866621707,0.0036450374949432967,0.024962874878353324,0.02492176089817805,0.024047958598290634,0.023986455624068412,0.0024228546278437105,0.0028448317851653506,0.0034049627142219087,0.003410955838996528
2023-10-16,0.0028363778,0.024647629,0.0016549345,0.058705451370909545,0.02405474,0.0037391179,0.0033546612,3.1960597638860277,1.8047822789047994,0.10248639802037401,1.4801903720692515,0.003567130408181163,0.0035908839760217374,0.02489783979645845,0.024903403097565092,0.024049357520381787,0.023991028399287264,0.002694399043926202,0.002904719449483116,0.003394585531419339,0.003407185953198267
2023-10-17,0.0038109815,0.024407625,0.00054432853,0.14621825162854918,0.02382234,0.002285694,0.0031380802,3.0042147973374767,1.8509537267084588,-0.572929874553451,-0.7736471073602195,0.0036174367645728793,0.0036056232502046683,0.024796708782716705,0.024870202334793447,0.024002523770947835,0.02397973179170895,0.002610083409361438,0.0028632651673013276,0.0033416686245719912,0.0033891647485778777
2023-10-18,0.0039020395,0.024928164,0.001230284,0.12975543271919054,0.023544421,0.0041112453,0.0035034274,2.7311131763216725,1.9226978645569506,0.11053944985326038,0.08318784128216698,0.0036761501572640516,0.0036254733590865397,0.024823827870654232,0.02487408383650948,0.023908017496798974,0.023950580358329202,0.0029197723125612795,0.0029468386617049276,0.00337503936972504,0.003396816574855747
2023-10-19,0.005218242,0.02530016,0.0014782918,0.1407736692341076,0.024581304,0.0033564875,0.0030441093,3.2606188745166023,3.158630476027586,0.8995759822140729,0.23355206308669868,0.003994282858115175,0.003732136298719608,0.024922094948791013,0.02490261688593053,0.024046916111140335,0.023992818021725783,0.0030098664240104916,0.002974271618272156,0.0033067686757387925,0.00337319682552695
2023-10-20,0.004043219,0.025547441,0.0021632398,0.13381696323679904,0.023141084,0.0043130526,0.0031373252,3.0521974610269256,1.5938969099895177,-0.18295895808023918,0.06935611299754942,0.0040043783884397294,0.003752968586345165,0.02505110352985527,0.024945798834204176,0.0238600434723476,0.02393577995828202,0.003278713053245888,0.003063925777743112,0.0032718125695301555,0.0033574012063428108
2023-10-23,0.0042941263,0.024977036,0.0016221724,0.06907711140033324,0.024034444,0.0034046257,0.0035628818,2.802643121406618,1.5849394025410022,0.09193948182553902,1.8553692592437514,0.004064153229068164,0.0037892082991706597,0.02503582340037045,0.024947890681728754,0.023896022259542536,0.023942387210252714,0.0033046887642841963,0.0030867414317493026,0.0033318600077798673,0.0033711616299517398
2023-10-24,0.0042312546,0.024678072,0.0016335488,0.13426009395571437,0.024145322,0.0018649574,0.0033925916,2.916228186611421,1.2783133652100507,-0.3601154048892338,-0.7503258574488267,0.004098626147848154,0.003818810815542876,0.02496201946656005,0.024929821729161247,0.023947452648473314,0.023955977140712265,0.003007672939118019,0.003004922209508928,0.003344388904719145,0.003372596731394417
2023-10-25,0.005656083,0.024686057,0.0013521999,0.1937460412854124,0.023111794,0.0031211236,0.0035556115,3.334987503238568,2.448109508931266,-0.12548374302941837,-0.5713298588762208,0.004419928700859527,0.003941847445132658,0.02490508857973238,0.024913497542554126,0.02377505673852606,0.023899444730821274,0.0030310777609305227,0.0030127038723028114,0.0033879640097527414,0.003384852681240806
2023-10-26,0.0030113615,0.025093282,0.0010804744,0.10372228786535942,0.02367053,0.00334229,0.003788946,3.101323692390597,1.6228175254960893,-0.267893724199682,-0.5143665570675374,0.00412934202057213,0.0038795355824919908,0.024943912709409634,0.02492553714583665,0.023753492916348647,0.02388411499253466,0.003095280670449966,0.0030347752655051504,0.003470686375922586,0.0034119135995008916
2023-10-27,0.0032960968,0.02485265,0.0008296724,0.12419327898697352,0.024125062,0.0022197347,0.0029474199,2.628757081892511,1.8494115015514574,-0.2321334254562791,0.7243190142709048,0.003957443971741524,0.003840464433223753,0.024925085309986172,0.024920656127800894,0.023830147408265837,0.023900250488083242,0.002914656000041067,0.0029801944379568347,0.0033627367734192187,0.003380807844777901
2023-10-30,0.0038184198,0.025058553,0.0011318634,0.08526598256329287,0.024207586,0.003536747,0.003613739,2.701046903169496,2.026789109470574,0.04233721747180842,2.523909131148195,0.003928763350387241,0.0038389881675363795,0.024952619546416973,0.024929890643548214,0.02390801287838834,0.023920831856208566,0.0030429930605696443,0.0030174651027790487,0.0034145184093240955,0.003396406550207602
2023-10-31,0.0043582423,0.024660189,0.0013378537,0.10937863866714226,0.02352373,0.0024427217,0.0032683352,2.858191801381794,1.7384071896376,-0.7983673475250226,-0.26409380690435197,0.004017364624754339,0.0038737610611347117,0.024892291217590734,0.024911829511528774,0.023828735377167176,0.023894239085600448,0.002919157403516385,0.0029789762593497118,0.003384360899911716,0.0033878299981894185
2023-11-01,0.0034072576,0.025334619,0.0005479628,0.1788222587449917,0.023300344,0.0024409208,0.003979847,2.815155937226385,1.1585377218706623,-0.5374248159892638,-0.2442770508320361,0.003891499868325115,0.0038425207205121416,0.02498354320348459,0.024940142457820596,0.023719728539654213,0.023854467716709928,0.002820497443365482,0.0029429442947230696,0.003507209335132438,0.0034274755947196005
2023-11-02,0.002907968,0.025273932,0.0014623082,0.1452301839919038,0.023612037,0.002884009,0.003088568,2.694318176150483,2.0407614348494256,-0.42845437619641,0.017090522015250575,0.0036885977392216367,0.003779936513430074,0.025043450289182412,0.024962495354562967,0.023697511893776838,0.0238382328770136,0.002833599827936324,0.002938997569097903,0.0034208438694373696,0.003404779973949207
2023-11-03,0.0041745254,0.025190545,0.0015567724,0.11263962007183093,0.024092847,0.0030679328,0.0032130643,2.7538534222032327,1.7449196176467823,-0.7395601078806833,0.20439223736468434,0.00378884435672029,0.003806360949655628,0.025073795901405318,0.0249777671735732,0.023779069417557072,0.02385528365537839,0.0028819425947846197,0.0029476319751369864,0.003377979049302919,0.00339194134741029
2023-11-06,0.0026854037,0.024556758,0.0017350311,0.08260468369039908,0.023813667,0.0025168709,0.0038281237,2.9104048117466377,1.4794138245617139,-0.5205869514710297,1.9279639205485666,0.003561205126362145,0.0037312937949699134,0.024967131230004762,0.024949573440797235,0.023786206834369602,0.023852496697452968,0.0028066284863855723,0.002918785191395746,0.003470843649335587,0.003421151173202372
2023-11-07,0.0031158514,0.025075508,0.0019491883,0.10239859482816671,0.02391267,0.002973058,0.003598236,2.786052605638208,2.012044757053885,-0.7363973164774473,-0.8700260572559039,0.00346932889348174,0.003690079461045995,0.024989489358741894,0.024958006920346318,0.023812296137652414,0.023856526329594133,0.002840962813311585,0.0029224196809137636,0.003497124626995254,0.003433010015181455
2023-11-08,0.0031489262,0.024934137,0.0010356685,0.08628109328961353,0.023939203,0.0035072938,0.0032731292,2.872494612745609,1.8860291722278857,-0.7575194334492076,-0.5017653150949893,0.0034032299841088094,0.0036538400453083432,0.02497807024577055,0.024956408439264048,0.02383847705375951,0.023862062970418714,0.0029784265372941178,0.002961586948369835,0.0034509144944884825,0.00342230327731156
2023-11-09,0.0033726427,0.025451038,0.00091305573,0.08856626038574356,0.0235945,0.002928911,0.0039226008,2.5382468338033104,1.9056869787514599,-0.8360820965342883,-0.34436560310032743,0.003396919838797912,0.0036350090987835827,0.02507564325145504,0.024989532303438516,0.02378814481842442,0.023844145111995747,0.002968211510017166,0.0029593987385153147,0.0035482231239504,0.0034558067033890554
2023-11-10,0.0037570647,0.025560763,0.0012138706,0.11414361243731441,0.023370974,0.0032641736,0.0032374766,2.4665514785655525,1.716365933410755,-0.6954966503126415,0.11436668383889054,0.0034712175334910347,0.003643182797022232,0.025175723145378238,0.025027785896464195,0.023702082649703672,0.02381245824245387,0.003029268340211458,0.0029798086014193293,0.0034841162738121364,0.0034411857876589648
2023-11-13,0.00381819,0.02517832,0.001548174,0.04277894020352779,0.024253245,0.002503004,0.003703506,2.578895626841538,1.5319691328328993,-0.2727208073891828,1.8026182762692768,0.003542797762188042,0.003654902503059946,0.025176259020745675,0.025037866762321063,0.023815787244079647,0.02384197644265039,0.0029207002681775986,0.0029478784186239633,0.0035293762516983326,0.0034587525851916615
2023-11-14,0.0029759102,0.025071876,0.0018880938,0.08354964285884325,0.023436818,0.0029680931,0.0034464917,2.742794999492664,2.1373559454193707,-0.7263503591981644,-0.7788888235822363,0.0034258491570110156,0.003609432419990974,0.02515472488395745,0.025040144267502146,0.02373760614444556,0.02381484421199917,0.002930477394254188,0.0029492321385437763,0.0035122772056775087,0.0034579315082463756
2023-11-15,0.0035342358,0.02527976,0.0012468813,0.09897602313945786,0.023615744,0.002589536,0.003425422,2.554896531956786,1.8184183257424353,-0.23210868234482282,-0.1877369143612176,0.0034482092559312534,0.0036043967245383613,0.025180519637046435,0.025056190640444436,0.023712466040905048,0.02380151106406736,0.0028601413432080176,0.0029251443574568954,0.003494359000095478,0.0034557544364822567
2023-11-16,0.0034374495,0.025221571,0.0017586169,0.0788663915187996,0.024167785,0.0033018843,0.0035077184,2.670837573384321,1.732215437204843,-0.19532818279772246,-0.1716055201867125,0.0034459895150967747,0.0035932167654685087,0.025188988578937793,0.025067265690230815,0.023806398189530738,0.023826039362028845,0.002951272678825244,0.002950373503072931,0.0034971150463194195,0.00345923431060481
2023-11-17,0.0042149574,0.025281679,0.0016420494,0.08257656333115648,0.023973431,0.0042636227,0.003268413,2.3862139974202714,2.0593307993085856,-0.1515759556993155,-0.6893645058557308,0.0036046271763036943,0.003634852872886874,0.025208110540370494,0.025081624300474375,0.02384085706087595,0.023835909768441715,0.0032220097950852204,0.0030383178722381624,0.003449933937107756,0.0034464555791429256
2023-11-20,0.0028767174,0.024886562,0.0015516317,0.06605388461530459,0.023501983,0.0029781344,0.0033728376,3.189453418042642,1.4616023022436615,0.8230395427362897,1.969623421470159,0.0034544597649801526,0.0035840828058748262,0.02514177515436503,0.02506856153212484,0.023770947502292156,0.023813547685848504,0.003171698436506166,0.003034287567465205,0.0034340289943452238,0.003441525600399299
2023-11-21,0.0027441864,0.024522023,0.0016026796,0.1264181128666817,0.023291633,0.0041254694,0.002578997,3.5248323555463306,0.870117370097155,1.127280423851443,-0.3763399564690305,0.0033079307509602854,0.0035278374586159376,0.02501392066773369,0.02503196150006762,0.023672065076254387,0.023778596589395545,0.003368460877226397,0.003107360748083758,0.0032576363546214008,0.0033837646438796575
2023-11-22,0.004389243,0.025494006,0.0017081846,0.11024970731533867,0.024049021,0.0033762343,0.0036057632,3.0802918839647693,0.9373883617104389,2.7813979177075487,-0.4744640698576792,0.0035310049405309447,0.0035855232242176624,0.02511296192252351,0.0250629032066023,0.023749830947693888,0.023796706123523928,0.003370064534956703,0.0031253664070363943,0.0033294547386993525,0.003398631222736878
2023-11-24,0.0036571755,0.025302839,0.0014925457,0.06910371658075365,0.023921931,0.003927546,0.0035205379,2.676976193058719,0.9790871850227348,4.228217570260429,0.5553444106905598,0.003557033852505021,0.0035903215601533096,0.02515213336762312,0.025078970957710577,0.023785335131481573,0.023805092069767272,0.003485072686051403,0.0031790859804972102,0.003368875087412447,0.003406794945966715
2023-11-27,0.003531532,0.025018264,0.0015855313,0.04527996153559477,0.024226394,0.0032752834,0.0035978532,2.8717049328254816,1.5231873165238368,1.3553584203916609,-0.6981191931284544,0.0035517728123828796,0.003586384592246018,0.025124516106671053,0.02507490556812328,0.023876325251363083,0.023833305369602056,0.003441793262451612,0.003185528032529044,0.0034161131597751724,0.003419589548335139
2023-11-28,0.003152317,0.02516612,0.0012471667,0.09639153785507326,0.024747692,0.0025496131,0.0031766526,3.930481308148124,1.3532947283262775,-0.43184615566136747,-0.6373144019387389,0.00346936526814386,0.003557316377548519,0.0251330990464093,0.025081013951213125,0.024056087763297596,0.023894539110069772,0.003257736969880548,0.0031429427137010836,0.0033667125709129285,0.003403320787227228
2023-11-29,0.0027143396,0.025155539,0.0018627334,0.11823035031005402,0.024166739,0.0034266515,0.0031389904,3.461577635794361,1.348630588411528,-0.5716957823130827,-0.4169465571038925,0.003313603878956034,0.0035008647474797368,0.02513772833371259,0.0250860046502318,0.02407891497568768,0.023912767496582606,0.0032925839424837655,0.0031619418404095537,0.003319733601526223,0.0033856193702264457
2023-11-30,0.0042249006,0.025661107,0.0015604604,0.10203235043885195,0.023861658,0.003218889,0.0033870211,3.073908741666725,1.6780804406330867,-0.712556230650506,-0.44935260904223034,0.003501603917702074,0.003549351264011088,0.025245701108780848,0.02512451754438182,0.024034094940412618,0.023909344834980282,0.0032773807153584447,0.0031657554215701925,0.0033336149840165856,0.0033857132421312467
2023-12-01,0.0038539113,0.025857529,0.0016307393,0.06656870926664671,0.023913333,0.0024578064,0.003741767,2.578205886148092,1.366302543058653,-0.4968617215307354,-0.29110094348347,0.0035742847455933406,0.0035697467385937855,0.025371920813183468,0.025173605106743345,0.024009181855330342,0.023909611923349894,0.003108302960000337,0.0031183461917688267,0.0034178165353118692,0.0034095570987966147
2023-12-04,0.0037683246,0.025014495,0.0013220315,0.06813374235762859,0.02383137,0.003716039,0.00366382,3.0336845243450625,1.795555817743625,0.6149298647004559,1.4561541644682892,0.0036143150694480687,0.003583044905202206,0.02529818415434544,0.025162950010827127,0.02397249923010495,0.023904372252634518,0.0032336785865618675,0.0031583718914955333,0.0034685669169158694,0.0034265843234304884
2023-12-05,0.0037576589,0.025306832,0.0016926257,0.09084752871531776,0.024149891,0.004310732,0.0032788555,3.396644205343363,1.6333278692539943,-0.5960346398516968,-0.8638977297738398,0.0036438868222104445,0.0035947382807439403,0.02529996820970416,0.02517258536024849,0.024009095056673202,0.02392081390793494,0.0034558740930422066,0.003235541985637717,0.0034294295446278236,0.00341669136386606
2023-12-06,0.0040040496,0.025837047,0.0019521934,0.1274875241011042,0.02323627,0.003584302,0.0032656959,3.077956479641465,1.9864982232594453,0.028375228064115035,-0.644035196436624,0.0037181882098148216,0.003622148634021747,0.02541076728692058,0.025217082370212963,0.023849661474763445,0.023874971992084784,0.003482368708989471,0.003258897402513884,0.0033956513755787677,0.0034065796479689258
2023-12-07,0.0038281353,0.024935486,0.0013879258,0.08201437891785124,0.02502199,0.0019300346,0.003292144,3.097344460743769,1.7994647667384265,0.15430084709820405,-0.12994011730999683,0.0037408702406204588,0.0036359429461016155,0.02531271696515681,0.02519822468998686,0.024091512389920668,0.023951784407700943,0.003162122999425299,0.003169907436171896,0.0033742978673875334,0.003398916237867331
2023-12-08,0.0037043365,0.025836894,0.0020901244,0.15011439024867745,0.023961607,0.0040604416,0.0031589444,2.709377076399156,1.2978439517022586,0.48737433377726996,-0.6168541555411574,0.0037333333433404586,0.003640523055919613,0.0254208544712864,0.025240994482406326,0.024064713051978916,0.023952442221886083,0.003347445660019263,0.0032295438469394067,0.0033298705657233145,0.003382846043518077
2023-12-11,0.0034141866,0.024941662,0.0015482334,0.05767959407527645,0.023932176,0.0027598976,0.0034755897,2.961517186962443,1.4531694805486517,1.4040273321961476,1.7506790089267543,0.0036674935481691606,0.0036253659838435385,0.025321997383855155,0.025220949103385435,0.024037370668205688,0.023951085034266482,0.003226234807529623,0.003198093043801347,0.0033599323418764073,0.003389056807252673
2023-12-12,0.0036579873,0.025448916,0.0011290994,0.1411194206859695,0.024210673,0.0033987009,0.0032404605,3.1571752453116675,1.6403613711792284,-0.05047273423342505,-0.6376644553084307,0.003665532422689021,0.003627550538563385,0.025348180726621105,0.025236215396620843,0.024073122812116772,0.023968468852083973,0.003261814461394283,0.0032115271484624884,0.0033352853699107838,0.003379105759091167
2023-12-13,0.0036361478,0.02521484,0.0012406845,0.0850088543053017,0.024334937,0.003354239,0.0032326889,2.512069670903787,2.31792575163557,-0.22586867599506158,-0.19652350331749666,0.0036594703960356437,0.003628126273244855,0.025320672548469838,0.025234783931951443,0.024127135010283525,0.023993010150018,0.003280881604318659,0.00322108413722636,0.003314119767154071,0.0033693006584332684
2023-12-14,0.0045560277,0.024594702,0.0010132378,0.1341779394075593,0.02406346,0.0036680375,0.0035608683,2.732183996531921,1.7957802894389912,-0.25093177708800907,0.0586168863736309,0.003844429697653387,0.0036902650563928902,0.025170905170391458,0.025191919548183388,0.02411399899825567,0.023997728001133516,0.0033607516570124153,0.003251015265247877,0.0033650238647924373,0.0033821293719622247
2023-12-15,0.0032742606,0.024938513,0.0010845318,0.06734269933612103,0.023878526,0.0026567285,0.003312514,2.5923334602419748,1.447404868668009,-0.7369854492214543,0.37603439018342083,0.0037268041033130463,0.003662406479391403,0.025122962704015154,0.025174949642504992,0.024065421030721568,0.02398974539586846,0.0032155120489761684,0.003211217658069257,0.0033541910930133174,0.0033774674341195935
2023-12-18,0.003431336,0.025090631,0.0013607119,0.05981485839089551,0.023757678,0.003469759,0.0036574907,3.108537211728437,2.4773875358077158,0.4656828102674858,1.6968282854841537,0.0036658491937381233,0.0036469323821768504,0.02511629271060837,0.025169303081791734,0.024001933707417558,0.023974204504814856,0.0032679630405883313,0.003228531391597844,0.003416761645193447,0.003396219755441214
2023-12-19,0.0030159473,0.024475997,0.0019507206,0.11179198364882603,0.02334428,0.00312189,0.0034798046,2.8054883534617265,1.6780151664842706,-1.0685452300401699,-1.2386250782002297,0.0035317747739393,0.0036046771985273566,0.024984200107043778,0.025122874468562876,0.02386626013438466,0.02393202035844371,0.0032378282274501684,0.003221389929581144,0.0034297673758453984,0.003401817183159666
2023-12-20,0.0032990216,0.02510778,0.0016015597,0.08251085366813515,0.023677088,0.0024468536,0.002871743,2.757984138879055,1.6200972331428638,-1.025247730065946,-0.9671220594042174,0.003483757922305722,0.0035842083593325535,0.025009694671218267,0.02512186366873008,0.023827234088631136,0.023914948322484808,0.00307465056871624,0.0031695215456790018,0.0033146472277708447,0.0033663196966787767
2023-12-21,0.0028973017,0.024582492,0.0012490542,0.1445198543728029,0.02319024,0.0038411696,0.003633534,2.580708781260497,1.5447926943689423,-0.6750566350904612,-0.433640433395225,0.0033627723097981485,0.0035382082745129286,0.0249215630235535,0.025085743574189724,0.02369582242857016,0.023866416736911082,0.0032327830508007927,0.003214499809573406,0.003380433415614841,0.0033842142438854543
2023-12-22,0.004345399,0.025772445,0.0020367547,0.3179421346355371,0.023905305,0.004010263,0.0035439741,2.925102097206897,1.9142372470302835,-0.8019251520662385,-0.7688513859711946,0.003565487650653887,0.003592263413410884,0.025097099507908446,0.025131729907944808,0.023739038612455247,0.023869020980403735,0.0033931767345630427,0.0032677896831244824,0.003414171779634575,0.003394912885745822
2023-12-26,0.0040991795,0.025188621,0.00090662285,0.06930140684101982,0.023911972,0.0033462672,0.003467251,3.086742462782223,1.7320256712173612,1.2846886812560017,1.6812664386533642,0.0036755880036032657,0.0036262100689410017,0.02511598037114266,0.025135539743132457,0.023774714596591293,0.023871897254833636,0.003383499313241674,0.0032730450847349934,0.0034251220115914457,0.003399757158280936
2023-12-27,0.002300295,0.024925087,0.0009274093,0.10648063141991637,0.02457863,0.003169307,0.0037348154,3.197698269145192,1.3421044521420993,-1.3570009724476575,-1.5389199923985617,0.0033918657901335476,0.0035374175064761424,0.02507659909631523,0.025121446328880873,0.023940562112134894,0.02391922509445298,0.0033393115557172007,0.0032660980568465668,0.0034890115947456817,0.00342219500639608
2023-12-28,0.0025617387,0.024970667,0.0020464994,0.1782325505651703,0.023547253,0.0032586583,0.0036631324,2.966681305178082,1.2313572550491694,-1.0126924368291768,-1.1252312561681264,0.0032206110110796203,0.0034720792165615923,0.02505474545065889,0.025111349117533394,0.02385942257493443,0.023894315211956133,0.003322672839778473,0.0032655998412789845,0.003524932632061442,0.0034383298650724
2023-12-29,0.004543504,0.025399165,0.0016433198,0.18704880362277487,0.023373738,0.0026488868,0.0034618792,2.949400675635616,0.980774388062689,-0.9542029272209588,-1.2139969961915649,0.003493523182619357,0.0035438293433022496,0.02512579906956694,0.025130623301439472,0.023759226088405052,0.023859453708793443,0.003183671125680419,0.003224300411067538,0.0035119247447522933,0.00343990689441481
2024-01-02,0.0039014209,0.025554886,0.0013317284,0.10329552109947004,0.023682531,0.0031205392,0.0036914262,2.63415252945797,1.2378956616239303,3.0326278570045972,0.2220921930342847,0.0035776722588368925,0.0035677761774018644,0.025214319495730362,0.025159034911042637,0.023743403925690874,0.0238476057222059,0.003170647051750653,0.0032173518361320787,0.0035489558099407186,0.003456750392927299
2024-01-03,0.0039991965,0.025156539,0.0015379647,0.12587726042813352,0.023477886,0.0035216822,0.0036362957,2.935091099870129,1.34186043362902,-0.24582096002066298,-1.5696216414722186,0.0036646324795346274,0.003596667103024583,0.025202399396137106,0.025158867762894454,0.02368862769089864,0.023822846689876564,0.003243065424156206,0.003237731932119709,0.00356697397803284,0.0034687740033091143
2024-01-04,0.00562451,0.02618026,0.00047888784,0.213976134922091,0.023939468,0.004336141,0.002814879,2.7317280665435586,1.6080587093095293,0.26104502539457203,-1.0549320703693137,0.0040689541568364055,0.003732465667578434,0.025404131500321152,0.02522726733767284,0.023740375907828872,0.023830656467898982,0.0034685663507988936,0.0033112891048035988,0.003411817167781083,0.003424984607234182
2024-01-05,0.0037891436,0.024730608,0.0012608363,0.16091945863619195,0.024133475,0.003969697,0.00351583,3.061117387055629,1.907989789241958,-0.33682965143993177,-0.6068196950147412,0.004011229393733463,0.003736261221624491,0.02526518392907942,0.0251940075387131,0.023821472146386042,0.023850935352408047,0.003571949302194978,0.0033553806995753345,0.0034332749666848824,0.0034310682534739027
2024-01-08,0.0033920682,0.025209133,0.0015082756,0.05332753202825824,0.023869526,0.0025532837,0.003674842,2.5269005220408585,1.5912672339926177,1.2255263398065956,1.5022798273480338,0.003883496765865216,0.003713211644869365,0.02525362056564858,0.0251950204176115,0.023831385557091394,0.023852180288435106,0.003361799124796754,0.0033016666631893884,0.003483110108608116,0.0034473930487780007
2024-01-09,0.0041303723,0.025686262,0.0012729622,0.10687338445140315,0.024150696,0.0023378767,0.0032672589,2.4727284131936504,1.4378931450285655,0.938016545548432,-1.106815825593546,0.003934427061163691,0.003741147646790251,0.025342874302186107,0.025227917408565528,0.023897259061671484,0.02387217096929792,0.003150564468637271,0.0032371245330576376,0.003438580111895408,0.0034353300017934494
2024-01-10,0.0041224468,0.025122903,0.002191777,0.10363070234771588,0.023580186,0.0027098705,0.0033876016,2.530774199004062,1.7767684723434445,2.017565924128096,-0.5033559973564173,0.003973215425480144,0.003766682107517948,0.025297494397539207,0.0252208849270254,0.023831847070061123,0.02385261761400933,0.003059649526352744,0.0032018159050522456,0.0034280632676764087,0.003432133772198801
2024-01-11,0.003667618,0.024638977,0.001827148,0.126519686763233,0.023892373,0.0025878758,0.00382097,2.8551050902314548,1.6344698488579403,0.5599300185105016,-0.6403245745011046,0.0039101708198484115,0.0037600480749124727,0.025161642584531678,0.025181916287373297,0.0238443335059262,0.023855279903006912,0.0029623228582527734,0.00316070217397782,0.003509119710814004,0.0034581729682099218
2024-01-12,0.0045295227,0.025509313,0.0014732826,0.07061787134192687,0.024110962,0.0031801753,0.0025759307,2.796737504261232,2.313276935651875,-0.645017613430826,-0.5558443272342151,0.004037942793535441,0.0038115774907791834,0.025233366756573745,0.025203841048983777,0.023899338763244994,0.02387240214843475,0.0030072657067670375,0.0031620062323910888,0.003316603303285343,0.0033990918410021376
2024-01-16,0.0042479583,0.024674853,0.0015275268,0.04450123295269526,0.023853665,0.0028795144,0.003437368,2.9785059542157564,1.970837722742623,1.9579516175104417,3.3041867737353643,0.004081268883338095,0.0038408006085401945,0.0251181457263125,0.02516841632258959,0.023889916334834428,0.023871147392239493,0.0029809106709050314,0.003143088596710755,0.003341516989765315,0.003401655078615501
2024-01-17,0.0036131397,0.02477753,0.0014123213,0.10736914201968906,0.0235425,0.0029374396,0.0029699756,2.724137423989342,1.8657449199510652,-0.5964737760270497,-0.28325598909660726,0.003984694086374761,0.0038255548409309036,0.02504787683186738,0.02514223981892454,0.02381824435640461,0.023849138803939768,0.0029719426110750755,0.0031293168983584922,0.0032648681930271695,0.003372746794196327
2024-01-18,0.002791729,0.02403177,0.0015664086,0.1374533284812962,0.023851769,0.0027306343,0.0038076043,2.6508745882932723,1.3499030043935867,-0.5731389421301095,-0.5356380549108081,0.003738586028338235,0.003756322620922845,0.024838254420516733,0.025067874942626377,0.02382516048202742,0.023849314943314794,0.002922160832663981,0.0031026183171731793,0.0033768343690856904,0.00340186790133142
2024-01-19,0.0038338022,0.025488155,0.0011831567,0.10790585990179757,0.023397177,0.0028713106,0.0036270162,2.600359783022507,2.1397616092834193,-0.1829220001268339,-0.5694196274766948,0.003758229071187644,0.0037615111954851857,0.024972328560523307,0.025096019838284803,0.02373686780924352,0.023819036648496432,0.0029116704504721642,0.003087128329391567,0.0034284467510819414,0.003416945409960949
2024-01-22,0.003454256,0.024886005,0.0012459066,0.0568392939206287,0.023896173,0.0033434636,0.0035737879,2.959613038878007,1.6909313573225064,2.1034243070111107,1.7511883434505382,0.0036955196080047815,0.003740935241193789,0.024954519978391085,0.025081955747836615,0.0237697323125954,0.023824202215273604,0.0030007491588758353,0.0031042943384754344,0.003458430546291223,0.0034274486799279013
2024-01-23,0.004126236,0.024588408,0.0015387993,0.12804088990555196,0.023189023,0.0039947843,0.0035067305,2.734475955267925,0.8915099611130763,-0.2961767161290359,-0.6298125584662749,0.003784376140673499,0.0037667376698360478,0.02487899125921701,0.02504890432818903,0.023649932315132963,0.023781666172569414,0.003205818089338034,0.003163927788464662,0.00346839481029995,0.0034327579491533313
2024-01-24,0.0045216726,0.024114309,0.0012738152,0.13595589454489798,0.024159636,0.003265307,0.003715171,2.5151236471837977,1.415578826892599,-0.4233101497627378,-0.47871710384285876,0.0039364800152977795,0.0038172934046255963,0.024721237686343506,0.024986317266818756,0.023755083989117468,0.02380697770453885,0.0032180906310575255,0.0031707168544679075,0.0035193046111222704,0.0034516703071919043
2024-01-25,0.0038349524,0.024500972,0.0013201598,0.06903624322664559,0.02372027,0.0031161397,0.0034310457,2.651247075505797,1.647306284184454,-0.45069291092449343,-0.612352386722452,0.003915534914952769,0.0038184759725398264,0.024675796920968978,0.02495381512346055,0.023747901886167433,0.023801171150478667,0.0031970582027407734,0.003167061984123802,0.0035010968406942386,0.0034502891378158465
2024-01-26,0.0038638054,0.02467244,0.0009217203,0.11134130261005826,0.023785919,0.0038420025,0.0034162693,2.7679076770400948,1.673098330380599,-0.18767110576425852,-0.4335169569091568,0.003904863151339268,0.0038215115513255396,0.024675104250042053,0.024934972227774473,0.02375574478665315,0.023800149756309407,0.003330109867776784,0.0032122607299804027,0.0034835969676138704,0.0034480109323301268
2024-01-29,0.0035709664,0.024819154,0.001117206,0.03978651488972773,0.023765367,0.004360985,0.0036437297,2.922319113173579,1.583417394029136,0.6530087973084526,1.6145121686224024,0.0038359804318160284,0.0038047332935669405,0.02470482169800113,0.02492721624711238,0.0237577297461014,0.023797820427327632,0.0035427788675714026,0.003289187358620099,0.0035166322710269747,0.0034611176343076165
2024-01-30,0.004203443,0.025088822,0.0016146608,0.1187677920889666,0.023806676,0.004271309,0.003745065,3.104722502060855,1.901679735627878,-0.44016227715384193,-0.6468795536710682,0.003911787755997028,0.003831433686490369,0.02478404085510368,0.024938038532348952,0.023767827387943145,0.023798413476523568,0.003693074228307548,0.0033549570996226907,0.0035637578374451743,0.0034801327446828518
2024-01-31,0.003553047,0.024784157,0.0010858226,0.09447310540387432,0.024145246,0.0023072432,0.00352971,3.3004726954761523,1.620413437364619,-0.28768463072645845,-0.47263791495312085,0.0038377797427624947,0.0038127909681054937,0.02478406482659351,0.024927733549994696,0.02384568855668512,0.023821639783061524,0.003407178011869817,0.003284794832668832,0.0035567337857989054,0.0034834527849352914
2024-02-01,0.0039141984,0.024112044,0.0017341869,0.1971887426127602,0.024014505,0.0035653233,0.0035968355,2.9386132488375747,1.7543656356904527,-0.3305149521840978,-0.48525195724415604,0.003853544865885052,0.0038195819186146855,0.02464542726337953,0.02487310925445271,0.023880515223071355,0.023834555364657176,0.003439803302918042,0.003303580985333147,0.0035650067559545224,0.0034910456886445055
2024-02-02,0.003969602,0.025398215,0.0013092222,0.06405699773802598,0.024263179,0.0029703802,0.0034288957,2.914142282274157,1.6775861180064913,-0.74432918934069,-0.41414666045869614,0.0038774873547129966,0.003829628302697707,0.024800727035044025,0.02490827403404151,0.023959458544471044,0.023863259002564023,0.0033429615725482664,0.0032812675283956194,0.0035369271218479116,0.003486883691498939
2024-02-05,0.0035620865,0.024880067,0.00147114,0.04395140520622787,0.023816932,0.0029830227,0.0035976495,2.8929573049872155,1.4788684307859465,0.7060953804377751,1.1641782568949537,0.0038124203231756754,0.0038117118281732164,0.024817094727824476,0.024906385060809184,0.023930055391821664,0.02386015662130702,0.0032687063753588327,0.003261294965388143,0.0035494541191648933,0.0034943013471922762
2024-02-06,0.003493978,0.024665503,0.0018681978,0.14420377759650727,0.023901096,0.0035823837,0.0038010015,2.77477967936532,1.3437807827195825,-0.7145592100416983,-0.9461113309981416,0.0037467258277308676,0.00379043414042493,0.024785821399314623,0.024890253898509677,0.023924081004855862,0.023862898183166267,0.0033334178504537703,0.0032827973199967063,0.0036013482050585815,0.0035148401368231613
2024-02-07,0.003563013,0.025076639,0.001978139,0.13863255573000988,0.024000768,0.0033085956,0.004074171,2.589073588892853,1.5881034858758618,-0.45660764529545983,-0.6923577995515583,0.003708825953099132,0.003775204422152399,0.024845816898224782,0.02490273554496366,0.02393990141289774,0.02387213088680357,0.003328297038155531,0.003284524955227245,0.00369889133722493,0.003552296863893192
2024-02-08,0.004000971,0.025402017,0.0011446662,0.08619976857947975,0.024340143,0.0030733051,0.0036693574,2.597586272524884,1.444993322714302,-0.6001406657594165,-0.5093513461245599,0.0037690953419566263,0.003790323340761579,0.02496056067382289,0.024936170926218738,0.02402247112993825,0.02390347228656071,0.003275692340472954,0.0032703801950297777,0.003692798500052704,0.003560136057332371
2024-02-09,0.0031138132,0.025085818,0.0017186304,0.14317278417303736,0.024100967,0.003071775,0.0031366898,2.34471223570261,1.7287106560639338,-0.37699060830224573,-0.10640279636048686,0.003633910987470616,0.003745019482624929,0.02498640119896945,0.024946192344581196,0.024038664735394562,0.02391669790007079,0.0032336242924330427,0.0032570801966702563,0.0035780735625151505,0.0035317791265390896
2024-02-12,0.003099624,0.025123753,0.0017983224,0.04146166290190001,0.023781216,0.0026977318,0.003715089,2.4429980981214343,1.6627590517302409,1.9941914404278416,2.3616664487573718,0.0035236878769163735,0.003701799282401162,0.025014736731814806,0.024958083027297906,0.023985553149667084,0.023907625067255855,0.0031230699601096164,0.0032196223101270812,0.003606339786885314,0.003544054844179602
2024-02-13,0.0045646597,0.025489414,0.0007757693,0.07405210395919504,0.023921665,0.002516376,0.0032683206,2.410000604713599,1.8735526949103571,0.3934920033171017,-0.07736785159905103,0.003738439810293946,0.0037595824612797328,0.025112662425422524,0.024993664680462192,0.023972373017605648,0.023908565266439967,0.0029979093332896264,0.003172528014380824,0.003536606602108173,0.003525589745315204
2024-02-14,0.0030290904,0.025040662,0.0014432197,0.09791277919041352,0.023842718,0.0027948334,0.0029505154,2.416273553373765,1.9422567984715244,0.3408033837578748,-0.06783673843553457,0.003592101390227973,0.003710663590039171,0.025097808758227994,0.024996811944741355,0.02394562534896184,0.023904155702274502,0.002956014872628134,0.0031472349351515006,0.0034156962882144768,0.003487078734436943
2024-02-15,0.0031337328,0.024937896,0.0018237015,0.1288678569889633,0.024124626,0.0027007223,0.0031980148,3.0410897615014654,1.355735660037256,0.2435671502376619,-0.3421740175386502,0.0034975401964228115,0.0036720282626487824,0.025064818852274944,0.024992866524052876,0.023982553103614326,0.023918919943273338,0.002903348151380553,0.0031173333204504035,0.003370788712743599,0.003467720987834191
2024-02-16,0.0033710503,0.025007186,0.00082335126,0.09882881927577036,0.023994816,0.0031005666,0.0030232097,2.6757695142303053,2.032300055225906,1.4573315194028769,0.12608969881955936,0.0034714454073290937,0.003651872672125107,0.025052929319549642,0.02499382548715821,0.023985083029064692,0.02392400250643118,0.0029440342065808244,0.0031162105010625833,0.0032990833553009115,0.003437953399927112
2024-02-20,0.0033841934,0.025179718,0.0017261021,0.05538520633614241,0.024203595,0.0028135278,0.0037238463,2.798657532476454,1.5759765117802433,3.622043327024572,2.8373131000898515,0.0034534453652467737,0.003633946992412205,0.025079085693633842,0.02500627413186259,0.024030161887112753,0.023942725964180227,0.0029171108089566257,0.003095940747814725,0.0033867117238274855,0.0034570987910346952
2024-02-21,0.003555068,0.025532242,0.0018239397,0.10452875769599113,0.024563404,0.0026573427,0.0031987368,3.081466666206897,1.3138685079257613,0.8770830605391896,-0.9138107541736128,0.003474410071188511,0.003628664705455248,0.02517257158286081,0.025041496620559094,0.024140169413291425,0.023984290902073185,0.002863520785156384,0.0030665691487787783,0.0033479325985789573,0.0034397970622596793
2024-02-22,0.0030264948,0.025653357,0.0017629229,0.2101992002443508,0.024174932,0.0034152686,0.0028479928,3.1447134910877854,1.3349675791743782,3.113414977113621,-0.6047842690238857,0.003382005377331799,0.0035883391853766323,0.02527175729680148,0.025082471058755468,0.024147340997194764,0.023997057592238847,0.002977346071835208,0.0030899205087521024,0.0032447952842029437,0.0034001657022300637
2024-02-23,0.0025943345,0.024899717,0.001671204,0.09836647522242259,0.024139367,0.0035441285,0.0032897426,2.845796237497868,1.7552806659884608,5.0303748073666625,-0.5634720105949501,0.003219509297691654,0.003521773667812018,0.025195005665974456,0.025070232594304992,0.024145695974839086,0.024006587630497456,0.0030942729886316153,0.0031203374591410368,0.0032540678976098842,0.0033927709992910967
2024-02-26,0.0034745894,0.025236234,0.0014853427,0.07580776609538642,0.024130369,0.0034601018,0.0039502434,2.7515239452136946,2.325980760204286,4.518613319113911,0.9419402395177671,0.0032721321963136854,0.003518613881044396,0.025203511063806437,0.025081349216457126,0.024142533946556067,0.024014876872081696,0.0031697432765465413,0.003143090459510847,0.003397688527285173,0.0034301032549269445
2024-02-27,0.0035098812,0.0245166,0.0014300101,0.14246592581993223,0.023578225,0.0039045184,0.003310069,2.616243550222825,1.8704275435237383,1.2279821203296857,-0.5887695562913042,0.003321179692314494,0.0035180290800359377,0.02506180151850463,0.025043529600862653,0.02402611724656627,0.02398563558262417,0.003321327005978137,0.003194081013424136,0.00337961265996919,0.0034220649183631484
2024-02-28,0.0031589887,0.025195021,0.0016121032,0.1355521628112103,0.023463048,0.0043715797,0.003534034,2.788021152934039,1.499085664140077,0.7384819122007829,-0.46845742280143227,0.003287719768467999,0.0034939852174517235,0.025089284665073916,0.02505367453887878,0.02390995636559593,0.02395063945829255,0.003537993591862614,0.003272934580375826,0.003411469679437803,0.003429563145738324
2024-02-29,0.0030109342,0.02467962,0.0015318643,0.09450873586962782,0.024097878,0.0029726664,0.0037449575,2.3915409626206645,1.6139486327643495,0.12303174461011601,-0.32688303498524623,0.003230619055148925,0.0034616367371344695,0.025004771022790768,0.025028625213281995,0.02394872460017434,0.02396049961550166,0.003421366890979393,0.0032528265190684075,0.0034802680420152306,0.003450684162325713
2024-03-01,0.0043627713,0.025177049,0.0010317392,0.3330637305922848,0.02400561,0.003989419,0.0037152003,2.5907533889680736,1.6511014807490954,0.250489134720767,-0.14554586971467792,0.003464181465201353,0.0035219830221993225,0.025040311779695856,0.02503856467806914,0.023960460130522023,0.02396352055620477,0.003538555735797564,0.0033021539118673216,0.0035287344535175746,0.0034683980200834906
2024-03-04,0.003433902,0.025775593,0.0013913538,0.13499354216121362,0.023868617,0.0032345634,0.0039948127,2.827295614328479,1.0936092851283046,1.5081632581497277,1.5164383737741827,0.0034579348376556924,0.003516084502950913,0.025191999862106202,0.025087921244817183,0.02394151287300088,0.02395716512687889,0.0034758422758647597,0.0032976275771777488,0.00362488615541345,0.0035036504379655376
2024-03-05,0.0033375851,0.02528691,0.001662723,0.09723103263950239,0.024201611,0.0037625374,0.0035566727,2.660314018388409,1.0971903355627233,0.21975125238978319,-0.6816176503173896,0.0034331067571826174,0.0035041309342286136,0.025211579607107643,0.025101246872413857,0.023995170991536686,0.023973534939545002,0.0035349873251911685,0.0033287611959235347,0.003610813758847528,0.0035072011813417816
2024-03-06,0.003039698,0.0252374,0.0011392954,0.15931140950513534,0.023962494,0.0025420662,0.0033153798,2.6179826034601006,1.6252458810471395,0.027829814189958134,-0.4230276527834246,0.0033519467134997876,0.003473029242199973,0.025216906358060794,0.02511036464573559,0.023988429742459638,0.023972795559908236,0.0033301482100417928,0.0032760785824601586,0.003549865897425616,0.0034943554801613818
2024-03-07,0.0023894904,0.026131116,0.001771356,0.13558235899454563,0.02336791,0.001846972,0.0031750177,2.4092061246498524,0.9811725186011306,-0.1695123552857343,0.12516014181575405,0.0031533924763964033,0.0034004678854802966,0.025405507296169343,0.025178721300523947,0.023860416787091655,0.023932288164384845,0.0030241697458845097,0.003180375592405041,0.0034725349025401895,0.0034729703814389387
2024-03-08,0.003259478,0.02534513,0.0012271554,0.18535416973857222,0.024278242,0.0031003351,0.0034394006,2.520549921098844,0.9637048627767272,-0.006887202376162772,0.23096353791494006,0.0031752778443254847,0.00339102620820173,0.02539305146949422,0.025189865186093077,0.023946613937835183,0.023955455667265268,0.0030398826250465677,0.0031750155222378417,0.003465699308798697,0.0034707223121224237
2024-03-11,0.0031285388,0.025592875,0.0017398479,0.0779337998292553,0.023810377,0.0034634164,0.0040102145,2.4766448358229147,1.623504664548072,1.3118673725028633,1.5497717486965283,0.0031656356122178853,0.003373448214361674,0.025434274904186704,0.02521685353000524,0.02391850840028617,0.023945740205996092,0.00312725741186119,0.0031943288636023916,0.0035780325002156485,0.003506850488046729
2024-03-12,0.0026733626,0.025101237,0.00090347097,0.16838917399808317,0.023760753,0.0023879826,0.003973302,2.8065563575503263,1.04478153835817,0.4453798878316237,-0.7490983656407918,0.003064079951734393,0.0033265655760766006,0.025365569359526528,0.025209111036797262,0.023885963493109022,0.023933352149627097,0.0029747453988354087,0.0031403302638863284,0.00365957638304855,0.003538087348101304
2024-03-13,0.0033475019,0.025291985,0.0018328065,0.09022030126885117,0.024202142,0.0030229145,0.0039241,2.4173095585315223,1.741154311704168,0.0420827501507752,-0.04190645758941382,0.0031225497417578167,0.003327967616192196,0.02535038892440214,0.025214660851551468,0.02395119093437208,0.023951352195837803,0.0029846826630992368,0.003132467282740542,0.003714147506138585,0.0035639374736279655
2024-03-14,0.003819499,0.025036097,0.0012687782,0.08402710553461001,0.023964493,0.0033054454,0.0038345186,2.689653320775148,1.4874767728986513,0.22744072870204424,0.18221778442768075,0.0032663299931183325,0.0033608839979770897,0.025285550577595076,0.025202702935990185,0.02395393506184801,0.023952232169671548,0.0030508558522070665,0.003144051111471401,0.0037389800003100977,0.0035820574824742663
2024-03-15,0.0026278608,0.025807103,0.0013072958,0.20890815853255262,0.023810048,0.0029380259,0.0035068968,3.0058695801020896,1.9555462596058752,-0.05335846396877047,-0.1983837340757609,0.0031346141250631404,0.0033117956242427323,0.025393146597332814,0.02524317780971073,0.023924251165765468,0.023942710498161105,0.0030275790849539634,0.0031302542169697163,0.0036911013549665575,0.003577024195378872
2024-03-18,0.003883077,0.024746478,0.001232927,0.048025291051719377,0.023699852,0.0030676574,0.0037133864,2.9574033778930975,1.5363401446635434,0.7604577307365532,1.066927774168953,0.0032890216357953548,0.003350052633289252,0.025259739124127784,0.025209915282825363,0.02387795767537514,0.02392644697141288,0.0030358472102606083,0.0031260622921496237,0.0036956987410508655,0.003586155962022548
2024-03-19,0.0036535128,0.02507229,0.001083235,0.13774041422172945,0.023432381,0.002893434,0.0034312569,2.6831114800434235,1.5737996650490669,0.6935187958993025,-0.46338238282769206,0.003364215971661661,0.0033703744529738726,0.025221068392243667,0.025200698904619467,0.02378603553467936,0.02389336088153472,0.0030064674205272364,0.003110483865054801,0.0036411445201843355,0.003575782832579586
2024-03-20,0.0035419103,0.025163116,0.0017708124,0.09498407218123672,0.0234816,0.004119589,0.0037911048,2.7929033051525107,1.7824119046180138,2.4366527435774,0.10403555217186677,0.0034008742227510805,0.003381861696992338,0.025209112830494658,0.025198182085476948,0.023723230641229193,0.02386578648619568,0.003236103815545153,0.003178060616730955,0.003672081240707246,0.0035902022985405432
2024-03-21,0.0031617514,0.024685567,0.0012521811,0.0800762564313442,0.024113107,0.0035706714,0.0031830613,2.5531830895397203,1.1084130045171343,0.6590024522801675,-0.11059210286226334,0.0033515433168649507,0.0033671215710368184,0.025101105651560526,0.025163853803108826,0.023803662026483978,0.023882348832789238,0.0033051249376320423,0.003204352588126877,0.0035711966752861547,0.003562937280966302
2024-03-22,0.0036956316,0.0252523,0.0014798606,0.08715872149056025,0.023501383,0.0032444994,0.002943804,2.458458229661215,2.0061087028963103,-0.14486821508308298,-0.548664515598142,0.003422528555412262,0.0033891209071085153,0.025132296838889304,0.02516977673902486,0.023741302051337163,0.023856836700061786,0.0032926179299979023,0.0032070411029035593,0.0034417659008962537,0.0035214757787682214
2024-03-25,0.0033592053,0.024772651,0.00155573,0.04998584523815797,0.02444391,0.0032211929,0.0039198184,3.827005673360142,2.2267498598914224,0.3203454220587375,1.8270046529985178,0.003409465005736496,0.0033871175498901493,0.025058102193313406,0.025143182449350154,0.023886249603773193,0.02389615121095628,0.0032778829762113693,0.0032079888039308916,0.0035403878879743523,0.0035481515950397287
2024-03-26,0.0034707175,0.02540012,0.0019010269,0.08897792079107913,0.024527485,0.002752033,0.0035555917,3.3722928161498507,1.5738310004368121,-0.6062915172560237,-0.8698823248437644,0.0034221013555846566,0.0033927159860219157,0.025128660444749994,0.02516038883970684,0.024018536036121578,0.023938429716086913,0.0031694004155558616,0.003177454811920863,0.0035435244230634065,0.0035486498355290345
2024-03-27,0.004059354,0.025154658,0.0018589776,0.054383349450247254,0.024481436,0.003804866,0.003535728,3.152018636114511,1.9762794217692958,-0.4352143761458872,-0.4903412908308481,0.0035535662086221206,0.0034373587290542403,0.025134023656976978,0.025160005039875137,0.024114032104227582,0.023974793238414862,0.003300496629668931,0.0032194706617068142,0.00354191601895956,0.0035477844968710226
2024-03-28,0.003938337,0.024524897,0.0019106973,0.1376939734330277,0.024432046,0.0034527848,0.0033402434,2.590951052213219,1.7443391515220938,-0.38556806860618154,-0.7763535186038352,0.003632944190929758,0.0034709077355657056,0.025008361217548205,0.02511747377695897,0.024179638273573337,0.02400541411066593,0.003331913608899727,0.0032350950147592757,0.003500311055882786,0.003533886087928309
2024-04-01,0.0035219183,0.024906226,0.0013562894,0.046678761832487425,0.02417424,0.0029392214,0.0037587949,2.664625421774633,1.3727988943629417,1.0724691535477022,2.2329050269142083,0.003610039611982678,0.0034743237617493594,0.024987290673253667,0.02510332711197484,0.024178524506630692,0.02401671984103526,0.00325090142290275,0.0032152812471901875,0.0035536361289024263,0.0035489475556323116
2024-04-02,0.0038934795,0.025259016,0.0015708636,0.06433238455509005,0.024365574,0.0018420911,0.0034618457,2.8691926033653137,1.3530254111969682,-0.9036592363002114,-1.0773111757544636,0.003668513106024803,0.003502393365746866,0.025043347482091003,0.025113753136527434,0.024217112743788,0.024040081568585905,0.0029602645928226046,0.0031233228105022348,0.0035346998085637035,0.003543114603910895
2024-04-03,0.0037448201,0.025431424,0.0009819586,0.0971668553625693,0.024829507,0.003934828,0.003520274,2.6255283745475624,1.4056270038854157,-0.8995232999456225,-0.5700317771198921,0.003684255205522889,0.003518627961111273,0.025123407541873,0.02513502662933396,0.02434344933075859,0.024092947019700287,0.0031613165315139053,0.00317766689201584,0.0035317237861124755,0.0035415850416269427
2024-04-04,0.0024384279,0.025576375,0.00073234184,0.11248119332389839,0.023894105,0.003006372,0.0034423878,2.92503945384711,2.2016428114674844,-0.4175957393201753,-0.37338116120889303,0.0034272416836367173,0.003446290193164767,0.025216854577879713,0.0251645824378593,0.024250749853660977,0.02407963117162234,0.003129351536005882,0.0031661957789899647,0.0035132938181509157,0.003534942098777625
2024-04-05,0.0045122914,0.024722422,0.0017614986,0.22678690772200394,0.02360273,0.0033430515,0.0030899867,2.879324326978581,2.2128255393990224,-0.47683440656573317,-0.36473914141334096,0.003651086869738735,0.0035176771051134755,0.025114853302602456,0.025134972245391476,0.024117063629228094,0.024047694504275248,0.0031734377328351392,0.0031780392797175322,0.003425965790899456,0.0035051447696039387
2024-04-08,0.0033825897,0.024978548,0.00191525,0.05465010385947766,0.024052093,0.0029426662,0.0039045094,2.749617501158197,2.196380327693782,0.3397283598644972,1.5969026206307857,0.0035956960382526183,0.0035086307035714043,0.025086733649855485,0.025124497000936122,0.024103660182467603,0.02404798904535091,0.0031258296825722436,0.0031622770472609237,0.0035246890771082813,0.0035318890213821928
2024-04-09,0.003585679,0.024968449,0.00083866506,0.13571961938733046,0.024473423,0.0032361532,0.0038461096,2.27021591789278,1.9976709059856175,-0.5896402546952061,-0.7732474743628355,0.003593629526658836,0.0035137903968830435,0.025062331594241354,0.025114046934901095,0.024179942085758313,0.024076479093851338,0.0031485893585593617,0.003167224309729911,0.0035909979643765203,0.0035529314343276165
2024-04-10,0.003446218,0.025537992,0.0013475578,0.10251649678486174,0.02456907,0.0032714517,0.0032262166,3.053777811399068,1.6425954328254182,-0.2463619070311368,-0.7489048477546267,0.0035632186252236592,0.0035092652817696962,0.025160460064360464,0.02514243726071713,0.024260218962916115,0.024109466431000533,0.0031739357919996,0.0031742041052904017,0.003515743771014852,0.003531052322576165
2024-04-11,0.0035557102,0.023659725,0.0008179547,0.165206308481758,0.024305064,0.0018310511,0.0032618805,2.883228724176937,2.1668068749608587,-0.023230018082496383,-0.35058394396939124,0.0035616696399420004,0.0035123755586424455,0.024850859156756347,0.025043144438939378,0.024269470518166376,0.024122565030539014,0.0028968993819664325,0.0030842571651863385,0.003463371908324116,0.0035130266897492454
2024-04-12,0.0033748785,0.026017258,0.0020622998,0.1215502821363158,0.023400474,0.002683662,0.0037140457,2.82423356442886,2.028641863407578,-0.5356564599548513,-0.2342411033019372,0.0035231347363254505,0.0035031677952975632,0.025091486613005805,0.025108377906260103,0.024090197063631802,0.024074208777135987,0.002852908645113016,0.003057430512798286,0.0035150857884696475,0.003526488334357853
2024-04-15,0.003672228,0.025091462,0.0015783882,0.047838713221732276,0.023804596,0.0024232669,0.003713625,2.7428753340687932,2.1483666625713846,0.20104793226647608,2.792769373938477,0.0035538925903495933,0.003514489248908067,0.025091481501789022,0.025107245087726333,0.02403127765128738,0.02405615359551221,0.0027642737749991302,0.0030149624714479796,0.0035560443270011835,0.003539020318205194
2024-04-16,0.0034935495,0.025056174,0.001621518,0.11833830045801108,0.023947006,0.0035964786,0.0032088428,3.0944060436343803,2.360310021860565,-0.9067811447680574,-0.5272091927400242,0.003541443849780979,0.0035130869789129827,0.02508419758788615,0.025103825011432466,0.02401389247282369,0.024048844313685643,0.0029359571942186974,0.0030539048674528306,0.003484416840174888,0.0035169093193577806
2024-04-17,0.0033930072,0.02542699,0.001687367,0.06498795573785365,0.023421112,0.0039611994,0.003365431,2.9245149323548194,1.6949080473899392,-0.5614533383714212,-0.26728146797814256,0.003510821448971383,0.003505045595980087,0.025154915362805737,0.025125466365199613,0.0238916022654907,0.024006806988522124,0.0031474641279694844,0.003114663670026946,0.003459870119995438,0.0035067652681856805
2024-04-18,0.003931387,0.024574086,0.0016546041,0.11659973335218587,0.023415374,0.003041016,0.0038202836,2.754029143699186,1.4057462398350407,-0.583585982541161,-0.9083444356846954,0.003597583872458185,0.003533596395146513,0.025035090585219417,0.02508854207630861,0.02379335655018423,0.02396720046635053,0.0031255039223532363,0.003109731701727939,0.0035342232254191985,0.0035277606510409026
2024-04-19,0.0043307617,0.02532425,0.0020916434,0.1752542535698869,0.023433771,0.0033678648,0.0040793307,2.860067491025134,1.598641307672695,-0.16143330416526455,-0.6058760576583644,0.0037488380789675786,0.0035869801729171407,0.025094743946149696,0.025104326706728346,0.023719174237101553,0.023931478289718984,0.003175502835607323,0.0031270181004016922,0.0036466786132978235,0.003564697648018484
2024-04-22,0.0038152651,0.026353529,0.0019235581,0.09847633646318954,0.024035525,0.0030275062,0.0035375846,2.877099313475954,1.30329949068707,0.48711846224095595,1.0571988698729995,0.003762541946629223,0.0036022677342106586,0.025354430583538038,0.025187982028732327,0.02378443714580722,0.02393844595831336,0.0031449712018845662,0.0031203540842942258,0.003624172567866823,0.003562881965747884
2024-04-23,0.0024235856,0.024942786,0.0022680555,0.16434518096066675,0.02366056,0.002978183,0.0035005142,3.381331187064595,2.652252107699704,-0.24003126332349278,-0.7611055637674107,0.0034863159618222267,0.0035233349194522027,0.02526950841962826,0.02517156195081668,0.023758881192230585,0.02391983671389981,0.0031105629034251497,0.003110833318536304,0.0035986619112251513,0.0035587053829236165
2024-04-24,0.0037915586,0.024715839,0.0024948055,0.10262618804236456,0.023565337,0.0031187222,0.0035139555,3.2395937859881765,2.3225080775587474,-0.20291213573859995,-0.8323437796786108,0.0035492873485017157,0.0035412970540082502,0.02515528670006009,0.025141043545022116,0.023718953139940813,0.023896096932702938,0.0031122461690148255,0.003111361615599656,0.003581187025444434,0.0035557086178820098
2024-04-25,0.0040794197,0.02473319,0.0016739612,0.09047474739649974,0.023910088,0.0035367094,0.0032368656,2.574951975022344,1.7830534138065233,-0.6216784044776619,-0.5134552108314231,0.0036586533642565264,0.003577333514706939,0.025068208268346194,0.02511373077929658,0.023758384256887522,0.02389703390373909,0.0031998127002934337,0.0031398458810271575,0.0035101537015960623,0.003534356656464881
2024-04-26,0.0042527234,0.024723617,0.0026215422,0.11515101277407036,0.023677379,0.0028431127,0.0038054343,2.748473865620185,1.990182014928279,-0.6598196158022712,-0.4333223238574893,0.0037812097039087475,0.0036225623560885187,0.024997119345202858,0.025087606050644664,0.023741672892904134,0.02388232426476915,0.003126225674712853,0.0031199745465631873,0.0035710699401906303,0.0035525099174096046
2024-04-29,0.0037717696,0.024918854,0.0013377222,0.045797070579253085,0.02377433,0.0030678632,0.0036179074,2.779585961336331,1.8664489749257052,0.5378881226548503,0.9810471612343159,0.003779262211592833,0.003632554317606218,0.024980973294464866,0.025076305246485544,0.023748409948813696,0.023875092183325845,0.003114185521468736,0.0031164848038211764,0.003580732485292854,0.00355688939175729
2024-04-30,0.0037632796,0.025467442,0.0020815302,0.17528951998199405,0.023879733,0.0036272502,0.0034295926,3.137876996041495,1.9352422043294213,-1.0508990800359719,-0.8102931804931006,0.003775965016464356,0.0036413086016969095,0.025081331604457843,0.025102498528113075,0.023775501812124483,0.023875402960691017,0.003220030495582764,0.0031506892346884687,0.003549552403783316,0.0035483647055593727
2024-05-01,0.003272152,0.025220394,0.0015859776,0.07680043974042161,0.024055758,0.003445842,0.0034211967,2.915519352566476,2.0739852675652797,-0.8002048078275804,-0.614161543323558,0.0036720286644490916,0.003616587291115805,0.025110020131265294,0.0251103936441852,0.02383331861759864,0.023887480831026216,0.0032666153047159288,0.003170454737142531,0.003523072692503068,0.00353984864559529
2024-05-02,0.003962851,0.024596661,0.0018031712,0.13563854494228778,0.023833636,0.0024961983,0.0035631442,3.141239549707685,2.0009830343850274,-0.7779069710029236,-0.4067112871577609,0.003732025186015378,0.0036397755445095195,0.02500411448043211,0.02507599052790442,0.023833384133539658,0.023883875016794096,0.003107678678852186,0.0031253017996303893,0.003531339432552211,0.003541408682147798
2024-05-03,0.0045393747,0.024540998,0.0014366177,0.09248238942460651,0.023892712,0.0033109486,0.0038739305,3.049102688449073,1.621952377822944,-0.8153462504103324,-0.5277016023966594,0.0038985809718234026,0.0037000190106274535,0.024908573802699077,0.025040163681548322,0.023845623409831634,0.023884466792945626,0.003149613158794312,0.0031377340111720534,0.003602015798960765,0.003563676676586693
2024-05-06,0.0038286746,0.025293011,0.0013295483,0.07433675042829868,0.02394857,0.0031358486,0.003615561,3.5423544540322127,1.4665189939428083,-0.17870963725663533,0.9837980972916168,0.0038841593147662615,0.0037086346875445557,0.02498788303933152,0.025057096124682498,0.02386686138440932,0.023888759640729274,0.0031467735288030463,0.0031376077479851657,0.0036048101547210666,0.003567151210587428
2024-05-07,0.0043933406,0.025847282,0.0014189687,0.09136975129311342,0.023431983,0.002328751,0.0030442032,3.1415928055247013,1.9344088633405927,-0.9100114003880282,-0.6736485307791319,0.0039892031366171735,0.003754487391104192,0.02516517664666051,0.02511001252633776,0.0237771461704824,0.023858170665188434,0.002978015892859851,0.0030834410252862017,0.003489157225880165,0.003532130943830601
2024-05-08,0.0033041902,0.025681812,0.0017371567,0.19987717273779504,0.023736915,0.0036772597,0.0032472508,3.0948399358068883,2.1654916729416276,-0.3769298362776986,-0.353598267922259,0.003847885335363273,0.0037243323376546377,0.025271758313540085,0.025148304247703326,0.023768846422738486,0.023850050510570923,0.0031222695152576595,0.003123207283156349,0.003439252058040746,0.003513053373016211
2024-05-09,0.00401788,0.02564846,0.0010262945,0.09571724642448487,0.023845084,0.0038513418,0.00327886,2.792749350691911,1.7535257013582386,-0.9187687214222033,-0.4070011894811584,0.003882955183725516,0.003743990358928503,0.025349471630435674,0.02518179816828034,0.023784574197211517,0.023849717918989273,0.003272676740434603,0.0031719682723119792,0.003406163238343436,0.0034973701361238336
2024-05-10,0.0046797357,0.025038447,0.0009411954,0.12599740648337276,0.023612691,0.0032000786,0.003290244,2.6244687453557844,1.5217753923423716,-0.9525223399254876,-0.640979287538881,0.004047330595445771,0.003806654428449099,0.02528530746043719,0.025172198384853916,0.02374911480250067,0.02383384494129359,0.003257699785532443,0.0031738507379301976,0.0033822491423912276,0.0034834995125526784
2024-05-13,0.0033936629,0.025141165,0.0012861335,0.06391107801642604,0.023655629,0.003306318,0.0033188812,2.8959654897796767,1.4751135167309701,0.3576063837200875,0.8003240739317371,0.00391247928556944,0.0037789976186308628,0.025255570876617436,0.02517012014916937,0.02372982868636373,0.02382191033847968,0.003267729712966741,0.0031827216791770066,0.0033691763589606,0.003472475513296855
2024-05-14,0.0030673328,0.025110217,0.0014938413,0.08320874264668354,0.023650782,0.003100662,0.0033999095,3.0071921464040634,1.7526160896516894,-0.6158211403303028,-0.9253322091303792,0.003738126007154534,0.0037313395537327603,0.025225584409396238,0.02516610860183525,0.023713521434258356,0.023810450397830838,0.003233263737134811,0.0031772263897253384,0.0033755165844189454,0.003467615982726151
2024-05-15,0.0037055577,0.024779677,0.0008879841,0.1529119325110544,0.02390357,0.0028422284,0.0036277554,2.598294785836983,1.5829310483930663,-0.7280580172950697,-0.36874866467786366,0.0037314071760373674,0.0037296130180116457,0.025133594026051875,0.025140230459672303,0.02375272818972939,0.023816686285885458,0.0031525933515248283,0.0031547925761105625,0.0034275533289636543,0.003478340043542578
2024-05-16,0.0019932142,0.025782123,0.0020333778,0.20165934996722445,0.024229243,0.0036679255,0.0032048137,2.459252821356505,1.3018256990171717,-0.5831008385425157,-0.4162754225303323,0.0033728188888089033,0.003613331586743204,0.02526738525518122,0.025183216096785102,0.023851033026496927,0.023844314001484745,0.0032589060994966572,0.003189155551927979,0.0033816022591638363,0.003460022802092052
2024-05-17,0.0037675158,0.025174629,0.0014059332,0.11235851400103025,0.023861915,0.0032741574,0.002901917,2.451052724149043,1.3446983113540572,-0.22437948761194618,-0.23455764249375616,0.0034542446468666245,0.0036236568399471048,0.02524824967680885,0.02518264104079862,0.023853277945732245,0.023845492679204713,0.003262052436932128,0.0031948478721095237,0.003282643461204032,0.003422648132189851
2024-05-20,0.0035928865,0.025060082,0.0013236282,0.05890772357583829,0.023549732,0.0037107337,0.003419784,2.613334399716061,1.0393170354554684,0.6632810717982865,0.6491251554193636,0.003482846387488597,0.003621596242086035,0.025209430754032106,0.025174433618730015,0.023790656539823648,0.023825686459298303,0.003354615150995651,0.003229395204494613,0.003310935461119034,0.00342245632297439
2024-05-21,0.0034548335,0.025018543,0.0016400856,0.15672984546216107,0.024164166,0.0037611136,0.0032657315,2.908919413611617,1.4623210133126654,0.1668651359116963,-1.157792817449742,0.003477067348547451,0.0036104286417528234,0.025170050711808563,0.02516399409068033,0.023867711407194993,0.0238483534417549,0.003438475571606571,0.0032650027962124865,0.003301609908196253,0.003411960930583526
2024-05-22,0.0028962519,0.025105283,0.002001218,0.10948720515609445,0.024132038,0.003318558,0.0035739564,3.168636118408924,2.099229290443464,1.037077809994212,-0.5872006157754528,0.0033572454178145777,0.003562602358858129,0.02515668909767431,0.025160062362092967,0.02392224174839374,0.023867350916848863,0.0034137366358220483,0.003268589226752299,0.003357794853154358,0.0034228092848106297
2024-05-23,0.0028413087,0.025780821,0.0012477154,0.11630843356714582,0.024158599,0.004510083,0.002769823,2.7794871581750167,1.9855159870568848,1.849627116831142,-0.8728209941048295,0.0032508079469774354,0.0035142994811687743,0.025285447226038104,0.025201632725722865,0.023971002095194968,0.023886854919997147,0.003639912266670997,0.003351728335379274,0.0032364965594718557,0.0033790807436199248
2024-05-24,0.002638225,0.025999771,0.0015095777,0.1328833102174639,0.023923479,0.0030948482,0.0031124216,2.913430150964101,1.88264997071829,3.032418003486381,-0.6320605714252722,0.0031244324026862766,0.003455631392500679,0.02543281193381682,0.025255081687159883,0.023961198109901494,0.023889307526451877,0.0035274658457741495,0.003334525844218422,0.0032108999613933427,0.0033612233787517296
2024-05-28,0.0035963745,0.024890956,0.0013041125,0.07387811906690467,0.023574874,0.003752015,0.0036736885,2.7344678419989763,1.332766395250746,3.7917280430583786,1.15753461784928,0.0032217938157725204,0.0034650565395285848,0.025321027244276394,0.0252306972482178,0.023881499609010266,0.023868250840769382,0.003573790231674013,0.0033624838484267,0.0033063729952565106,0.0033821482337447356
2024-05-29,0.0030624338,0.025021054,0.0014317213,0.0849783400322629,0.023560511,0.0034946508,0.003255794,3.4496746356264487,1.8694075974200275,-0.03734595591255785,-0.8847075190368768,0.0031889179275150004,0.003438094098855464,0.025259142890952668,0.025216658057038675,0.02381527981714075,0.023847642420785947,0.003557463813496001,0.0033713346753981685,0.003295938587026342,0.0033736866725630017
2024-05-30,0.0027102923,0.025475936,0.001698658,0.06827339524333564,0.023391759,0.0028293394,0.0033119319,2.997259519115203,1.7320155149462537,0.17196628459408753,-0.6274375938237353,0.003090177722342156,0.0033893553928891363,0.02530386719748141,0.025234021125941093,0.02372790770008923,0.023817113273432895,0.003407252120737681,0.0033350388702054782,0.003299237989614309,0.0033695511371132805
2024-05-31,0.0029581182,0.025649747,0.002283608,0.06478292031890454,0.023229536,0.002693059,0.0038866247,3.330465527475116,1.8961171558386054,-0.022768988214353764,-0.42956696924700155,0.0030629339158648712,0.0033604767292861404,0.02537522199404443,0.025261861036027188,0.023625093812229516,0.023777764959029973,0.0032599144396753205,0.003292047393640192,0.0034204155600518803,0.003404178007113152
2024-06-03,0.003513326,0.024541821,0.0016402772,0.04672455052927538,0.022896202,0.0032619108,0.0035665059,3.1720919271077563,2.1348233088371567,2.160755197524369,3.176685845458926,0.003155849552945049,0.003370712583478888,0.025203291875569665,0.02521364213099245,0.02347472387274645,0.023718729343717368,0.003260326277746881,0.0032900292328683915,0.003450553910663795,0.0034150486173482753
2024-06-04,0.003576612,0.02444382,0.0017287118,0.10040375648752764,0.023171391,0.0039565885,0.0037910612,2.9290174180593174,1.6505160379834685,1.0884396939602066,-0.9835763117680321,0.003242652645089139,0.0033845010581446695,0.02504661325163963,0.02516208945379378,0.023412146530399035,0.02368207575486363,0.003403964797828879,0.003334666709658126,0.003520800391542209,0.003440229057162247
2024-06-05,0.0031603195,0.02536512,0.0010302026,0.1334998170546995,0.023853336,0.0029925816,0.0037390385,3.086428741925514,2.1016467068924607,0.7279214340918224,-0.463555825084666,0.0032256673654908123,0.0033694882914426677,0.025112320985031134,0.025175685788704553,0.023503163588868742,0.023693544509645514,0.003319096655569088,0.003311758291624605,0.003565822794877507,0.0034602394304648902
2024-06-06,0.0035903782,0.025386887,0.0018562832,0.055799769271195454,0.023868226,0.003130368,0.003602212,2.888115710428738,1.4455138063139215,1.2349437118241042,-0.5167363197875214,0.003300907021254599,0.00338428062860942,0.025168963741667594,0.025189829279989088,0.023578475672189906,0.023705242374001997,0.003280162024334044,0.003299611123554379,0.003573329881566473,0.0034697469128895115
2024-06-07,0.0034898908,0.025196534,0.0012046068,0.12244464867408311,0.023848444,0.0030027556,0.0034861232,2.8586830229221016,2.0865771457604,2.019313880754066,-0.42812205052603636,0.0033398942824868117,0.0033913530281488133,0.025174651399288213,0.02519027825160305,0.023634170042306196,0.023714832173462843,0.0032229332201077383,0.003279731595638828,0.0035553391826005534,0.0034708435817604106
2024-06-10,0.00363263,0.024964085,0.0019288667,0.06564767321711229,0.0237255,0.002738952,0.0037754485,2.9636213398026165,1.470662328136238,2.2953218580849795,1.1015273477549434,0.003400285504707371,0.003407510624409026,0.025131211630669226,0.025175130756080646,0.02365301143268701,0.023715546588013982,0.0031230881362221637,0.0032435171997441956,0.0036007476269203213,0.003491242064467145
2024-06-11,0.0033904475,0.025823282,0.0019398726,0.08180473775382935,0.023899835,0.0041932375,0.0031570783,2.8867359501310754,1.444253299886106,0.8147901346753953,-1.0475531442801214,0.0033982559232039245,0.003406367955965015,0.02527398539991664,0.025218535511134923,0.023703930922912207,0.023727887805077983,0.003343859390601065,0.0033071171282694762,0.003509218875766307,0.003468864116053562
2024-06-12,0.003279202,0.024162777,0.0012964165,0.09578269390614147,0.023644013,0.0031948555,0.0033889133,3.110260767127858,1.4168508598269525,0.5626657029379268,-0.6098569418022615,0.003373695144801097,0.003397852026905608,0.025044743643673126,0.025147834506462217,0.023691569955080344,0.023722270982418383,0.0033131199717260276,0.0032995993046062095,0.0034843999087323402,0.0034635100523139188
2024-06-13,0.003704011,0.02528492,0.0010814788,0.12285328901526038,0.024170592,0.0025725171,0.0031747655,2.625826429256794,1.1605742267303243,0.07458335588281965,0.025698017138316574,0.003441839126750998,0.003418354575748,0.02509429187650373,0.025157014704353182,0.02379039203913151,0.0237522937284089,0.0031603339978211907,0.003250908787374155,0.0034205224933152836,0.0034441736935138536
2024-06-14,0.003789159,0.025135556,0.0012684684,0.07700110411064276,0.024113966,0.0036556015,0.0033749002,2.6967838013785683,1.5171395517026196,-0.07505837720204722,-0.2849245219235776,0.0035134910346695356,0.00344318623900918,0.025102804692144737,0.025155577694915304,0.02385714520843629,0.023776513848665245,0.0032625074283154595,0.0032780098494052234,0.003411110638860728,0.00343953465510161
2024-06-17,0.00370057,0.025047546,0.0016037241,0.05109073101038886,0.023836585,0.003257194,0.0032298914,2.589864512480311,1.1647886227794937,0.5838808658407847,0.9972344025410647,0.0035520853207376747,0.003460422457536441,0.025091404905133435,0.02514834315240404,0.023852903599097062,0.023780536618009433,0.0032614112849354737,0.0032766158788146327,0.003373725208438091,0.0034254954745133745
2024-06-18,0.0028810382,0.024660164,0.001764127,0.08101759027074995,0.024670301,0.0017748671,0.0035043573,2.755111458488216,1.282905360558278,-0.5725347169474018,-1.0355914184603665,0.0034136486600133335,0.0034216228294359167,0.025002440234387597,0.02511565128781019,0.02402153225404719,0.023840121477259633,0.0029547379943131637,0.0031760482533071187,0.0034006745403610634,0.0034307766150949537
2024-06-20,0.0026791836,0.025090978,0.0016185112,0.09512495546400435,0.024065794,0.0031407468,0.0038267365,2.859039252031076,1.2871492315982573,3.1844685025324817,0.9577913217896302,0.003262128907236414,0.0033719038961795285,0.025020705435936985,0.025113998961371498,0.02403066351626687,0.023855234119341845,0.0029931115231267478,0.0031736842238432005,0.003488570892869232,0.003457292862220033
2024-06-21,0.0030283695,0.02620812,0.0012164324,0.06057341978804209,0.023439156,0.0018442001,0.003078982,2.5860524831130203,1.2062826708952146,0.5766793760723435,-1.0228326279294238,0.0032139044662687125,0.0033488984259446965,0.025265668325963928,0.025187268938525034,0.023908635804408843,0.023827370605139134,0.002756091695235569,0.003084652647449283,0.0034040729199490316,0.0034319585155864122
2024-06-24,0.0033879688,0.025246756,0.0013017014,0.051099228842794275,0.023767706,0.004579157,0.0036776008,2.8845354022449166,1.5850728155138696,1.8079850736121414,0.3679322092328231,0.003249813837354292,0.003351514848960744,0.025261766754282093,0.02519125261920763,0.023879562061281827,0.023823375045474885,0.0031321891299236405,0.003184735139962587,0.0034605015698671686,0.003448408441972572
2024-06-25,0.003485479,0.025285235,0.0008730707,0.05040384612579751,0.02393858,0.0032743008,0.003754618,2.7984390728420414,1.8253541918249014,0.10975005815795301,-1.1908193363646271,0.00329843142127865,0.0033604860224717317,0.02526660817394353,0.025197546316320634,0.023891737324715605,0.02383108994213953,0.003161506699759935,0.0031907330865641862,0.0035211776578081026,0.0034689143875366655
2024-06-26,0.0030586992,0.025207287,0.001044635,0.06813340416532554,0.023802573,0.003021462,0.0041705077,2.757484407898031,2.1676880710469457,1.2397811732355706,-0.6710508733875797,0.0032489747885726754,0.003340276261273545,0.02525437018519622,0.025198198600717533,0.02387334274281491,0.023829180238546528,0.003132615528991987,0.0031793975008542258,0.0036551340953667522,0.0035158979900357834
2024-06-27,0.0027938113,0.02616322,0.0010175102,0.13292931095827798,0.024029875,0.0026812362,0.0035585887,3.0243699780603444,1.8072393434492122,0.999033728776273,-0.36910469086820735,0.00315507479237811,0.003303681135019178,0.025441865507620346,0.02526282322409083,0.02390563530106882,0.023842620177998597,0.003039496220837263,0.0031460371320493345,0.0036352168269331692,0.003518756857823874
2024-06-28,0.0029313122,0.026323663,0.000119933466,0.20405488940430017,0.023086088,0.0038109303,0.0036491042,2.571408915804094,1.8269906418111546,0.15452248624270354,-0.7597026545063132,0.0031089126856634172,0.0032787447008760795,0.025623779881092386,0.025333864495083357,0.023736563078172145,0.023791957466379316,0.003198642665326182,0.003190563038363619,0.0036380817751483743,0.0035274858262924714
2024-07-01,0.0037751554,0.025320657,0.0017576006,0.04937300282981116,0.023786796,0.0033693786,0.0033753496,2.5992103695616,1.6420515180113084,0.24335016853296879,1.966659506626566,0.0032463582081433723,0.0033119878406724147,0.025561245707148884,0.025332980001701765,0.023746926156521818,0.023791611835620424,0.0032338654038960284,0.0032025377832326897,0.0035838802586642634,0.003517297716084706
2024-07-02,0.0026620436,0.025531437,0.0022582584,0.18730368149804688,0.024428966,0.0027181446,0.003104815,2.7123509869725244,2.1937676856294677,-0.7619179811903186,-0.31235065982439997,0.003125814402095684,0.0032684630160489205,0.025555096237703506,0.02534627008979364,0.02388763051925749,0.023834293505453408,0.0031274724654935223,0.0031700994182932763,0.003485049353300056,0.0034896749843367865
2024-07-03,0.0030221357,0.025457118,0.0016251586,0.08853436095277312,0.023613207,0.0037897239,0.0034197553,2.42540759148938,2.407223754057468,-0.5125790555998716,-0.1075700303544955,0.0031044255405992837,0.003251967212659366,0.02553488331825906,0.025353693223082233,0.023831017100286477,0.023819488006398774,0.0032640945779458036,0.0032115938129080638,0.0034715792160986917,0.003484992669533823
2024-07-05,0.0032659122,0.024310678,0.0015888589,0.08796918707318646,0.023709543,0.0025687858,0.003322799,2.357944836650191,1.4906817092236324,0.290678832866021,1.7824573648691633,0.0031377401491421053,0.003252901065331877,0.025282330455276954,0.025283845630126492,0.023805957067468707,0.02381212532152863,0.003120652742708298,0.0031685468832451575,0.0034408859340356594,0.0034741310441293344
2024-07-08,0.0035587563,0.025026575,0.0016462493,0.07121317279922923,0.024165167,0.0035805744,0.0035855398,2.326324689540796,1.4188377411203323,0.552178032436132,1.9444208119895747,0.003224595563317989,0.0032733832766220204,0.025229568183855886,0.02526661696763886,0.023880061793112427,0.02383576743592337,0.003215534341150824,0.003196139134243578,0.0034707279418762687,0.0034815917524277404
2024-07-09,0.0040057013,0.025337636,0.0010668543,0.1080463432778691,0.024217319,0.0005800262,0.0027082297,2.629215890649089,2.418158160676895,-0.9368130311445454,-0.20547615268229275,0.0033857372620534846,0.0033224244226276755,0.025251862614609162,0.02527137293130775,0.02394963772457885,0.023861318785564807,0.0026718303949933102,0.0030209458763026595,0.003313424956044741,0.00342980200944936
2024-07-10,0.0033813477,0.025754351,0.0019772653,0.1084941283486367,0.023762526,0.0021070873,0.0031640127,2.434814436323502,2.212307918421664,-0.7231216338143136,0.5232415262187495,0.0033848317078982245,0.0033263703415491288,0.025355525739052375,0.025303716539030182,0.023911036672277917,0.023854702927628656,0.0025553241894614434,0.0029597475006138416,0.0032826012828186873,0.003412002893412799
2024-07-11,0.0040862667,0.025589462,0.0011464003,0.13664378942553113,0.02367919,0.002734979,0.0034875576,2.4885209712360425,1.361995646095857,-0.6408168190784627,-0.005442642204609573,0.003529537385547223,0.003377258329923319,0.025403786742903993,0.025322852082489657,0.02386320669865079,0.023842949310665974,0.0025923868650762983,0.002944695420914018,0.0033248836711788693,0.003417062568662239
2024-07-12,0.003824275,0.024790904,0.0014185198,0.12230700206676637,0.023887,0.002926713,0.0035277654,2.3781251265224146,2.1025267003361154,-0.40165633913761933,0.6137379997310628,0.0035903415976959972,0.003407193698179779,0.025277349263269258,0.025287229080837897,0.023868115061700966,0.023845899194308906,0.002661358189123967,0.00294349119790889,0.003366738064115319,0.003424476005778521
2024-07-15,0.003112565,0.025023106,0.0016352613,0.04321036155660252,0.023622349,0.0030132837,0.003511852,2.288063369714281,1.3299600750029017,0.6548224444642475,4.159255106513451,0.0034917765425777287,0.003387463297500206,0.025224899111964832,0.02526954158076763,0.023817413632762127,0.02383092870016667,0.0027339602395489195,0.0029481649938435618,0.0033966749693018425,0.0034303273071080334
2024-07-16,0.0039011785,0.025280654,0.0018827703,0.11880448866204618,0.023134192,0.0036915962,0.0034806249,2.4915296161004545,2.278595744995245,-0.904771929053613,0.2817838566609483,0.0035762359475314145,0.0034218652666698794,0.02523640140482941,0.025270285775062303,0.023676465462500275,0.023784270357928006,0.002931520036936545,0.002997950358512641,0.0034139937903178855,0.0034336955846415974
2024-07-17,0.0026890195,0.025614064,0.0015136175,0.14991354821818514,0.023127262,0.0028289657,0.0028704244,2.4487399904271303,1.2808708288099375,-0.7178389725326552,-0.0610654299394215,0.0033932036701549407,0.003372788780960986,0.025314313038107692,0.025293307586871372,0.023563164984066052,0.02374027244347583,0.002910363123338858,0.0029866339589142946,0.0033018557146719295,0.0033959749996432275
2024-07-18,0.0027684767,0.02504198,0.0024912457,0.15675824210973888,0.023700947,0.00259528,0.003018148,2.482819542535838,1.5943793759311473,-0.31064000751356863,-0.07391180082515915,0.0032643228302727417,0.003332319810494636,0.025258131013583138,0.025276476975028713,0.023591589329510887,0.02373763893228379,0.0028453616539816113,0.00296042615933954,0.0032433269645469375,0.003370673056470122
2024-07-19,0.004049947,0.024712225,0.0014871754,0.1417410719993456,0.024610462,0.0033081998,0.0038332536,2.33841067047472,1.5654211289884503,0.15398199482393565,0.8680525786654151,0.003426396687318829,0.003380377157884661,0.025145510977231486,0.025238690736519295,0.023801782156861392,0.023796089259758457,0.002940844922478934,0.002983715520462234,0.003365028526388659,0.003401650693993707
2024-07-22,0.00380048,0.02554068,0.0012867573,0.043721020659360454,0.02417273,0.0030208852,0.0037447563,2.5319503165763133,1.7375973102749278,0.10522623350231378,3.2043819205477746,0.0035035698631160303,0.003408510183648499,0.02522703407548788,0.025258914033538596,0.023878308655251316,0.02382131181321355,0.002957357182956473,0.002986204660539591,0.0034433661740396445,0.0034246274525097714
2024-07-23,0.0038937633,0.025485039,0.0014087466,0.09241993964893858,0.024016721,0.003275456,0.0030507424,2.653173297656854,1.9178602335051018,-0.7266985644795946,1.1613639244574385,0.003584066562379082,0.003441006132701162,0.02528026030564436,0.025274056929830088,0.02390686308509133,0.02383439779353922,0.0030229807824091394,0.0030055749512084367,0.00336236810382151,0.0033995894915830552
2024-07-24,0.0043227025,0.024920726,0.0013493734,0.1141279180224587,0.024160868,0.004538781,0.0033083742,2.6083758317257777,1.2395317038988927,-0.6835910070292608,0.12696018429888967,0.003736446774147662,0.0035000507028527046,0.025206088607723068,0.025250395427518925,0.02395926407402925,0.023856260496947158,0.0033356895719947807,0.0031082491742975317,0.0033512291902506844,0.003393481076505465
2024-07-25,0.0034282298,0.024847087,0.00198823,0.10356826260216434,0.02337332,0.0032493751,0.0035248115,2.5763055740929013,1.5640163063619987,-0.5277573963508241,-0.18681646490382214,0.0036728617805420736,0.00349524107380543,0.025132026665649496,0.02522338703642905,0.023838384263903584,0.023823919463393278,0.003317882952056331,0.0031176999586805016,0.0033870391238274835,0.003402275880261829
2024-07-26,0.0037905925,0.025564514,0.0018140739,0.11382854043868973,0.023492785,0.0035779201,0.00305892,2.563330739219223,1.2582854546144446,-0.4451191935466044,0.10278698744322594,0.0036971495746894517,0.0035150198780701516,0.025221248595988288,0.02524623129541917,0.023767087352750016,0.023801744390410315,0.0033715284876820574,0.0031485195276293723,0.003319348303823603,0.003379282358492494
2024-07-29,0.0038162398,0.025312224,0.0011850097,0.037863523503686936,0.023260994,0.0037073018,0.0038488894,2.932420823430576,1.371880211748185,0.4612934374796542,1.7105282498623862,0.0037217178190617375,0.0035351916730311716,0.025240016857127873,0.025250650656414637,0.02366268053614054,0.02376553194660501,0.0034407983460069467,0.0031859395049887267,0.0034285923486831378,0.0034107305356731272
2024-07-30,0.004232004,0.0246309,0.001659667,0.16844548272685556,0.023479944,0.0037467629,0.003797545,2.697487721289588,1.1506938507055378,-1.145429787841937,-0.6658433019778376,0.0038269895524874063,0.003581855097920742,0.02511435646734458,0.025209147840596836,0.023624982104452914,0.02374640698253063,0.0035039186667336648,0.003223496168136466,0.0035047071067561292,0.003436634349726641
2024-07-31,0.0039878385,0.024402177,0.0014550618,0.10171915932912257,0.023983376,0.0028143462,0.0033918673,2.6724577734030954,1.8228159336308403,-0.6471602065434923,-0.7077119076100875,0.0038601726086742363,0.003609042592791228,0.024967434209843254,0.0251551074148936,0.023698918597360764,0.023762276095469874,0.0033616602349004704,0.003196096620494161,0.003481428307928303,0.003433636432366135
2024-08-01,0.0037340184,0.02469614,0.0012083319,0.07075841841317931,0.023875885,0.0037772232,0.00335389,2.8930605940701666,2.5594304162815233,-0.02458696314596598,-0.01873135819846067,0.0038341470660709955,0.0036174118501232236,0.024911466278398263,0.02512437171460521,0.023735426613676336,0.023769884124637288,0.0034473906505600197,0.003235012927289425,0.003455117228599961,0.0034282960544695235
2024-08-02,0.0038731724,0.026230535,0.0014357636,0.17637100620860402,0.02360721,0.0039910567,0.0038260343,2.9466395742086977,1.390424942752407,-0.43471533183813443,-0.31860397601434254,0.0038421979820317956,0.0036345393723092754,0.025183589366674454,0.025198448129803125,0.023708975454428984,0.023758990279942296,0.003559548670456572,0.003285642916968588,0.0035316372161170425,0.0034549313919324002
2024-08-05,0.004200319,0.025301743,0.0015729811,0.09542082286792286,0.023573458,0.002943119,0.003508281,3.4555788702924612,1.607620427330763,1.3547383579105265,1.1605167221243373,0.003916078124235611,0.0036724279299218936,0.02520796446071847,0.02520536549825747,0.02368101831503356,0.02374656575122187,0.003432379560723067,0.0032627051172104435,0.0035268188333232825,0.0034585040530898774
2024-08-06,0.0043518506,0.025719116,0.0006418925,0.13879357323413888,0.024745857,0.0036431053,0.0038533485,2.683098336751488,1.0377789421970582,1.308489496105678,-0.5738647916687084,0.004005977756580534,0.0037179268335555153,0.025313414653448184,0.025239769799680834,0.02390069404643066,0.023813485319710875,0.0034758521641631446,0.0032881793776092755,0.0035941817420119004,0.0034849456078196324
2024-08-07,0.0032540432,0.025522152,0.001415339,0.24282363378700778,0.024204955,0.0018964823,0.0028600146,2.7931009279141565,1.1535628229436734,1.7625103579173087,-0.20888139915165083,0.003850854047118509,0.00368686193241143,0.025356477050393962,0.025258680088329537,0.02396346281899049,0.023839700839952984,0.0031500289940259137,0.0031949815883217524,0.003442723438461444,0.003443095845031366
2024-08-08,0.001918341,0.024469066,,0.37208190970787347,0.023540437,0.0023338234,0.0030370604,2.8612904655291955,1.240441555457208,-0.3721299273385295,-0.7612188982354898,0.0034521776288101284,0.003568429378383972,0.02517340470230385,0.025205802022534352,0.023876192860738533,0.02381966005068513,0.002981646200757002,0.003137312397866511,0.0033590353624851897,0.0034159048644823125
2024-08-09,0.0022656124,0.025729552,0.00044898625,0.16655147234481105,0.02421384,0.0020577237,0.0029180574,2.6692902242663754,1.54628150486797,-0.7281780441112659,-0.8436586338115761,0.003207389838371897,0.003481183620218625,0.025288137579006324,0.025240875985771537,0.02394584914816789,0.02384605705730529,0.0027910414750257208,0.0030650155724666985,0.0032680618359277416,0.003382565507542484
2024-08-12,0.003795169,0.02478549,0.001546465,0.06871142644213912,0.023638343,0.002089786,0.0034737517,2.7323305895856946,1.8177767927792354,0.20268957911085622,0.47794804780745487,0.0033286483828478272,0.003502210285892087,0.02518444179360553,0.025210380195924764,0.023882410882007783,0.023832147097637247,0.0026463728621620667,0.0029997073728299938,0.0033104955492936554,0.0033886719749076574
2024-08-13,0.00272487,0.025116628,0.0010037962,0.15007546246657977,0.023399238,0.0029779575,0.0034243602,2.8030288577641627,1.5638886455936098,-1.263654384388263,-1.0514703127954943,0.0032040892423385193,0.003450154139624961,0.025170451851060455,0.025204101894231144,0.02378273247638304,0.023803156439851127,0.0027147785951113015,0.002998250847799192,0.003333985763542369,0.00339106190750791
2024-08-14,0.0039076866,0.025296262,0.0014712317,0.09216030844154999,0.023661412,0.004384819,0.0036184096,2.784435207653273,2.4452436801839412,-1.0580895823496845,-0.7323862578053817,0.003349240999937297,0.003480793717432014,0.02519640632249655,0.02521027354961386,0.023757704187535256,0.02379366425874967,0.0030593070424322338,0.0030911051658035343,0.0033926622564190365,0.00340628670398397
2024-08-15,0.0033344664,0.02454203,0.0012577354,0.13004606807901742,0.023636684,0.0028522282,0.0033157775,2.570107652832072,1.9454804677944306,-0.7961554277704099,-0.6492014276520395,0.0033461930011315973,0.0034709946125815235,0.025061408820431945,0.025165523274624988,0.023732737749713725,0.023783151748491747,0.0030165867938569168,0.0030751082925118494,0.0033768009752934603,0.003400225574550486
2024-08-16,0.0030563783,0.02402384,0.001894321,0.15803733333439707,0.024387334,0.0025680882,0.0032668523,2.706157684768712,1.3554120003292736,-1.3061349076417152,-0.4689206560713373,0.0032864043882814436,0.003443229000920453,0.024847358960582135,0.02508906817476421,0.0238677805173778,0.02382361199577819,0.002924061777905185,0.003041154676301254,0.0033541186315291975,0.0033912939686291553
2024-08-19,0.003439117,0.025056638,0.0016564789,0.09329594728266832,0.023735488,0.004181829,0.0035180992,2.7089125450373026,1.5977023558384118,0.012753431467942064,0.7628864126733889,0.003317908917731547,0.0034429536318633155,0.024890533079941594,0.02508689641116211,0.023840488606302234,0.023817710584265073,0.0031835384561934715,0.0031175422110340523,0.0033879477361652664,0.0033997857355055018
2024-08-20,0.0030875504,0.024582284,0.0019328459,0.14473263047087148,0.024321007,0.002852128,0.0038352858,2.711213649730108,1.0766869921030031,-0.9792378357953524,-0.7889608104604617,0.003270386077036602,0.003419153340740294,0.02482694136845607,0.02505310399884861,0.023939619217924403,0.02385141481354622,0.003115168630149212,0.003099768207770877,0.003480233339511944,0.003428949870734597
2024-08-21,0.0042850967,0.024962736,0.00196923,0.11384574074902121,0.02325833,0.0049472237,0.0033227578,2.3247301789816417,1.362404252387726,-0.740255493270149,-0.24018443453131244,0.003479720335864686,0.003477142974097502,0.024854955790102457,0.02504705234397135,0.02379906967259664,0.02381169771793834,0.003493120627547862,0.003223486775393397,0.0034477462145281294,0.003421838504132609
2024-08-22,0.00399902,0.02554914,0.0015562727,0.15346673862053406,0.023242727,0.0029766685,0.003274142,2.3294265744699865,2.0076276699788225,-1.0800933542005002,-0.22097118757913722,0.0035868515778582286,0.0035120915154984132,0.024998165591885713,0.025080675640729397,0.023684296455783262,0.023773595445833785,0.0033865768320753896,0.0032069580960620006,0.00341193176539211,0.0034119477140144945
2024-08-23,0.0040989863,0.025339372,0.0018375225,0.08674622821784139,0.023782834,0.0035192515,0.0031947268,2.4922118630714114,1.4141088293938466,-1.0236646425438214,-0.3984126165889941,0.0036925046966058005,0.0035513941018580474,0.025068556388498326,0.025097999792551964,0.023704624784046467,0.02377421415166999,0.0034139475415330737,0.003227871449544486,0.003367122489242522,0.0033974010772680986
2024-08-26,0.0034827797,0.024677478,0.0017720378,0.05805302164738424,0.02416488,0.0030785992,0.0035220732,2.8209241019454243,1.1996946342602155,0.9972126459265449,1.6749171810467316,0.0036492385444086817,0.0035467992020209115,0.02498787707664823,0.02506983869117782,0.023799575130002987,0.023800375854388392,0.0033447653607549836,0.003217875135393698,0.003399088729373678,0.0034057499931212393
2024-08-27,0.002911379,0.02524289,0.0015454422,0.08093853756315561,0.024037026,0.003768497,0.0034048078,2.657896554975383,1.1559219395701583,-0.5399248714646644,-1.1104904060201504,0.003497018528132445,0.0035042470183475377,0.025040485964191006,0.025081427372762623,0.02384856109254062,0.023816223597912516,0.003432180957279416,0.0032547486286906217,0.0034002685634228627,0.003405686894925136
2024-08-28,0.0038785285,0.024924494,0.0019364142,0.10519693990729917,0.024602735,0.0039388174,0.0035344549,2.857612150440128,1.4449224996895977,0.3556306118058512,-0.6511043794115239,0.0035757238315814494,0.0035293115284974674,0.025016556950265615,0.025070918036099593,0.024004146858601135,0.02386889394143058,0.0035366997928726993,0.0033005586691681583,0.0034279511242471515,0.0034143100998193
2024-08-29,0.0037086068,0.025457479,0.002093786,0.1349131841899418,0.02411136,0.002767863,0.0034967975,2.7590115843491647,1.2641245723240928,2.047643635436529,-0.9619192953641871,0.0036031375219277907,0.0035413183977132615,0.025107518949523126,0.025096804871438328,0.024026264937543288,0.02388513118888761,0.0033780891637860563,0.0032648856327721766,0.0034421541000007843,0.003419834035754071
2024-08-30,0.003147714,0.026007311,0.001069462,0.08085983261655161,0.023742264,0.003136908,0.0031910075,2.485089129280278,1.6843853061476137,2.3820875308403013,-0.9039665168595035,0.003509183903926148,0.003514959893558219,0.025293145662627994,0.025157778771091415,0.023967675721703455,0.02387556380979278,0.0033283336035586485,0.0032563153493366474,0.0033903426955425886,0.0034045102094773165
2024-09-03,0.0034861472,0.025081012,0.0015171353,0.04060624490413267,0.02386206,0.0034775569,0.003505608,3.1073970044511348,1.5606462721132452,2.6377018902989784,1.030195667321582,0.0035044314337901133,0.003513030390343114,0.0252493826817149,0.025152637956735217,0.023945887286761603,0.023874659510725642,0.0033591182836573137,0.0032711312317081037,0.0034141218810292673,0.0034112804305520546
2024-09-04,0.0033553115,0.025917945,0.0013392803,0.11401907705825853,0.023116726,0.002464672,0.0029449237,3.1035065957960164,2.225467048215138,-0.4294121421629854,-1.056476292454014,0.003473668062179811,0.003502468425577863,0.02538730682496729,0.025203888308753038,0.023774831837780286,0.023823902999578324,0.003174594503317696,0.003217125075198436,0.0033173265440000106,0.0033800499157309945
2024-09-05,0.0028982772,0.026583035,0.00121438,0.12840828117216108,0.023598876,0.0049605793,0.0032424105,3.138009251380286,2.4981534684429625,1.9317110409667524,-0.7071208622324281,0.0033549652401058607,0.0034620075499551257,0.025633984824714063,0.025296245606440036,0.023738532210141848,0.02380883360457747,0.003543042234067859,0.0033338789911664616,0.003301871400755625,0.003370832614913102
2024-09-06,0.003878585,0.024995511,0.0016708075,0.09125472963535686,0.023821916,0.002555714,0.0036145,2.9576489818174863,1.3660729666744462,-0.15691877610686955,-0.5027855687704006,0.0034629877341369325,0.00348990449979149,0.025502268092551933,0.02527610633613947,0.023755734331085018,0.023809709722337858,0.00333935693639643,0.0032817676088699437,0.003366366502345683,0.0033871502862090445
2024-09-09,0.004087112,0.02523117,0.0015553281,0.09089186425757234,0.023888431,0.002502243,0.0031848527,3.0081808417677056,1.884685906007964,0.9658664973991197,0.9878002632476591,0.0035917442238884464,0.003529897693663856,0.02544634060307523,0.025273097053111752,0.023783109685062757,0.02381498148358347,0.0031666607787523824,0.0032295651801036314,0.003328920291313223,0.0033736030190932124
2024-09-10,0.003342001,0.026373671,0.0014667943,0.14589229960217254,0.0236926,0.003749261,0.0035687163,2.55620177817191,1.7547264642456888,-0.6435978041892604,-0.8002694903578966,0.0035402223282477185,0.003517314814217139,0.025637648452069384,0.025346799222555474,0.023764437673155423,0.023806785990469332,0.0032868508797447857,0.0032643676485609365,0.0033783900915173755,0.0033866691749889974
2024-09-11,0.0035617824,0.02530273,0.001740253,0.18220587119508314,0.02389136,0.002906763,0.0035167509,2.5880715611724217,2.117353136329061,-0.8370505180832744,-0.5241596789710211,0.00354467016338599,0.0035202926766038766,0.025568555054863006,0.025343848072085888,0.02379062159322915,0.023812449629927634,0.0032084389490061914,0.003240419934687781,0.0034069338485517805,0.0033953803573521625
2024-09-12,0.0033471624,0.025331454,0.0019462217,0.07841138052613161,0.023025868,0.0031089885,0.003557943,2.379786675040376,1.8206124713155396,-0.8093955879573965,0.09486453274795233,0.0035039244136487696,0.0035086986592441963,0.025519641304479576,0.025343018101697496,0.023632853424202547,0.023759774642099996,0.003187922376993106,0.003231618365762377,0.0034380869654233068,0.0034062666939306614
2024-09-13,0.0036996298,0.025309263,0.0017986081,0.12548529596633418,0.023428952,0.0050343145,0.0035191004,2.714376796490111,1.566903310352573,-0.2303111335953458,-0.40520649795462454,0.0035442983319964256,0.0035214847465894743,0.025476240329091068,0.025340757609937977,0.023590788733945222,0.02373762046095055,0.003568832094298715,0.0033523395309311725,0.0034547999881521085,0.0034138228276632664
2024-09-16,0.0029279585,0.025379887,0.0012649362,0.06726966117639277,0.023647947,0.004269185,0.0036590248,2.6384567299875967,1.3125340931616112,0.664358056756359,1.4212814386006276,0.0034171477487662935,0.003481738069386897,0.02545636265718242,0.02534337797813623,0.023602580503039414,0.023731615313396338,0.003713314532504316,0.0034137379299104373,0.0034969314665620685,0.0034302432725391917
2024-09-17,0.0035548813,0.025707634,0.00059125735,0.09529407621333963,0.02379749,0.003744658,0.0037058746,2.352191371277156,1.7252787107673841,-1.0779880488706226,-0.5314524575146846,0.0034455621115588486,0.003486636253905059,0.025508199837262546,0.02536777112534384,0.023642790168410577,0.023736026724182447,0.0037197806904283493,0.0034358986625845187,0.00354003631499895,0.0034487014747024646
2024-09-18,0.0034767159,0.024908708,0.0020749206,0.09576430183599172,0.023852814,0.0040228893,0.0031946213,2.977556322818337,2.2040407071851127,-0.6137026004174899,-0.6598654277936129,0.0034519891175017778,0.003485971916109309,0.02538452507082662,0.025337029068498145,0.023686117972113313,0.02374384761792879,0.003782311838164804,0.0034752076698966847,0.003468777378770216,0.00343168648538985
2024-09-19,0.0040717125,0.02557761,0.0017741672,0.0895210551188228,0.023820233,0.0033074762,0.0032943483,2.791936683696548,1.1660528013083593,-0.8960649008565899,-0.3252994979139381,0.0035798377240873636,0.003525197210339218,0.025424358464133625,0.025353140077788206,0.02371378574929875,0.02374896289166785,0.003684353490421425,0.0034639751933972086,0.003432792741473548,0.0034224893546901374
2024-09-20,0.0030876012,0.025706347,0.0017294554,0.08652674861411269,0.023644947,0.0022824618,0.0035934618,2.81051137508992,1.1803285404702673,-0.7625289735090653,-0.3712196288750809,0.0034782895795705733,0.0034958927118501847,0.025482532566870258,0.02537679329396634,0.02369958425158682,0.02374199722612873,0.003395143982369546,0.003384852779328718,0.003465938688040713,0.003433938869278822
2024-09-23,0.003114302,0.025662642,0.0012095299,0.09546995916025602,0.023614654,0.0031077473,0.0035625126,2.901801936587327,1.0760310433076616,0.06377309082590811,1.049460417510064,0.0034031991218353317,0.003470338719680232,0.025519689042476434,0.02539593572482773,0.023682063250856138,0.023733469452488744,0.003335854197111061,0.0033662958540728333,0.003485861830065786,0.0034425490656990717
2024-09-24,0.003458042,0.025227033,0.0012060606,0.1582297342074903,0.023935217,0.00243049,0.0033996014,2.5612991887460246,1.2601590582865467,-1.0229688096378386,-0.6442216655606473,0.0034145131644310956,0.003469515240499897,0.0254593141727044,0.025384624787960705,0.02373428882079971,0.023746979909688666,0.0031490780364159024,0.003303627734536962,0.0034680663567634128,0.0034396729916193838
2024-09-25,0.0033678187,0.024840057,0.0018122699,0.11503872061769194,0.023992848,0.0024268383,0.0036501708,2.7191523497217385,1.261733777775473,-0.9278958668465191,-0.6904851501759375,0.0034048801125566006,0.003462704924677398,0.02533156172228303,0.025348156705345033,0.023787629371522373,0.023763444936818173,0.0030000803523789607,0.003244911767008529,0.0035056343974930767,0.003453769396847684
2024-09-26,0.003537974,0.024995545,0.0010185867,0.09592075053538562,0.02380846,0.002404047,0.0031700877,2.7535725597225675,2.241105442728721,-0.5442239158994456,-0.5835998808718229,0.0034323373295865314,0.003467745475342592,0.025262241633811543,0.025324543349288686,0.023791926860047052,0.023766459506648966,0.0028771189736130146,0.0031886015652502872,0.003436411290438894,0.003434772082301559
2024-09-27,0.0029250723,0.025490133,0.0016803493,0.09925642206054364,0.023469068,0.0037383407,0.0032981972,2.582607461791663,1.2496427914622132,-0.6806340073626006,-0.3868670638243289,0.003327688827187636,0.003431404278291415,0.0253092555217288,0.02533563239897735,0.02372532126972868,0.02374654409447197,0.0030547885604814695,0.0032254159497942334,0.0034078977910077394,0.0034256260692912552
2024-09-30,0.0030954736,0.02553274,0.0020794293,0.05342076964373821,0.023773987,0.002698166,0.0033833908,2.854635622205444,2.119002199670782,0.32305996554865857,1.057574613353526,0.003279782953838057,0.0034089080076231955,0.025355360094630235,0.025348832054264078,0.023735360952559164,0.023748381853459767,0.0029812175268402337,0.0031901076021667763,0.003402842019550341,0.003422797702218701
2024-10-01,0.0036567661,0.025759408,0.0017196889,0.08810282858837148,0.024965625,0.0023071235,0.0026864016,3.00941292787728,1.2929255816401013,-0.9136248631624994,-0.6463777228308598,0.00335755438779658,0.0034255063255770324,0.025438715016653173,0.02537632711386892,0.023989163831321433,0.023829897002719532,0.0028421522846104924,0.003130976798630756,0.003255040737068593,0.0033734834579609027
2024-10-02,0.0021941662,0.025008751,0.0011269626,0.1214227575942527,0.024136037,0.002821216,0.003433102,3.134642657575641,1.6662976551042297,-0.9855656649082923,0.061958013452990846,0.0031175480131680504,0.0033430471598595948,0.025350013682560315,0.02535171164646046,0.02401946361335311,0.023850398258028222,0.002837833118254868,0.003110233037513687,0.0032917746908961176,0.0033774759362729216
2024-10-03,0.003998994,0.025815,0.0007940015,0.1280788677682292,0.023472907,0.0017620703,0.0032518138,2.741091542120851,2.4232223922000005,-0.5763847892516509,-0.41392579175758915,0.0032993898351590216,0.003386973950486626,0.025445940271560046,0.025382736732285374,0.02390670927596313,0.02382511879920635,0.0026159038237250688,0.0030199506149959903,0.003283530783788837,0.0033690607201195865
2024-10-04,0.0038834573,0.025027806,0.0013739208,0.10402400850213156,0.024413487,0.0033717856,0.003172718,2.716493789120792,1.811682399836073,-0.38800185380668084,-0.6528827447169877,0.0034198826411944694,0.0034202219536130824,0.025359679378750267,0.025358968078868796,0.024011257242043407,0.02386452005364774,0.002771841842298756,0.0030435119532679165,0.003260670162404674,0.0033559122347489325
2024-10-07,0.004112255,0.02509406,0.0011796441,0.038270603350234134,0.023765067,0.003435089,0.003267848,2.688753491377734,1.407937432406669,0.2773032990063637,1.0551351363912986,0.003562718659199971,0.003466565324983333,0.02530488228751235,0.02534122799252914,0.02396046825004309,0.023857859955959803,0.0029086693862131244,0.0030697346980136744,0.003262150932677342,0.0033500148319000464
2024-10-08,0.0028823304,0.02550297,0.0012290967,0.09552116580490211,0.023850784,0.0037453466,0.002805507,2.9313159832963644,1.8572409582259435,-0.8897333363317341,-0.9805466157362802,0.003422354928602054,0.003427440862869351,0.025345747769628217,0.02535205940052349,0.02393784038623978,0.02385738608064953,0.0030812754476923485,0.0031149784034898214,0.0031679455385020174,0.00331355077421772
2024-10-09,0.0046979445,0.025017358,0.0014507198,0.162737623910447,0.024105739,0.0023132407,0.0034954646,2.79423612054584,1.9216848566281106,-0.0830866277740905,-0.3955387137591904,0.003685508386917773,0.0035125226909090835,0.025278001207701316,0.02532964547328923,0.023972477750681377,0.023874017522552533,0.0029228302758071614,0.003061288425509489,0.003235512541830957,0.0033257329967249067
2024-10-10,0.003214776,0.024747765,0.0023219835,0.1029301674829326,0.024009448,0.0033199785,0.0029825533,2.7341146310685023,1.9338565684227558,-0.6923347245513518,-0.4322466619112176,0.0035883965534711285,0.003492583489107488,0.025168613693348385,0.025290678658064673,0.023980104599765243,0.02388308686599943,0.0030047617416775253,0.003078612124655488,0.0031833271889579523,0.003302751280908588
2024-10-11,0.0033367428,0.024661684,0.0015404363,0.09349685433965627,0.024288943,0.0021957161,0.0033299814,2.85185809594841,1.5958491752857624,-0.6982872671850543,-0.31289208938449037,0.0035364805068334552,0.0034821473012245823,0.025064034448579478,0.02524855679484979,0.024043817807003272,0.023910265839663828,0.0028378560589913918,0.0030194872215824962,0.0032135818655054326,0.003304574797261019
2024-10-14,0.0031262897,0.025182152,0.0015072093,0.054546156621330555,0.024117818,0.0036607445,0.0035355485,2.815105786942883,1.540385516897339,-0.1123416525105876,0.887348378087549,0.003451858358209482,0.0034583165819304217,0.02508840207175388,0.025244109875572074,0.024059084028987748,0.023924164993788362,0.0030076175160357326,0.0030624303046310293,0.0032800034041621413,0.003320042412346187
2024-10-15,0.003833891,0.024073312,0.0013895356,0.09522154751981082,0.02423189,0.004297154,0.0033113945,2.8324689262381506,1.0777654416647076,-0.7649497940979432,-1.2019844844718157,0.003530671469104039,0.003483467669969262,0.024878989536053213,0.025165705048284005,0.024094733854571983,0.023944772431380004,0.003273648219403266,0.0031451160584120125,0.003286479366800188,0.0033194632862537598
2024-10-16,0.003387655,0.025506163,0.0009745764,0.07437825241738028,0.024126222,0.0035514722,0.0033564838,2.784306529117292,1.094906086339999,0.1650029803779738,-0.9710865700148618,0.0035011672258516927,0.003477051375304001,0.025008375095075044,0.025188504499886834,0.02410122991609218,0.02395692359009495,0.003330963162791612,0.003172328514338628,0.003300921237316564,0.0033219424369636858
2024-10-17,0.0048747314,0.026381787,0.00092064595,0.16383671892649643,0.023822475,0.0039136424,0.0034989535,2.658265680260417,1.4239692248364266,-0.14099756955069004,-0.49213206669410253,0.003784532795397905,0.0035706498262855347,0.025291709230654102,0.02526841505332331,0.02404372296988539,0.02394791998527392,0.0034511695773644015,0.0032219720857812007,0.0033417751960203848,0.003333796340616429
2024-10-18,0.0043253037,0.024733193,0.0014422926,0.09556070645490278,0.024492504,0.0031499811,0.0037957798,2.625802760809018,1.350646523293159,-0.3995733688747553,-0.22565232679193623,0.0038960935516176424,0.003621186739619267,0.025176487671160173,0.025232572848194943,0.02413630627585379,0.023984389152630882,0.0033890345621499277,0.00321715106782829,0.0034354361020355315,0.0033647339892321055
2024-10-21,0.0033858893,0.025356641,0.0013893631,0.033938534166631174,0.023990752,0.0034688266,0.0037730213,2.6478595223398007,1.374805551679721,0.333754302930343,0.9647166078680637,0.0037908386919283774,0.003605429576929931,0.025213653216239768,0.025240881323795494,0.0241062785414997,0.023984815265233883,0.003405495627075787,0.0032340050284007057,0.003505079746458832,0.003392075767614903
2024-10-22,0.003413789,0.025570897,0.0014402404,0.08869667884292176,0.023683283,0.0041667046,0.003473928,2.7218974278451395,1.3194677067871152,-0.9722921668510188,-0.617908490566493,0.0037130535335007315,0.003592595979070725,0.02528735250044887,0.02526298151219118,0.024019014882392855,0.023964622583487718,0.0035625326383301415,0.003296465128675677,0.0034986531504091994,0.003397557164435885
2024-10-23,0.003962524,0.025018241,0.0017977578,0.06688944332632663,0.023834057,0.0024092945,0.0032057553,2.788723170678223,1.4749667086545184,-0.7004637483265624,-0.5768801085092183,0.0037645191119880087,0.0036173689365490173,0.02523183499236539,0.025246591989415382,0.0239808581999536,0.023955879007150446,0.0033246202129460327,0.003237053964368181,0.0034382284696447543,0.0033847127646676684
2024-10-24,0.0029448147,0.024654986,0.0015695585,0.12538335096069098,0.023470808,0.0041846153,0.003074574,2.6112487024188,1.4401464977780543,-0.8722856870213582,-0.34808485962867025,0.003595414531146534,0.003572329993959944,0.0251128314181411,0.02520697392867164,0.023875635074962792,0.023923395240892695,0.003502036753793749,0.0033005093145361828,0.0033632067544424322,0.0033639437028331735
2024-10-25,0.004138814,0.02528699,0.0017871258,0.11155170306781181,0.023806006,0.0031428556,0.003537932,2.440199962724434,1.1402573598895327,0.0005205430663481,-0.3044296686788794,0.003707517518563206,0.003610265721114967,0.025148760094787923,0.025212332317819327,0.023861270574899517,0.023915534015607403,0.0034279378698226595,0.0032899517166191422,0.0033992524693878755,0.0033755951749305704
2024-10-28,0.0033627767,0.025176806,0.0014894594,0.07939627648947012,0.023548497,0.0031533556,0.0033459286,2.5733181612822027,1.7882137913614897,0.24772391903063318,2.402175260462319,0.0036363976714114004,0.003593692122519102,0.025154546027723067,0.02520995325173162,0.023796745527617954,0.023890954637115526,0.0033712916835948116,0.003280804280598199,0.0033882517874195116,0.003373608494532096
2024-10-29,0.004413932,0.025062963,0.0022025867,0.14206796789209886,0.023924088,0.0031917135,0.0032861289,2.3612738918970084,0.9608866195445961,-1.0780910583140006,-0.6149804629364294,0.0037968026142772477,0.003648621139779317,0.02513565257288552,0.025200109778843877,0.023823016234467097,0.02389317348637722,0.0033342447939374827,0.0032748381359697493,0.003367183881969619,0.0033677502453532894
2024-10-30,0.0029231329,0.025624186,0.0012339285,0.1163207013062838,0.023796467,0.0033279203,0.0032422799,2.782978236434214,1.0966420172249272,-0.8637911977783943,-0.1831587938928738,0.0036165650017980617,0.003600037359452892,0.025236436720792486,0.025228508881378668,0.023817539164160125,0.023886697349686386,0.003332940061264281,0.0032783928920021867,0.003341416249703412,0.0033593478695695604
2024-10-31,0.0035136011,0.024194732,0.00078340113,0.22982250919270486,0.023454065,0.00267698,0.0035776433,2.374034705702276,1.5544754698738923,-0.6819540023516838,0.6345619704958052,0.003595323611867448,0.0035942489846083454,0.02502153364843335,0.025159279956866135,0.023742554532809074,0.023857725222201785,0.003197615867166521,0.003238118076758088,0.003390149767356734,0.0033739664619704783
2024-11-01,0.0034818721,0.025652992,0.0031239316,0.15222301170749786,0.023706313,0.0027106584,0.00356812,2.516224641835009,1.4818296300889482,-0.20375825316881224,0.07056010105514525,0.003571918634328475,0.0035867234439697564,0.025151803093310797,0.02519234234917161,0.023735077969584933,0.023847585613546152,0.003097156789241958,0.0032027956773354785,0.0034268649467573413,0.0033869683481445425
2024-11-04,0.002899025,0.025541175,0.0011920243,0.10233118736975455,0.02384433,0.003364246,0.003713223,2.2473022580034008,1.548621875361855,0.6004802940417876,2.564362937738306,0.003433101052378392,0.0035406703432303514,0.025232130345211656,0.025215702638754424,0.023757616531782474,0.023847367570756162,0.00315225717475804,0.00321360752954319,0.003485940445817859,0.0034088166407543166
2024-11-05,0.0026267918,0.025322638,0.0012468504,0.13473691615584504,0.023760334,0.004157898,0.0036293222,2.150376893709154,1.3698550165688557,-0.43390479723425823,0.24888870462222545,0.003266759883751454,0.0034794706330498505,0.025250802120047218,0.025222863810268614,0.023758177073340297,0.023841539169934794,0.0033597203514116854,0.003276843838559803,0.003515520018812956,0.003423583235979663
2024-11-06,0.0032426666,0.025358139,0.0014383211,0.28206843431288686,0.023498438,0.0026609937,0.0036181728,2.321016809944563,1.5956409193266743,-0.14908805334520148,1.2385058471811645,0.0032617894520423395,0.003463612575382702,0.025272945580632148,0.025231922758656017,0.023704593100750935,0.023818562730987234,0.0032155734147619325,0.003235602198422891,0.0035366972409138437,0.0034366143193415182
2024-11-07,0.0031217446,0.024617512,0.0007420525,0.2668355751640358,0.023472002,0.0024781176,0.0038094535,3.009062125683033,1.4007179532198746,-0.002138411022558835,5.029543309109211,0.0032328982744822695,0.0034407187003516132,0.025137729932117617,0.025190777493386197,0.023656609632814622,0.023795354580588235,0.003063436665778198,0.003184875720166734,0.0035929667041809847,0.003461582240818805
2024-11-08,0.004549342,0.02360438,0.0011789948,0.24902657099046255,0.023477707,0.0030533657,0.003333475,2.6147747541560644,1.2009143635516337,-0.5727573528391653,2.412983142038381,0.003504479965458069,0.0035149599001447207,0.02482140064080165,0.025084541196800998,0.02361970212576974,0.023774082676267568,0.003061359039278145,0.0031760688902738635,0.003539433696955831,0.003453003280469831
2024-11-11,0.0035710551,0.024990547,0.0014601403,0.06410864511055259,0.023420071,0.002550306,0.0032536774,2.7548847247325345,1.6826614823737474,0.5137723558181919,3.2904633556016214,0.0035182143870987116,0.003518716429946365,0.024856295538239977,0.02507824671665612,0.023578518376838685,0.02375037558870501,0.002955929072575233,0.0031341634236130922,0.003480482322009053,0.003439655022159818
2024-11-12,0.0033109493,0.024608247,0.0013454371,0.08585778438807024,0.023785695,-0.000802787,0.0037313148,2.465076993389351,1.6538351082182992,-0.8613339313821515,-0.11084609748300252,0.003475455710463352,0.00350480288738603,0.02480512325157741,0.02504677224045424,0.02362125889468014,0.023752740853058125,0.0021805079195363077,0.002870517629882743,0.0035322289285035957,0.0034591866043926518
2024-11-13,0.003959678,0.024716385,0.0010577718,0.08558265275217725,0.023871563,0.0012495122,0.0037930666,2.5733499603071706,1.355238808985737,0.10819761039856766,0.24177254227678555,0.0035753505375083878,0.0035352645205002585,0.024786816536894286,0.025024647175831267,0.02367289657731317,0.02376069804189037,0.0019884439906060207,0.002761963744995918,0.0035860396030064886,0.0034815455489067893
2024-11-14,0.0029116548,0.025023526,0.0011345508,0.1749421284657111,0.02374796,0.0028817314,0.003186751,2.3694630174001805,1.0757517534551098,-0.04139951576369163,1.0631455506938072,0.003438430449073521,0.0034935032408363723,0.024835649488139377,0.02502457206596489,0.023688382143703807,0.023759845020398882,0.00217272870760002,0.002769984224708989,0.0035036665585912435,0.0034618040347801316
2024-11-15,0.003408219,0.024757897,0.001396725,0.0959011866617574,0.024033744,0.0033425614,0.0027849108,2.29926319233411,1.1385651569330333,-0.26818533927625765,0.23794543082528588,0.003432197836170633,0.003487792008135,0.024819609290029333,0.025006713666798214,0.023759630089926154,0.02377818720819294,0.0024140645816342395,0.00280832800684491,0.0033553876328569613,0.0034164745227872693
2024-11-18,0.0025184397,0.025121829,0.001806911,0.06751870717050779,0.024166295,0.003018206,0.0036583655,2.374042944808665,0.9087693341228992,0.3453261332207027,1.975304165890813,0.0032436900061705008,0.0034228773815977104,0.024881956962574996,0.025014422565563816,0.023843524909874677,0.023804177646389382,0.002538698635467894,0.0028223829072128483,0.0034178917988740365,0.0034326732351095744
2024-11-19,0.0030467145,0.025496053,0.0020725213,0.054524365947834164,0.024003787,0.0022279173,0.0034364408,2.4657825910292304,2.0249045021867684,0.41136672019917875,-0.24561916035055453,0.0032030540562370357,0.003397686876574439,0.025008644565051547,0.025046675886688893,0.02387658688780026,0.023817544885398785,0.0024745846122275774,0.0027825733247726758,0.003421718455224025,0.003432925539988293
2024-11-20,0.00427262,0.0245667,0.0021950412,0.10322305503968876,0.023981985,0.0014408868,0.0032705585,2.7350436366314046,1.382550907693838,0.9492887496967236,-0.28570142032220935,0.003423704987812665,0.0034562785434244544,0.024917471774442552,0.025014533383097316,0.023898330401995887,0.023828556928171818,0.0022613332884721957,0.0026927245890562296,0.0033905342457122723,0.0034220523082100097
2024-11-21,0.0027539898,0.025902478,0.0015482545,0.09681080755245886,0.023982972,0.003626386,0.0031773353,2.7350920396942224,2.058347443505033,1.5439318853027229,-0.6003307281348103,0.0032855430908455196,0.0034092483652584694,0.025120678045703625,0.025073996379403836,0.02391579189988842,0.023838897637343214,0.0025429429317671377,0.002755249096413159,0.0033465514056519904,0.003405664339101693
2024-11-22,0.0031046364,0.025816336,0.0010615012,0.07616922242341062,0.024182064,0.0027714437,0.0034385414,2.902051103692853,1.9227930165200484,2.1025039687362046,-0.6307754387305202,0.0032482221450939527,0.0033888494162594915,0.025264191972326336,0.02512370866141767,0.02397072378872186,0.023861878492775164,0.002590082517462175,0.0027563335997234507,0.003365528899876125,0.003407866019716486
2024-11-25,0.0025513568,0.024993379,0.00158538,0.06700439365715616,0.023808744,0.0029268053,0.003312506,2.882638419275707,1.512468473931394,2.3501209050123237,0.7586500493249705,0.0031044591901521162,0.003332765040882448,0.025208323330298456,0.025114980851714003,0.023937307403215653,0.023858320221668693,0.002659548248214958,0.0027677495788129207,0.0033545903065083436,0.003401480045438844
2024-11-26,0.0035627745,0.024971213,0.0012152386,0.1303914917576492,0.023831666,0.0038294878,0.0031596408,3.6441247516508906,2.1542570377932355,-0.6278313834318716,-0.563546230052021,0.0031990093994033737,0.0033481680868933154,0.025159407633431594,0.025105353161612304,0.02391551353742832,0.023856535235761877,0.0029009061690344735,0.002838851013417415,0.003314372330510046,0.0033852847961535573
2024-11-27,0.0038438616,0.025156157,0.00061404315,0.1590325014466999,0.02355967,0.0025747684,0.0033076736,2.791070543216928,1.781450199951337,-0.3477953016937515,-0.3264915332927644,0.003332042075816163,0.0033813632007269117,0.02515873704829132,0.02510875534879898,0.023842103387532673,0.023836655118964295,0.002833624115330389,0.002821166189675015,0.003312990388914846,0.00338008740749306
2024-11-29,0.0034543779,0.026039038,0.0018387052,0.08886441852435034,0.023796232,0.0029140697,0.0037678105,2.6166861169145497,1.6563783952958462,1.0172643981859673,0.4617313420378649,0.0033572798867858187,0.003386252775018949,0.025340342641377394,0.02517105358516307,0.023832640230485775,0.023833948131554872,0.0028502199942639717,0.0028273876589053615,0.0034068195446064512,0.0034060520650589475
2024-12-02,0.0033950065,0.025256038,0.0015504191,0.07074736339678867,0.0240189,0.0025673085,0.0035962798,2.6543972836897436,1.367171942489791,0.9738248348030553,-0.2631862103624785,0.0033650628726660543,0.003386838987552498,0.025322950578809938,0.025176744717910704,0.023871065619710096,0.023846333836298198,0.0027918554995830886,0.0028099709349488295,0.0034459050894801065,0.003418791045394768
2024-12-03,0.0044740713,0.025373941,0.0008539654,0.1273032718072542,0.023609143,0.0034393473,0.0033554228,3.093197441104097,2.053051691586487,-0.28734463169370256,-0.309922254597326,0.003593850732060424,0.0034596476843707655,0.025333469935171424,0.025189950382248492,0.02381703106955966,0.023830449858848263,0.0029254327091248985,0.002852118384614994,0.003427238631614227,0.0034145474606027035
2024-12-04,0.0027844005,0.02532045,0.0012231362,0.2567444492457459,0.023033436,0.0021777777,0.003186542,3.395516052344162,1.742767032466966,0.023311010425798983,-0.5624139920165568,0.003426861570791101,0.003414428399112085,0.025330783897211686,0.025198689540808228,0.02365537589886631,0.023777076250985775,0.002771191874023108,0.002806959806289756,0.003377583058613549,0.003399278622023923
2024-12-05,0.0038768586,0.024549346,0.0018188884,0.10108728870694517,0.023477137,0.003014752,0.0033180655,2.874944612505685,1.9929652341587696,-0.20592617988922954,-0.5559607225874392,0.0035196957261145728,0.0034453959678755895,0.025169573756106622,0.02515520497435328,0.023618605326095384,0.023756990222571606,0.0028214381881088955,0.0028208750240559174,0.00336530462677583,0.0033938400251801075
2024-12-06,0.0031496754,0.025413034,0.0019372683,0.08733111243029545,0.024064602,0.0030886317,0.0029343131,2.530808273293109,1.6242325159060287,-0.037348368711786824,-0.7295157798587971,0.0034433607353385755,0.0034255924486607634,0.025219799576171317,0.025172471045293816,0.023710614273481045,0.023777590085195043,0.0028765600623051986,0.0028388058854432055,0.003276391311068441,0.0033630668847996065
2024-12-09,0.0033967218,0.02544889,0.0011983233,0.06537362590270723,0.023742156,0.003924365,0.0034397887,2.620208108301051,1.0607895860455896,0.8629521854768509,0.5731519066439458,0.0034337391453668088,0.0034236590669919987,0.025267060893230015,0.025190982022754896,0.023717121336372576,0.02377521717742647,0.0030927217018816,0.002911502542261622,0.0033101001078223074,0.0033682047156894696
2024-12-10,0.003760863,0.02526454,0.0016453621,0.0796743098950421,0.024176896,0.0030007935,0.0029098573,2.825245638136164,1.0696514857173323,0.20162879519113622,-0.8065962255419983,0.003501224644221813,0.003446240612024385,0.025266540976052316,0.025195908026459563,0.02381197252892886,0.02380211638098522,0.00307375696484965,0.0029174820914487595,0.003227530229994615,0.003337510561366806
2024-12-11,0.0032584306,0.02509121,0.0007013912,0.1609243147260161,0.023439636,0.0029062468,0.0030230642,3.0887090488926496,1.5002557448823413,0.871740950366446,-0.8638352007264444,0.003451136367171438,0.003433663539491322,0.025230370366348384,0.025188896738296194,0.023735159792511038,0.023777842184646136,0.0030391997078651374,0.0029167296982132713,0.003185349001666784,0.003316453031208662
2024-12-12,0.0032930982,0.025346627,0.001801893,0.09918195265636387,0.023524081,0.0030972231,0.0033511217,2.643206283038128,0.9837637901995546,0.35512868801964287,-0.674796139638197,0.003418533172974394,0.003424250298096892,0.025254354143398595,0.025199459492799784,0.02369161441764144,0.023760848579644875,0.003051169906845754,0.0029288168025801693,0.0032195478170276644,0.0033187746865857852
2024-12-13,0.004353719,0.024863858,0.0018570991,0.2039925569897253,0.023806563,0.00401289,0.0037756627,2.39266112035511,1.2189795994038688,0.23334343439007196,-0.11586463534647072,0.003611461482566482,0.003486494025282107,0.025173794948184003,0.025176985249785677,0.023715328176943273,0.0237639099139953,0.0032495722892391956,0.0030014139522868345,0.0033342740336563745,0.003349371112896617
2024-12-16,0.0031746142,0.025552662,0.0013351847,0.04499296412082621,0.023565447,0.0031975338,0.0035508282,2.825333904325657,1.3201629825643106,1.2729079030214747,0.6181707156707522,0.003521340109954251,0.0034656083637881682,0.025251955040152606,0.025202143203888045,0.02368440776029924,0.0237506194435379,0.0032388367715323004,0.003014547510247104,0.0033789490446189574,0.003362862091467234
2024-12-17,0.0041368892,0.02516593,0.0011843253,0.0928555766105239,0.02455388,0.0023593884,0.0033438904,2.9591937746767014,1.1848983740952737,-0.2629411367408677,-0.6964822598523487,0.003648327572051099,0.00351056203601617,0.025234208200147573,0.0251997181400979,0.023863779445718797,0.023804411406414785,0.003057407034265538,0.002970673464308218,0.0033717164690257304,0.003361591615456689
2024-12-18,0.004036622,0.025956212,0.0020024232,0.1774487266425171,0.023649879,0.00064316276,0.0035749348,3.1385553872093026,1.4906883088717593,0.49994474325951826,-0.37024423029971176,0.0037284325334543825,0.0035457907062417175,0.025383157124173782,0.025250378244808244,0.02381965185499788,0.023794062820047496,0.002559349709368151,0.0028148070349596007,0.0034136403013504753,0.0033758785695011933
2024-12-19,0.0038133615,0.02509151,0.0016453508,0.09612179204174409,0.02310187,0.0026652385,0.003162545,3.0071506009123894,1.1837547798734496,0.09988183397183248,-0.4713930587508611,0.0037459533379281215,0.0035637091229381943,0.025322990530747675,0.025239739331531258,0.023671573829780218,0.023747708735637713,0.002581194501883401,0.002804790874595462,0.0033618394560804496,0.0033615922531345086
2024-12-20,0.004314637,0.025613466,0.001047768,0.10543103235689555,0.024140665,0.0027496938,0.0034563802,2.502070861050139,1.596035116723169,-0.3682706541239538,-0.2931495550039193,0.0038632724394310606,0.0036139965038209953,0.025382915524562143,0.025264766707099505,0.023768347154928246,0.023774023861720728,0.0026159558210980395,0.0028011011891920716,0.003381343165592688,0.0033679399195977746
2024-12-23,0.0038821308,0.024987087,0.0015563746,0.08655644561738285,0.024186347,0.0025830967,0.0036192453,2.5365296677806444,1.656079410683381,0.7388755520610976,0.99356534784633,0.003867162917712862,0.003631952658234289,0.025301256236704917,0.02524617130461407,0.023854580237074166,0.02380163588737704,0.0026091770089563863,0.0027865020830751927,0.0034304222411959367,0.0033847690860202726
2024-12-24,0.0042410586,0.025249166,0.0017370539,0.13742503679993268,0.024444032,0.003158432,0.0027090434,4.022268808662025,2.0807338939934485,-1.205875449347862,-0.8279280946064501,0.00394429740090979,0.0036727426611876486,0.025290510133708536,0.025246371878139152,0.023976183920714336,0.02384465526412282,0.0027224880176657624,0.002811409114683206,0.003281602174988029,0.0033395177613036657
2024-12-26,0.0034686585,0.024685465,0.0017793109,0.06523170828194258,0.024334047,0.0024614567,0.0032387415,3.177083049471956,0.8645937754307117,-0.32273635300196907,-0.7634880176787568,0.0038461733545489245,0.0036590757582682532,0.025165689599485765,0.02520880960905044,0.02405001088361153,0.02387742836394998,0.0026686373928317872,0.0027879738479461044,0.003272760048798352,0.0033327690793245423
2024-12-27,0.0028388854,0.024944095,0.0009647144,0.1072981298403709,0.02431602,0.0015861016,0.0032231535,2.830090986710846,0.8077430301414201,-1.1310371416629978,-1.2593436043368165,0.0036383703817401583,0.00360415006438284,0.02511997473799955,0.025191082459636117,0.02410488848834329,0.02390679955450798,0.0024453108281608025,0.002707488058944143,0.0032625262499982747,0.003325428453884383
2024-12-30,0.0031063852,0.024460213,0.0013402622,0.08759307405282746,0.024322616,0.0024720621,0.0032342677,2.7791234993568197,1.0857431484116522,0.743767520872109,0.17915618190298604,0.00352862212611471,0.003570816242948429,0.024983866291877627,0.025142138335682424,0.02414980554635591,0.02393464553367318,0.0024508296075619585,0.0026917222887364325,0.0032566965260928055,0.0033193236909385376
2024-12-31,0.0037443906,0.025029112,0.00145152,0.08550687536030166,0.024092367,0.0018699362,0.002728253,2.818021879883449,1.011697346140599,-1.3805765295337622,0.18666244714470562,0.0035731350405992708,0.003582439995728446,0.024993200386195673,0.025134569276904592,0.02413795598772799,0.023945207663013928,0.0023309916115472696,0.002636689735511816,0.0031476788849090147,0.003279741448580068
2025-01-02,0.003976881,0.02529843,0.0014599812,0.09993560541838764,0.024196098,0.0027396812,0.0033068494,2.971607212050764,1.7973618909772777,0.44440099507651804,0.23049484787725363,0.003656427627581081,0.0036088545323710985,0.025056169023401676,0.025145542516100603,0.024149950577386434,0.02396200901337441,0.002415304051213368,0.002643586763361811,0.0031805156772120114,0.0032815567865899973
2025-01-03,0.0023636161,0.025611332,0.0010169413,0.1582124613278575,0.024381738,0.0033292093,0.0038235104,2.6399513286867338,2.2583767382471387,-0.13625923581777594,-0.9549441762977751,0.0033897212966539888,0.003525464642073739,0.025170698788766863,0.0251767350234086,0.024197768232954386,0.023990117018426238,0.0026038422202144104,0.0026895008525613293,0.0033131651443661417,0.00331784979687379
2025-01-06,0.0038400372,0.02532417,0.001307533,0.03606491301086434,0.023917103,0.003145742,0.0034599123,3.5225869549892743,1.1556959576177415,1.308521650310851,1.359115576449716,0.0034826212215567217,0.0035465306222691906,0.025202359725336337,0.02518660827235524,0.02413986718144457,0.023985227500508945,0.0027156358591937527,0.0027200539571614083,0.0033434389969556216,0.0033273632949861152
2025-01-07,0.003409464,0.024975546,0.0013177729,0.12765655019346034,0.024312923,0.0020200596,0.0031242669,2.82643090646545,1.766999432051596,0.18364696383836532,-0.18365788378799874,0.0034675289071260406,0.003537351674739221,0.025155568112110477,0.025172474043578356,0.024175568450302033,0.024007172269785392,0.002572138846724228,0.0026731774304001896,0.0032982239009746637,0.003313762534497702
2025-01-08,0.0038128044,0.025243128,0.002007143,0.1020161078480859,0.02369295,0.005069578,0.0033529764,3.06274451628167,1.6714241857481014,4.5764850221996705,-0.11313532674467904,0.003538759049895664,0.0035557979165415066,0.025173631612867675,0.025177205508829334,0.024076004642943245,0.023986129784990536,0.003087359244144098,0.0028336572120769587,0.0033095193135767587,0.0033163885700372734
2025-01-10,0.0035769462,0.025014736,0.0017988795,0.048074488341418586,0.023577463,0.0024639464,0.0035411739,2.580173967087346,2.476344149578015,2.6342355491818754,1.2388607475431688,0.0035466370413475743,0.0035572141546210373,0.025140851481648005,0.025166325395670933,0.02397315573984516,0.023958762585026185,0.0029587494923549607,0.002808898781766618,0.0033573095285887493,0.0033314417697288103
2025-01-13,0.004427987,0.025186777,0.0014360369,0.06321177693256064,0.023771016,0.0025582004,0.0032614348,3.2260072415631122,1.5349689336687893,1.2681263646045147,1.5441167824219308,0.0037284591053613507,0.003615527217228882,0.025150325915625174,0.0251676949861235,0.023931454402817878,0.023946189753002306,0.002876116422661315,0.002792110260261602,0.0033375306319221665,0.003326753615449959
2025-01-14,0.0032534236,0.025011929,0.0012858687,0.09267025215297497,0.024029275,0.0021581154,0.003073377,2.669119265259273,1.0933074188147336,-0.08049079612831236,-0.337696122010713,0.003630459532290014,0.0035912782218213185,0.02512177465357736,0.025157263787409002,0.023951634823584894,0.023951753750390478,0.002727993186269596,0.002749653520091051,0.003283035890849606,0.0033097857461252185
2025-01-15,0.0035800298,0.024902154,0.0012297267,0.08284456938123397,0.023832984,0.0043838406,0.0030758446,2.7148435680271543,1.6909521756391228,-0.22044921081986457,-0.32134729228427705,0.0036200559093809265,0.0035905249500698833,0.02507646697878963,0.0251401798320575,0.023927157276513292,0.02394380011350262,0.003069593636394412,0.0028590901399789355,0.0032402924382280663,0.003294119407965058
2025-01-16,0.0034215392,0.02490685,0.0015100198,0.14028709252006466,0.02361866,0.0034469974,0.0034024247,2.560160798197216,2.905026206378965,-0.8766866169768739,-0.12422965391627093,0.0035791020182862556,0.0035792084804452022,0.025041474979782916,0.025124554396973534,0.023863514629539097,0.02392202651084471,0.003147451829399446,0.002898460528839767,0.0032737402475058208,0.0033013722922796735
2025-01-17,0.0030882643,0.024815235,0.0019431023,0.06800919205337597,0.023574425,0.0027387922,0.0033258386,2.481733356875925,1.9465193820309628,-0.8653240434920069,0.024788601847168124,0.0034778424470156494,0.0035463314147092294,0.024994801850150187,0.025103840221514833,0.023803875571952463,0.023898748671336068,0.003063145566187207,0.0028877680196096626,0.0032844881093206765,0.0033030107274231134
2025-01-21,0.0039515407,0.02464693,0.001207799,0.035019756849163586,0.02363695,0.0033021502,0.0033446134,2.526388305634292,2.0054567583928096,1.289922942687225,4.807232536031642,0.0035755661438310773,0.0035734670671723834,0.024923036152248737,0.025073242337399958,0.02376943895137926,0.023881216809546725,0.003112452090883324,0.0029155179527903,0.0032968919169606256,0.0033057967312871235
2025-01-22,0.0030067589,0.024829505,0.0019667442,0.06327431328490041,0.023166126,0.0032791523,0.0031960944,2.7976732356534333,1.689790448384146,-1.1847817591258598,0.9218924396148039,0.003458221501769682,0.0035355163143240055,0.02490374072709565,0.025056919977829557,0.02364497573263127,0.023833329293162023,0.0031468422617651898,0.0029398694589576834,0.0032760974459314918,0.0032984502955410795
2025-01-23,0.0038396276,0.025328828,0.0015848634,0.07567683274516157,0.023455767,0.0025027087,0.003063722,2.550712933568263,1.4084497726884595,-0.05371697536154307,0.3352540477287383,0.0035369053806227017,0.003555881737820612,0.024991436012421323,0.02507512884611696,0.02360594206256011,0.02380804507326731,0.00301395784591655,0.002910594110433463,0.0032322845130349823,0.003282731246998419
2025-01-24,0.0036405774,0.025011087,0.0012433924,0.07143761752287969,0.023258908,0.0032955778,0.0030698248,2.6601611282165734,1.5309019220715663,-0.41410735673849725,-0.053881105672196145,0.003558292869859901,0.0035615535549492587,0.024995489967083916,0.02507084014431408,0.02353434906031664,0.02377127098751351,0.0030720559004442038,0.0029363753184200236,0.0031987691539015484,0.0032684735372823584
2025-01-27,0.0034459273,0.02474643,0.0013940933,0.06069887822437958,0.023686716,0.0026919937,0.003485617,2.684438585667934,1.3678991885578702,-0.17233578695194862,1.3031193347258743,0.003535111909119514,0.003553810409652829,0.02494410885670759,0.025049115312195742,0.02356578234853499,0.02376560861525122,0.002993649273080614,0.0029200098140306652,0.0032579457126472324,0.003283014985054516
2025-01-28,0.0036745307,0.02497429,0.0010281085,0.12400956433301813,0.023365367,0.0017238741,0.0038242848,2.645928220517613,1.5156386911775372,3.070480165500084,-0.42502689383154046,0.003563873923476925,0.0035618946834791608,0.02495033526877437,0.025044104503734173,0.02352443680962247,0.02373880564527335,0.0027316953284272833,0.0028399081853871244,0.0033747811614416247,0.0033192622030472157
2025-01-29,0.0035342206,0.026240524,0.0011063548,0.21640400003998905,0.023236847,0.0030798775,0.0037487953,2.412613201795485,0.9077390480692246,4.62564647513988,0.08750252919929218,0.0035577564635395228,0.003560041434551696,0.02521650050571865,0.025124225131874938,0.023465107090598264,0.023705190946379,0.0028035251206469714,0.002855978210355115,0.0034519400712746083,0.003348026746266567
2025-01-30,0.0032526013,0.025246779,0.0028992125,0.21154480441940537,0.023762282,0.004429601,0.0034471594,2.5975757211339823,1.4612904920615861,1.7768894583097246,0.46866455729456014,0.003494803103700673,0.0035394530851782743,0.025222746840644496,0.025132432164520303,0.02352641411481651,0.02370901416238462,0.003138983746678397,0.0029613590299250245,0.0034509538267281704,0.0033546653652884615
2025-01-31,0.0038497853,0.0248258,0.001809074,0.08032529657358578,0.023848722,0.0034309123,0.0037889525,2.617459530420148,1.69607869864999,0.2861098806958752,0.3904653693282025,0.0035680357459977087,0.003560235105856426,0.025140856959579152,0.025111897939842764,0.02359290601197985,0.023718369962091174,0.0031992084477254776,0.0029928036058035215,0.0035206827717071273,0.0033837482743666156
2025-02-03,0.004061635,0.025163632,0.0012875873,0.050494278456129416,0.0235991,0.0027751697,0.0036244842,2.3383747851180714,2.3633523075708287,2.0123939436644385,2.2307332243769054,0.0036698650368117928,0.003593812364711607,0.025145555414970825,0.025115362407469238,0.023594183698039697,0.023710382767197682,0.0031117294721911834,0.0029782293125958587,0.0035420969467769366,0.003399869637516383
2025-02-04,0.0032710049,0.025115829,0.001775389,0.16587787027312084,0.023832062,0.0036382682,0.003662776,2.409330257684488,1.2932052274443098,-0.21623194590110723,-0.2399557387322578,0.0035875803969926175,0.00357219491339018,0.02513942286317992,0.025115393651172453,0.023643257920110752,0.023718531278776198,0.0032203541380016556,0.0030224301433981527,0.0035669929656137007,0.003417475688050765
2025-02-05,0.0032445742,0.025332015,0.0012419726,0.12146418458062025,0.023791708,0.003390465,0.0029957287,2.57502606765529,1.4967363103025204,-0.6235242765714917,0.1528551289178304,0.003516818395200893,0.0035502551330807443,0.025179154521301088,0.02512990013539064,0.023673883104269766,0.023723431708378588,0.0032554479052715095,0.0030470763321828833,0.003449141457979221,0.003389232557141649
2025-02-06,0.004245348,0.024969477,0.0009104909,0.15829204685152332,0.023569098,0.0040164473,0.003471103,2.483158077239432,1.2091087030522523,-0.5302839205059717,0.42687878527467293,0.0036671136300823557,0.0035968034101948464,0.025135898201538078,0.025119157091751828,0.023652265939239376,0.02371309642437531,0.0034124416897558366,0.0031119922091131795,0.0034536721189808058,0.0033947151778700134
2025-02-07,0.0032474173,0.024796693,0.0013631298,0.16861460582151244,0.023472644,0.0037716464,0.0033908063,2.418843144105135,1.5000236213500027,-0.754366693162625,0.19793752964559228,0.003580530493138378,0.0035734060660378604,0.025065920275598882,0.025097562613052668,0.023615210107836168,0.02369699407086562,0.0034865454354215553,0.003156167277831409,0.0034407029256386537,0.003394453409431036
2025-02-10,0.0035607568,0.024879472,0.0015505606,0.12001067377990615,0.023629464,0.003169917,0.0034868303,2.404311217805963,1.558380205010114,0.041152782437786396,2.4989154885822225,0.003576451190403953,0.0035725589824539402,0.025027456162534347,0.02508295775923598,0.02361815072142529,0.023692471798039887,0.0034212251631310147,0.0031570880579928663,0.0034502189736539896,0.0034006396118032665
2025-02-11,0.004212242,0.025097206,0.0018116101,0.0889235868391528,0.023503521,0.0037260172,0.002843006,2.285510069335683,1.2307595104628921,-1.0949299490108209,-0.401609269382492,0.0037076145176436117,0.003615396646228493,0.025041845565782546,0.025083911937028497,0.023594502764532406,0.023679818358973405,0.0034841035991407115,0.0031951875403747596,0.0033249512665484353,0.0033632965602402335
2025-02-12,0.00314446,0.024462039,0.0010094212,0.1438321878645219,0.02340203,0.003130696,0.0034053188,2.416302635175817,1.390594861236765,-0.6914063718351235,0.34356726501988255,0.0035914360434166886,0.0035838594299819363,0.02492223170425456,0.025042266943427274,0.02355479566191688,0.02366121568004301,0.0034111958005084726,0.0031908687358781457,0.0033415310522656493,0.00336611066582101
2025-02-13,0.0031697722,0.024889939,0.0013383008,0.17445934166347654,0.023302171,0.0040076156,0.0033460916,2.271702069493436,1.5620738717168863,-1.1091913997399228,0.596477990668952,0.0035044470174414866,0.003556129247964301,0.024915569640073593,0.025032065965497508,0.023502679405295105,0.023637171557318353,0.0035342368944652224,0.0032455638310233187,0.0033424718912765774,0.0033647700490045235
2025-02-14,0.0034720218,0.025069341,0.001793032,0.0723200327437572,0.02372937,0.002615477,0.0035578709,2.382255991803913,1.148700411874449,-0.9927660475386043,0.3724931001282555,0.00349775770819981,0.003550496822506131,0.02494729260384503,0.02503456216730087,0.02354944574285019,0.02364334587194537,0.0033446972029191543,0.0032033687980953995,0.003386908585847824,0.0033777014328499775
2025-02-18,0.0038510356,0.02478856,0.0015312257,0.054650644184292996,0.023647793,0.0031575484,0.003519126,2.5002343363815838,1.4057731777823295,0.7924490211125362,2.4207596727954317,0.0035706387534899004,0.003570623006021126,0.024914546222494574,0.02501808816123638,0.023569734655456222,0.023643643658521733,0.003306088497860717,0.0032003003413380903,0.0034141849649763586,0.0033871722117800114
2025-02-19,0.0028707113,0.02459676,0.0015053928,0.0890653199195135,0.023717014,0.002752458,0.003468015,2.333285485931808,0.9365901916357364,-1.1963559486891264,-0.6295736521018077,0.003426244080792361,0.003523752010545505,0.024848987102148494,0.024989873078009425,0.02360011833132464,0.023648557058771474,0.003191874812856365,0.003170309678015906,0.0034252900725499657,0.0033925860113532
2025-02-20,0.0035067874,0.024961041,0.0013145864,0.07442615844491407,0.023618398,0.0018131689,0.0038201727,2.373416400794184,1.52899615534983,-1.0339039331083446,-0.4566452242679883,0.003442860115716728,0.003522615938255523,0.024872103821459587,0.024987942299189277,0.02360388946568283,0.023646537412514382,0.0029074485020813283,0.0030794260180588566,0.003506754159941656,0.0034212202156885226
2025-02-21,0.0033353427,0.024964983,0.0018916498,0.061497212563598525,0.023394898,0.0015612101,0.0037814672,2.321210537869206,1.303928541071474,-0.9088422050545113,-0.2731488779752503,0.003420679338175101,0.003510074812570614,0.02489126467363985,0.024986404759747387,0.023560774549623156,0.023629685845730546,0.002629720236396926,0.0029777556426055394,0.0035634273177774416,0.0034453448792389984
2025-02-24,0.003268911,0.025448883,0.0013103028,0.06396354529268222,0.023903439,0.0031038583,0.0035681566,2.2561658562393694,1.586726894535429,0.2301393531480234,1.4776310396575114,0.003389369617592949,0.0034939247960107445,0.025006301031235797,0.025017375540784276,0.023631466008661978,0.02364801826357137,0.0027275346748167014,0.0029862003620468986,0.003564402970823266,0.0034535692142793066
2025-02-25,0.003459141,0.024959972,0.0022920347,0.05583057631020283,0.023495449,0.0026684422,0.003393003,2.592273735772454,1.8048824470666773,-0.5816296589795781,-0.516495859891214,0.0034037633946414113,0.00349159542196352,0.02499674340292265,0.025013531405972754,0.02360340572041087,0.02363780113988163,0.0027153439292915845,0.002964921048827543,0.003529043250827671,0.003449513277338854
2025-02-26,0.0033644268,0.024917465,0.0015731757,0.16166722208875883,0.023855241,0.002845424,0.0033488732,2.683648183073566,1.9055462163693293,-0.14431387975938517,-0.024649627684914494,0.0033956482722170985,0.003483079318598584,0.024980388248894262,0.025007098106283272,0.02365535920933743,0.023652362437875985,0.0027421793783417503,0.0029569186885848144,0.0034918742702350516,0.003442773714416709
2025-02-27,0.0032523305,0.025136452,0.00092956977,0.13571889534751047,0.02329914,0.0033114618,0.0036747346,2.6232511356628696,1.437096464141111,0.2129368833937236,0.021960823741045157,0.0033660818847896044,0.003467626758432471,0.02501258415336531,0.025015760560844157,0.023581871550341027,0.023628708245191015,0.002859622036110221,0.0029806613780545177,0.0035295982635192603,0.0034583074421198384
2025-02-28,0.0030370692,0.025459208,0.0015896915,0.08920646545833666,0.02390791,0.0021842725,0.0036469689,2.669589864711204,1.479826752976172,1.0791964392084499,-0.0742640350824986,0.003298206746271506,0.003438793608493,0.025104722334332842,0.025045456882092913,0.023649132939743394,0.023647405495871774,0.0027202977842888387,0.002927329598049858,0.0035538117566436614,0.0034709415331491684
2025-03-03,0.0033606389,0.025282966,0.0017506353,0.12128947718169114,0.024044659,0.002524266,0.003492384,2.471290780293964,1.4379313768363697,1.0056467319858275,3.714404430130814,0.0033110864586218796,0.0034335598188302884,0.0251414939032406,0.025061362155395086,0.023730729755605664,0.023674008373888986,0.0026798565343149707,0.0029003376359714632,0.0035411392396324246,0.003472377469993613
2025-03-04,0.0032389138,0.026242137,0.0013861342,0.1348482282481126,0.024224894,0.0026585553,0.0034433457,2.336963546331682,1.4738070201497595,-0.21168065390018126,-0.0010618322868801925,0.0032961972845279006,0.0034205249596479296,0.025368555985951714,0.02514043511141085,0.023832675604323592,0.02371089954439739,0.002675462097608508,0.002884146195170282,0.0035209644756630425,0.00347043329655109
2025-03-05,0.0029428366,0.024700029,0.002095398,0.1349164338769211,0.023962663,0.0047396934,0.003696288,2.3543320136707595,0.8885776470210841,0.18620386878541617,0.8856651374163879,0.003223299163358744,0.0033885355999344917,0.025230639183627238,0.025110942419688975,0.02385949203606564,0.023727759422445593,0.0031013119225230153,0.003008406638262494,0.003557133622837188,0.0034855581091941027
2025-03-06,0.0037006284,0.024477921,0.0015594722,0.09315595950541589,0.024198253,0.003268129,0.003797684,2.4247647195886413,1.0131262572583324,-0.6835279079593514,0.45403077743621434,0.003321771936084659,0.0034094355218560785,0.025075353906207423,0.025068550897467064,0.02392937818444517,0.023759266950262425,0.0031357261895004285,0.0030257994651443445,0.003606759059267939,0.0035064602529054525
2025-03-07,0.0036550004,0.02487946,0.0020587256,0.13816505420669212,0.024346303,0.0039275503,0.0033914938,2.5019189059033136,1.541120882177723,-0.859262283209541,0.2683162352567329,0.003390516784037837,0.0034258802642465657,0.025034940950271284,0.02505588799830311,0.024015389594777458,0.02379857901141598,0.0032990790825956216,0.00308618701950099,0.0035623499516403605,0.0034987612941732396
2025-03-10,0.003415701,0.025111308,0.0012809419,0.05115820789456427,0.023946157,0.0032707779,0.0037520253,2.666243207918767,1.673960686901345,-0.341659069058746,1.384148082761953,0.003395712270321551,0.0034251985880008563,0.0250506954987582,0.025059599331546077,0.024001106890217058,0.023808461849429786,0.003293240558085388,0.0030985485167960214,0.00360147987829344,0.0035157216276611915
2025-03-11,0.005119686,0.02461106,0.00058475195,0.3999959238174343,0.024035629,0.0028041527,0.0032501742,2.5042446091943926,1.451955622449049,-0.19522901974111292,-0.6922803118312946,0.0037513671470556795,0.0035386733418621514,0.024959998839191005,0.025029561965958624,0.024008228759589103,0.023823674546225432,0.003192341983514704,0.003078833707466188,0.0035290057066716006,0.0034979387124580586
2025-03-12,0.0042606005,0.025850346,0.00042584783,0.14823894695789663,0.02414995,0.0022956377,0.003233298,2.4771490704677563,1.3709594445918762,-0.08331877871111706,-0.15482459607854157,0.003856421729102305,0.003587018646951831,0.025143677054507797,0.025084527438201533,0.024037465899424803,0.023845524277058668,0.003007352368924604,0.003026385416223168,0.0034680013542426114,0.0034802165130042584
2025-03-13,0.0039859414,0.024826385,0.001111625,0.13673032794306716,0.02394247,0.003946374,0.003607729,2.354285216375227,1.3780006997585152,-0.16504989260022074,0.09555591922989944,0.003883141571159554,0.003613733311005371,0.02507821988722538,0.025067240416769675,0.024017868408915316,0.023852016478975172,0.003201072072675391,0.003087994310915672,0.0034968270908097353,0.0034887556417424496
2025-03-14,0.0040017096,0.024407506,0.0012830893,0.12951623669060963,0.023971815,0.004013898,0.0035086588,2.313952668292603,1.2876675925296064,-0.49035049028730815,-0.3668543190048218,0.0039076020998647515,0.003639714924615477,0.024939851962821745,0.02502305997576677,0.02400836754519522,0.023860039004926278,0.003368757603232914,0.003149999301127932,0.0034992679758555174,0.0034900884998466794
2025-03-17,0.003706392,0.024745567,0.0019701298,0.04019166952042619,0.023449244,0.002797897,0.003933943,2.5235766172358978,1.5208684257970781,0.0353799416582299,0.8137658564689305,0.0038660925416264826,0.0036441800822424406,0.024899771029823155,0.025004477085936797,0.02389302064730403,0.023832529290859092,0.0032509893556421946,0.0031264200615930982,0.0035889411792792408,0.003519812099661604
2025-03-18,0.0030220204,0.024445098,0.001565627,0.08786372180042012,0.023810025,0.0035349196,0.0037590894,2.882836601602899,1.373869368339678,-0.8145431044620982,-0.5824022351768616,0.0036919609130639454,0.003602515912875355,0.02480597220094568,0.024967017134821173,0.023875898751749322,0.02383102226621787,0.0033095640120604296,0.0031537760524539787,0.0036240426660019685,0.003535835784101154
2025-03-19,0.004093459,0.024761258,0.0018432304,0.14285452807809984,0.023769537,0.002928423,0.003976924,3.2836615224548886,1.611389872852691,-0.03624149871247218,0.28204605333231025,0.003774789731638947,0.003635392894442789,0.02479674762151099,0.024953238040550836,0.023853956375615215,0.02382690478100058,0.0032309348210810183,0.0031386848324670724,0.003696841874682239,0.0035653741343010617
2025-03-20,0.003701748,0.025299376,0.0012879499,0.11253203264416767,0.023572387,0.0027822952,0.0035800438,2.7323097256712874,1.8266456041856114,0.5759420564556254,-0.15621993348734134,0.003759721280128219,0.0036398365036256664,0.02490043956619941,0.024976417855959315,0.023795868797375854,0.023809860498243265,0.003138380708425611,0.00311481848662023,0.0036727464914240522,0.003566356517316128
2025-03-21,0.0036847668,0.024925796,0.0013821928,0.0997490928096959,0.023427645,0.0033773768,0.0036371194,2.5024510094990915,1.313087659922698,-0.25513955971185265,-0.13401939522268472,0.003744258215135381,0.003642845352731982,0.024905670650154987,0.024973027882802427,0.023719904368950745,0.023784264652628607,0.0031876854811035546,0.0031324012329382316,0.0036653966472236076,0.003571095297834197
2025-03-24,0.003558732,0.02486138,0.0017744604,0.049952136433486505,0.02372577,0.003483971,0.0038446214,2.6693423891626478,1.273600950322458,0.48007483822411073,0.6778776583466963,0.0037059842759004217,0.0036372125400625736,0.024896533606784208,0.024965551188752627,0.023721114530933292,0.023780347468446983,0.0032488090515764715,0.003155944816219174,0.003702370610878063,0.0035894125198496444
2025-03-25,0.0046654115,0.025005681,0.0017582239,0.1629602954359889,0.023162551,0.0034891933,0.0031744011,2.611759463584605,1.6226383167503953,-0.6301177162304096,-0.7347528843145721,0.003903913616480429,0.003706067951400899,0.024919050747414916,0.02496823859164322,0.02360588321455618,0.023738975502132092,0.003298400190163974,0.003178261468492189,0.0035934507828639306,0.003561620448004892
2025-03-26,0.00471102,0.024993725,0.0015306157,0.11838776254737138,0.023442479,0.002965306,0.003440894,2.447608356833865,1.6757388801545738,-0.5319887042700361,-0.27784813801920355,0.004070419198969617,0.003773366570790698,0.024934456031412377,0.02496994534827178,0.023572172980196166,0.023719120008351857,0.0032296830198794207,0.0031640004732686705,0.0035619783892428826,0.003553535755836774
2025-03-27,0.0042120796,0.025350029,0.0017924435,0.13182876257456,0.024064906,0.002833826,0.00372291,2.376190262040088,1.5963060076236557,-0.5990423265329858,-0.2127667062991462,0.004099643658939653,0.0038027458679013946,0.025020188443830447,0.02499539838988652,0.023673823530940632,0.02374227625786253,0.0031480179252504235,0.003141889676639047,0.003595178510498927,0.003564878247019817
2025-03-28,0.0031769194,0.025094775,0.0015787373,0.08470334194492679,0.024008097,0.0038835045,0.0036109874,2.30134551651269,1.5085077378797127,-0.5899333402617256,-0.2743248746305292,0.003909286133259813,0.0037608361426979143,0.025035575710782045,0.025002053376522917,0.02374278399800158,0.02376007748626111,0.00329974842734718,0.003191553405576701,0.0035984398862098275,0.0035679660423433976
2025-03-31,0.0033465116,0.024793,0.0019523089,0.051262091117973085,0.02347013,0.003632919,0.003769494,2.575961544017087,1.5509117454202992,-0.17895340309846117,0.6841183385636,0.003793186048933924,0.0037330900694476925,0.02498553265321752,0.024988053757009538,0.023686535584022127,0.02374066055828832,0.0033684813271205615,0.0032211103344895026,0.0036337282381796628,0.0035814617597344856
2025-04-01,0.0035659266,0.025378775,0.0012969768,0.08438936444907463,0.02317045,0.0027023202,0.0037219804,2.3158801004521363,2.0704303542734688,-0.8454038570236306,-0.902834411577048,0.0037463025380565927,0.0037218956299952624,0.025066658311896552,0.02501421917985509,0.02358006754437728,0.023702475310037198,0.0032310526426382468,0.003186368512997384,0.003651934608211922,0.003590871871235233
2025-04-02,0.004779015,0.024220044,0.001368207,0.13586319925296142,0.023617309,0.0034219432,0.0033487133,2.407077290903289,1.339652472206737,-0.9140002408828889,-0.81472263206949,0.0039593506174532,0.003792687765325349,0.024892002182020125,0.02496103563002378,0.02358775035184829,0.02369677194936379,0.0032704332578392782,0.003202144242985462,0.0035893802066692183,0.0035746552344747377
2025-04-03,0.0023367528,0.024122516,0.0006788999,0.1781005367710249,0.023782337,0.0035278024,0.0036704629,2.109132422163,1.3702664579366102,-1.0025438617889695,-0.04647635979201486,0.003624609548145876,0.003695188158443935,0.024733257524136253,0.024904882458325103,0.023627893492426777,0.02370250199048676,0.0033235283796290865,0.003223952596559734,0.0036061075180506157,0.003581071185403515
2025-04-04,0.0033073772,0.02523251,0.000977171,0.12562128181763388,0.023097428,0.0026444385,0.0036745174,2.144755291269109,1.769789603742336,0.016847479401346666,0.3950472292240532,0.003559164685927794,0.003669217620118212,0.024836253179590862,0.02492682273762162,0.02351845864997145,0.023661981966105333,0.003183432500714632,0.003185144273118846,0.0036202204377562604,0.0035873289978870515
2025-04-07,0.0024847388,0.024919758,0.0011331539,0.12498753340928415,0.023538303,0.003077341,0.0035189688,2.333317599798992,1.4854567426546097,0.6333203136217584,1.5888755574164806,0.003337511196310686,0.003589896618738365,0.024853480101622145,0.024926349607796588,0.023522552452652112,0.023653699530970105,0.003161545882146452,0.003177925011138381,0.0035993322823878685,0.0035827511213142424
2025-04-08,0.0031868236,0.02430236,0.002200063,0.11378576822526099,0.024776597,0.004165484,0.0030157685,2.3909056643062176,1.0459378921834757,-0.861377606559184,-0.28776983620287333,0.003306424417720663,0.003562904022296466,0.02473978424654173,0.024884562868378046,0.023781261095686443,0.023728896586886268,0.0033686578093223233,0.0032440588892884066,0.0034789433771931664,0.00354478199006986
2025-04-09,0.0039740303,0.025170289,0.0021775428,0.094924413879383,0.023057597,0.0034840207,0.0033581683,2.3446889476683337,1.563350070044246,-0.6968956260939515,0.03309203201548351,0.003444151151832142,0.003590435916535975,0.024828597146617008,0.02490369709131367,0.023631969523459317,0.02368394164556444,0.0033924571146670512,0.003260128414441535,0.003454027541190965,0.0035322850291495513
2025-04-10,0.0036261692,0.024826933,0.0016378597,0.10557391419832762,0.023631768,0.0037289176,0.0031197097,2.1566961264972435,1.6512458564804273,-0.5641441419006976,0.05614389159491091,0.0034817013734859087,0.003592828865702427,0.024828253771843518,0.024898556409569655,0.023631928011398486,0.0236804477527661,0.003461868729022745,0.0032915218215923484,0.00338505793993805,0.0035046560914933507
2025-04-11,0.003121434,0.025618909,0.0012128323,0.07656786218686862,0.023335727,0.0032275354,0.0036072722,2.0633849006284595,1.6380748350740768,-0.5016135626244175,-0.08713741628646628,0.0034073784063945512,0.003561260962573688,0.024991365514448204,0.024946796262690488,0.023570821884451927,0.023657362830623738,0.003413525886996547,0.0032872368425169176,0.003430900618818541,0.003511527983323582
2025-04-14,0.0042691827,0.02472854,0.0013136542,0.08611407772085566,0.023524063,0.0030066662,0.0036848017,2.435490015152497,1.3629340043407059,1.5191023530270922,1.432589539087962,0.0035851681751643155,0.003608668362352289,0.02493714481737055,0.024932180315874217,0.02356117549094865,0.023648436120185204,0.0033295909476194663,0.003268447865940734,0.003483280288225348,0.0035231316089906193
2025-04-15,0.003261306,0.025231091,0.0016054339,0.0860609800075468,0.02401236,0.0031692295,0.0035833386,2.5226158150769944,1.118072350842744,0.2057729663874301,-0.7343313418753193,0.0035183555973990737,0.003585406550138658,0.024997785823283897,0.02495219749065383,0.023654254766762507,0.023672807062063286,0.003296508462632418,0.003261803507915639,0.003503922260632444,0.003527163489546958
2025-04-16,0.003764357,0.025144478,0.0012773678,0.1048588342136334,0.023340303,0.0032929305,0.0035393818,2.5903673353193337,2.0756298147081895,-0.40301043220789684,-0.7202336300294674,0.003569105547493575,0.003597390323225353,0.02502804840534627,0.024965073961654094,0.023589486775417556,0.023650540289915305,0.0032957703401656447,0.00326388799249061,0.0035112375411554555,0.0035279817120138085
2025-04-17,0.0031449774,0.025548456,0.0015335303,0.14029393326279782,0.023734223,0.0033370638,0.0031033761,2.6079057902736715,1.6892651657101265,1.5171318770606348,-0.5034746428229354,0.00348160812992406,0.0035670935819248203,0.025135408267232446,0.025004141327405718,0.023619345802547115,0.023656144277203257,0.0033042891647015802,0.0032687883591940928,0.0034270959472573995,0.003499547146635077
2025-04-21,0.0035993368,0.024700243,0.0014387431,0.0544932361279481,0.023467533,0.00264984,0.003490879,2.711978829398602,1.1670449466716237,2.352979405328676,2.859325034853311,0.0035058955001645783,0.0035692528162259702,0.025045633906859936,0.024983790167284747,0.023588026961139288,0.023643513563652827,0.003169276639546547,0.0032273392370085145,0.00344025435079868,0.0034989666646141502
2025-04-22,0.0034749154,0.024955466,0.0011284671,0.17855230837687186,0.023048092,0.0024597968,0.003339373,2.629001768520652,1.9938292503888162,-0.49199414310082257,-0.7511556765985624,0.003499504321826083,0.0035629353216850433,0.02502703239548746,0.024981893408628577,0.023476638596598733,0.023603639941318453,0.0030229113309107607,0.0031759392190834216,0.0034194425896376945,0.003488279157067182
2025-04-23,0.0030545495,0.025739774,0.0018585722,0.12533877921288983,0.023043213,0.0031779427,0.0031726416,2.569063851435428,1.6288255262330693,-0.7115297874787714,-0.5031573136340846,0.0034077103662031112,0.003528890240841747,0.02517407063587418,0.02503264641183299,0.023387223209024945,0.023566109853197677,0.00305489422248801,0.0031760733867516712,0.0033685276794230634,0.0034671418554537777
2025-04-24,0.004068361,0.025407298,0.0017251369,0.07054573286092458,0.022627145,0.0037361798,0.0033624207,2.5092042706247195,1.5370064816046283,-0.43620296074559395,-0.4692049191261184,0.0035440022712025124,0.0035650169924156525,0.025222185222847256,0.025057735676884765,0.023230419485010687,0.0235032301894063,0.0031954430762387736,0.003213582036841963,0.0033672678155712834,0.0034601289938562254
2025-04-25,0.0036622079,0.024094336,0.0017112329,0.16444338124723645,0.023201477,0.0032543947,0.0033012861,2.4372135212733075,1.8256776375908104,-0.8732828995509144,-0.6469053344395401,0.0035683880224845086,0.0035715255742259124,0.024989510466703127,0.024993219664812695,0.023224448620718586,0.02348302266645625,0.003207604774590274,0.003216315141845004,0.0033536558303162143,0.003449491763023572
2025-04-28,0.0031040648,0.02544596,0.0017965428,0.05205629998855865,0.02350101,0.0024380968,0.0034872105,2.601207672711807,1.4104471983777562,-0.16327107870763455,0.6532775791669915,0.0034725983954872236,0.003540221127710144,0.025083675860666694,0.025023538361615822,0.023281503213981217,0.0234842272653345,0.003048855683197439,0.003164200187241099,0.003381208085937792,0.0034520176731947312
2025-04-29,0.0033944766,0.024455477,0.00087963534,0.0780774919782723,0.023783334,0.0019756593,0.003852136,2.6536798527456416,1.2695215506785908,-0.7399808797551982,-1.0538357836754446,0.0034564819109357678,0.0035304610529384053,0.024954078673762765,0.024985496961620272,0.02338503055857285,0.02350425752175047,0.0028274558299115275,0.003084607158315032,0.0034783602601959175,0.0034788123983932897
2025-04-30,0.0038611058,0.024509687,0.0018213908,0.1084621978251824,0.023799427,0.0028739201,0.0030419957,2.540805698706204,1.0624544210267712,-1.1156439565773506,-0.4339765567542248,0.0035399555998244714,0.003552603340370916,0.024862400900395747,0.024953633390331315,0.023470520296282802,0.023524024128898317,0.0028370413920373217,0.00307049807877974,0.003388338478735321,0.0034495600901367596
2025-05-01,0.003477791,0.025123343,0.00095116993,0.10231686040163801,0.02363109,0.0026886552,0.003049047,2.390924743177045,1.6911053075054596,-0.6364714163469154,-0.5255482504414188,0.003527131094439659,0.003547593387862752,0.024916233091817466,0.024964998326604135,0.023503645803240655,0.023531194029970427,0.0028064293912611594,0.0030449272010802885,0.0033183428179788437,0.003422738924317264
2025-05-02,0.0033019367,0.024670329,0.0011055637,0.06988196217129805,0.024309885,0.0037869771,0.0033659895,2.7101522004808363,1.245426159701694,-0.6515137412105606,-0.4981855745191035,0.0034806736025926478,0.003531142492185321,0.0248655031956545,0.02494526519962715,0.023669972475291803,0.02358334061846447,0.00300871587765856,0.0030946200661345776,0.003328172312007673,0.0034189385879268945
2025-05-05,0.0029313446,0.025079975,0.0015779943,0.06293888380184176,0.023201903,0.0030829927,0.0034338993,2.2978173229985184,1.6628838319745662,-0.1317522046007492,0.8117983622841459,0.0033673473091551586,0.0034909758186958922,0.02490974859641289,0.02495428630558392,0.02357341005646423,0.023557796904225818,0.003024039155670349,0.003093841419010011,0.0033499837248331453,0.0034199404590768315
2025-05-06,0.0030765354,0.025334958,0.0011645884,0.0947738035494805,0.02327685,0.0036165672,0.0031619614,2.250988784528633,1.0196680477590192,-1.257241413989981,-1.0946579309898536,0.003307352968717913,0.003463221984792431,0.024997469070052094,0.024979778749299703,0.02351222999269642,0.023538982769431976,0.003146277386866483,0.0031288468031828087,0.00331119482752096,0.0034026643762969907
2025-05-07,0.0036308155,0.02559131,0.0020542138,0.06514206134913225,0.023858402,0.0045048674,0.003144716,2.684987136989787,1.371787195994572,-1.0418963789026285,-0.8365866344670899,0.0033740831269359573,0.003474445223789516,0.025119978164999203,0.025020731175352893,0.023583645080120105,0.023560373314684132,0.003426553784494872,0.0032209947837059058,0.0032768503149463,0.0033853903393482117
2025-05-08,0.0037179051,0.025147852,0.0013755896,0.07061806361546463,0.023166649,0.0028885566,0.0026537583,2.643972832730101,1.6315810725470843,-1.0167581140411803,-0.9075814521268085,0.003445013428061966,0.0034907490062782063,0.025125728431013017,0.025029244046995663,0.02349761901711105,0.0235340067780876,0.0033155652420843295,0.003198732391022764,0.003148306754716308,0.0033363951286622985
2025-05-09,0.0039359485,0.025180778,0.0024461835,0.11765655243253759,0.023275258,0.0024143755,0.002992055,2.4792310049328856,1.6316100645867369,-0.7416944487629086,-0.7700464801367867,0.0035462930710363763,0.003520562683197427,0.025137085032178087,0.025039391791358757,0.023451746060275967,0.02351667914778588,0.0031296502812973013,0.003146206359382863,0.0031160720819960316,0.0033133356945387474
2025-05-12,0.0035117872,0.02462706,0.0014265322,0.08065604365790824,0.02349542,0.0032397818,0.003465184,2.4775874579663473,1.4757102724670033,-0.31366082729026334,0.5428516248603994,0.0035391745196088334,0.0035199750126188997,0.025031867074023998,0.025011779144580176,0.02346075613890634,0.023515255540737894,0.0031523703615778257,0.003152472828621686,0.0031880936892325447,0.003323504522003218
2025-05-13,0.0036841964,0.024827844,0.0015998245,0.07912108165885534,0.023196243,0.0039187167,0.0033197524,2.3100677751184464,1.234443562258623,-0.811202223682266,-0.7096812003360309,0.0035690924548507203,0.00353097242687725,0.024989777124610615,0.024999461526853572,0.023406187165841058,0.02349389220845999,0.0033104672048041984,0.00320378588736859,0.0032152548125506096,0.003323253253791631
2025-05-14,0.0029167687,0.02558567,0.00134637,0.09375076872120991,0.023845792,0.004021368,0.003562875,2.794758939594449,1.1559985641600112,0.18691091608062244,-0.5114934698357498,0.0034345183988593155,0.0034898410379494093,0.02511270951635676,0.025038718156253657,0.02349687737409056,0.02351745787250396,0.0034571256627604096,0.0032585369149200727,0.0032869686933643797,0.0033393000114608764
2025-05-15,0.002011665,0.024955377,0.0017757545,0.2759902296800574,0.024153942,0.003588867,0.0031663051,2.528222368163373,1.6647439978090826,0.5458842015548974,-0.9042346487548883,0.0031409844725558667,0.003390852004695135,0.025080251897415494,0.025033137047178213,0.023632429510789223,0.02356008132668042,0.003484303812380833,0.003280658126369215,0.003262075864549661,0.003327715062042747
2025-05-16,0.002629859,0.025010206,0.0014252086,0.13484351145460405,0.02400573,0.003060127,0.0038443797,2.737917298942672,1.719529932829596,0.017977760307030594,-1.132702212447022,0.0030355395372900097,0.003339890573502258,0.025065801425455544,0.025031601410509394,0.023709441144524602,0.023589925065409335,0.003396796340527114,0.0032658898105352913,0.0033822048354422173,0.003362314545901606
2025-05-19,0.002904714,0.024959007,0.0016236317,0.058867335503172025,0.023847671,0.0029366233,0.0033416164,2.7796689830432335,1.7681278809906262,0.806991358220708,-0.1721463317471671,0.003008550315328044,0.0033107481059245726,0.025043769849024976,0.025026739998628936,0.023737957937557456,0.023607185554704663,0.003301862882668714,0.0032438398168048257,0.003373831455173002,0.0033609284505921504
2025-05-20,0.0044389674,0.024612462,0.0017333863,0.10392205829638457,0.024333784,0.0040813396,0.0027382853,2.594534070190969,1.7174816271847915,0.4172405462386116,-0.7988602515953793,0.0033036446165969455,0.0033863015798859834,0.02495479129717903,0.024998997050304464,0.023860876614434083,0.02365584370282812,0.003462668514376576,0.003299924670223261,0.003242718626744561,0.003319231904409743
2025-05-21,0.0035229672,0.025205484,0.0017800438,0.061122276211206916,0.023826653,0.0036918127,0.0028540527,2.573896354249764,2.4400243322841875,-0.3714229795923009,-0.8886486075994872,0.0033488907545695234,0.003395453669045516,0.02500650899978982,0.025012824840850306,0.023853816329206114,0.023667282299705685,0.0035099408484967898,0.003326168242200878,0.0031625370501261038,0.0032880802445732515
2025-05-22,0.0032771039,0.024851985,0.0014274922,0.11911241667581429,0.023427775,0.0033485694,0.0031826405,2.66557908257796,1.3547687498769838,-0.32035921528563643,-0.8947477514716199,0.0033340811605755616,0.0033875281378737718,0.024974630836796477,0.02500205389633271,0.023765924253833923,0.023651243221023303,0.0034766500006021585,0.003327668379767663,0.0031666843878691074,0.003281019262451122
2025-05-23,0.0024905151,0.025486121,0.0015691844,0.21490093729391468,0.023223747,0.00377032,0.0035821865,2.6006832997271783,1.5104765282192545,-0.7166577404517681,-0.6651090984610784,0.003160053930558968,0.0033274578596608905,0.025080150978972062,0.02503447041909071,0.023654073282415918,0.02362261504903993,0.0035372339624272224,0.00335731143307768,0.003252402261506328,0.0033011875334913216
2025-05-27,0.0035439825,0.024648719,0.0015479927,0.02853242064174777,0.023416003,0.0029245585,0.0035431935,2.633955378867506,2.0069791537640596,1.9614285021469522,0.9799091210319204,0.003239258195611839,0.0033419578680949458,0.02499114669289293,0.025008637769464392,0.023604959552178832,0.02360877887242256,0.0034108393313708727,0.0033283312619879755,0.0033123923311660546,0.0033173939458882675
2025-05-28,0.0035831286,0.02482415,0.0012104136,0.07440465882405001,0.023757957,0.0027142265,0.0036716484,2.444812207965017,2.0296355293553567,-0.37220737762209094,-1.383507799748799,0.0033101984717522942,0.003358108348132694,0.024956695343725632,0.02499628316919296,0.023636522829109958,0.023618768880134772,0.0032671284681956916,0.0032872065023926427,0.0033865066787903573,0.0033411173100268816
2025-05-29,0.003552317,0.025086213,0.0014333717,0.08858731960118416,0.023145804,0.0036476837,0.0034585362,2.4608775901050906,1.5836513305103224,1.1207334733086785,-1.2482829516480678,0.0033601473804469417,0.0033711139152642596,0.024983414748133644,0.0250023054944554,0.023535287830258454,0.023587095849171565,0.0033456368028571197,0.0033113465788538136,0.0034013663373242175,0.003348980503836314
2025-05-30,0.0022672866,0.02453024,0.001216171,0.13522922083120048,0.023201913,0.0021696954,0.0023641658,2.2728886105790087,1.5028563941153923,2.1631746831867633,-0.11922021109530251,0.003134690785987143,0.003297193905255949,0.02488992491284673,0.024970692640530315,0.02346651270417285,0.023561301282045234,0.003103040720287709,0.0032348936180453787,0.0031873924219525695,0.0032830304124523532
2025-06-02,0.0036793752,0.024787359,0.0013581874,0.04180806731065201,0.023547102,0.0013478127,0.0035918395,2.500577127448185,1.058856957281536,0.8602650422144816,1.1611321885083714,0.003247058886719361,0.003322787440858852,0.02486876560652384,0.024958415331031717,0.023483138185212624,0.023560350382925425,0.0027409381044790414,0.0031085214547405624,0.0032708296325358608,0.0033037104303474487
2025-06-03,0.0030939297,0.025375176,0.0014702783,0.10180164888789456,0.023373382,0.0042846296,0.0033237126,3.0179447396720964,1.5002990975566655,-1.1901689825300903,-1.2508301608222978,0.003215468421920785,0.0033074615244979874,0.02497323784995363,0.02498632456108621,0.02346049557618476,0.02354782968076211,0.003059400847688858,0.0031872818987412534,0.0032817393648322452,0.0033050499170856687
2025-06-04,0.0020251994,0.02472511,0.0010859721,0.07112905291009597,0.023435798,0.0038379747,0.004100641,2.912455628444192,2.04159466582605,-0.8914634282940914,-0.8221686944591288,0.0029699165395926557,0.0032215922629785223,0.024922049068606116,0.024968831759082,0.02345540038479204,0.02354032722359982,0.003220020232579092,0.0032308568518863803,0.0034506782939991167,0.0033583282564692294
2025-06-05,0.003635181,0.025851598,0.0018486679,0.09524128385155473,0.023478147,0.0038743366,0.0037533343,2.649381136834104,1.2540983392355567,-0.3946666750133109,-0.36787872501313573,0.003107160271390305,0.0032492890710703543,0.02511381452617778,0.025027947974042564,0.02346009292578199,0.023536163176095477,0.003355005355464926,0.0032739487657692684,0.0035131160655087292,0.0033847806284464255
2025-06-06,0.0029166308,0.025445605,0.0015558876,0.05808791828021187,0.023629628,0.003256835,0.0031436903,2.6229088203767,1.978826631277198,-0.9923529910069535,0.3223125175997944,0.003067854146436922,0.0032270119433675374,0.025182262663875202,0.025055917195334846,0.0234950679475586,0.023542422243909025,0.0033347528717282125,0.00327280271098056,0.003436903723087346,0.003368635529956041
2025-06-09,0.0032517079,0.025310317,0.0017203179,0.05495168049794874,0.023830164,0.0029108825,0.0036328635,2.9078133948747404,2.2658748836035527,-0.3030777617875683,1.7946051416334772,0.0031057830749310366,0.003228665756353386,0.02520868021728402,0.02507295359284929,0.02356419813311445,0.023561691463518924,0.003247308630265222,0.0032485659949659683,0.003477330125675277,0.003386330087857591
2025-06-10,0.0038964963,0.024092682,0.0017269248,0.20493214913782043,0.02375198,0.0032764531,0.0034106039,3.4326056911420006,2.6533830355899957,-0.5356255860262518,-0.7607765231969095,0.0032689067888350717,0.0032733883672544065,0.024978450311393636,0.02500730771710319,0.023602937370307664,0.023574434497044622,0.0032533211232987544,0.0032504335123465906,0.0034635645303232186,0.0033879556291647357
2025-06-11,0.0036097178,0.0256572,0.0016222743,0.14830990104497377,0.023346402,0.0031003777,0.003534113,2.993841775673632,2.238677529413951,1.3648540408428396,-0.8249109951111602,0.003339215926038673,0.0032959113448015795,0.02511847587551343,0.025050829013787315,0.023550014206986696,0.02355916382621314,0.0032217689838398306,0.0032403847261925703,0.0034781186542605135,0.0033977433548687073
2025-06-12,0.003919459,0.02569189,0.0015903444,0.08884314905973256,0.023637332,0.0027274843,0.0032793975,2.946183116617584,1.6019511653499876,-0.6340334332142615,-0.5921932076218704,0.0034589197562863235,0.0033376684624272456,0.025236770748202582,0.025093758898473217,0.023568027826335377,0.02356439851645468,0.003119798319848899,0.0032060373210557906,0.0034371225840322686,0.003389818086800123
2025-06-13,0.0046074465,0.025086442,0.0011692834,0.086615652375584,0.02379705,0.002871409,0.0036021518,2.7450106009230097,1.814914323759444,-0.7971657493974907,-0.9710901042723047,0.003695860217699138,0.0034227016984611554,0.025205758008296098,0.025093268908248128,0.02361527500473579,0.023579978498254234,0.0030685557458960426,0.0031836282673699387,0.0034711680160189593,0.0034040374376212656
2025-06-16,0.003501081,0.025601571,0.0017163724,0.05816659292876447,0.023729553,0.0037372108,0.003482323,2.590604460456284,2.0574919536753415,-0.5016472038188176,0.10985568075691839,0.0036556773485345298,0.00342795051964173,0.025287414108134672,0.02512730840724259,0.02363885058709578,0.023589995085057436,0.003206498923965985,0.003220700030956546,0.0034734692641765845,0.003409279981316738
2025-07-03,0.003118927,0.024803258,0.0013711764,0.10989987166491577,0.02399349,0.0035793865,0.0033208278,2.684625806873928,1.6787841801485555,-0.556516082407835,-0.8369153831861081,0.0035449460116854345,0.003407256131757941,0.025187533056428398,0.025105607752931466,0.023712012565869096,0.023617015950108466,0.003283425436822563,0.0032447201914312636,0.0034419794201715303,0.0034033566065125764
2025-07-07,0.0033086592,0.025105791,0.0011213714,0.03658218622524878,0.02349295,0.0034667256,0.0036739262,2.7131077371479657,1.288371337933,1.6494283618411205,1.7604105758930915,0.003496200163950687,0.003400653389296216,0.025170669747515584,0.025105620035584423,0.023666819884669423,0.023608707563198775,0.003321240160412708,0.0032595872283175593,0.0034898299247618247,0.003421475844688629
2025-07-08,0.002688663,0.024898479,0.0013953338,0.06881125863298698,0.023849437,0.0026050818,0.0030833117,2.63199934553423,1.2267539437587733,-1.1086717449186383,-0.861137322960342,0.0033296056883523675,0.0033529735282502764,0.025114516890230608,0.02509174840411737,0.023704493702245703,0.023624828494318934,0.0031734970608916324,0.003215756955664576,0.003405965432904419,0.0033988300048765968
2025-07-09,0.002452113,0.025238547,0.0025407644,0.19550176956682097,0.02360304,0.0020244492,0.0035282883,3.145213050955899,1.4153695612312396,-0.7172949511392154,-0.017074177601181014,0.003148579401515213,0.003292645591430812,0.025140104334454218,0.025101579098682356,0.023683564006401075,0.023623369432586073,0.0029364490864592576,0.003135978637449525,0.0034312005828017198,0.00340749944181462
2025-07-10,0.003202011,0.025256023,0.0011024923,0.062162650576279344,0.023704045,0.0020995568,0.0033444657,2.4615999077300263,1.0985197065695613,0.5171368790882351,-0.5795818668636076,0.003159602334925257,0.003286576071363262,0.025164018255181133,0.02511192173206793,0.023687789125760486,0.02362877200190494,0.0027637986579410446,0.0030665725707312626,0.003413307231510828,0.0034032782637476184
2025-07-11,0.0027611712,0.025264682,0.001457553,0.0879415208472265,0.023242852,0.0036088948,0.0030629335,2.899158976219465,1.7502969876038337,0.6084545901704997,-0.9496517276111465,0.0030774062012309915,0.0032513912788546466,0.025184785184000434,0.025122151646846915,0.02359599877282948,0.023602928075070955,0.002938141540782239,0.0031028902658546196,0.003341025304792688,0.003380486389762797
2025-07-14,0.0038163117,0.025178697,0.0011930628,0.05266441812243072,0.023428377,0.004292222,0.0035294471,2.645713933966114,2.278303854151211,1.129686456246968,0.5493488340863601,0.0032298420197199485,0.0032892223103697213,0.025183529186634943,0.02512593831732551,0.023561418440586658,0.02359123889594916,0.0032174876696988213,0.003182536267925711,0.0033798966284032624,0.0033904618449724627
2025-07-15,0.003890797,0.025137201,0.0009045809,0.08465902591944374,0.023465676,0.002134797,0.0029828437,2.6590543992501727,1.9704388892637634,-0.7054107870029119,-0.8897127844140106,0.0033661966907261747,0.0033295079697225455,0.02517397169611025,0.025126692542248693,0.02354166687355598,0.02358283034004833,0.002994129139675478,0.0031123722988475647,0.0032979848113647583,0.0033631648750164275
2025-07-16,0.0032909343,0.025798483,0.0009271835,0.14354365325420426,0.023756364,0.0039977827,0.0034847222,2.2934911020246127,1.2938720122116723,0.9040546356792138,-0.47448128295470515,0.0033506700898942245,0.0033269248034654784,0.025302808012566586,0.025171680327490585,0.023585958852175105,0.023594451394261334,0.003201182343521456,0.0031716655854075342,0.0033365086419601315,0.003371305207225975
2025-07-17,0.003633899,0.025096944,0.002184436,0.13513381734567864,0.023720888,0.004051486,0.0033821543,2.5622089734608875,2.0965913526553193,0.6760663576155024,-0.4085352585047242,0.003409100047688835,0.003347481941439007,0.025260338292941074,0.025166675432559862,0.023613794751240383,0.02360291850369695,0.0033765995468413505,0.0032305845285814467,0.0033459253119920655,0.0033720317368214603
2025-07-18,0.004468926,0.025360772,0.0014860173,0.08845354645026071,0.024229173,0.0027886936,0.0034389428,2.687029276512527,1.5198037578121844,-0.26687329486169514,-0.15502168855739532,0.003627741631355553,0.0034225817105071684,0.025281057793552268,0.02517967352489651,0.02374074688130827,0.023644856868215818,0.0032553148683362844,0.003200992417980998,0.003365114777623915,0.0033765125727569763
2025-07-21,0.00326694,0.025158037,0.0017164617,0.06561295786503052,0.023780731,0.0027619004,0.0034910783,2.7728865082643495,1.258955875901942,0.8664997004969353,0.8214213642067895,0.0035533084225840604,0.003412158843621376,0.025255678565444147,0.025178224558081583,0.02374899568387295,0.023653955984780654,0.003153523728195347,0.003171587740768058,0.0033911009799699313,0.0033841846948139713
2025-07-22,0.0035307077,0.024477007,0.0013977534,0.11364109337664208,0.023397056,0.0036566048,0.003004595,2.8629036276984112,2.950942616284876,-0.8635154349699197,-1.2261698078066863,0.0035486459004439017,0.003420097704280142,0.025095039003732972,0.02513126610706374,0.023676390791810397,0.023636752187166533,0.0032573090872359666,0.003204067881804493,0.003311364986978701,0.0033587647044124205
2025-07-23,0.003203283,0.02524208,0.0013157836,0.1038716933726368,0.02363151,0.004650276,0.0032289114,2.547602720012111,1.1961844996044857,-0.9711652341695094,-0.6464128673421882,0.0034773977289547825,0.0034055782764340686,0.025125373672065517,0.02513868704304335,0.023667131782936293,0.023636401092955586,0.003544677460488562,0.00330091612342688,0.0032943548618539994,0.0033500688191867413
2025-07-24,0.003815666,0.02464323,0.0014702308,0.09284395972834081,0.02389718,0.0031600446,0.0030121058,2.7882338807327245,1.1874732655407156,-0.55377317595003,-0.6748306384122312,0.003547182310600069,0.003433040629439848,0.0250259075459678,0.025105507721554367,0.02371459067796389,0.023653864698579788,0.0034653278935503472,0.0032914823756369604,0.003236127033506809,0.0033274364483316045
2025-07-25,0.0031930401,0.02444508,0.0019434051,0.13757996126594496,0.023291957,0.0030791124,0.0035272152,2.319941451693208,1.4601373745169999,-0.4354489200730605,-0.29206465277039656,0.003474122968225677,0.0034169685150047696,0.024906082977528343,0.025061280803650565,0.023627401496854585,0.023629628798111268,0.0033856518375542043,0.0032772605927657776,0.003296178372511111,0.003340815034777502
2025-07-28,0.0037966126,0.025040604,0.0012555297,0.04991648008300853,0.023778504,0.002401635,0.0035313994,2.452749054017852,1.3981432771235536,1.2149467132432803,1.00186384882702,0.0035406524119139453,0.0034423921443969938,0.024933834629632726,0.02505989615162695,0.02365857381440757,0.0236395985089906,0.003182649692018554,0.003218622569684601,0.0033447043500203053,0.003353577900634786
2025-07-29,0.0029058505,0.024522161,0.002134551,0.18364645588766382,0.024081632,0.0034876622,0.0036120343,2.3927428892917946,1.1056304006149955,-0.6362370526811592,-1.021041981170367,0.003409693117887126,0.0034064615576675,0.02484890659932113,0.025023885644626105,0.02374585059767648,0.023669200202667787,0.0032455736077327112,0.0032366393475050485,0.003399854368938105,0.0033708859495477
2025-07-30,0.0038461487,0.025334865,0.0016985419,0.10782640762555018,0.023800524,0.0035908448,0.0038866857,2.4088634946070053,1.4597983397218974,-0.747467625368165,-0.9902736586481995,0.003499733680573649,0.0034359060920882653,0.024949159531822713,0.025044710992026546,0.023757129681843837,0.023677994561277275,0.00331680287400236,0.0032603594273360524,0.0035002874178476947,0.00340542751624856
2025-07-31,0.0020684886,0.025399316,0.001227808,0.11095240143274598,0.023723708,0.0028714992,0.0034176153,2.58664022747863,1.2895756177649902,-0.7997316442816121,-0.5153788390551689,0.0032044685785879573,0.003344334235051261,0.02504202659553003,0.025068457835445063,0.02375023490253144,0.023681055884701326,0.0032249369528577236,0.003234318618792234,0.0034832322061189376,0.0034062436965423154
2025-08-01,0.0030678895,0.025521293,0.00153878,0.12386690648480936,0.024231208,0.003367024,0.0032542306,2.6179554803106004,1.0083450336456767,0.04766280174148244,-0.05807718676434635,0.003176292383139773,0.00332582155704427,0.025140899060967104,0.02509878287066102,0.023849459500300353,0.02371789795876559,0.0032542494376361416,0.0032432055017267885,0.0034359892951969454,0.0033960638342096327
2025-08-04,0.003566426,0.025431274,0.0014793441,0.06433437373495865,0.023734525,0.0027623088,0.0031472864,2.487740588071358,1.274427090620309,1.0772785281471862,2.4518953328714197,0.003256776741479859,0.0033419341162880143,0.025200803156057664,0.025121048773790868,0.02382574854158787,0.023719011411668885,0.0031527623448884125,0.0032110012888957205,0.0033764300321267346,0.0033794039511860713
2025-08-05,0.0028323717,0.025226511,0.0013960731,0.12658818666007,0.023907678,0.0037095079,0.0028995317,2.3575221991374344,1.322618988865596,-1.1284019052891348,-1.2576542003862072,0.003169222213221162,0.0033078102484252895,0.02520610668336484,0.02512811126768378,0.023842650587394827,0.023731645862199956,0.003267618654556681,0.003244384783551263,0.003278046165445336,0.003347268344804881
2025-08-06,0.0039069825,0.02471279,0.0015863603,0.06532956856333882,0.023632308,0.0032874707,0.0030255844,2.624702036071512,0.9634191892500363,-0.6383192794449907,-0.9112995968584416,0.003321421769281242,0.003347935020676622,0.025104335670575767,0.025100298431693136,0.023799257118846215,0.023724993534096767,0.003271714114218285,0.00324727011625217,0.0032259634336574057,0.0033257261325821655
2025-08-07,0.0025450033,0.02369156,0.0017790725,0.1513683560060589,0.024238726,0.0026396334,0.0030105354,2.624225753464361,1.2525317518131085,-0.25887893055352884,-0.1800826268331214,0.0031612470502520263,0.0032941650862515284,0.024812880629943516,0.02500595938033968,0.023889919343490277,0.023759396668803848,0.0031413161892667007,0.003206578501161082,0.003181520739473151,0.0033046187507778852
2025-08-08,0.0037715354,0.023985289,0.0018882549,0.0995962115003427,0.023874579,0.0020697927,0.0032525442,2.2554808929291434,1.7292103171824253,1.1738543389801748,0.17636259458565534,0.0032871492062586387,0.0033261331449941766,0.024642148919666252,0.02493760814083437,0.023886754638179776,0.023767110084783973,0.002920261459148766,0.0031304513574799443,0.0031961728435695516,0.003301131474397373
2025-08-11,0.0039071455,0.025047237,0.0010259146,0.0599087621921921,0.024099952,0.0028470675,0.0031884154,2.7218342235866846,1.5947679780711206,2.2282146241701906,2.014570454529837,0.003415054108670335,0.003365041802056089,0.02472571838860903,0.024944949661157567,0.023930737061321705,0.02378939948601795,0.0029051615933855216,0.003111473991384893,0.003194572493330733,0.003293583218130836
2025-08-12,0.0037162842,0.024348075,0.0015255067,0.07253943351960779,0.02364418,0.0034437329,0.0032709164,2.538262360183256,1.530272765779159,1.512715677082753,-0.6350665474977816,0.0034771977131872757,0.0033885634531070396,0.02464781066752615,0.024904978721896516,0.02387162030581398,0.023779674511584102,0.0030162685619345357,0.0031337243736976666,0.0032103222027564378,0.0032920652896601408
2025-08-13,0.0039259586,0.024984999,0.0021386596,0.05616388365014602,0.023896812,0.0029908647,0.0036173044,2.498152571935796,1.0940210251234537,0.6380116148252823,-0.4000080227165168,0.0035697768580648685,0.003424551201693214,0.02471737236651896,0.024910337415659064,0.02387681724211214,0.023787518827287312,0.003011027755060542,0.0031241574875778247,0.0032942824112899213,0.003313845578391856
2025-08-14,0.0030372094,0.024289986,0.0014438307,0.11459819745379929,0.023983855,0.004010122,0.0037488712,2.64494912649749,1.171801989722549,-0.5423273069141075,-0.21925590656381325,0.0034599084694696717,0.003398612079293411,0.024629202808386975,0.02486879434510373,0.023898899034099814,0.02380066686006458,0.003217140331793618,0.0031834878674357227,0.0033880638296437567,0.0033429779397431128
2025-08-15,0.003473168,0.02447281,0.0018937361,0.18218740842640857,0.023408562,0.0022507969,0.0020322723,2.6377437120632266,0.9665656102392172,-0.281736287765813,-0.5945983092503121,0.0034626439049159877,0.003403604866679323,0.024596939121944494,0.024842276480079507,0.023797742750520105,0.023774408766896418,0.003017784186472365,0.0031210283423496812,0.0031083647470776985,0.0032552039030591634
2025-08-18,0.0034241725,0.024731427,0.0016006303,0.03333746568520357,0.02402249,0.0029705872,0.0035591123,2.2617009890726396,1.1039515106990363,0.24433370858327663,2.2124139775281386,0.003454707278958938,0.003404982221060745,0.02462468398938592,0.024834853250878797,0.02384410794575679,0.0237910220106122,0.0030080474790441427,0.0031109537510626327,0.0032013537334597956,0.0032755557403204394
2025-08-19,0.003550731,0.025210077,0.0014392636,0.07696964088444169,0.024197254,0.003190669,0.0030382026,2.475861983945141,1.2320754270485048,-1.12917511572577,0.14186779598822272,0.0034745169450675776,0.003414742588228095,0.02474545024781735,0.02485998085904734,0.02391696185906024,0.023818226173777296,0.0030457222024077493,0.003116292042698094,0.003167695749778461,0.003259660913594569
2025-08-20,0.0036901578,0.024202771,0.0012376123,0.09918458363694904,0.024039447,0.0026681195,0.0032735022,2.517368083979468,0.7967152072714406,0.22989889398615931,0.3579336133495365,0.003519003536746433,0.0034331863199842253,0.02463349590445797,0.024815969513323502,0.023942230542665845,0.023833040691317347,0.0029678229637868808,0.0030862792683268242,0.0031895235699757538,0.003260587824816368
2025-08-21,0.0020027547,0.025666177,0.0007133457,0.2037033884986016,0.024722813,0.0032695397,0.003095314,2.477597023756017,0.953012072808453,0.39011599010229464,-0.16886822904571214,0.0032062022022067522,0.0033373945945430286,0.024846537527572255,0.02487290538354761,0.024103264230591292,0.023892626060771725,0.0030300669637119324,0.0030985516698885393,0.003170088165988483,0.0032495199249410896
2025-08-22,0.0033739388,0.025404284,0.00079323404,0.16962620119328475,0.023572309,0.0038079189,0.0035010409,2.462852448809381,2.9519458920033563,-0.034879492152209826,-0.3544962802644024,0.003240806183485266,0.003339841853704173,0.024961600285438645,0.024908490204911014,0.023993728433968325,0.023871175381613277,0.0031905374022423954,0.0031460558689874627,0.003238363532895681,0.0032663635295955232
2025-08-25,0.0031450307,0.02512667,0.0014548827,0.05243222677747916,0.023975419,0.0029581564,0.0031418754,2.9379039071853263,1.6538869624668926,2.8013546855259506,1.8744154463390077,0.0032210477515506237,0.003326795933503263,0.024995653989111525,0.024923101023355352,0.023989951182735232,0.02387815625689094,0.0031425973239749354,0.003133472803744037,0.003218458077454402,0.0032580269305467965
2025-08-26,0.0037622638,0.024676409,0.0021971106,0.11227815406973896,0.023160094,0.0027980402,0.0037374676,3.2260516785613125,2.097902472689225,0.045556896348757314,-0.8410787675938485,0.0033327003386389685,0.003355957914117412,0.024929793837111264,0.02490658077100423,0.023818752163974673,0.023830069802127336,0.003071515363234609,0.0031110098833619635,0.003325529463591868,0.003290133636171556
2025-08-27,0.003925762,0.02505366,0.0022316938,0.0769105529518277,0.0237674,0.0028151465,0.0028319801,2.8633364902680323,1.8844773761767852,0.8207259864948743,-0.2862863532659045,0.003455048676166169,0.00339411599848495,0.02495534724872161,0.024916430190412363,0.023808158349506673,0.023825873028648685,0.0030186265943447526,0.0030911967953108233,0.0032237104936885643,0.003259452465802815
2025-08-28,0.003302645,0.024901653,0.0013985902,0.12085483398754648,0.023477225,0.0034407792,0.0026270445,3.0608578395401738,2.2680031150634075,1.8145697453402758,-0.3194329084888652,0.003423607865191987,0.0033879904552187538,0.024944270093347237,0.02491544058666609,0.023739886897877364,0.02380252508859314,0.003105716448277043,0.0031146072810319145,0.003100618602813896,0.0032171019928892825
2025-08-29,0.0033488318,0.025056526,0.0018174024,0.08288944410394072,0.023741793,0.0032599159,0.0025574847,2.726735421399548,1.4408622909878657,2.082026104588645,-0.45905954487560263,0.0034081815993532738,0.0033853681162752452,0.024967428441228096,0.02492488865907919,0.02374028010252353,0.023798458034765154,0.003137527705501078,0.003124338161769473,0.002988570357305397,0.0031729293937693566
2025-09-02,0.0034525828,0.025498817,0.0015683701,0.04007920837706136,0.02361159,0.003140506,0.003053218,2.5779383548406503,1.8181273939054803,3.080554709828441,2.3431050717717348,0.0034173415334742404,0.0033898692792521785,0.025077053568483564,0.0249633229059654,0.023713731456984515,0.023785944059328008,0.0031381421470852195,0.0031254208803444673,0.0030019071100118263,0.003164912672715424
2025-09-03,0.003109234,0.025697699,0.0015066604,0.10955344336257966,0.023373395,0.002302208,0.002813425,2.624596201309697,1.3811828204779322,-0.6924949789713866,-0.5858986901449287,0.003353779094777478,0.0033710759687426662,0.025205092356732225,0.025012501863791854,0.02364352026711751,0.023758316896678212,0.0029656893689350566,0.0030702927753499835,0.002963023332335059,0.003141374589074829
2025-09-04,0.0025930428,0.025536086,0.0022028063,0.15105503001292464,0.023568992,0.002704264,0.0025915473,2.6469485236437498,1.950763061670284,-0.8668124597158435,-0.4686134663685734,0.003196839596189163,0.003318973414586216,0.025273376255882357,0.02504756475454799,0.02362814503644653,0.02374563834603574,0.002911757431706894,0.0030457809163967776,0.0028863880270803416,0.0031045543019204754
2025-09-05,0.0029237154,0.024652561,0.0016285072,0.06809423371869205,0.023478705,0.003146954,0.0029808315,2.5700974402812826,1.5158891500244085,-1.026306063983482,-0.3122042432863623,0.0031404942169345213,0.003292504167375823,0.0251453024307902,0.02502111254634896,0.02359731572547547,0.02372776264758969,0.0029602783834753454,0.0030525561827513085,0.0029058716751196698,0.0030962689590003996
2025-09-08,0.0032426617,0.025038568,0.0012447638,0.051550683800748676,0.02367957,0.002547221,0.0031125068,2.644568509231573,1.2106858000199816,0.9155662645666063,1.7947819242076781,0.0031615713171863806,0.003289166367166395,0.025123283236365267,0.025022281506151607,0.023614284607755227,0.023724535287532485,0.0028750648677767355,0.003018715398995698,0.002948500396798772,0.0030973563599679473
2025-09-09,0.0036481982,0.025676452,0.0027452658,0.08871473105488192,0.024065448,0.0035404384,0.003158893,2.722855831245668,1.5648516083929678,-1.022814675493829,-0.7368707130052231,0.0032619621891545455,0.003313209655604097,0.02523740158366097,0.02506608932193241,0.023707359372334244,0.023747365190106517,0.003012331070701727,0.0030536536254130915,0.0029919042740968256,0.0031014772826883984
2025-09-10,0.0038788703,0.02390407,0.0009739138,0.25011818519792783,0.023627575,0.004406355,0.002754977,3.049061246256177,1.382774648608593,-0.3175598788580975,-0.3380458833089089,0.003389230003906915,0.0033510902554560852,0.02496233603251719,0.02498827238145307,0.023690899998733892,0.023739343232037975,0.003299917444322022,0.0031442399801529684,0.002943026296487668,0.0030782731935128167
2025-09-11,0.0032587869,0.02515689,0.0014786657,0.12052316850602562,0.023518642,0.002080004,0.00313404,2.821580319369852,2.006499506632069,-0.3354876609249181,-0.21916635921961836,0.0033623196524902635,0.003344908973373284,0.025002472230235852,0.024999564139394522,0.023655363348914042,0.02372456355826331,0.003048249934941995,0.003072971277837912,0.0029824323084330162,0.0030820077249693015
2025-09-12,0.0031564117,0.025076987,0.0017385222,0.10762645843565233,0.02407585,0.0024248771,0.0028844408,2.6331292061427,1.508769829731844,-0.5734795889821227,-0.26304415017412586,0.003319840949032872,0.0033322858744944976,0.02501784463380948,0.025004748931611698,0.0237421096980596,0.023748088216925915,0.002919648454599545,0.003029570352019839,0.00296221671643253,0.0030687772605413888
2025-09-15,0.0038810065,0.024875,0.0010701023,0.054690638801191516,0.023768948,0.0033820563,0.0034711699,2.5938565812095797,2.0195709186707123,1.6797828471861842,0.35372737101936874,0.0034356091073664175,0.0033690320533748077,0.024988375885581407,0.024996060041793455,0.023747646506312965,0.02374948516038503,0.0030150429401967836,0.0030531752783360027,0.0030672134809254102,0.003095724288725131
2025-09-16,0.0025053353,0.024903229,0.001770164,0.2013339991663623,0.023697255,0.004191386,0.0028105213,2.729064604813231,1.4944326832459354,0.9894535517608107,-0.8704989392409856,0.0032436941016173895,0.0033111928627907383,0.024970810026051917,0.024989843391580183,0.023737250802052343,0.023745987474798738,0.0032577219045473887,0.0031293978485642947,0.0030142580157401164,0.003076625096701897
2025-09-17,0.002895849,0.024618624,0.0018371933,0.193697970737566,0.023630327,0.00307558,0.0031463173,2.8885455494261927,1.7142388927546681,0.5611228567177962,-0.18845608197536348,0.003171933852163546,0.0032833785307272746,0.024898154188369385,0.024964983924590855,0.023715192398252975,0.023738242012940294,0.0032201461486797743,0.0031257938357869205,0.0030415017811206498,0.0030812921765303388
2025-09-18,0.0032690584,0.026260648,0.0009271747,0.1468724270592371,0.023585193,0.0029559392,0.0030780071,3.292350387493892,1.5855643386225426,1.2195358844499256,-0.33792431406353446,0.003191970599296698,0.0032824195557102586,0.02517923592912295,0.025051750666521322,0.023688373561718434,0.023727992768964663,0.003165640384867163,0.00311441917594597,0.0030490328173047023,0.003081072187412025
2025-09-19,0.0028613303,0.02454544,0.0013212751,0.1101431197526509,0.023273584,0.00334583,0.003293745,2.7588118133076693,1.447793268796275,2.155751346136162,-0.4312116731471981,0.0031237596765067224,0.003254220466999604,0.02504848425521033,0.025017844585987343,0.023602802590484313,0.023697562339709786,0.003202813387135308,0.0031299160598858857,0.0030995168091727254,0.003095314248573677
2025-09-22,0.0034111273,0.024548287,0.0014483278,0.05750009327461503,0.023264935,0.0028337135,0.0033136345,2.6711844076701965,1.7621925752200591,1.8604142812766606,1.6416983274562624,0.003183043456668495,0.0032647280451571603,0.02494529373628044,0.024986399690497305,0.023533100733823097,0.023668590597072128,0.0031266682837470298,0.003110080263533407,0.003143689185371113,0.0031099345056860937
2025-09-23,0.0042284452,0.024968881,0.001250898,0.1595169694674533,0.023423413,0.0038043852,0.0031269977,2.33651286142846,1.3283142821005982,-0.001784703071542581,-0.49326361809688457,0.0033987092938055643,0.003329265302408336,0.024950159809391474,0.024985226526918623,0.02351047217380961,0.023652171774447464,0.0032664809263626424,0.0031565757878498973,0.0031402457476272056,0.003111077179006759
2025-09-24,0.0038199876,0.024970662,0.0013983335,0.09062606189326583,0.023544105,0.0022374534,0.0031246885,2.4914458237211283,1.754462481410558,0.5759846638738505,-0.16704832185786542,0.0034856187957638973,0.0033621275095779756,0.024954389369334303,0.024984251173994682,0.02351741056067757,0.023644934850434382,0.0030541930803127055,0.0030950249083280287,0.003137036299578291,0.003111988689738326
2025-09-25,0.0036963113,0.025299368,0.0009587084,0.05645369300562564,0.02332264,0.0033886905,0.0026610612,2.688473234365144,1.513129141275877,-0.15337409416294542,-0.497991258297756,0.003529084541393903,0.003384506795970998,0.025025558367312968,0.02500535363369026,0.023477229493747847,0.023623351727578602,0.0031231997281172532,0.003114690816459113,0.0030388428952169,0.003081791427419531
2025-09-26,0.0038287372,0.02464182,0.002112764,0.08997078275688497,0.023802096,0.0033557145,0.0035648209,2.680313951873172,1.705396248235107,-0.5205453074408135,-0.07497216897575987,0.0035909027244188964,0.003414255576277623,0.02494639319920951,0.024981008826773336,0.023544249288096345,0.023635321698400224,0.00317116740171031,0.0031308314510123613,0.0031473518722249533,0.0031141384633663395
2025-09-29,0.0036546208,0.024875106,0.001527114,0.03917526499625146,0.023387209,0.0037560968,0.0033254218,2.946188422662658,1.562253711236471,0.5348334070809874,1.9150907989787904,0.0036040477387691452,0.0034303521191290246,0.024931686747331823,0.02497391685069581,0.023511851872817256,0.023618706305165497,0.003291838032919357,0.0031727036022299684,0.003184087610599592,0.0031282874782859005
2025-09-30,0.0036440718,0.023990614,0.0010067789,0.1676880503142023,0.02403508,0.0037385235,0.0029223321,2.6259413342766424,1.7803097620955748,-1.1422636867453855,-0.2402759439264669,0.003612304671689069,0.003444664283606007,0.02473754400462842,0.0249080680231207,0.023619793437437725,0.023646589566046657,0.0033839890017674113,0.003210594865495816,0.0031300875961663335,0.0031144952658817677
2025-10-01,0.0037409302,0.025525635,0.0012295375,0.09511482302977792,0.02392763,0.0030280415,0.0028949406,2.4409045837974688,2.551835234472965,-1.022140181556581,0.19828107826560643,0.0036388400569793452,0.0034645043278317875,0.024900126784803144,0.024949424643343952,0.023683300135100165,0.02366541006053187,0.0033105572091238346,0.0031983698093958667,0.0030815768848927983,0.0030997923435816858
2025-10-02,0.0052859844,0.024881383,0.0010752192,0.20839370619159459,0.024019342,0.0034695112,0.0031903337,2.1996143718362027,1.7369894830928272,-1.0105244521306584,0.2620901294801681,0.003978645062560685,0.0035864833972886253,0.024896260035230176,0.024944868125102045,0.023752625377715372,0.023689111818082073,0.0033433493272487396,0.0032165273350574274,0.003104013363216504,0.00310585562884716
2025-10-03,0.003403894,0.024278473,0.0014804308,0.07540532754227003,0.02404942,0.0043803435,0.0030490444,2.529506318682976,1.1904707976000994,-0.7220728607505031,-0.485091705861297,0.0038600742010164732,0.003574255925197203,0.024768810917296415,0.024900241644419372,0.023813853933557828,0.023713240573103856,0.003557280675910509,0.003294464620812521,0.003092673295879836,0.003102051151083993
2025-10-06,0.003088949,0.024841685,0.001889321,0.039543064874830836,0.023467215,0.0025285957,0.0030044862,2.612219625439245,1.6291358978340629,0.4354720422938421,1.3337796109819287,0.0037009914808159654,0.00354175637325916,0.02478384477088451,0.024896320270942678,0.023742342458106486,0.02369676496160537,0.003345063514314789,0.0032431766728630816,0.003074480345812213,0.003095517518642382
2025-10-07,0.0041222563,0.024737744,0.0018032745,0.09835417453623152,0.024027918,0.002105359,0.0032227244,2.732883047956044,2.0414752786573866,-0.13283349344971315,-0.6924631661046969,0.003787898191712187,0.0035806307168560632,0.024774334136124097,0.024885700869749696,0.02380125644607867,0.023718941258731092,0.0030893131226105404,0.003166980426334409,0.003105063020923337,0.0031040361844705162
2025-10-08,0.0037459782,0.02476439,0.0013380778,0.09629298283297472,0.024198655,0.0030446847,0.0029649283,2.6819326885636308,1.9305168925641272,-0.49473856959299395,-0.45205299688385847,0.003779250126170403,0.0035917035453337594,0.02477228280270688,0.024877577088061577,0.023883239566787864,0.023751066255519093,0.0030801062922625124,0.0031587906440708187,0.0030761532976954723,0.0030947205442921886
2025-10-09,0.0028421849,0.024365146,0.00043374117,0.2795139363460101,0.024211276,0.0023023693,0.0030869509,3.1044811282675746,1.9450226166971436,-0.05996468510007805,-0.6692683039789066,0.003585934053541584,0.0035415105208328494,0.02468829063526674,0.02484326109183711,0.023950913376970456,0.02378188514697636,0.002919659567193987,0.003101438671062835,0.003078380829693107,0.00309420023196462
2025-10-10,0.0028826077,0.025206512,0.0009537027,0.091077518322211,0.023617128,0.0026745077,0.002306735,3.485222206652998,1.1153309878707176,-0.3572406391249473,-0.47035547169715153,0.003440838206413552,0.0034973857731924133,0.024795199397273364,0.024867586907778613,0.023882053610753195,0.023770851847710564,0.002869084860923215,0.003072848379482666,0.0029191906823823445,0.003041466035099869
2025-10-13,0.0027963896,0.024841843,0.0013763601,0.07609405716338014,0.023779832,0.0030517401,0.0031440207,3.290103269153212,1.6829408453466972,1.1720226587639286,1.523851533867343,0.003307888803698157,0.0034504421584181564,0.024804821983652872,0.024865862926867648,0.023860965310467344,0.02377145321003867,0.00290676654425465,0.0030714348223151965,0.002965572992703622,0.0030483338128954804
2025-10-14,0.0038661165,0.024881206,0.0016815783,0.12328561209952871,0.0235292,0.0031262254,0.0027493313,2.9823032634050386,1.090072766583906,-0.2090781209765816,-0.9208783596749135,0.003423050887187386,0.0034782786266598325,0.02482058005947051,0.02486689043690173,0.023792522277354684,0.023755230229459523,0.0029520407978275,0.0030751039856879146,0.0029209624443082014,0.0030283105087818892
2025-10-15,0.0038964015,0.025940036,0.0015912806,0.07388618812258096,0.023277836,0.0042020925,0.002963267,3.0054372958053808,1.352493084660883,-0.30531326248158613,-0.9901956739788483,0.0035207028689351566,0.003506279064430044,0.025051523313943294,0.02493875581177196,0.023686342752642725,0.02372326056072801,0.003209925813094081,0.0031505750372113036,0.0029296898588935106,0.003023954741850317
2025-10-16,0.003982399,0.025058722,0.001924162,0.2063543713729198,0.023861518,0.0023008129,0.003268967,2.911964186858226,1.1560071994823853,-0.1108870591227626,-0.7679745818935437,0.003615950563644683,0.0035381634005324336,0.025053008424569145,0.024946789596784997,0.023722481340791496,0.023732519256519886,0.0030223762896301487,0.003093669006486703,0.002999682537515929,0.0030403624742537058
2025-10-17,0.0043269447,0.025370372,0.0017131993,0.1404401152430118,0.023485575,0.003933289,0.0027880522,3.057957752803269,1.4848737500263174,-0.26173160907073123,-0.2744118744160641,0.0037626282810550686,0.0035909857248309423,0.025118480458004123,0.024975155673923395,0.02367360766074478,0.023715982129785037,0.003210297120871909,0.003149895851611951,0.002956023309310016,0.003023466009693319
2025-10-20,0.003309109,0.024841625,0.0013716987,0.05695257776355689,0.023871971,0.0038585986,0.0033421523,2.689289521149812,1.5028312309632788,0.24667458223337504,2.074732129735689,0.0036690674950923454,0.0035721092848442523,0.02506136537285797,0.02496621354045414,0.02371452997400778,0.023726428257484198,0.0033440413848476974,0.003197355557751393,0.003035681525313283,0.0030448074798946805
2025-10-21,0.002009207,0.024577484,0.0013162913,0.10028466524224833,0.023739927,0.0026011358,0.0028833554,2.827109566176397,2.364698587806103,-1.2325099638598194,-0.9126754962533624,0.00332663913092041,0.003467446388758851,0.024961540804183432,0.02494018145487647,0.023719769267470905,0.023727332195544085,0.0031907803441579598,0.003157428501171791,0.0030042567187817267,0.003033995514821521
2025-10-22,0.0025073204,0.025160292,0.0010791041,0.13552295664072167,0.02290534,0.002811288,0.002600931,2.740356740671772,1.1481377234549806,-0.925345080250488,0.06646320966999464,0.0031576141019837656,0.003403149621694797,0.025002543105068584,0.024954921610563112,0.02355175302424698,0.02367228586523532,0.0031124912722218794,0.0031342485069941824,0.0029210508551143046,0.003004994486276241
2025-10-23,0.002997171,0.025687596,0.0013824591,0.11854498395326885,0.023744665,0.0032825794,0.002459303,2.614266075897332,1.6396730737460103,-1.1460918003922207,-0.20711787857567657,0.0031245147539961204,0.003375962441265197,0.02514386912176464,0.025003986611174558,0.023591550681173527,0.023677132885142865,0.0031475803553761695,0.0031441817805182536,0.0028257925175918753,0.002968451160583241
2025-10-24,0.0041876654,0.02571607,0.0015451584,0.08164280723219064,0.024119282,0.003144761,0.0032223538,2.538258655824532,1.7933851721086524,-0.769610206577381,-0.02938448478595968,0.0033438421759680132,0.003430319761114288,0.025261913879669085,0.025051672711243884,0.02370042140382501,0.023706742298123803,0.003146998740717197,0.003144220574591084,0.0029076028925788134,0.002985454257867988
2025-10-27,0.0035853055,0.024981458,0.0016014155,0.08811203651273047,0.02378328,0.0034318166,0.002871722,2.5042887189311434,1.1037996538746395,0.4586523529930245,1.9248337179678319,0.0033936559390181477,0.0034406986944496318,0.02520405592558494,0.025046970624674935,0.02371751500257745,0.02371186777111835,0.0032057565122577537,0.0031634800190783576,0.0029002006797964014,0.002977837947651414
2025-10-28,0.0031458726,0.025075283,0.0018290686,0.12719346831803424,0.02425183,0.003941796,0.0028764722,2.271718558947726,1.1836604794639698,-0.6964364727000226,-0.8128089806835191,0.003342538369660596,0.0034209550739105594,0.025177490118454045,0.0250488666131584,0.023827743871009666,0.02374802741507227,0.0033576010278439368,0.0032156014978100044,0.002895305505605373,0.0029710497863518702
2025-10-29,0.0033284123,0.024788368,0.0016711114,0.12521783489790772,0.023555983,0.0026826037,0.0033506681,3.132531799699739,1.2579417066142238,0.7603383007280061,-0.8736266540601487,0.0033396241700674894,0.003414757761559467,0.025097214531860385,0.025031421833362436,0.0237716797169559,0.023735166765589656,0.00321834942648018,0.0031799082272842743,0.0029892465736744587,0.002996471690589692
2025-10-30,0.0036504641,0.025372578,0.0012695563,0.051155822701209996,0.023293937,0.0026820279,0.0033057113,2.6424183485843846,1.26786923793176,4.44025094278662,-0.7808713281334982,0.003403750287731519,0.0034305423110943733,0.02515402183566693,0.025054268029953485,0.02367312156839605,0.02370561890303881,0.003107706572021998,0.003146566669361945,0.003054533083933669,0.003017180543322737
2025-10-31,0.0037727475,0.026284583,0.0013954821,0.10305505463466691,0.02392863,0.003810796,0.0032750026,2.61600487786063,1.1667367541798883,1.5605151336062824,-0.5113136614617607,0.003479874212360462,0.003453458766871371,0.025387255991247484,0.025136658537133625,0.02372583266550654,0.02372055323778868,0.003252753541990778,0.003191048117578873,0.003100015826189561,0.0030344461142182196
2025-11-03,0.0036805978,0.025212979,0.001200041,0.10087645479916352,0.023501154,0.00374839,0.0028715346,2.5528419879029323,1.1379291226876953,2.3986509468858888,0.7488288097292503,0.00352128337423213,0.0034686695856072877,0.025351302728104916,0.025141769486478373,0.023679481582278474,0.023705860729540798,0.0033550030603586266,0.003228371628922181,0.003052880259973742,0.0030235364144056065
2025-11-04,0.0035035922,0.024957927,0.0014229934,0.12465066353500609,0.02353129,0.003531971,0.0031229355,2.532100875414441,1.3576018777012373,0.7700399310414632,-1.2927459663289833,0.0035176336982550337,0.003471008249906896,0.02527014951073248,0.02512945810137351,0.023648909689599363,0.02369417023469611,0.003391511456326261,0.0032487027715814927,0.0030673326268276352,0.0030301928763062837
2025-11-05,0.0025175253,0.024675852,0.0011324637,0.23337630391196296,0.02432319,0.003591511,0.0030711305,2.743575757066258,1.3021367235307044,0.8104841151632208,-0.650649658279853,0.003311311869884783,0.003407156351776109,0.02514754618245044,0.025099081436836035,0.02378801328687134,0.0237362937819389,0.003432771243145344,0.0032716596086212624,0.0030681161232196177,0.003032934345574849
2025-11-06,0.003481553,0.025135294,0.0013542906,0.2017488600518913,0.02395302,0.0033684296,0.0027124363,2.4999594615095453,1.6239950144958466,0.5032410672010459,-0.29537943210063616,0.003346432512308464,0.0034121384684706185,0.025145018481742807,0.025101506457270217,0.02382205420313882,0.02375080732676748,0.003419497597405936,0.0032781400059069695,0.0029947395531175467,0.003011471547110676
2025-11-07,0.004204585,0.025445446,0.001493001,0.08609956408564745,0.023830526,0.002311923,0.0028658337,2.542273429565288,2.0646805534467876,0.21206609617247416,-0.827408920816147,0.003523468963899159,0.0034652062565819603,0.02520699659748921,0.02512453908445291,0.023823801843124673,0.02375614581951005,0.003191005556096593,0.0032134353485489394,0.0029681463425920746,0.003001718615901308
2025-11-10,0.0035498973,0.025475478,0.0011436308,0.06983492218595522,0.023909558,0.004113716,0.0033076643,2.633591249523906,1.3620452269322654,1.4464683852263591,0.8953381489015709,0.003528921124974577,0.003470877765402273,0.025262384128303558,0.025148040400371826,0.02384149321287965,0.02376641934823238,0.003381360250471654,0.0032737244554648845,0.0030381887188814156,0.0030222068832010903
2025-11-11,0.0035403308,0.025315864,0.0016002647,0.1276009697733691,0.023849798,0.0036129463,0.0033436029,2.5677129039753788,1.3138614366462795,-0.4829856832545703,-0.6785544143705287,0.003531274934785882,0.003475528827310862,0.025273417000107396,0.025159279045568302,0.02384320656168818,0.0237720029916495,0.00342913632103838,0.003296441124469393,0.0031011954986967694,0.003043729811320505
2025-11-12,0.0030761864,0.024651153,0.0010031246,0.175986625997949,0.023363074,0.003397783,0.0036485246,2.59279627358048,1.1043941840170146,-0.011950381948656849,-0.9177894019908723,0.0034373904101782015,0.003448786059844659,0.02514504426689083,0.02512525136525231,0.023744155526121254,0.023744618259676106,0.0034226681539365512,0.00330322768882772,0.0032141092123033474,0.003084231111615017
2025-11-13,0.0024620877,0.026175084,0.00053894205,0.3849457365895971,0.02417032,0.0035772393,0.0033021609,2.6176338309816463,1.542691497849595,0.17956379421338203,-0.5484802448058003,0.0032361859667907602,0.00338270982006995,0.025357540837986726,0.02519555548890162,0.023832073132169528,0.02377312626393845,0.003454556109507565,0.0033215774297764606,0.0032322742257207904,0.003098825216481324
2025-11-14,0.0038295966,0.025744805,0.0013106541,0.06468003811111289,0.024288716,0.0026888708,0.0033082436,2.673336378846004,1.5247374934890252,-0.3188692664753908,-0.40525279087694627,0.0033586062609063222,0.0034126364884444343,0.02543743325412007,0.025232337093092274,0.023926278273259178,0.02380765375240732,0.0032965956257294256,0.003279206957219658,0.0032479466643519734,0.0031128493380637827
2025-11-17,0.0027552417,0.025176015,0.0016087298,0.06914497547198539,0.023954619,0.0034599437,0.0031873542,2.5974451383264214,1.7932978246620668,1.1004614873251333,1.6344086605383445,0.0032341324696360868,0.003368612726175393,0.025383502754468795,0.025228565354345835,0.023932124892969128,0.023817495556783242,0.0033302942457316643,0.003291310355618321,0.0032354464684363243,0.0031178387050076295
2025-11-18,0.0031793923,0.025934359,0.0011590593,0.16933105224290357,0.024021335,0.0025194616,0.0033958256,2.8551265151683487,1.2913145975026645,-0.04879375097476762,-0.9335929547501995,0.003222839603850872,0.0033559412010792863,0.025497144120297827,0.025275830247321118,0.02395052888001842,0.02383114607089647,0.0031630198889712013,0.003239621950731699,0.0032685326039683486,0.0031364546573956513
2025-11-19,0.0037018706,0.024317866,0.0018131605,0.1942890900851667,0.023778008,0.0021824907,0.002548373,3.0017047757056163,1.0777071480207954,0.9650986257036648,-0.41330748984703675,0.0033216634386593153,0.003379107055553797,0.025253859703820408,0.025211678260271972,0.0239149379745025,0.023827587593147972,0.0029607372243677247,0.0031688290305056347,0.003119964071207809,0.003097072592854377
2025-11-20,0.003191777,0.025197351,0.0017661933,0.07625819655817334,0.023994002,0.0039375736,0.0028291408,3.3616640507496496,0.9508421463822766,1.5228192481232128,-0.2219749649174933,0.003294867942793647,0.00336656212477121,0.02524220206043452,0.025210718830042975,0.02393124894271789,0.02383873190103662,0.0031622580626611317,0.0032203095571292427,0.003059967373153695,0.003079129998912683
2025-11-21,0.0032067667,0.02621566,0.001963234,0.12631023243901285,0.02402975,0.0031982851,0.00278879,2.621563457970513,1.3759113535797787,2.5612828353189996,-0.23151237838039238,0.0032766926978265195,0.0033558611016115303,0.025443025808799882,0.02527801669734365,0.02395156973678768,0.023851523836929053,0.0031696904259438836,0.0032188346465600996,0.0030040236311323827,0.0030596868001586284
2025-11-24,0.003191144,0.025394853,0.0016372221,0.07794152833110057,0.023907376,0.0029267427,0.003254962,2.5062732164022674,1.710602450502075,2.509892906371332,1.7514633508794228,0.003259044040850649,0.003344830488252321,0.025433087825868523,0.025285840888706442,0.023942452685645103,0.02385526411956095,0.0031195704292076567,0.0031992741198914416,0.003055792068322332,0.0030727637908221097
2025-11-25,0.002622165,0.025341043,0.0009953915,0.13711347980856303,0.023751855,0.0028740307,0.003001077,3.0482196371858423,1.1363783267302883,-0.3320044479249274,-0.7629475421666821,0.0031276562335676855,0.003296435743636259,0.025414099078027625,0.025289537625620185,0.023903132462005244,0.023848339113248095,0.003068915718744971,0.0031774935431563636,0.0030445043992675513,0.0030679631476336227
2025-11-26,0.0034712171,0.024990067,0.0014755622,0.1100615339568809,0.023530561,0.0028335159,0.0031039752,3.0348275402651246,0.9014667417836636,0.11378218120307751,-0.5053346635784802,0.0031985326633605206,0.003308140329426121,0.02532662145983583,0.025269482966062094,0.023826271263753914,0.02382705849558843,0.0030203528540369913,0.003154458387495094,0.00305677319554233,0.0030703747674921075
2025-11-28,0.0032810832,0.02535329,0.0015673764,0.05704471259506849,0.023359098,0.0030102609,0.0033189883,3.1198806342805976,1.714358746578979,0.605880912410934,1.8722101566096943,0.0032155627937538386,0.003306328393795671,0.025332123194656123,0.02527509528183058,0.02372989357034753,0.02379572055034045,0.0030182708835629736,0.003144801911290916,0.0031108680238575446,0.0030870236688420845
2025-12-01,0.0026075698,0.025477568,0.0011500269,0.10865570725403972,0.023652595,0.003336311,0.0031589286,3.209921823178775,1.8815855833137562,-0.16320179319290637,0.5156825616808555,0.0030901341583108527,0.0032595346209279507,0.02536212831705528,0.025288654253143358,0.023713946820331698,0.02378613582936317,0.003083882409866215,0.0031576267077574926,0.0031207828941205796,0.0030918389265482764
2025-12-02,0.0038501224,0.025206622,0.0016737154,0.07503075568903095,0.023504732,0.003152829,0.003575498,4.240029796619265,1.9012043293269612,-0.3108463385144101,-0.6252053098835441,0.003246919342743714,0.003299084520945556,0.025330047391236992,0.02528316078089285,0.023670785949386115,0.02376729106857112,0.003098106033777137,0.00315730541268493,0.0032145903823995034,0.0031242281281733835
2025-12-03,0.0032101546,0.024856327,0.001167869,0.08533564051426556,0.023695054,0.0033401712,0.0031839837,3.646262728813441,1.764243678474537,-0.4653037691959246,-0.2622391087524065,0.0032393347945916403,0.0032931291498323194,0.025232319144651797,0.02525457700627848,0.023675792339063455,0.02376245353689639,0.003148043947026312,0.0031695513863663843,0.0032082762465237705,0.003128229782201561
2025-12-04,0.0040126694,0.024879852,0.0015961118,0.06902232422505428,0.023881722,0.0034828768,0.0031398274,3.151114949685742,1.6185814782873338,-0.5463884487554467,-0.28607144293353143,0.003398873324483169,0.0033413146103081475,0.025159605422018574,0.025229482814359584,0.02371827556964916,0.023770440605256356,0.0032171197907837415,0.0031905338527413794,0.0031941552855809185,0.0031290064400006853
2025-12-05,0.0036553794,0.024771007,0.0019161234,0.13071921396451802,0.023641828,0.00258879,0.0032443404,2.799093378171892,1.3486545667976673,-0.6819443208530312,-0.7676183869040858,0.003451790394026253,0.003362346590088687,0.025079437726130027,0.02519878004574466,0.023702504568576335,0.023761827833804795,0.003087495666885684,0.003150236861040369,0.0032045084523673966,0.003136730011599943
2025-12-08,0.0035098826,0.025038421,0.001204572,0.04140723223432874,0.023455905,0.0024974819,0.0030397528,3.1433857812421793,1.2825397904164215,-0.10026629881851755,0.7692995544680921,0.0034637747865333504,0.0033722266356280097,0.025070976028878252,0.025188041290485533,0.02365163116534984,0.02374134108319122,0.0029657761331354135,0.0031065238127481625,0.0031705194544789524,0.0031302357399716793
2025-12-09,0.0036489938,0.024729282,0.0015458704,0.12226589693922552,0.023914471,0.0019287411,0.003031338,2.727684503404466,1.8749625903048146,-1.1382735556453343,-0.7267744214336372,0.0035019853699414126,0.0033907609041319326,0.025000484661107943,0.02515731953068905,0.02370585494041175,0.02375293509378633,0.0027518363538116073,0.0030276512286828918,0.003141806414131337,0.003123612860837874
2025-12-10,0.003072805,0.025277074,0.0010815837,0.15329531100163074,0.023595892,0.003949637,0.0027969482,2.602895008545565,1.7195864670891194,0.4224897950517518,-0.7501291417954871,0.0034134456862298483,0.0033694683486898925,0.025057544984208476,0.025165339157804473,0.023683169621550957,0.02374241838042416,0.002998942009293083,0.003089393861592873,0.003070662343659325,0.003101737104988646
2025-12-11,0.0029651148,0.024870977,0.0012841875,0.1384054289169503,0.023747098,0.0041721296,0.0028175744,2.464905778132941,1.9588160896789408,-0.6109058109284274,-0.7130121970342596,0.003320955255657925,0.0033423899996932013,0.025019056067111384,0.025145626591678974,0.023696357950681955,0.023742731740513667,0.00324096998321144,0.0031619014320395755,0.00301845043870761,0.003082707580246031
2025-12-12,0.0023635929,0.025086487,0.0014454856,0.09041628920306344,0.023938635,0.0029862064,0.0033025625,2.659124639827952,1.1735987394362783,-0.05473655876396852,-0.12304183531176797,0.0031234518953215146,0.003276842882813655,0.025032966973704704,0.02514166617086257,0.02374633965365147,0.023755850820137356,0.003188412398301109,0.0031501356640378,0.0030770626108522782,0.003097430607601574
2025-12-15,0.0032854637,0.024480555,0.0011133315,0.06698943140899061,0.023393456,0.003368084,0.0033569029,2.923456983252825,1.986002313043684,1.0207105919574184,1.31793598277565,0.003156874838508967,0.003277420190910642,0.024919004716697866,0.025097393547319487,0.023673539919399328,0.023731582315971424,0.0032254785729906475,0.003164731017862929,0.003134793507081601,0.003114806688130937
2025-12-16,0.0038933654,0.025135871,0.0013131762,0.1687186507610441,0.023283934,0.0040243585,0.0027655791,2.99668683952768,2.343231450826297,-0.8659840266521912,-1.3560837317350178,0.003308812450869986,0.003318668197936813,0.024963744121607324,0.02509997026875499,0.023593164468678214,0.02370160466218495,0.003390287074775559,0.0032222976964754366,0.0030586247792364503,0.003091419964570881
2025-12-17,0.0042175655,0.024587726,0.0009747477,0.1351752421131901,0.02307621,0.0037982136,0.0036544353,3.0106715387846004,1.8235423477791146,-0.8586885752807325,-0.5844363926371853,0.003496287732140007,0.0033788646628674355,0.02488617182638596,0.02506566681723951,0.023486517068973697,0.02365972386399988,0.0034744420929894077,0.0032608650586169506,0.003181540171535163,0.003129123415762235
2025-12-18,0.0031871237,0.024741445,0.0008910058,0.10008815242580482,0.0236578,0.004008825,0.0033410524,2.847112007781712,1.3943941080659237,-0.7869085260151295,-0.4340638004526999,0.003432507352052212,0.00336602434325185,0.024856314703911846,0.025043954634429346,0.023521852777466323,0.023659595070754585,0.0035846849926413162,0.0033109536941258086,0.0032144474703467156,0.0031433156690829456
2025-12-19,0.0036173242,0.025318349,0.0010243899,0.20066804988436615,0.023702174,0.003217622,0.0033055283,2.760674354485903,0.9704200767207257,-0.4862076717354371,-0.10193033284975529,0.003470634963943176,0.003382853140733353,0.024951632090842866,0.025062329989516404,0.023559053038532018,0.023662446482739075,0.003508960077797418,0.00330470354570761,0.003233237400262824,0.0031541785645757205
2025-12-22,0.0039243833,0.025198959,0.0012957419,0.04151070180416594,0.024067104,0.0029300298,0.0033148793,2.8688151313350687,1.554181334148339,0.6757469018026722,1.2435773693441334,0.003564243010347081,0.0034191177965761685,0.025002655463769997,0.025071479613171563,0.023663863656344104,0.02368954517693179,0.0033895270579597774,0.003279612763199251,0.0032500800724132367,0.0031649402092208713
2025-12-23,0.0031254943,0.024762478,0.0011035183,0.11032374905566611,0.023642875,0.0023281262,0.0032995248,2.7445331236502017,0.8776673500975115,-0.5410975486923209,-1.2037068031934761,0.0034737293916717637,0.003399454712477956,0.02495310692274496,0.025050786681161074,0.023659533760011897,0.023686419831818167,0.0031705606245281477,0.003215894556184602,0.003260280488503323,0.003173952934961344
2025-12-24,0.003200783,0.02511342,0.0016253889,0.12752542466760586,0.023380453,0.0030481233,0.0031869756,2.424873751346946,1.124359221377601,-0.7519797079415881,-0.9473839483702834,0.00341742067990882,0.003386150257446662,0.024986179541985475,0.025054981084719385,0.023601959497948702,0.023665930132800002,0.0031453018742733374,0.003204659418803166,0.0032451577297559105,0.0031748250242686618
2025-12-26,0.004396288,0.025920853,0.0015921793,0.15124689021697257,0.024329107,0.001881484,0.0031823786,3.101170016858277,1.2979067832479434,-0.3869401727154704,-0.7676085219050386,0.0036193605323795205,0.003453796172927432,0.025179002188620812,0.02511296593785437,0.02375196969770733,0.02371034112073779,0.002884576899649244,0.003116050315467899,0.0032322064278042127,0.003175330864475026
2025-12-29,0.003879883,0.025656123,0.0013469734,0.051405553390855285,0.02369522,0.0027604077,0.0032462082,2.7543228723370365,1.1398987489166135,-0.3357524834208904,-0.3986178316941781,0.003673106199761469,0.003482329939360843,0.02527743190210672,0.02514933952229818,0.023740262122188962,0.023709328458185432,0.002858960868913282,0.003092233996622369,0.0032350949834013512,0.0031800773067453074
2025-12-30,0.0036205116,0.025301,0.0019144961,0.09083029411018939,0.024177419,0.0029272134,0.0031626076,2.636297060829232,0.9679814957474703,-0.8447685219616015,-1.315143425862357,0.00366225596549148,0.0034915835530957527,0.02528229400962763,0.025159495777713307,0.023830447360625805,0.02374067508291557,0.0028730413387547684,0.003081183063716282,0.003220140864146009,0.003178907409439083
2025-12-31,0.0029053676,0.024858108,0.0014872474,0.12032216339498203,0.02334158,0.0039591384,0.0033788157,2.602240656802475,1.5885951936674374,-0.6580315439946265,-1.2239018046622414,0.0035061103022144004,0.0034523264271343395,0.025194784615706053,0.025139312725812907,0.023729594149800835,0.023713948836445623,0.0030971025937013585,0.0031399771069570153,0.003252875402650378,0.0031922946707052847
2026-01-02,0.003870886,0.025318876,0.0017437552,0.06218840234623957,0.023628827,0.0018377048,0.0036624242,2.751202820212782,1.343613498230363,-0.1205259399937854,-0.0069290862280195235,0.003581363347534567,0.0034803561130769003,0.025220384584211938,0.02515133753501114,0.02370880597784845,0.023708248494055274,0.0028372894905297607,0.003052767826110815,0.0033373650962943047,0.003223777836329638
2026-01-05,0.0034187362,0.024954768,0.0016604211,0.11438271678281031,0.023082413,0.002916015,0.0036457453,2.6160832981166524,1.5885879651121824,0.010611869627669595,0.6852660791845684,0.003547813444244547,0.0034762296091444037,0.025165588001499862,0.025138173854447398,0.02357958139046721,0.023666338148450778,0.0028535305188601653,0.0030436098975172962,0.0034009837781349955,0.0032520357376435898
2026-01-06,0.0025802506,0.025363246,0.00069394324,0.23554502502038432,0.02342573,0.0027585798,0.003293937,2.505087553211401,1.720935742654569,-0.4315947017211184,-1.10647422078052,0.003348205741162207,0.0034162285761529694,0.025206364738283176,0.02515324626131389,0.023547841918253046,0.0236502253368742,0.0028339422343295817,0.0030245222841840495,0.003378900098996778,0.003254841744666626
2026-01-07,0.002843834,0.024984337,0.0016210956,0.11487340616197173,0.023592422,0.005453402,0.0033282249,2.3338418999504755,1.8362259115970736,1.1918092961103919,-0.7151068880246287,0.0032441541150389935,0.003377897023333706,0.0251605606130057,0.025141934939463557,0.023557038721314025,0.023646354405926433,0.0033743354426049297,0.0031871771044888076,0.0033684458273316553,0.0032597559935036557
2026-01-08,0.003271509,0.025323868,0.0016123207,0.09747100446842627,0.023137722,0.0036105094,0.0039540925,2.4344859302546795,1.8712085221401689,0.33625122362518467,0.13526569846648898,0.003249797405561499,0.003370772533124362,0.025194250799342423,0.02515411843873096,0.023470533936174952,0.023612292826302977,0.003423058015643294,0.0032155264051029527,0.0034892644291659625,0.0033062536326336836
2026-01-09,0.0024590236,0.02521486,0.0018231736,0.0979303985396709,0.023387114,0.0024425862,0.0033723768,2.543747699728233,1.905927882542357,-0.3231376055191746,-0.17123409247434332,0.003086661188190087,0.003309715435506413,0.025198502511113916,0.02515818613382888,0.0234533243618257,0.02359721324621644,0.0032207872031539794,0.0031637649142371403,0.0034651505695900207,0.0033106817023165346
2026-01-12,0.0033630114,0.025099888,0.0013646471,0.036876710052212935,0.023456253,0.0037830644,0.003132584,2.949596565783235,1.4980792647855536,0.3095963679274186,1.7295115850410363,0.0031436720925357335,0.0033132845071379684,0.02517815848092678,0.025154282111937164,0.02345392856131466,0.023587773567672696,0.00333678469903873,0.0032052375500645574,0.0033965422692791474,0.003298755034598102
2026-01-13,0.0038365652,0.025647491,0.001379641,0.10175567661262042,0.023816386,0.0039931666,0.0032645303,2.831588983030133,1.9560058560825977,-1.053069615474993,-0.19303390785612606,0.0032866155731301454,0.0033483270487436323,0.025274981577446894,0.025187310850227233,0.023528703389314343,0.02360308307428392,0.003472195942147075,0.0032580028021297336,0.0033693082754427,0.0032964631084509226
2026-01-14,0.003644195,0.024996545,0.0009816297,0.19046435229976622,0.023525182,0.0037544738,0.0037305919,2.8601673950653708,1.8178027255768068,-0.6008636381246142,0.18794335996106937,0.0033603840042291237,0.003368140434956328,0.025217540292172567,0.02517453584302218,0.023527976961095744,0.02359786628294743,0.0035304297068773395,0.0032912499767661784,0.0034438408873020093,0.0033255354117088815
2026-01-15,0.003519446,0.025582666,0.002507432,0.12410863505407033,0.02307665,0.0027415685,0.0031648378,2.7552309779320225,1.5777732392202584,-0.5624500675423655,-0.182404024392161,0.0033931983877153148,0.003378272908682316,0.025292865446491893,0.025201867070407107,0.02343486839591853,0.023562961971325257,0.003367688052557743,0.0032544394519228937,0.0033862827044368396,0.003314773975753283
2026-01-16,0.0034452241,0.025467103,0.0014318957,0.08983777250388059,0.023447553,0.0030586224,0.0035137765,3.2762664763841967,1.1160375209990674,-0.24137427419376623,0.10166211975606201,0.0034039312726295355,0.003382756432221098,0.025328810633757956,0.025219629150398652,0.023437485160326864,0.02355523335739914,0.0033039279624098024,0.0032413261669614877,0.003412584600055027,0.0033281005770938654
2026-01-20,0.0035502876,0.025296398,0.0014277801,0.025057026881238897,0.02314697,0.0031164123,0.0032831219,3.2697111008403277,0.9615767896935765,1.759571505527678,4.321817654291166,0.003434124499577653,0.003393975491271716,0.025322123822795924,0.025224770097597653,0.023377552076313982,0.023527893194918877,0.0032652435842389907,0.0032329610603888865,0.0033858765040372754,0.0033250884866929875
2026-01-21,0.0036582171,0.025504053,0.001318949,0.09559186070629777,0.023712672,0.0026334107,0.0034083778,2.515245072768153,1.3604199070909853,-0.7940017185615187,-0.5289710382960592,0.003480354694485942,0.0034116709643419747,0.025359655641888725,0.02524347281391187,0.023446687200786815,0.023540267298356364,0.0031348968005550574,0.0031928109689276676,0.0033905185007492423,0.0033306661199823504
2026-01-22,0.002733966,0.02482443,0.001761167,0.09574888248812752,0.023198308,0.0021052873,0.003164475,2.6063016372723062,1.1480533480879591,-0.9117958880127439,0.49606361326660164,0.003326375120614535,0.003366287097145128,0.02524923872978063,0.02521541072359749,0.023395446789606002,0.023517367335467127,0.002922488897240581,0.003119982760593414,0.0033438858630195187,0.0033195368035504966
2026-01-23,0.0022997318,0.024931198,0.0012659116,0.2440906178923361,0.024030508,0.002720182,0.0030324124,2.930174820313812,1.8358561376982552,-0.9376440133500674,-0.4467037256611093,0.003114579149786652,0.003294863081552797,0.02518362709162445,0.025196377846793905,0.02352645968096419,0.023551730862401626,0.0028807531037588962,0.003093209303897971,0.003279629047298584,0.0033003089398472678
2026-01-26,0.0028315445,0.02521834,0.0011261808,0.09301163860042538,0.023252068,0.0028818091,0.0032410403,3.1336154322054663,1.4361216214229349,0.00448717886489763,1.3621873107251818,0.003056189249222485,0.003263836021796163,0.025190788271461068,0.025197848562179274,0.023469852839549606,0.023531663342815912,0.0028809709630181956,0.003079052467183196,0.0032716682045360176,0.003296339894882883
2026-01-27,0.004036397,0.025495408,0.0016603866,0.12507584366417523,0.023856744,0.0032390447,0.0033313853,3.1089430060974843,1.6980470768960834,-0.9294209486226405,-0.7574766506423297,0.0032584056354471856,0.003315572133259425,0.025253631182455542,0.025217775234459013,0.02354966831756181,0.02355343303333382,0.002954841383889043,0.003089766667506939,0.0032839878140568162,0.0032986867821668134
2026-01-28,0.0028026337,0.024160217,0.0017302308,0.1281960144168034,0.023639549,2.5589135e-05,0.003662962,2.905296666994752,1.8264633737600484,-0.9498994792675308,-0.21664733450017296,0.00316438012085042,0.0032812221795459075,0.02502806051359845,0.025146953756288143,0.023568210566347243,0.023559199933201044,0.0023505381857814272,0.0028845678647866618,0.0033621699894510588,0.003323081203817096
2026-01-29,0.0035382102,0.024573456,0.0012104353,0.169919569195365,0.023634935,0.0029156515,0.003069993,2.7702295187052752,1.5219217037777437,-0.5689265532007244,-0.19005706890379342,0.0032415010649692352,0.0032984318969995334,0.024934275943882436,0.02510854836040483,0.023581975740217195,0.02356427167052516,0.0024671207729957865,0.0028866494453588477,0.0033018940525935125,0.0033061326511967977
2026-01-30,0.0041172914,0.024995588,0.0009437203,0.08356410230430411,0.024073552,0.0027736113,0.0032405313,2.8559352882076072,1.4684466575156774,-0.32565117890614714,-0.311149356198969,0.0034221761547043117,0.003353268469653226,0.024946924540571423,0.02510098372733473,0.023683387734246424,0.023598376673446043,0.0025303496158981783,0.0028790796216456053,0.0032892349511628857,0.003301739525655081
2026-02-02,0.0034403903,0.02534347,0.0014469663,0.06371050854184346,0.023634432,0.0029330975,0.003555828,2.7886654845180243,1.6445387434037355,0.22249378003611803,2.2619623090535015,0.003425933731753412,0.003359102760747954,0.025028731717090236,0.025117222326051368,0.0236732881680272,0.023600791183015776,0.002613436300307696,0.0028826970398809527,0.0033442329583456038,0.0033187550711315608
2026-02-03,0.0031885356,0.025305636,0.001529179,0.11617419692470055,0.02366037,0.0026906207,0.0035773686,2.655813358629953,1.6692430145800454,-0.8993427779937311,-0.7564178396936138,0.0033769586160779263,0.0033476803863151444,0.025085856971864256,0.025129839841359546,0.023670622995307103,0.023604780945748322,0.002629359405572177,0.002869834263367789,0.0033923287117371874,0.0033360736432824336
2026-02-04,0.0030899018,0.025361056,0.0016845869,0.11930509521634569,0.023006715,0.001142287,0.0035149434,2.600229352021012,1.7046107210695574,-0.6868381700792908,-0.6519985690535454,0.0033177389373176243,0.0033304177227551006,0.025142630285171812,0.02514532366288142,0.023533659100420594,0.023564730250493042,0.0023225771597183884,0.002754145594160452,0.0034176240598200913,0.0033480520165694084
2026-02-05,0.0025768548,0.02447894,0.0012985588,0.10379591040727987,0.023150528,0.0034069982,0.0030739044,2.7272855214968508,1.5559658823227052,-0.3936955233694485,-0.3749371729954595,0.003164894925037286,0.0032799538666865207,0.02500571138891694,0.025100697962123757,0.02345461932493716,0.023536992354819916,0.0025462926573118186,0.002797865182533813,0.0033467148810811193,0.0033296931728525134
2026-02-06,0.0036459474,0.025208192,0.0012409323,0.1362947927785385,0.023881115,0.0017118211,0.0029797163,2.6035954876760443,1.0765945016079033,-0.6251601249712868,-0.4695687404326377,0.0032641358049962615,0.003304463361131556,0.025047483021372337,0.025107896512661713,0.023542605162358683,0.023560037220205967,0.002374141607179596,0.002725136057067301,0.003271003263964347,0.0033062562677129716
2026-02-09,0.0034352923,0.02543392,0.0010822357,0.039761637431466657,0.023565587,0.003449508,0.003541232,2.8253563044976637,1.1258409257613982,1.283881707479509,0.9778673394842232,0.0032994452960136587,0.003313224582529708,0.025127204833613342,0.025129729351984674,0.023547346232477485,0.023560408849341987,0.0025959891261213308,0.0027736450783628244,0.0033267513279623784,0.0033219918953729323
2026-02-10,0.0033724222,0.025581464,0.0019999165,0.12596211844730953,0.023768833,0.0021239726,0.0037041577,2.703051996725131,1.0274380172143054,-0.822356982927568,-1.3290361104996444,0.0033145003901688583,0.003317188868986354,0.025220918296067523,0.025159980681460224,0.02359303881694965,0.023574366384980505,0.0024986123720396585,0.0027301384582730692,0.003404610055323179,0.0033475843932278524
2026-02-11,0.0032485672,0.025160713,0.0019282332,0.11554068786868299,0.023812804,0.0031279009,0.003198889,2.419402580151565,0.9717758512797925,-0.7927027180556495,-0.7781249859773066,0.003300898413343482,0.0033125934829250567,0.025208498000178915,0.025160029730764834,0.02363837633518151,0.02359033386361616,0.0026284342609696077,0.002756775417973292,0.0033621699271782425,0.0033376267132070904
2026-02-12,0.0028069487,0.02424397,0.0016208119,0.176520026630544,0.023725068,0.00370252,0.0033619246,2.4928005518261567,1.2768155502491083,-0.8584849115345716,-0.35188190426512095,0.0031989968536283637,0.00327873196652491,0.025009516271783834,0.025098683915546982,0.02365626082060481,0.02359935661883701,0.0028500175689555617,0.002820109098524944,0.0033621193062899003,0.003339253866744825
2026-02-13,0.0041403286,0.024706582,0.00097132253,0.12779063014003267,0.024020627,0.0015721805,0.00343343,2.4581366385808128,1.2132800561844792,-0.7398939684938654,-0.5190672106474281,0.0033931931010602583,0.003336430516635728,0.02494702100987285,0.02507242599696295,0.02373142940085121,0.023627567845459916,0.002586400461873934,0.0027365390561425273,0.003376830685879297,0.003345560567469605
2026-02-17,0.0035335394,0.02494673,0.002051336,0.0656647678843354,0.02372706,0.0030278005,0.0033412434,2.620680754120462,1.2356697847409475,2.395411077039962,2.0917055711010466,0.0034221464609241626,0.003349630306368267,0.024946961095148684,0.02506400855117299,0.023730527864613157,0.023634230494845358,0.0026774610515027946,0.0027560439617488725,0.003369489041229603,0.003345271457636959
2026-02-18,0.0030736031,0.025076013,0.0014760154,0.15422191080503433,0.023806259,0.0021534471,0.0036694896,2.430555332720147,1.7034196139628228,-0.8128104814162258,-1.2510064719795986,0.0033502421587220514,0.003331145593293695,0.024973584447293102,0.025064812457111663,0.023746151165450105,0.02364575073162107,0.002569357255263134,0.002715689854663794,0.0034313790071135775,0.0033669833794489116
2026-02-19,0.004322512,0.025287138,0.0015408465,0.14400930545008261,0.024026461,0.0035829432,0.003219409,2.3155887371431154,1.2675565778466333,-0.22682998183019934,-1.027323360661732,0.0035508209311145944,0.0033975344408846706,0.025038270441801343,0.025079700953590325,0.023803978925657828,0.023671245755743038,0.0027784595089001846,0.0027737672188477523,0.0033876496884893263,0.003357100759002166
2026-02-20,0.003779729,0.025550215,0.00094937533,0.10497286974259412,0.02361175,0.0026112555,0.0034567597,2.5217301745357594,1.352759327607646,0.005686982215604508,-0.33945742712706456,0.0035980445240574566,0.0034231288602563003,0.025143884246946014,0.025111209843173003,0.023764322293004226,0.02366726153334831,0.0027439654110595745,0.002762884295601696,0.0034019070541594786,0.0033637746223048495
2026-02-23,0.0041151065,0.025407678,0.0016127038,0.05233200263201776,0.023605097,0.0030760027,0.0031454815,2.281219062722457,1.2359259927987218,1.057604038849896,1.8421817576701116,0.0037047141455546395,0.0034694685352539586,0.02519830465967118,0.02513106339635112,0.023731474216391883,0.023663098566225563,0.0028124645291741166,0.00278385289845605,0.0033490065889181667,0.003349156182243691
2026-02-24,0.003398071,0.024818549,0.0011775115,0.213448645019223,0.023586271,0.0028945582,0.0032881128,2.531413539995275,1.2427730216584554,-0.8829052575580062,-0.5910023318797751,0.0036414538348269,0.0034646872587988844,0.025119961252936633,0.02511013523761702,0.023701518937450993,0.02365795367609487,0.0028294004196342286,0.0027912665043561507,0.003336444235100602,0.003345068290459566
2026-02-25,0.0036094692,0.024612766,0.0016122169,0.17203117053064765,0.023493458,0.0037557385,0.0032920772,2.8140277725605847,1.579079762626999,-0.2255408684102143,-0.5119156871775667,0.003634855413323815,0.00347438286963124,0.02501532708936165,0.02507682789154852,0.02365859598999557,0.02364693786500874,0.003020503476941858,0.002855854308185866,0.0033272913434231133,0.0033415196370610105
2026-02-26,0.003250091,0.02547179,0.0014641351,0.09570682251981766,0.0231369,0.0023211115,0.003334785,2.5243489040963505,0.9513657598480025,1.046355598063965,-0.08830944033750154,0.003555478738656573,0.003459362721053066,0.025109495098712763,0.02510327730649498,0.02355097053388788,0.023612782204399878,0.0028762192807906387,0.0028200441822915498,0.0033288373041681493,0.003341068646138664
2026-02-27,0.0032214222,0.025047174,0.0011801589,0.12181857960304798,0.023428326,0.0038785452,0.0032996628,2.645301074056974,1.2058110816844185,2.5308977681592446,-0.5118299612716104,0.003486563050651092,0.0034434285562344427,0.02509663823180261,0.02509952021738299,0.023525669128561275,0.02360042975585003,0.0030829986008001553,0.0028909288321761427,0.003322818628245965,0.003338295823392662
2026-03-02,0.0037804132,0.02527882,0.0016628748,0.06759265406917103,0.023683375,0.0035280213,0.0032786196,2.4638146969401524,1.483059451411736,2.704806410558227,1.6182163317976217,0.003547184179049715,0.003465995408799813,0.025134222178007627,0.025111527369021495,0.02355820371482532,0.023605984333816804,0.0031748065446184468,0.0029335930072533407,0.0033137003939830065,0.003334299485890154
2026-03-03,0.0031619929,0.024830993,0.0020426547,0.2068017354216618,0.02360955,0.00079765747,0.0032970912,2.470463217255526,1.521386310067474,-0.934626425557372,-0.5897332802288563,0.003467719416190263,0.0034456372687282784,0.025071666212729913,0.025092740839297484,0.023568796564626713,0.023606223160668058,0.002684401941008489,0.0027905557940991013,0.003310273931959948,0.0033318077602285524
2026-03-04,0.002705906,0.02506379,0.0015471858,0.0995201139891927,0.024071932,0.0027530615,0.0033283092,2.710930834417372,1.3505727491875688,-0.16516369561456576,-0.3465343355741739,0.0033105577198889015,0.0033960996820866832,0.02507004143277726,0.025090802113708635,0.023672593107086554,0.02363741027767058,0.0026985663668050264,0.002788044911730223,0.0033139945903460843,0.003331573469543818
2026-03-05,0.0021535591,0.025838422,0.001703456,0.12782872715097737,0.023634832,0.0031562163,0.00353071,2.4117853353610466,1.3359700804900785,-0.5371514128809958,-0.47633505294267076,0.0030718695177556813,0.003312890457899208,0.02522855786901922,0.025140867958037112,0.02366480308325624,0.023637237641727152,0.0027929793175086345,0.0028127002515160923,0.003358702866249742,0.0033449090475501622
2026-03-06,0.003445819,0.024666019,0.0021962507,0.07949163441567719,0.02388863,0.0031103555,0.0035334548,2.547263523291328,1.2242384546221219,-0.3544656200025342,-0.052167512423557584,0.0031490151034331616,0.00332179228606058,0.025112506351675896,0.025109068729383722,0.023710978621943123,0.023654072688982453,0.002858453849747986,0.0028326333306992776,0.003394754107493068,0.0033575353955454775
2026-03-09,0.0024971957,0.025442638,0.0017596562,0.06085324266199521,0.02387091,0.002349481,0.0034812717,2.717503578843969,1.2703651836906478,0.6620180700616664,1.6869209164662582,0.0030145451099218667,0.0032665715216359387,0.025180612234580676,0.02513140683227939,0.02374397229582013,0.02366859360733691,0.0027534530157911903,0.0028002780635826455,0.003412602636517551,0.0033658216441340414
2026-03-10,0.0039239186,0.025049848,0.0014197879,0.08954605186289144,0.024296353,0.002829944,0.0031290902,2.541205425210202,1.5715521166817719,-0.7936499824122025,-0.9376237434801704,0.0032021483797670734,0.003310592088073483,0.02515363574120557,0.02512594511354684,0.02385792807023874,0.023710632751776334,0.002769233068986193,0.002802264703696831,0.0033541141663733075,0.0033499684463381657
2026-03-11,0.0035647175,0.024665365,0.0014447381,0.14957390201745735,0.02349038,0.0029452345,0.0032065134,2.648690099797509,1.3824020415584855,-0.8352810673818729,-0.7926420803667303,0.0032769461946278557,0.003327610105406466,0.025052905743209543,0.025095101440890236,0.02378210319895346,0.023695883117085436,0.0028055420785206542,0.0028118389654925003,0.0033236641969150867,0.003340361688117355
2026-03-12,0.0038215586,0.025410205,0.0015758027,0.07607002796263185,0.023795195,0.0035391836,0.0037608608,2.6911199469915705,1.743934269362862,-0.4897275504960801,-0.4488423137664894,0.0033892994374679917,0.0033606883552006906,0.02512661641790596,0.025116202992024952,0.023784804014919295,0.02370253373169139,0.002956891947330195,0.002860547062647732,0.003413857619409616,0.0033685212535060844
2026-03-13,0.0029436715,0.024798838,0.0013877747,0.1851128916798509,0.023412859,,0.0031292988,2.5319278477385425,1.5499201235811881,-0.7067719814003345,-0.4113117505663548,0.0032973666368793495,0.0033327619866941388,0.02505899598969518,0.02509495003615824,0.02370807196786686,0.023683135085990913,0.002956891947330195,0.002860547062647732,0.0033551532843788708,0.003352501241353172
2026-03-16,0.0037358801,0.02512791,0.0015960311,0.05225688705016529,0.023651112,0.0035299903,0.0033880556,2.739681765356597,1.3820111793029628,0.5599265578385568,0.9089562139315922,0.0033878317408136092,0.0033597576031184403,0.025073212929776427,0.025097157271530536,0.02369632112984418,0.02368099058708187,0.0030751218411513787,0.002905377675246598,0.003361941014832024,0.003354882210404707
2026-03-17,0.0037278568,0.02462966,0.0013973067,0.12016833689799278,0.023498632,0.0034794814,0.0032156562,2.651079447529046,1.4098924146654486,0.17639690933779897,-0.6106512776280684,0.0034579787297464503,0.0033844081045249536,0.024981708183501622,0.025065850374492177,0.02365553796918514,0.02366877857896142,0.0031585410140991268,0.0029438236870468364,0.0033317625241880084,0.0033455586576481558
2026-03-18,0.0037613723,0.024377627,0.0012784738,0.13580652683361072,0.023640452,0.0038243176,0.0033777277,2.4804255067825385,1.5574776593872834,1.8085072475354362,-0.30814897514849265,0.0035205686629131653,0.0034096522687351322,0.024857086614608243,0.02501976213391996,0.023652425731942997,0.023666881629548542,0.0032958903725490464,0.0030027877300318646,0.0033412451154787863,0.0033477129220814594
2026-03-19,0.0038137324,0.025008347,0.0013663874,0.06715256431900063,0.023769392,0.003191163,0.0038393,2.40970002481173,1.3765389110492925,0.5229558840752041,-0.23967610416310306,0.0035810481908595043,0.0034367123073391712,0.024888291528920903,0.025018997688878573,0.023676555749759944,0.02367374642234591,0.0032742851840684146,0.003015402662677037,0.003443993579090974,0.0033806330390316296
2026-03-20,0.0035500808,0.024468241,0.0015039042,0.14996004966164,0.023675801,0.0033263573,0.003251363,2.9259403833635,1.7201658657190662,-0.3772346033333196,0.002112292073359878,0.0035746596375761455,0.0034443042571732627,0.024801635379269993,0.024982115178408253,0.023676400093237245,0.023673884026832022,0.0032850276429230415,0.0030362263673392046,0.003404254003836885,0.003371976215093952
2026-03-23,0.0032049161,0.024901912,0.001304236,0.06758786645307868,0.023779811,0.002978971,0.003362381,2.6404726221843977,1.648800834287254,1.117629493497677,1.2219660260878642,0.003498381748134451,0.0034282731509841236,0.024822322314230816,0.024976744185787467,0.023697733778554594,0.02368097766194805,0.003221888317473109,0.0030323921463467777,0.003395615604434489,0.0033713336455126228
2026-03-24,0.0047439057,0.025113516,0.0016788413,0.10541868966432555,0.023964446,0.002404357,0.003541117,2.580548484825345,1.0813566207883634,-1.231783736287817,-0.7909999766463645,0.003755332692117095,0.0035163771295730066,0.024882395326815618,0.024985903355284545,0.023752756377393373,0.023699960691086687,0.003053232051917678,0.0029903345163302696,0.003425632479915016,0.0033827035334287
2026-03-25,0.004540715,0.02536038,0.0016202836,0.12532321039808847,0.023653256,0.0028648,0.0034965717,2.394132657344672,1.662788232107512,-1.0088989414344158,-0.5024745025835934,0.003917356628698842,0.0035849739657773517,0.02498100318311373,0.025010980893601795,0.02373222945557313,0.023696833002614066,0.0030143586038492796,0.0029819278404857826,0.003440267198920657,0.00339032894234991
2026-03-26,0.0037876184,0.025379531,0.0014241543,0.12382017200342321,0.023811985,0.0032495286,0.0032953592,2.4714904750017768,1.300400032955574,-0.9455384457260477,-0.32678266942677703,0.0038905916927824006,0.0035985444548596707,0.025063219279754863,0.025035661597421165,0.023748682942674616,0.023704544374489867,0.0030628740472653797,0.002999848261808545,0.0034103727553193826,0.0033839691029260224
2026-03-27,0.0025146718,0.025942741,0.001745528,0.11889928750871903,0.023579415,0.0028283547,0.003623103,2.722122253243745,1.264027044211306,-0.4050424746730726,-0.10747370259946552,0.003606740135832416,0.0035259607434074873,0.025244664140168904,0.025096405988899628,0.0237137630415008,0.023696164830184226,0.0030144928322565975,0.0029883638519704204,0.0034542588979458197,0.003399983186271753
2026-03-30,0.0031093706,0.024987955,0.001611706,0.04975075638705628,0.023436869,0.0029769088,0.003542041,2.6407251741219593,1.2893383198619577,0.4987923436475705,1.132046608765855,0.003504133060366497,0.003498062947153497,0.025191705106618962,0.02508914332692519,0.02365663985628892,0.023678800534884942,0.0030067392690922815,0.002987596742356559,0.003472368287126823,0.0034094963690929894
2026-03-31,0.0058687604,0.026452994,0.0015816835,0.24988852596423516,0.023797926,0.0036695339,0.0032009883,2.6592275502145344,1.5576814358831879,-1.1569236571801786,-0.9194877323868937,0.0039919544374460905,0.003656821463759292,0.02545190833656027,0.025180476324756382,0.02368578702299428,0.023686777981561602,0.0031434734484070436,0.003033264032328384,0.0034163827354798623,0.0033955332064771974
2026-04-01,0.0042217467,0.0255763,0.0014084141,0.07696898548018005,0.023458455,0.0032652381,0.0029613818,2.439063190527691,1.1552227279431702,-0.7003395040242704,-0.2705897281591937,0.004039360459935803,0.0036946528167032264,0.02547757046090061,0.02520698351371278,0.023638888496284437,0.023671487858312242,0.0031685934390378702,0.0030487986439710216,0.003322516282679675,0.003366459385846461
2026-04-02,0.0031490545,0.025367945,0.0011296738,0.11849706696369522,0.023732297,0.0028616034,0.003334009,2.259492644969803,1.2730467135468753,-0.5419179737179021,0.06856583263641103,0.003855690804325405,0.003658115728194969,0.02545495487523621,0.02521776265190137,0.02365815864673682,0.023675560072820304,0.0031052615546337996,0.003036262738216773,0.0033248872424910206,0.0033642862865145063
2026-04-06,0.00352177,0.025165435,0.0015308064,0.060722279232116705,0.023402888,0.0030778358,0.0034355966,2.4073908850173966,1.582931898439882,1.1198242397191762,2.697750550301298,0.0037868031192773324,0.003648985063065879,0.02539522706214604,0.025214258420688185,0.023605496514215916,0.023657300061766334,0.003099603630908977,0.003039046760183937,0.0033477265228285306,0.003369061724269236
2026-04-07,0.003282062,0.02647004,,0.4234046168759038,0.023493307,0.002990309,0.003975987,2.6697485345091923,1.748913212919814,-1.315751666532209,-0.6493158455520822,0.0036826752940924217,0.0036244133239221,0.025616960592075123,0.025298354416775297,0.02358235181688774,0.023646317917678825,0.0030770561887510186,0.0030357829325731345,0.0034773363223621575,0.0034097056922512926
2026-04-08,0.004256826,0.02469095,0.0010185558,0.2095550241716957,0.023331165,0.003971849,0.0028561037,3.010275685060956,1.4811115874623444,-1.1349297582306137,-0.39957675015623384,0.0038011222608834794,0.003666764101862595,0.025425925153693473,0.025257678379434677,0.02353053217340449,0.023625213090582367,0.003261651496216139,0.0030984684836985366,0.0033491763598245423,0.0033726326231772836
2026-04-09,0.0021766014,0.024606654,0.0007057803,0.25021744112113,0.023733838,0.0031947892,0.0029920621,2.444407614963798,1.1481930516029437,-0.5713156942789606,-0.05285827264376422,0.0034659844699484266,0.003566972366254985,0.025256910032358016,0.025214081252466623,0.02357247396153825,0.02363248734433729,0.0032478578333534603,0.0031049187918701557,0.0032755038822426742,0.003347146955802985
2026-04-10,0.004027891,0.024202777,0.0023191373,0.10431021076714375,0.023589944,0.003410382,0.0032972347,2.3225005109554018,1.3674813139004907,-0.8330630452689558,-0.061792508264539706,0.0035819054859313974,0.0035978387064798663,0.025039442957255752,0.025146357236907176,0.02357607811761518,0.023629638375107145,0.0032813864759127435,0.003125374746668314,0.0032799869287299097,0.003343804478169558
2026-04-13,0.0038256035,0.025139313,0.001941378,0.10820612150410391,0.023597876,0.0023800451,0.0034221238,2.465513440848478,1.1650030853036177,0.530205399218463,1.360019899873553,0.003632180261896868,0.003613091434583079,0.025060046133983233,0.025145885518237047,0.023580574928827785,0.023627511317746996,0.0030954402305172855,0.0030754622519778667,0.003309309699932201,0.0033490492919155674
2026-04-14,0.004214891,0.024851307,0.002353751,0.2306605446002028,0.023303805,0.0025700368,0.003054546,2.360801523910598,1.3512976314805398,-1.1155515943680643,-0.5885884226433555,0.0037523932286459344,0.003653392166746687,0.02501698341673737,0.02512615849438923,0.02352347742140245,0.023605833668610795,0.0029870497788904472,0.003041615421371739,0.0032567520742739996,0.0033293272847584265
2026-04-15,0.0038480333,0.025201753,0.0017801382,0.09213519930653669,0.022760905,0.003911898,0.0034216943,2.379635796147447,1.1759648041180144,-0.8767337833516105,-0.5094380954067751,0.0037721237165391852,0.0036664266983982355,0.02505510123957807,0.02513122081767859,0.023366159199100574,0.023549251345101063,0.003177845481636886,0.0030998956425654185,0.0032907795631408345,0.0033355128256503655
2026-04-16,0.0036815442,0.025327984,0.0012541157,0.13161693301977673,0.0242446,0.0039335554,0.0027501513,2.79679347332734,1.077182318104221,-0.9502822617000934,-0.11654805479644799,0.0037534372129092134,0.003667439073226099,0.025111396859782146,0.025144397475689615,0.02354738126138728,0.02359581682509549,0.003333748049910162,0.003155723345715292,0.003179248241977789,0.003296312917083438
2026-04-17,0.0044320365,0.025245154,0.0017354198,0.10242096537236767,0.023999816,0.0013753194,0.003499457,2.350925152654868,1.1771344757994928,-0.7055306475934093,-0.14643547523172018,0.0038934318974448885,0.003718641878348393,0.025138990944494746,0.02515114485722155,0.02364071827012151,0.023622871428318835,0.0029297252570025223,0.0030364950220383787,0.0032453071226205494,0.0033099168628536904
2026-04-20,0.002935481,0.024783062,0.0009405905,0.0557818835472732,0.023596542,0.0031947852,0.0033182183,2.456907158080908,1.5557065101428413,0.3901954380212354,1.0278394826765085,0.0036958071363070518,0.0036661959388478776,0.02506556295276514,0.02512649543717119,0.02363160471976812,0.02362110822232772,0.00298440698614342,0.0030470952424779684,0.0032603486563457414,0.003310472784025938
2026-04-21,0.0041915346,0.025424797,0.0016615608,0.09153490769409367,0.023145407,0.0041534286,0.0031551113,2.551035445007966,1.3725650198803039,-0.836249268729769,-1.1823672430017311,0.003798075450022738,0.0037013762969934933,0.025139672765893628,0.02514647180634065,0.02353130247632879,0.02358925196389633,0.0032255755300381332,0.0031211830777432563,0.003238638252350237,0.0033000686925687595
2026-04-22,0.004192197,0.02483325,0.0017012778,0.06909854694592821,0.023191515,0.0029759062,0.0027562736,2.366729005894764,1.4918252518486683,-0.38315692082271996,-0.5060308213115922,0.0038793825658710915,0.003734245106548846,0.025076458073612005,0.025125496331944396,0.02346120457218994,0.023562616733129458,0.003174068887941515,0.0031114543228829192,0.0031391266796877257,0.003263652362457311
2026-04-23,0.0041784234,0.023810817,0.0009795639,0.2818846181199335,0.023449011,0.0031309205,0.0033569501,2.611075190306832,1.583294082550134,-0.02374120936946646,-0.7626840824365795,0.003941074539777653,0.0037639904003956446,0.02481535697113292,0.025037456185223912,0.023458689074991396,0.02355500890688315,0.003165167390813447,0.0031127579121314353,0.003184063541827391,0.0032699002344927348
2026-04-24,0.0042676935,0.024741285,0.0015113658,0.08806175577123909,0.02390129,0.0034580317,0.0028238755,2.7611675652634906,1.4066295711107817,-0.2531935374651005,-0.5719752355094552,0.00400845585890587,0.0037977218899449936,0.024800075869456567,0.025017622456770174,0.023549997274578807,0.023578198270837184,0.0032255851408731903,0.003135879863869742,0.0031097569420713636,0.003240031293563108
2026-04-27,0.003484707,0.025107367,0.00133238,0.05578590635533687,0.023406953,0.0035480123,0.0033345623,2.507748682965904,1.4183806766899307,1.7610993757777509,3.786860600258108,0.0039004067639554305,0.0037767602253799206,0.02486346986067624,0.02502363237796016,0.02352048723748612,0.023566730461858327,0.0032921017040895718,0.0031634791434152123,0.0031561341679683997,0.003246361751881799
2026-04-28,0.0045933668,0.025637832,0.001331611,0.20256677267537226,0.023699868,0.0026802893,0.0031200536,2.815728605238077,1.2611600955569084,-0.9507247126245509,0.33574481405479295,0.004043364046041861,0.003831445921896382,0.0250232202675951,0.025064763458369953,0.023557493491490847,0.023575646316005144,0.003165885132341891,0.00313112136683882,0.003148690757427799,0.003237903270096389
2026-04-29,0.0030735892,0.024668667,0.0013821176,0.12297227021900137,0.023244008,0.003889012,0.0030182956,2.7969961992136505,1.0355765989037538,-0.06100557552491744,0.6706520181239162,0.003843300000810182,0.0037806945229007394,0.02495007621100137,0.025038238094659736,0.023492821686521982,0.02355343751834375,0.0033150658077948335,0.0031818750297682146,0.003121790310240068,0.0032231968030836857
2026-04-30,0.0032492024,0.024442865,0.0009924112,0.09401974993382145,0.023022292,0.003398955,0.0033583944,2.748537977904366,0.9664722650515181,-0.4169791051660102,0.49827502299946325,0.003720737976035354,0.003745102084689774,0.024845438718711792,0.024998367711594843,0.023395751697199086,0.023517868304099552,0.0033323721248890116,0.003196412232745448,0.0031706016039804363,0.0032322505799064227
2026-05-01,0.0026496372,0.024477862,0.0015480592,0.09481063587068417,0.023337254,0.0028754384,0.002991246,2.63690539335684,1.8496171742662577,-0.2852500630689797,0.054474367058980205,0.0034997704435445684,0.0036717420766104545,0.02476960779818785,0.02496351098925786,0.02338368371507282,0.023505773124606232,0.003238106943084103,0.0031749175770918983,0.003133600649499907,0.0032161112281511714
2026-05-04,0.0034295493,0.025470776,0.0017116414,0.17196889981086072,0.023417376,0.004262455,0.0033898486,2.727884189059378,1.398551927693573,1.4888406706847161,1.605996227939433,0.003485283854554841,0.0036555231495872214,0.024914258529146957,0.02499748104189827,0.023390634411978632,0.02349985343239632,0.0034494293687757074,0.0032477466920219746,0.003186464472891034,0.003227745902145039
2026-05-05,0.0030209129,0.02500121,0.0016086547,0.2614679146181714,0.02364848,0.003626731,0.0031197271,3.0836575858789894,1.413827371785373,-0.9591566975654843,-1.0758864022480166,0.0033894843656192214,0.003613025197923958,0.02493219641283959,0.024997730707450927,0.02344382781155291,0.02350980650588678,0.003486006600291555,0.0032731261368143744,0.003172696594357424,0.0032205122081821994
2026-05-06,0.0030563825,0.025253905,0.0008718514,0.09867412519449115,0.023216877,0.0025539042,0.003126988,3.1300018288859843,1.263826685613124,-0.3987665777383888,-0.6496540149811407,0.0033207656316369483,0.0035757485035077183,0.02499856472173288,0.025014885932356547,0.023397008005868556,0.023490189902070396,0.003293714364608302,0.003224961995033516,0.003163266926017825,0.003214249168701157
2026-05-07,0.0027465054,0.024681592,0.0015152504,0.22225346568533966,0.023466747,0.0027835,0.003550491,2.7985652774983665,1.3273499700172318,0.37135115626188203,-0.3498630561061196,0.0032022960540844287,0.003520216575583956,0.024933173490258465,0.02499256625888512,0.023411395176103824,0.023488620018067587,0.003188457387054902,0.0031953985985723994,0.0032431510617878852,0.003236766282477276
2026-05-08,0.0037639705,0.025160145,0.0010718359,0.1225815686993813,0.023091488,0.003509986,0.0036410848,2.8483397444808487,1.1748874112389813,0.10563812803872887,-0.485365072805794,0.003318169187209175,0.0035365400435753754,0.02497999759633113,0.025003788506832273,0.023345398408634505,0.023462025247161677,0.003254788566971873,0.0032164655745079347,0.0033252445760474855,0.003263842281910935
2026-05-11,0.003299649,0.025275594,0.0019269679,0.06369100139981021,0.023611926,0.0037950175,0.0031355089,2.5443639222832624,1.2362110966455546,1.382864862250017,0.25867569038623905,0.0033143485042668483,0.003520676166176588,0.02504097890126117,0.025021990482381767,0.023400382816131923,0.023472063621498496,0.0033662375092902083,0.003255209465415298,0.003286102197143654,0.003255248176403511
2026-05-12,0.003095072,0.025305318,0.0015260497,0.20080372414691172,0.023843652,0.004293757,0.0031970239,3.1594773062008104,1.2637781532489836,-0.4742274892448865,-0.8964409633725421,0.0032691118758712014,0.0034921747280856823,0.025095511859458356,0.02504096405955367,0.023491828940814388,0.023496947759306535,0.0035575842975520706,0.0033247578886376437,0.0032677253867321077,0.0032513490693111225
2026-05-13,0.0024832943,0.024760801,0.0020795527,0.22324173950858062,0.023509385,0.0029773375,0.0032712542,2.3804799416122955,0.9848433691651819,-0.45434035547089624,-0.4150244645886979,0.0031069981326704577,0.003424613026962598,0.02502646125640069,0.025022202400684448,0.023495450759843734,0.02349778064841156,0.003437879679211963,0.003301492181543191,0.003268453388376222,0.003252682059392786
2026-05-14,0.003265556,0.025540361,0.0014697087,0.19764045794545249,0.024140744,0.002653106,0.0033728876,2.5420386761724183,0.9116875037961774,1.0030172340962684,-0.29826815738235385,0.0031397085265779784,0.003413961450210853,0.025132478540522023,0.025056901944104523,0.023628574320715738,0.023540837949729523,0.0032759813058499134,0.0032580717063883657,0.003289998114421576,0.0032607318658601217
2026-05-15,0.0036753193,0.025622303,0.0017613607,0.10473515684724777,0.023453252,0.0040924726,0.0035864634,2.453378131617728,0.9781731659336005,1.634992160142491,-0.43466663964296015,0.003250204738004594,0.0034314638004957986,0.02523352900003166,0.025094765139053316,0.02359240549863121,0.023534972606811675,0.0034444230314871487,0.0033139490384546584,0.003351158746357561,0.0032825451320873914
2026-05-18,0.0035148961,0.025175817,0.001365114,0.13128098471748717,0.023958618,0.002733203,0.0036101136,2.498676991836655,0.9208990356187944,2.9306514633658143,0.49887518487219096,0.0033048104364471996,0.003437051015147109,0.025221623108900686,0.02510019296052531,0.023667954908183308,0.023563342859478104,0.003297698689145617,0.0032750582058125666,0.0034045810038143393,0.0033044814148383613
2026-05-19,0.0031953282,0.024918713,0.0012846217,0.1386908098091002,0.023678172,0.0031991326,0.0035144316,2.8091860249797493,1.2286068795001375,-0.17057198134994014,-0.942444951320489,0.0032822243029387963,0.003420863559484171,0.025159132845830937,0.0250880397687469,0.023670062767189606,0.02357103264893278,0.003277364561959362,0.0032699736968006287,0.0034272431343054114,0.0033185411540011603
2026-05-20,0.0037825094,0.024906073,0.0020971082,0.16450744535723383,0.02389211,0.0027184854,0.0033031849,2.51264931191706,0.9588493739883354,0.025109184132624283,-0.8206377976621858,0.003385432847163936,0.00344508189689896,0.02510692668438256,0.025075853982906387,0.02371587103859835,0.023592534252925693,0.003162068090205021,0.003233042177113133,0.003401649980146215,0.00331751278976745
2026-05-21,0.0016952734,0.02496469,0.0016883486,0.12830765922631426,0.02383564,0.0034756889,0.0034239648,2.467506137897625,1.4936544524574715,0.7735571371344095,-0.46305225789941934,0.0030367538512998467,0.0033279024594284937,0.025077583374208717,0.025068409677480565,0.02374057939499244,0.023608814344377674,0.0032267678907856546,0.0032492914998170255,0.0034062535234946605,0.0033246415649533013
2026-05-22,0.002559215,0.025373118,0.0010563562,0.09275737902547843,0.02428924,0.0027061086,0.003250557,2.4503569733938324,1.1857621758497576,1.213228916195449,-0.6172676594954839,0.0029382378504986826,0.0032764257640616667,0.02513855201170035,0.025088815082175826,0.023853767623760264,0.023654380361306723,0.003119356156008802,0.003212916166959187,0.0033741334121696934,0.0033196803431281238
2026-05-26,0.0031729413,0.025715485,0.0013741375,0.06307381601523476,0.023873223,0.003067797,0.003157218,2.8047694888791304,1.2892369319076782,2.5554503253473126,2.3662419956979193,0.002986657043126594,0.003269495717278176,0.025257573028121972,0.025130781306276818,0.02385778125595863,0.02366903559759669,0.003108719539533706,0.003203197973817576,0.003329383874026852,0.0033088007251424216
2026-05-27,0.0023606706,0.025402537,0.0014743473,0.2453276245094662,0.023835056,0.0026865555,0.0036882872,2.833450754481359,1.0051461440117824,-0.320832068738166,-1.0020140768622647,0.0028575163680335403,0.0032086344175894285,0.025287478939996832,0.025148979946384844,0.023853092950661438,0.023680153455819773,0.0030216273196824327,0.003168599972723414,0.00340342544609262,0.003334213800639907
2026-05-28,0.0039127185,0.025273902,0.0009225348,0.1815480363314923,0.023672206,0.002905703,0.003050468,2.8166614554136267,1.3169810354742735,0.48118768738196444,-0.6881445297545343,0.0030752040130330107,0.003255784822358099,0.02528467809491411,0.025157345625490726,0.023815776135409413,0.023679621260398215,0.0029977121763638996,0.0031509945433614932,0.003330610496324211,0.003315212188568533
2026-05-29,0.003525757,0.025502497,0.00081987295,0.10970554137774935,0.023604993,0.0027596748,0.0032269566,2.521495329829784,1.2787903447977398,-0.14930490699698293,-0.42124560999048144,0.0031681528568454423,0.0032738640513283084,0.025329614088606407,0.025180459402628308,0.023772291639460767,0.0236746236141262,0.00294860519017088,0.0031247890305840117,0.0033092267490254265,0.0033093019748457056
2026-06-01,0.003499677,0.024934579,0.0018675543,0.07027983806112081,0.023488076,0.0032718866,0.0033274563,2.7351535622033603,0.8676306142325554,1.0211694579702326,0.40623393670430635,0.003236546100638168,0.003288986064894815,0.025248118493027567,0.025163993506660716,0.023713658185823664,0.023662131105509288,0.0030152979777050204,0.0031346397156453098,0.0033129874964097227,0.003310517715888896
2026-06-02,0.0034960625,0.025155276,0.0015741019,0.09646988454387062,0.023671387,0.0033864854,0.0033302966,3.060104882452352,1.7782950831558841,1.742283678630667,-1.0105025006872377,0.0032900841924125997,0.0033028533526824094,0.025228965147949155,0.0251634097253434,0.023704937613622794,0.02366275092923317,0.003091873745698123,0.00315150506707569,0.003316558356193603,0.0033118422488539324
2026-06-03,0.003455513,0.025599256,0.0010106029,0.11479293580312877,0.024449999,0.0028928716,0.00313679,2.723684040725653,1.5356707094724,1.2658932731588908,-0.6741368203500818,0.003324212052750919,0.0033130765074948464,0.02530535598852969,0.0251925970570794,0.023858643285246093,0.02371547054482881,0.0030508197118660992,0.0031341851588454488,0.003279472216558757,0.003300119516182209
2026-06-04,0.004375209,0.0247911,0.0015860283,0.12051533008632764,0.023231553,0.0040855473,0.0034916904,2.671893939175696,1.273951264019547,0.43146181972488235,-0.7638136080615688,0.0035410321909029895,0.003384204349842632,0.02519926506933439,0.025165709942072876,0.023729274871453234,0.02368306402873521,0.0032642834671380255,0.0031978950347837528,0.0033232527125404638,0.003312948443998933
2026-06-05,0.004826076,0.025092715,0.0018018904,0.2095567923655982,0.02306939,0.0038859935,0.0036700594,2.7652099184100942,1.4240229769684833,0.09112323089791705,-0.6287917082622155,0.0038061360245632784,0.0034807621716733145,0.02517728392807368,0.02516082171578717,0.0235931407971874,0.023641968058904825,0.003392541920149533,0.003243974930605849,0.003394798745071251,0.00333686309489345
2026-06-08,0.0035071825,0.024631226,0.0012707369,0.09502671390102435,0.023667643,0.0012653637,0.0032411786,2.683552247774649,1.1002291357957101,2.9732777673769073,0.648428253236886,0.0037444620630331543,0.0034825314598628658,0.02506463255453279,0.025125356304156965,0.02360851053081569,0.02364368742263663,0.0029537061621535544,0.003111473252321067,0.003363106985742169,0.0033304553891499032
2026-06-09,0.0032081334,0.025030108,0.0012985987,0.13596391944328334,0.023990279,0.0036866865,0.0033846993,2.864226760846469,1.177358245383589,0.48736212422705966,-0.8660450217399632,0.003633817740306787,0.0034641558421324176,0.02505751019189914,0.025118977821465136,0.023687269178321292,0.023666897627989122,0.0031049196228079517,0.0031499935635556724,0.003367561478408788,0.003334087944700687
2026-06-10,0.003872226,0.024914084,0.0013064935,0.08424326639180657,0.023904832,0.002556648,0.003559138,2.589060749402196,0.8954881345683395,-0.0423869050160665,-0.9481464924532985,0.003683001237310866,0.003491483079337729,0.025027921444440333,0.025105256695348112,0.023732152290504346,0.02368283138645106,0.0029918114971452686,0.003110258993236621,0.003407083599062966,0.003349158868794629
2026-06-11,0.0027230287,0.02497837,0.002512728,0.16238523653889092,0.023708222,0.0018717343,0.0036170653,2.5593677334730627,1.3187090516735955,-0.2132997672957129,-0.7061758949488816,0.0034849593975836137,0.003440021985098666,0.025017698899086834,0.025096759437749746,0.023727215573678687,0.023684531748942115,0.002760740155459068,0.0030273186979809137,0.003450402705305796,0.0033670997583743313
2026-06-12,0.003484453,0.025135469,0.0016477265,0.12857292383300312,0.023469498,,0.0031993873,2.6737544491416534,0.9498916326643423,-0.43286491823218537,-0.4725971287324007,0.0034848549434254423,0.0034429974022476125,0.025041994745334674,0.0250993516806791,0.023674048652388067,0.023670131607572514,0.002760740155459068,0.0030273186979809137,0.003398618367831798,0.0033558685595500466
2026-06-15,0.0036116424,0.02495338,0.0014907381,0.060597334824551874,0.02341749,0.003199592,0.0033015788,2.4947214923465073,0.9895962969044308,0.6495247880662175,1.129913415426414,0.003511011129372169,0.0034542910533509018,0.025023713616830406,0.025089576409111143,0.023621120655478674,0.023653212928324983,0.0028512750601326774,0.003038855325646738,0.0033785991574143024,0.003352232937212358
2026-06-16,0.0051266993,0.02601214,0.0019083619,0.16963902502934625,0.02324605,0.0036861321,0.003401808,2.507516192450384,0.7648358841928875,-0.7737478452255603,-0.43714888744279146,0.0038443267573155357,0.003566287233209953,0.02522762533494566,0.02515135769238691,0.02354374375198116,0.02362594643708763,0.0030235056370664284,0.003082201517706943,0.0033833871242797114,0.0033555528291890524
2026-06-17,0.005080515,0.025537046,0.0013561565,0.08361380849703481,0.023340587,0.003205427,0.0033295657,2.921471148569008,1.1898561603273234,-0.30380198984985374,-0.4540875143650954,0.0040993517525252775,0.0036676905404412876,0.025291458587840352,0.0251771860626177,0.023501832532791176,0.02360683674064655,0.0030610359120811174,0.0030904535575220645,0.0033722838027804704,0.00335381255214146
2026-06-18,0.00392208,0.025057446,0.0025023015,0.2002480281188681,0.023774149,0.0040242733,0.0031987866,2.635638735598813,1.3406918583415652,-0.36900028168159643,-0.2907542009118041,0.004062780715293171,0.00368472625194333,0.025243181957703902,0.02516916744299964,0.02355801125535651,0.023618041135192638,0.003259751268298249,0.0031529886687882065,0.0033364914290826986,0.00334343093048248
2026-06-22,0.0036475132,0.025145845,0.0016743152,0.0554002676535027,0.023385074,0.002740633,0.0033617923,2.4411518974467477,1.0150215413594441,2.168349240018289,2.3463746302566886,0.003977111249840438,0.0036822342066487814,0.025223101495142383,0.025167605641422636,0.023522334388399332,0.023602440022384083,0.003152657437536575,0.0031253744415841883,0.0033417109861922515,0.0033446605367128943
2026-06-23,0.003551454,0.025646627,0.0015019659,0.2314594960475782,0.023852095,0.002609853,0.003331111,2.956071038740018,1.085843930446903,-0.6691068251762802,-0.9491671017288864,0.003889298393498496,0.0036734762508228995,0.025310474573569573,0.025199684265402,0.023590363830752744,0.023619158669911766,0.003040677154016371,0.003090851508439997,0.0033395242240140386,0.0033437531678238036
2026-06-24,0.003311849,0.024788823,0.0017532964,0.10671772133528779,0.023770154,0.0026674932,0.0038132616,3.24478791573294,0.9608727968705333,-0.10470681920898744,-0.7633125204411045,0.0037701708804182828,0.003649259153406751,0.02520285812393564,0.02517217011414057,0.023627454349591924,0.02362927034348237,0.0029636894978872564,0.0030625004681378676,0.0034372560020776654,0.003375194745109543
2026-06-25,0.0033915094,0.024793804,0.0020788256,0.15793276017652702,0.023540525,0.003096682,0.0033454527,2.420362103295504,0.9452262099590859,1.1602052323351508,-0.7035942360298951,0.0036920532182396423,0.003631998424158236,0.025118470409755393,0.025146832046737785,0.023609520822189364,0.02362332731763393,0.002991125785150559,0.003064789504379345,0.003418317032181081,0.0033732030103081597
2026-06-26,0.0038322601,0.025367275,0.001690506,0.2853577649674356,0.023309909,0.0042414763,0.0032637047,2.366681175835262,1.0991395578635554,-0.16559014908464884,-0.5563820203304768,0.0037209778338420526,0.003645409352629028,0.02516979864118409,0.02516159444384591,0.023547711021104242,0.02360233861759838,0.003249072438927229,0.0031435886990541207,0.0033864205917629123,0.0033658702368099458
2026-06-29,0.0033897422,0.0251819,0.0012721581,0.09102398910275933,0.023493908,0.002626751,0.0033373425,2.992973731472881,0.8912886985333582,0.8539071128325318,-0.022646289023604715,0.0036526441020468853,0.0036282880899566943,0.025172295291587977,0.025162954293734434,0.023536611557467557,0.023595077366662446,0.00312068787071226,0.0031089776301047034,0.0033762958123835897,0.003363959821285106
2026-06-30,0.0032404282,0.024890069,0.001480037,0.06703140934529594,0.023037618,0.0035143918,0.0034125366,2.4698025627558,1.1586047468451754,-1.0536890448285055,-0.7560341009814973,0.0035676041713551586,0.003602314271177624,0.025114072139259615,0.025144679976499388,0.0234336694544168,0.023557745982287617,0.003201908791623493,0.003136127006647189,0.0033837722633203644,0.0033672128613800837
2026-07-01,0.0033861443,0.025264384,0.00091000024,0.10091925124135548,0.023479285,0.003054576,0.0033059523,2.3177298045107366,1.2233156729383765,-0.7406482037776381,-0.8462833750651697,0.003530169093992909,0.0035878380144511346,0.025145081443488333,0.025152696211922537,0.02344307985943164,0.023552491666180404,0.0031715141130944807,0.0031306657793339653,0.0033677180453085607,0.0033631104246818477
2026-07-02,0.0033832327,0.025005369,0.0016805127,0.09102154615345848,0.023748467,0.004520722,0.0036505365,2.3370574126104886,1.0082927802632813,-0.6448692254780749,-0.5642849668840764,0.0034998562027445325,0.0035741362117254543,0.02511625874000314,0.025142830116852723,0.023506081013299658,0.023565615530943558,0.003449855031602524,0.003223753699369551,0.0034260633495003167,0.0033823584909657327
2026-07-06,0.002697535,0.024942882,0.0015787041,0.05781018002019267,0.023668477,0.0021497658,0.0036976172,2.650975932239719,0.7501484116403618,2.1432818904678532,1.5668970099255302,0.003334337779608371,0.003515432857122699,0.025080491283801163,0.025129440213662268,0.023539583284248048,0.02357250387668805,0.003181647316312744,0.0031518319456626145,0.0034820847685650296,0.0034034704244261184
2026-07-07,0.003267625,0.0254058,0.001582149,0.09279847413562203,0.023854582,0.0032560946,0.0029048785,2.4969222593882234,0.6355175546700716,-1.1397114327433218,-0.7323255645896602,0.0033205749917726815,0.003498837913888353,0.02514760229466314,0.025147947199805884,0.023604567279184457,0.023591393780595504,0.0031970057604405132,0.003158814106529531,0.0033630074114512796,0.0033700812123655353
2026-07-08,0.0024068642,0.024989191,0.0017459228,0.14983799414173404,0.023836505,0.0037439677,0.0032848276,2.676905273334708,1.111832962595411,-0.47812086416667615,-0.8327287358206789,0.003132076934830674,0.0034257117005603616,0.02511492221923052,0.02513731580167807,0.023652415840501182,0.023607808123466564,0.0033098437291025195,0.003198000094845388,0.0033468789519465305,0.003364372031191687
2026-07-09,0.004717232,0.025112431,0.0022618773,0.09954683447762258,0.02346695,0.0029748,0.003476692,2.8502947728052583,1.4529332545399891,-0.5765110882358929,-0.9385665374603455,0.003459093630989136,0.003512200964361382,0.025114408384416902,0.025135649374194696,0.023614154393428087,0.0235983752952354,0.003240724397843039,0.003183053056693184,0.003373659294429258,0.0033718937566600458
2026-07-10,0.004820131,0.024881016,0.002093478,0.1662029496994567,0.023592,0.0029767666,0.0034338657,2.8923524220045125,0.9700242760468749,-0.8303966223254935,-0.8707366089621293,0.0037398749720077406,0.0035997891416032902,0.02506625975379756,0.02511859736987848,0.023609584124366267,0.023597948416180074,0.0031862700336276217,0.003169238666764262,0.0033860798499777242,0.0033760438341796564
2026-07-13,0.0033304368,0.02535383,0.0014294413,0.06743089957767223,0.023406118,0.0036936805,0.0034997491,2.778289377672181,0.9689537075486436,0.8909559741092942,0.43037027818200724,0.0036554080858810455,0.0035817514189213045,0.025125585407814656,0.025134350216017877,0.02356760920180804,0.023585102117424372,0.0032909485483821684,0.0032043589682383875,0.003409529759893582,0.003384328006874412
2026-07-14,0.0025848364,0.025802381,0.0011400956,0.30326670216708174,0.023725549,0.0026273269,0.00335354,2.694200326439726,0.7737812947480791,-0.9824666178068623,-0.831936375149777,0.003434549719625425,0.003514991005475778,0.025265208051957536,0.025179086261729537,0.02360019204940426,0.023594507408866282,0.0031540437460244536,0.0031657168551041718,0.0033979791198498113,0.00338226623199157
2026-07-15,0.0030028054,0.024649287,0.00173817,0.12735341193242045,0.023709573,0.0034198128,0.0028450338,2.4990341424419844,0.9704561963023719,-0.9734955289484162,-0.5425375547047838,0.003345481094093595,0.0034806914678667355,0.025138143789186516,0.025143607166156223,0.023622757251376622,0.02360221299734753,0.0032088717556116725,0.0031827328983002547,0.0032839067851043696,0.003346289381191281
2026-07-16,0.004248813,0.025219701,0.001773261,0.13533327916595905,0.024119807,0.0026834048,0.0037203277,2.4861175733886203,1.129874523650381,-0.9400779604417523,-0.39069094137121,0.0035318379487875654,0.0035321302552605576,0.02515496904643693,0.02514870295800887,0.023725298437094873,0.023636874746576636,0.003100468205880302,0.003149294391530632,0.003373940199812043,0.0033713376115412272
2026-07-17,0.0049221735,0.02571395,0.0012331933,0.13377257358792538,0.023667552,0.0031359957,0.0030759017,2.777318338961301,1.2091299880073032,-0.3533383421547065,-0.10284743777754227,0.0038186634317300587,0.0036252172897561848,0.025270286604750693,0.025186555887944766,0.02371338529025005,0.02363892908214533,0.003107797510580184,0.003148403818380538,0.003312455004111408,0.0033515531491218895
2026-07-20,0.00339545,0.024705457,0.001289224,0.05807366343829734,0.023751294,0.002904035,0.0035436265,3.0364924493763064,1.086114524525874,1.3998747085206358,0.7680015228955833,0.0037313547375276116,0.003609830466314981,0.025153762465630097,0.025154338105834315,0.0237212058867173,0.023646453840646158,0.003065761394942703,0.0031320391641722753,0.0033601455656396303,0.0033644157279779817
2026-07-21,0.0028848494,0.024735799,0.0014054526,0.09516264317411183,0.024360232,0.0031037598,0.00311585,3.5234784897129074,1.1169336123547629,-0.9900459681303143,-0.36611057110730316,0.0035567211399592084,0.003561280655810612,0.02506753683474049,0.025126309797960985,0.023853036649155043,0.023694253432380172,0.0030736004538141682,0.0031301453823151214,0.0033097475261851124,0.003347770027119441
2026-07-22,0.003619037,0.025107443,0.0017561353,0.12813382643826887,0.02426641,0.0042136116,0.0032402235,3.727378792758269,1.1916584024483425,-0.6357609507247001,-0.27181920602808524,0.003569576890338317,0.0035651484322921797,0.025075769524273605,0.025125046367220315,0.023938315481710146,0.02373256908754019,0.003308784152681692,0.0032027018733718476,0.0032954047578697596,0.0033405679584853614
2026-07-23,0.0035299861,0.025020234,0.001398341,0.1437075184186697,0.024103982,0.003029581,0.003324319,3.616873003446321,1.2104255084210922,-0.6066819618897837,-0.16731098181610266,0.0035614093380883552,0.0035627937183513986,0.025064312633990386,0.025118027415742764,0.023972492474466263,0.023757441524242712,0.003251184673981532,0.003191108481459039,0.003301369732249477,0.003339479808319103
2026-07-24,0.003923309,0.025006471,0.0017159255,0.07522685976773513,0.024454521,0.0035508734,0.0027215842,3.416516715338775,1.4454627092711612,-1.0340963539053514,0.6094358270711581,0.0036360690553313628,0.0035869363506526447,0.025052379976948536,0.02511055682981803,0.02407193470889812,0.02380412285241896,0.003313010294512181,0.0032152008598510503,0.003181760275549141,0.003298101185824449
2026-07-27,0.0037779387,0.025057156,0.0015525736,0.048948121727834804,0.024009844,0.0025289422,0.0033586032,3.4709029687831614,1.4929276053987568,2.096509208744257,2.6008909651182677,0.003665336680585928,0.0035997272040596186,0.02505336519350405,0.0251069807118161,0.02405912548777285,0.023817899401551972,0.0031512574569815084,0.003169244169706608,0.003218242882446366,0.003302152826212856
2026-07-28,0.003799071,0.024876568,0.0015024227,0.05348474514127932,0.02412028,0.0029227939,0.0035090183,3.4689720644485385,1.135087296562275,-0.09098782245403791,-0.13111044378446401,0.0036929260147400347,0.003613076666404197,0.0250168921216999,0.025091550693028968,0.024071741738574817,0.023838148960411785,0.0031041255350918945,0.00315274012908133,0.003278229705850559,0.003316005990648192
2026-07-29,0.0034813953,0.025082804,0.0016907854,0.045174490342509976,0.023861583,0.0032588488,0.0028530618,3.1031368910099046,0.9841413238187664,0.13229138353228184,0.4233369087597106,0.00364928734157083,0.003604258359881434,0.025030489761706715,0.02509096497075096,0.024028386167834547,0.023839718289521788,0.003136044862366624,0.00315984590905461,0.003190517784526649,0.003285004001174384
2026-07-30,0.003642127,0.025028607,0.0016517108,0.03173564687002195,0.02391453,0.0033025125,0.002888755,3.1871817304855115,1.6247215163890487,0.10278851562451487,0.6661369297815956,0.003647810149921233,0.003606794303922671,0.025030101323526576,0.02508678903574097,0.024004897880457867,0.023844728264452726,0.0031703870397027808,0.00316939986101808,0.003128264268737469,0.0032584683870431827
2026-07-31,0.0034183273,0.025013141,0.0014087618,0.0355365583868279,0.024002304,0.0031286671,0.0032029185,3.285427098523831,1.7142004039899177,-0.43145078294452993,0.41792548812089647,0.003600467960582959,0.003594173233091458,0.02502660248661966,0.025081857069478998,0.02400436282631096,0.02385528066020341,0.0031617802441108256,0.003166672111821936,0.003143665387328957,0.0032547483740247595
2026-08-03,0.003442565,0.025123209,0.001614365,0.036397076699466346,0.024164408,0.0027347554,0.0027696874,3.282421387003115,1.0793612320250718,0.8222592476887501,1.5989744167711442,0.0035678926585772036,0.003584020481869724,0.02504653231025536,0.025084626268569464,0.02403738015333897,0.023875982023208082,0.003073685243112007,0.00313774794163928,0.003066513934705056,0.003222265294741463
2026-08-04,0.0037331472,0.024812251,0.0013878054,0.04468693694634818,0.024285948,0.0026636263,0.002953971,3.416703741014525,1.2441689412313466,-1.0368590777658087,-0.2299581797890462,0.0036019845770596365,0.0035940070499575253,0.024998200267137508,0.025066386133714414,0.02408865954955575,0.023903436211816075,0.002989090306168757,0.003105997436032472,0.0030432963942365505,0.003204298430955602
2026-08-05,0.0034278044,0.025153255,0.0016056035,0.03790949465450921,0.024451448,0.0023664655,0.0031906054,3.609774084186268,1.176383310949524,-0.6583345369559735,-0.3108114410889174,0.0035660513079908912,0.003582876958886245,0.025030187995561903,0.025072203487853044,0.024163502544019652,0.023940134898487783,0.0028606431395278124,0.0030564731957108677,0.0030736861719711977,0.0032033814520144067
2026-08-06,0.0031240776,0.024880547,0.001984473,0.059266650068377835,0.024301723,0.0025646545,0.0030335174,3.2851935425639907,0.9978258790331606,-0.42088416646633686,0.3009922064924989,0.0034748723586355257,0.0035521525364319915,0.02499931715266069,0.025059368831329507,0.024192017278307026,0.023964349348219522,0.002799580829125992,0.0030235375657870598,0.0030653993742482057,0.003192006164218153
2026-08-07,0.0036880411,0.025017962,0.0016655336,0.03166081960614053,0.02412066,0.0036172287,0.002898217,3.386720880313564,1.8047081087232804,-0.7918824326992925,-0.08563035417706963,0.003518848962139992,0.003561252588409245,0.025003163545916716,0.025056595930310163,0.02417729641221453,0.023974817038359204,0.002968261156323226,0.003063295285485188,0.0030309097272463235,0.0031723319791587263
2026-08-10,0.0036846467,0.02505378,0.0017016233,0.019987885041755526,0.024158686,0.0029039863,0.0029527398,3.3363463732415717,1.4001323921267377,0.5174687640627995,2.4511010739658583,0.0035530529447080263,0.00356951592177354,0.025013605802268243,0.025056407391100724,0.024173457176371812,0.023987130219420155,0.0029550012783116334,0.003052626836397537,0.00301478331839498,0.003157626549793824
2026-08-11,0.0035398512,0.025018916,0.001595016,0.048724231877406377,0.02449476,0.0030335973,0.0029846255,3.486310421223162,1.3258996604069948,-0.9876467339814567,-0.15103321844610193,0.0035503294251522737,0.0035675293619679515,0.02501470119713569,0.025053896673590263,0.024239741725927532,0.02402112464971688,0.0029712155869881297,0.0030513524822674506,0.003008561780486709,0.0031460411883798443
2026-08-12,0.004006922,0.025353324,0.0015792248,0.067207903945248,0.024341468,0.0031719937,0.0034638504,3.477366447574431,1.2883848960770736,-0.07301733581416261,-0.03177653012860562,0.0036445241876659064,0.0035969541577023987,0.025084558834814787,0.02507394840367518,0.024260727754891288,0.024042577070026983,0.0030126359962679987,0.0030594314605259577,0.003102487574272258,0.003167323917640297
2026-08-13,0.0036158767,0.025398973,0.0015358401,0.023516219357988533,0.02421944,0.003587203,0.003176112,3.3590929355409447,1.2374477075923476,-0.3523014014303965,-0.028008391657926162,0.0036386142177251926,0.003598221341057228,0.02514942238919324,0.025095714353718063,0.024252210173898867,0.02405442107119712,0.0031311688876215246,0.0030947747483949244,0.0031176762464842915,0.00316791242659985
2026-08-14,0.0032839247,0.024996856,0.0015590467,0.03723828829607312,0.02435346,0.0031708959,0.0033496628,3.4348842923677765,1.157818804937821,-0.6940280005465258,-0.1345293029804114,0.0035654419477000477,0.003577173832288298,0.025117948070286836,0.025089094120744112,0.02427309785196071,0.024074446778677778,0.0031393645402762204,0.0030998723512436917,0.0031655349418733443,0.0031800837026083667
2026-08-17,0.0036541347,0.025025954,0.0014658789,0.027280288368969785,0.023932459,0.00314111,0.0032631014,3.3885465106932156,1.5108585077428816,0.8043311170124683,1.1181822347134347,0.0035837392143269293,0.0035823276708737478,0.02509896983894276,0.02508486584722094,0.024202824201490943,0.02406493827070853,0.0031397246409975935,0.0031026339175337734,0.0031856628606396226,0.003185643152624657
2026-08-18,0.0041878554,0.025184482,0.0011531833,0.05476976218810081,0.024446668,0.0026416986,0.0031847216,3.439860423048168,1.482108092219877,-1.0593477612335964,-0.3288269883395801,0.0037083680664742264,0.0036228780516940288,0.0251166110221166,0.02509153686547105,0.024253129070183833,0.024090501575640834,0.0030369821262318476,0.0030717664567751824,0.0031854686733553436,0.003185581437148906
2026-08-19,0.0032874197,0.02496646,0.0011775402,0.047593757989734975,0.024273284,0.0029858255,0.0035942264,3.375990437813178,1.4866426253824887,-0.6690554104152712,-0.11238791879464846,0.003621526635092612,0.003600413407862159,0.02508563488774087,0.02508316082330059,0.024257286976139693,0.0241027419530417,0.0030264285471969087,0.0030660112499590925,0.0032697951849310954,0.003212947170291582
2026-08-20,0.00319719,0.02495608,0.0015978437,0.03276618861404701,0.024012761,0.0031559935,0.0029424964,3.461109650081303,1.4825053958408365,-0.9892279695381341,0.08500527332784184,0.0035339861869745524,0.003573410734869291,0.02505890761748563,0.025074650547151488,0.024206841435185842,0.0240967162105573,0.003053157735108736,0.003072037094103405,0.0032022736270434274,0.003194835894284111
2026-08-21,0.0029226677,0.024772462,0.0016221715,0.03592725278669373,0.023986623,0.002941201,0.0027825248,3.586148191729639,1.4983398382030673,-1.2323142362279729,0.12722073109613669,0.003407871495597688,0.003529832417605571,0.02499981393488686,0.02505441385092414,0.02416141042412373,0.02408934357691171,0.003030061114453587,0.0030632753906301266,0.0031156796640222128,0.0031672246534894303
2026-08-24,0.0030722066,0.025034046,0.0014314199,0.02414974109694179,0.024088036,0.0029175759,0.0034509227,3.4773246295533475,1.9452443677558746,0.5439661911707605,2.382923393255216,0.003338624010263778,0.0034991865875765244,0.025006875950771192,0.025053049863523472,0.02414627337450493,0.02408925603040834,0.0030068554703181205,0.0030535183304526855,0.003184840119406255,0.0031862230608268242
2026-08-25,0.0029885876,0.025198137,0.0013682926,0.05843153770554643,0.02411502,0.0027156777,0.0034082206,3.2077142654117545,1.4768366255888512,-0.31438948039503034,0.6833369899229434,0.0032664116827847466,0.0034649933008038102,0.02504633308459538,0.025062765940978442,0.024139825904206536,0.0240909813937827,0.0029467856538765197,0.003030894155528778,0.003230923394359118,0.0032010895716845247
2026-08-26,0.0032381287,0.025075894,0.0013024918,0.03491974629681338,0.023989135,0.0028933806,0.0034210372,3.3646836063021484,1.6587998633136254,0.18243838541565335,0.547309195829168,0.0032605769247135573,0.0034498008592395843,0.0250524314547713,0.025063645077715028,0.0241087385323383,0.024084161072219,0.0029357682168600183,0.0030216852832829536,0.0032701437776343554,0.0032158188080490917
2026-08-27,0.0025964838,0.025272902,0.0013623988,0.04710898877607628,0.024151195,0.003202755,0.0030891278,3.181055332625674,1.3262965218243161,0.6721851575423082,0.18890885922532738,0.0031235748621188885,0.003392656768424482,0.025097914433181642,0.025077658394582973,0.024117497246415712,0.024088650123158153,0.002990847450650759,0.0030338109808138608,0.003232800282704154,0.0032073346922028823
2026-08-28,0.002930621,0.02554279,0.0016738655,0.06038220621474166,0.024185868,0.0037400008,0.003294551,3.125243849819068,1.185056444797796,2.1365615442017636,-0.07428115734659645,0.003083768564948268,0.0033617156097221833,0.025189692043096096,0.02510880687143892,0.02413160209281752,0.024095160512208263,0.003145397386670054,0.003081102398493891,0.0032455394328087628,0.003213175310543591
2026-08-31,0.0028662512,0.025376372,0.0013243732,0.02658178069932371,0.024036475,0.0032489293,0.0031673058,3.3199178243031966,1.2577383676926355,2.96370047642717,2.6056017027962666,0.0030388948389908645,0.0033285358378129567,0.025228204028125985,0.025126724910300737,0.024111977325803904,0.024091230487268394,0.0031667559615861335,0.0030923412626160766,0.003229399883798936,0.003210103569333505
2026-09-01,0.0032661592,0.025479453,0.0014417901,0.052166259481312816,0.024035348,0.0038398851,0.0030468788,3.0070399600523747,1.5039345149865582,-0.3729381480646871,0.2353080012846196,0.003085779359649915,0.003324358661798749,0.025280036493787617,0.025150346034142193,0.02409616865896057,0.024087488179198983,0.0033056221523930685,0.0031424020382717663,0.0031917458897789083,0.0031991728979288855
2026-09-02,0.0029942086,0.025499996,0.001354291,0.048328224563287,0.02437653,0.0034102972,0.0032888346,2.8941036126504227,1.2048315124032498,-0.2492592553002753,0.4338531509760366,0.003066888359407135,0.0033022494995915935,0.025325413982525243,0.025173761032829076,0.024154007097461423,0.024106844458668456,0.0033272165623640815,0.003160342176713227,0.003211775237279039,0.003205177273127029
2026-09-03,0.0035713727,0.025228845,0.001301502,0.03142865804591599,0.024373403,0.0028254646,0.0035975329,3.2264185819661986,1.1073255695677786,-0.34740969991269594,0.49325129570337156,0.003170963216002692,0.003320271876036665,0.025305491843056818,0.02517744983834902,0.024199268319423897,0.02412469507464322,0.0032237053938959106,0.0031379164263728755,0.0032913568329053585,0.0032314521533458
2026-09-04,0.0040141754,0.02541963,0.0015195996,0.09258222358276891,0.024347039,0.003434237,0.0028270567,3.273194320580329,1.21579955376056,0.06755284840288589,0.021576726284571673,0.0033449174429994824,0.0033667405182099056,0.02532903850754671,0.025193667926667957,0.024229753320640247,0.0241395847781292,0.003267137972629755,0.0031577601349448586,0.0031955719563181487,0.003204370998500853
2026-09-08,0.003705215,0.02512915,0.0014005505,0.021400635162852177,0.024192194,0.0031161467,0.0032543074,3.0649538227196205,1.1641061667329198,2.8691469761403448,3.4574767586129544,0.0034192466275065705,0.003389407137804003,0.02528780173720116,0.02518934739425615,0.024222004754153103,0.024143107828395502,0.0032359885445299537,0.003154973405105859,0.0032076890544623176,0.0032077150921970563
2026-09-09,0.0033259217,0.025065424,0.001539382,0.02663973481039905,0.02410242,0.0030041072,0.0028787656,3.454523535084695,1.403464500876631,-0.7562289874179022,0.06002957689912439,0.0033999937473849513,0.0033851557090360507,0.025241925310634614,0.025181048609957117,0.024197334402802768,0.024140383060450757,0.00318815153658494,0.003144870343901373,0.0031398323137790144,0.0031856863271343175
2026-09-10,0.0035621105,0.024900004,0.0015073444,0.028683310859645483,0.0244131,0.003346849,0.0029882088,3.1793458398371937,1.4622339070983774,-0.9258107986154328,0.037560018904010964,0.0034334383432678105,0.003397005840426041,0.025171387179320704,0.025162227911110155,0.024241846631435596,0.024158646065400368,0.0032208907398319215,0.0031583962502791663,0.0031085524592939437,0.0031724618468179197
2026-09-11,0.0028698687,0.025350058,0.0015057385,0.03195879655657219,0.024117941,0.0025024912,0.0029137563,3.1044829237050853,1.1310582424972453,-0.5300425377588801,-0.0909489303200835,0.003317174212188353,0.0033617050398026564,0.025208246968750733,0.02517480636048435,0.02421628497243886,0.02415592017140696,0.0030726852992345116,0.0031144722533695333,0.003068366113274057,0.003155137110009408
2026-09-14,0.003361325,0.025118452,0.0014639334,0.015777244144211444,0.024283616,0.0031012667,0.0032013268,3.027878679650502,1.2277290234117755,1.3242994625520448,2.0784154622777704,0.003326282499074144,0.003361679590512399,0.025189722224291902,0.025171032448451966,0.02423017530165779,0.02416447157048696,0.0030785816246489957,0.0031135879161439855,0.0030957958373425743,0.0031582302967761862
2026-09-15,0.0033340887,0.025031129,0.0016498064,0.03377977299465551,0.024327712,0.00316299,0.0034503352,2.974460019823568,0.7683971665013112,-0.22725273926874712,-0.5385477096937938,0.0033278929176553287,0.0033598319122293487,0.025157004504549704,0.02516166352622243,0.024250297098769545,0.024175403302653588,0.00309599504693573,0.0031168962320303494,0.0031689371288584436,0.003177791690731158
2026-09-16,0.0036729695,0.02521858,0.0014848505,0.05027128942431547,0.024223903,0.0032217237,0.003641433,3.155702741093261,0.9478230649902739,-0.18470079567673472,-0.2504527569022108,0.0033990820407702616,0.0033808018015641745,0.02516970747998696,0.02516547504672208,0.024244852050112776,0.024178651195292528,0.0031219328053780633,0.0031239162150838015,0.0032664127955736627,0.0032088403677390325
2026-09-17,0.0033027984,0.025332691,0.0015139239,0.05956049659937468,0.024324905,0.0031614024,0.0035125222,2.943519764498903,0.6391249041727284,-0.007993392855742321,0.26410260182453,0.003379218770881807,0.0033755781453451922,0.025203330924955445,0.025176673008786416,0.024261366957827157,0.024188445383594173,0.0031300753659510958,0.003126426554032739,0.0033171850374352375,0.0032291770319525796
2026-09-18,0.003549984,0.025038028,0.0015513547,0.052829393424421056,0.024634756,0.0031703063,0.003012967,2.7654697017836773,0.9915248575640991,0.8915995286305339,0.5871718409987875,0.003414447539119624,0.003387257580862704,0.025169229046519068,0.025167388376410166,0.024338396951334464,0.024218333480322075,0.0031383749924020665,0.003129365051273179,0.0032544250293465938,0.003214698097139543
2026-09-21,0.00342929,0.02519994,0.0013211316,0.02881142558876404,0.024228327,0.0031402353,0.003045689,3.136948425648734,1.0449603279231594,1.0209514634800836,2.042067749172589,0.0034175095118512684,0.003390072360017402,0.02517556478839331,0.025169568289933705,0.024315689573379765,0.024219002714851758,0.0031387587769520636,0.0031300930006331667,0.0032113629131539844,0.003203380068977147
2026-09-22,0.0032871517,0.025434216,0.0014507395,0.024962682267819947,0.024330653,0.0026670645,0.0030099915,3.2568114137526543,1.0767717701191948,-0.7517347540701789,-0.4948561990935808,0.0033906167615033373,0.003383180070550912,0.025228924497238476,0.025187290987814134,0.024318776572040724,0.024226479617198513,0.0030414485051435004,0.0030990853701713585,0.0031698200939572914,0.003190429414203889
2026-09-23,0.0037787736,0.025083328,0.0016006049,0.03365037395869974,0.024569383,0.0023964755,0.0030846118,3.332805494911024,1.3410952672065874,-0.6379888869303759,-0.1852623348742276,0.003470693311632424,0.0034096717853023466,0.02519888794752013,0.025180328875157327,0.02437047652383924,0.024249442823641183,0.002908390918319354,0.003052033690637075,0.0031522416772495443,0.0031833431282274026
2026-09-24,0.0035110484,0.02535303,0.0016124615,0.019675611058163844,0.024027312,0.003054402,0.0031948905,3.195764559205397,1.2361113684170801,-0.5435527905138194,0.1497493028801763,0.0034790185426064805,0.003416460673095496,0.025230687241965317,0.025191894110677675,0.024299681899057055,0.024234567398576153,0.0029385129421362786,0.0030521922939259504,0.0031610400967769536,0.0031841164178682295
2026-09-25,0.003400885,0.024880787,0.0015902468,0.02148486220662893,0.024339154,0.0030823734,0.0037265983,3.139171399438464,1.1785306106731284,-0.9047930034437346,-0.14659100721118118,0.0034628996409506764,0.003415417619163977,0.025158503079880674,0.025171060222117254,0.02430782504754028,0.024241571274686336,0.002968191281468094,0.0030542134331372735,0.0032777144650892303,0.0032204448094069267
2026-09-28,0.0032886788,0.025188416,0.0015092831,0.03135339814551874,0.024038753,0.0027285723,0.003024322,3.0620349505836266,1.3766273774241762,0.3565706238855279,1.9377272110621946,0.0034269579782371276,0.0034069303012559922,0.025164674149615717,0.025172222502887778,0.024252315530957743,0.024227989110827453,0.0029187580215567577,0.003032406223841811,0.0032254397288554995,0.003207311050282067
2026-09-29,0.003550318,0.025236601,0.0015025646,0.07735203911518318,0.023799192,0.0035190661,0.0035768363,3.0535384504556307,1.3020060806388032,0.16266045061298282,-0.42231330508865106,0.0034524071002320317,0.0034165325511626523,0.02517951262307338,0.02517653373891606,0.02415883641794076,0.02419927386181704,0.003042601271419081,0.003064996382819072,0.003297932659936855,0.0032320570518730705
2026-09-30,0.0037734515,0.025152361,0.0014938028,0.05881769540305026,0.024045052,0.0027398488,0.0029350582,3.037339763234738,1.177270459023369,0.6939320464944145,-0.1595216039741607,0.003518638401340934,0.0034404343487739373,0.025173911261732625,0.025174914964273685,0.024135362753779616,0.024188946085549633,0.0029801435961933015,0.0030432222220136123,0.0032230718506375887,0.0032121679275446107
2026-10-01,0.0034517986,0.025252385,0.0013886408,0.028910681639277125,0.024400093,0.002698516,0.0028353843,3.0118189545761096,1.8580069494780609,-0.018385939324756278,-0.3641738550294219,0.0035048493807075375,0.0034411953771324626,0.025190100366062364,0.02518010290516196,0.02418997639447401,0.02420308594008029,0.0029220439727801494,0.0030201382780298217,0.0031430921205393837,0.0031869358576633216
2026-10-02,0.0035714223,0.024989078,0.0011177404,0.03418239704513515,0.024252202,0.0035637603,0.0030497338,3.241867324779028,1.502592055354318,-0.6859490403677859,-0.6927231511113944,0.0035185833399641302,0.003449916284910298,0.025148629520827807,0.025167310526759246,0.02420281357880806,0.024206375119910757,0.003054429716469423,0.003056543019522572,0.003123832351359039,0.003177747847358982
2026-10-05,0.0034103962,0.025435325,0.0016079996,0.03051252293836837,0.02394394,0.0030812994,0.0032100135,3.174737291949922,1.4289680004024836,0.4693017974753509,0.9792859221990767,0.0034962643829101426,0.0034472697407825293,0.02520777459751938,0.025185258638070505,0.02414940813229385,0.02418880063690531,0.003059972910738905,0.003058200877890667,0.003141611476887195,0.0031799085815578726
2026-10-06,0.0035230767,0.025365824,0.0015841026,0.028682502227592832,0.024128819,0.002801018,0.002634771,3.459969039025004,1.000472906893534,-1.1054172280767849,-1.1074907730416046,0.0035017957398417233,0.003452346302822009,0.0252403800813303,0.02519735055214411,0.024145160581301933,0.024184783838383805,0.003006550663004954,0.0030409781145220955,0.0030370505397687253,0.003143402344194102
2026-10-07,0.0036230236,0.025507525,0.0014473839,0.030306130346200333,0.02432265,0.0025563096,0.0029443838,3.2861866119483683,1.1189596677228277,-0.8092548167455111,-0.9590542855906814,0.003526804989650029,0.003463776052781271,0.0252954918569915,0.025218121980872525,0.024181776444448525,0.024194016286901977,0.002913666162260748,0.0030085213119742655,0.003017933433953604,0.0031300746656669435
2026-10-08,0.0033930177,0.025269883,0.0015316614,0.0448461055654884,0.024155563,0.0026755622,0.0027634816,3.192257650995157,1.337551085230689,-0.5867596900192042,-0.7592321764003261,0.00349920473946341,0.003459037576694691,0.025290208712409414,0.025221588244970554,0.024176368571740034,0.02419144116813852,0.00286454543300455,0.0029862240340063156,0.0029654401498787797,0.003105525023253116
