date,Open,High,Low,Close,Volume
2017-01-03,2.5650635400069537,2.6134657267218895,2.4417243084924958,2.5063424110412598,1501996000
2017-01-04,2.5404940323751246,2.5920901480267675,2.49454886072996,2.5648179054260254,1199220000
2017-01-05,2.568257350151927,2.5999520264565144,2.4827551111789004,2.4997081756591797,984296000
2017-01-06,2.526981196193388,2.561378691602805,2.4864413996779664,2.533123731613159,822856000
2017-01-09,2.542951140887124,2.6535141830314055,2.542951140887124,2.635823965072632,916248000
2017-01-10,2.648845876350075,2.6827517750167607,2.5952841023977884,2.615922689437866,880920000
2017-01-11,2.604375006721751,2.6092887998087964,2.5589211905195324,2.5837364196777344,525664000
2017-01-12,2.5608870466474247,2.57243473075697,2.4967602962585236,2.5414769649505615,625616000
2017-01-13,2.545408036234708,2.579805527622623,2.5321404893184205,2.541231393814087,457820000
2017-01-17,2.530666089945316,2.5355798827489493,2.4709620194891158,2.484229564666748,580612000
2017-01-18,2.462854022076797,2.5363169923629165,2.435090425394463,2.52943754196167,654424000
2017-01-19,2.5323860986338063,2.615676894841562,2.5301748800289494,2.5837364196777344,644872000
2017-01-20,2.6063408847412717,2.6240311052925036,2.533615047311799,2.5554819107055664,492024000
2017-01-23,2.5503222600549873,2.601918383946501,2.547865245985449,2.582016944885254,369904000
2017-01-24,2.5920907763627556,2.6431955485297687,2.577348925040049,2.6370530128479004,428052000
2017-01-25,2.6793118183337445,2.6854543520534233,2.6124827385222997,2.6483542919158936,522760000
2017-01-26,2.651056851359519,2.701424456011093,2.6215733926108196,2.6940536499023438,458800000
2017-01-27,2.700933177066229,2.749089564687412,2.6743980868683974,2.746141195297241,471996000
2017-01-30,2.7252567241213255,2.727467942322089,2.651302406038966,2.703144073486328,496004000
2017-01-31,2.676855854405718,2.7038823080622003,2.6584284819482615,2.682506799697876,362756000
2017-02-01,2.71690344721416,2.8038797632655403,2.6992134642053696,2.7997031211853027,590004000
2017-02-02,2.7837326886239073,2.8436825554531358,2.7532665165065713,2.8350830078125,483240000
2017-02-03,2.8365576974285522,2.847614025878351,2.798474918497992,2.8102681636810303,372744000
2017-02-06,2.800931606495099,2.8827483406213594,2.800931606495099,2.8822569847106934,506768000
2017-02-07,2.9164086093953348,2.9709530974774574,2.896752967567473,2.926973581314087,746224000
2017-02-08,2.909038094409948,2.931396313082359,2.859407394644077,2.9141976833343506,449580000
2017-02-09,2.920339771583535,2.925253799333136,2.8402431343632077,2.8594071865081787,842568000
2017-02-10,2.9466293833349284,2.965547875186469,2.7665344322816066,2.791595458984375,1651092000
2017-02-13,2.7859443038998113,2.8004403582335176,2.6584281847875246,2.662850856781006,1180724000
2017-02-14,2.6532681531761595,2.7063385680432464,2.6114998600572674,2.672678232192993,850632000
2017-02-15,2.6756256877269187,2.6977380991958175,2.6476163051605663,2.6780824661254883,373020000
2017-02-16,2.6876665714286414,2.6888950786301073,2.596021996160636,2.635087728500366,647176000
2017-02-17,2.621573406001097,2.6390178268547433,2.574645526248158,2.6345951557159424,563740000
2017-02-21,2.659164713683124,2.73287347508703,2.6589189186189808,2.728942394256592,551952000
2017-02-22,2.740997152688993,2.750345401003291,2.705818168851619,2.7247607707977295,433772000
2017-02-23,2.5953609311371384,2.617255382820655,2.452185626835399,2.472111940383911,1592888000
2017-02-24,2.387978431078259,2.5092593073768668,2.3542756132229297,2.4959750175476074,1029904000
2017-02-27,2.5141807218945966,2.5835542942271794,2.4984363101445433,2.5685479640960693,715400000
2017-02-28,2.5781409949146252,2.5879814533745265,2.479246780408931,2.496467113494873,625360000
2017-03-01,2.553293633639816,2.5675621061722405,2.4873641783121685,2.528693199157715,504804000
2017-03-02,2.5159017676396047,2.529924139843571,2.432751721057641,2.435457706451416,754332000
2017-03-03,2.4248796613180583,2.4297996561416397,2.367068138527173,2.421435594558716,864692000
2017-03-06,2.3852728459415076,2.413317592845352,2.341237821345839,2.4027392864227295,883568000
2017-03-07,2.4027391736851964,2.448496229648575,2.3899468582881696,2.4290616512298584,603400000
2017-03-08,2.4772784462556583,2.4920388981709785,2.422419255406684,2.424633264541626,638712000
2017-03-09,2.408643344596032,2.446528079971666,2.396096899968721,2.4241416454315186,478060000
2017-03-10,2.450464273477294,2.4622724017336433,2.420205519590769,2.4384098052978516,499740000
2017-03-13,2.4487418919439135,2.5154094423751507,2.44800381071738,2.5055692195892334,774136000
2017-03-14,2.518362427227322,2.5277104427764767,2.4716211764340454,2.503848075866699,522016000
2017-03-15,2.515409607798153,2.5336138921141043,2.4679302892590274,2.522789716720581,615036000
2017-03-16,2.5333679845366004,2.554278488353498,2.519345613561585,2.553786277770996,523100000
2017-03-17,2.571252280564291,2.6106134016797573,2.5537858461205762,2.6093833446502686,1119688000
2017-03-20,2.6268505933323514,2.696470247437388,2.61086008160185,2.6925339698791504,748568000
2017-03-21,2.6753132809216145,2.7050800563340553,2.597575445891804,2.60544753074646,913484000
2017-03-22,2.594377393492777,2.6632591955199154,2.5904413508479407,2.6585850715637207,616764000
2017-03-23,2.650712085118238,2.670638633248082,2.6248815918104635,2.6344757080078125,533940000
2017-03-24,2.680725350657401,2.6885974351149398,2.6179938418403355,2.643824338912964,439500000
2017-03-27,2.5973300756279527,2.666949740211738,2.5481289448391373,2.6630136966705322,506644000
2017-03-28,2.664242762366579,2.6787571081412884,2.638904242231029,2.6492364406585693,432444000
2017-03-29,2.6566171847505906,2.6689175244648866,2.638412897814142,2.640626907348633,349992000
2017-03-30,2.647761155103936,2.706064662782405,2.6421030780830894,2.6913042068481445,525532000
2017-03-31,2.6817092825847304,2.7033578665958182,2.6667029604053623,2.679741144180298,440808000
2017-04-03,2.6802339786178773,2.697454313879732,2.6425948771592234,2.6662116050720215,445232000
2017-04-04,2.5437004050494108,2.5687930587341223,2.468422678604726,2.4792468547821045,1271280000
2017-04-05,2.4605504892940138,2.5183620145054917,2.4477581737638494,2.460796594619751,747048000
2017-04-06,2.4659636305442536,2.4908101896634425,2.420944403782964,2.4787559509277344,635120000
2017-04-07,2.485151306481331,2.502617747296196,2.4531705158773165,2.46817684173584,429068000
2017-04-10,2.4689147610061846,2.4755567894207413,2.4010171410926637,2.4051992893218994,756332000
2017-04-11,2.37518554664272,2.4329970503813616,2.3702655534405617,2.413808584213257,618148000
2017-04-12,2.4138095450772874,2.4280777891136123,2.3887168893904707,2.393882989883423,414092000
2017-04-13,2.369774043659178,2.391422393381388,2.349109411239624,2.349109411239624,506892000
2017-04-17,2.361901857551798,2.4413617268578096,2.3567357578083206,2.4411158561706543,497292000
2017-04-18,2.4268482109292258,2.4487429092768376,2.401017703363412,2.4425926208496094,370116000
2017-04-19,2.4600586708681402,2.4841671407376023,2.4455443209562664,2.4521865844726562,380828000
2017-04-20,2.46670091358086,2.4957296131597855,2.4455443003310275,2.491055488586426,404016000
2017-04-21,2.4807227232754077,2.504093343038812,2.4689145953497746,2.501387357711792,341896000
2017-04-24,2.532876075865548,2.5456683911279727,2.511965804165636,2.532630205154419,371820000
2017-04-25,2.547144254700409,2.591179271595199,2.5257417748727944,2.576664924621582,388440000
2017-04-26,2.5901967205047107,2.5926566017047814,2.556985860903409,2.5589540004730225,327004000
2017-04-27,2.5663324324643293,2.607169248953976,2.548374021113172,2.5988051891326904,319700000
2017-04-28,2.591918769387323,2.598806906005801,2.5601838383256177,2.5658421516418457,348248000
2017-05-01,2.5766649312045447,2.6285722676432535,2.5695306930406367,2.623405933380127,307732000
2017-05-02,2.5965917533584926,2.597821810729194,2.5230358240910626,2.545668363571167,629972000
2017-05-03,2.538780222608575,2.5742050771097316,2.5240200034219415,2.5646109580993652,336904000
2017-05-04,2.570761224387928,2.581831507004431,2.5468986256194412,2.5547709465026855,209788000
2017-05-05,2.543208864246514,2.5621512344508495,2.527710326742568,2.5550169944763184,228428000
2017-05-08,2.5668260817109876,2.5683020104265326,2.5168868570535907,2.528203248977661,365240000
2017-05-09,2.5338600813612606,2.5813391668640393,2.5254957855917977,2.532383918762207,847672000
2017-05-10,2.811601114419397,2.9968436016762205,2.804959085314321,2.9838051795959473,2129096000
2017-05-11,2.953299892448665,3.208653959469508,2.9498558259892715,3.111973524093628,1939792000
2017-05-12,3.1151723428861535,3.188236069027765,3.094261834653804,3.1461689472198486,962620000
2017-05-15,3.187251466661219,3.3065642042293364,3.1828232136530166,3.3041040897369385,1087540000
2017-05-16,3.355027763284398,3.3811046055977965,3.280734217818438,3.3656060695648193,1120700000
2017-05-17,3.2989382170921804,3.317634713145954,3.1378044605022555,3.141986608505249,1271368000
2017-05-18,3.1857752248201083,3.2824556574017287,3.1255038289132555,3.27359938621521,1156032000
2017-05-19,3.3745680800301447,3.4038734765702734,3.3299941914250475,3.349202871322632,1018372000
2017-05-22,3.392791575199932,3.434902755899702,3.381955765717115,3.420619487762451,836608000
2017-05-23,3.44032173579716,3.4425380773387633,3.3420619703145933,3.3745689392089844,681248000
2017-05-24,3.4713501488358234,3.4740592188272266,3.4004258274917563,3.4124929904937744,815996000
2017-05-25,3.4477086295315393,3.448447488118839,3.360038337532559,3.4048585891723633,608228000
2017-05-26,3.3967317272350885,3.577736339233551,3.376538060474399,3.493021249771118,779140000
2017-05-30,3.5388269272658746,3.602609499324451,3.5228198105537465,3.5676400661468506,989652000
2017-05-31,3.6124596907371465,3.6200939363580624,3.4981928406124054,3.5548338890075684,887316000
2017-06-01,3.570595275863366,3.5715804990863886,3.509767899387474,3.5550806522369385,503340000
2017-06-02,3.5521257053221857,3.5782297777456886,3.531439539013338,3.5373499393463135,487456000
2017-06-05,3.521095992436869,3.6577728665797804,3.5095215578317074,3.6449670791625977,817376000
2017-06-06,3.6402876459760996,3.6863392498595435,3.615168802818321,3.628467082977295,758728000
2017-06-07,3.652847436669714,3.6910184317670636,3.6373328150567654,3.67230224609375,612612000
2017-06-08,3.779181618403672,3.9402389552156487,3.738055419401065,3.9387614727020264,1161744000
2017-06-09,4.056968330407867,4.14956380069362,3.515431473646159,3.6841230392456055,3692928000
2017-06-12,3.592513169779559,3.735839316428395,3.49967131917517,3.693235397338867,1697532000
2017-06-13,3.802329573048199,3.8114415350197626,3.5868478070613516,3.728450298309326,1672504000
2017-06-14,3.73140604833155,3.7939572645243587,3.6570340337043596,3.7363312244415283,1184640000
2017-06-15,3.619109467765831,3.782629273760976,3.6077811625177807,3.7523388862609863,963824000
2017-06-16,3.7619426381815324,3.8097180891606337,3.6998839187474015,3.733868360519409,924960000
2017-06-19,3.777949685910438,3.879410985021708,3.77425586276484,3.874239444732666,778176000
2017-06-20,3.9163505452755443,3.9830883084248727,3.864388778975007,3.868575096130371,1095444000
2017-06-21,3.8961570085542068,3.9308803087361546,3.834344419055546,3.9271862506866455,682652000
2017-06-22,3.935314128287521,3.9486126471680145,3.876210591546436,3.9000983238220215,469132000
2017-06-23,3.907731517545169,3.9234925033955306,3.77327076113386,3.7882931232452393,1088588000
2017-06-26,3.8210464772321058,3.8565086391354506,3.6528476314064036,3.7469208240509033,1063960000
2017-06-27,3.729436484278531,3.7380557201093936,3.6040876656456367,3.6097517013549805,999492000
2017-06-28,3.6772274679333052,3.7417488913773376,3.58931081360051,3.737069845199585,994948000
2017-06-29,3.708750235728438,3.7117052009276175,3.548185383745151,3.6122143268585205,1064424000
2017-06-30,3.6294517827276853,3.6429964262890584,3.5339011238461833,3.5600051879882812,731060000
2017-07-03,3.572072747785073,3.586848511692932,3.412739265058736,3.431209087371826,709072000
2017-07-05,3.4944988766549736,3.551632420683165,3.4755365617586196,3.5228195190429688,820188000
2017-07-06,3.493760637684429,3.580199586980964,3.4417986283599933,3.5334091186523438,746284000
2017-07-07,3.590049098322302,3.632406636770228,3.5671463651884,3.614182949066162,654972000
2017-07-10,3.6875707567500564,3.7924795201053314,3.6614666894416916,3.7850916385650635,958492000
2017-07-11,3.7887859831142303,3.846412027139257,3.7469209264610814,3.838777780532837,757956000
2017-07-12,3.8983734670458556,4.014117804477411,3.855523425747513,4.002050876617432,1145208000
2017-07-13,4.014118233911097,4.095385643293909,3.9094558249090023,3.9557535648345947,1369132000
2017-07-14,3.972007683313837,4.063618189508624,3.9651122941224637,4.062140941619873,941948000
2017-07-17,4.096123556842508,4.124936690247729,3.983334198070452,4.044900417327881,930792000
2017-07-18,3.984072812482776,4.1015414447296745,3.972252016440113,4.087011814117432,776640000
2017-07-19,4.096125393381831,4.122475833465685,4.053768067307539,4.065834999084473,687044000
2017-07-20,4.086273097449493,4.125182710251112,4.036527676280593,4.124936580657959,699596000
2017-07-21,4.104497962034511,4.169265765479871,4.090214455601973,4.139713764190674,648332000
2017-07-24,4.146854097469605,4.156458317913628,4.081101331838637,4.091690540313721,652524000
2017-07-25,4.068790355080689,4.086275430148389,4.028403002238622,4.071991920471191,496556000
2017-07-26,4.129370219623227,4.184779922276561,4.0843035988367715,4.119027137756348,640404000
2017-07-27,4.143899693184015,4.155474362278738,3.880149941538451,3.983088731765747,782856000
2017-07-28,3.9473812517599205,4.072730319895715,3.9225087646393355,4.048349857330322,513348000
2017-07-31,4.06189325665702,4.097847910606802,3.9555070120146567,4.002050876617432,559672000
2017-08-01,3.9926918179241198,4.0525341834867605,3.9648641456317457,4.05081033706665,431384000
2017-08-02,4.081842285858648,4.085782240005619,3.9715155846194223,4.048349857330322,478444000
2017-08-03,4.047856226828955,4.103512052865201,4.030863888614545,4.099818229675293,442420000
2017-08-04,4.122475710805803,4.188228509347416,4.0998195656127026,4.117796897888184,589096000
2017-08-07,4.146856691299808,4.2448698725345935,4.137251995135177,4.244377613067627,717412000
2017-08-08,4.282300929431514,4.298800541001937,4.154735779834138,4.193892002105713,755336000
2017-08-09,4.147838885010441,4.240927060283835,4.129122704186126,4.23846435546875,530784000
2017-08-10,4.239696940236279,4.252010468573003,4.046871736642654,4.056968688964844,1328088000
2017-08-11,3.8698068626971676,3.9156121055431163,3.7656369544827846,3.840747594833374,1497196000
2017-08-14,3.9321129898582523,4.150796180397965,3.920538552553921,4.147102355957031,1279020000
2017-08-15,4.152272322117374,4.17837615242877,4.077900314121639,4.112131118774414,764532000
2017-08-16,4.127152773215954,4.150547764644958,4.034803455351529,4.067063808441162,596632000
2017-08-17,4.058691851512568,4.075683719239546,3.9742228932482884,3.9764389991760254,525444000
2017-08-18,4.030617092688869,4.047609428094269,3.9313721496519456,3.977177381515503,601204000
2017-08-21,4.001558907981509,4.012886978060727,3.8754712455131295,3.9193062782287598,623672000
2017-08-22,3.9557857140947252,4.012476406071623,3.9365601198876923,4.006560802459717,450456000
2017-08-23,3.973286618032029,4.097759713759657,3.9646593229601814,4.086668014526367,579520000
2017-08-24,4.118708473034191,4.123145526709849,4.045257322883334,4.071630477905273,469700000
2017-08-25,4.095786424167436,4.105892263816767,4.031207965031281,4.037616729736328,357200000
2017-08-28,4.0565971129000955,4.069414176529954,4.001138619297182,4.06620979309082,389496000
2017-08-29,4.007546813806758,4.081244801621028,3.9994126831809527,4.059554100036621,324096000
2017-08-30,4.0792736144342046,4.094802370310207,4.048956552275148,4.083710670471191,384400000
2017-08-31,4.103921044471777,4.180330255354886,4.096526892851023,4.176386833190918,612684000
2017-09-01,4.188959251952859,4.2370231375324465,4.180331954677232,4.201529502868652,445432000
2017-09-05,4.150260249254813,4.155189997921995,4.031456409212001,4.08937931060791,695364000
2017-09-06,4.122159415334312,4.135962327796916,4.05215852773701,4.086912155151367,397672000
2017-09-07,4.103673654398536,4.138180940189889,4.065715640028047,4.105892181396484,352868000
2017-09-08,4.094310043918211,4.109098823349611,4.0105061769289065,4.034661293029785,498856000
2017-09-11,4.0802587974948095,4.176140176089492,4.074835887232931,4.165541172027588,567444000
2017-09-12,4.190189479860947,4.190189479860947,4.115505638539201,4.180576801300049,411488000
2017-09-13,4.155435255594529,4.22814738394143,4.123146491575563,4.199309349060059,580960000
2017-09-14,4.160366095217109,4.253289930123852,4.135964638516867,4.17540168762207,513712000
2017-09-15,4.260682739411377,4.439382076263428,4.255506645978332,4.439382076263428,1364792000
2017-09-18,4.563361270821203,4.712729373202375,4.556459814682428,4.622763156890869,1684460000
2017-09-19,4.572482878048468,4.679455956329136,4.550545830313191,4.617835521697998,874280000
2017-09-20,4.621532051339948,4.668856400388209,4.540439452354384,4.580615997314453,724920000
2017-09-21,4.477092597823015,4.5032198747177725,4.377760522599633,4.455402374267578,1075600000
2017-09-22,4.444064996457335,4.493607868316694,4.402163090762314,4.412022113800049,491232000
2017-09-25,4.381212030186589,4.382444701931201,4.194132702184933,4.214837074279785,874580000
2017-09-26,4.34917026223493,4.404135583014258,4.198816255680122,4.238499641418457,1125620000
2017-09-27,4.328713492282869,4.344734941114459,4.257973053093394,4.331424713134766,713720000
2017-09-28,4.338571619466589,4.342515511785984,4.282866784917443,4.330191612243652,435244000
2017-09-29,4.413995395407725,4.430016370605665,4.368889096171666,4.4063544273376465,619092000
2017-10-02,4.456388892786132,4.485473739443541,4.362726058358353,4.412022113800049,503480000
2017-10-03,4.418184541803863,4.4509669370214695,4.377022140638346,4.421142578125,390332000
2017-10-04,4.427304884080673,4.480298494552268,4.390825410645643,4.458115100860596,427848000
2017-10-05,4.48251616565208,4.485966894228168,4.425825020310832,4.455649375915527,437364000
2017-10-06,4.4280440450528875,4.482023506757907,4.412022601951612,4.468713283538818,318800000
2017-10-09,4.5054394576548615,4.602553509236207,4.486706793186109,4.569524765014648,563492000
2017-10-10,4.718399239271726,4.7558645641129464,4.615616412395926,4.656778812408447,974876000
2017-10-11,4.673292502010669,4.707800257449538,4.627447175828024,4.7063212394714355,529508000
2017-10-12,4.709772164384017,4.759315037577684,4.681426825963168,4.708539962768555,528292000
2017-10-13,4.770653416044017,4.806393377062807,4.723822229322731,4.796287536621094,628728000
2017-10-16,4.826112073513968,4.881570554708424,4.763012625127096,4.878612518310547,576640000
2017-10-17,4.857908710522161,4.902521847004452,4.839669207739079,4.874176502227783,478596000
2017-10-18,4.883048979231887,4.883788018114932,4.764984226779905,4.869985103607178,567316000
2017-10-19,4.792590681459801,4.880337926607632,4.743540965269748,4.87540864944458,570772000
2017-10-20,4.8924164033890305,4.919529075749701,4.844352068036117,4.8532257080078125,451620000
2017-10-23,4.8749156560253,4.901289287801833,4.8261122844662685,4.8463239669799805,428696000
2017-10-24,4.855443924315561,4.898824859689682,4.829563452981556,4.897099494934082,407244000
2017-10-25,4.8576600688425104,4.91040731131696,4.711989521509418,4.77336311340332,828160000
2017-10-26,4.800970760290517,4.834984885468692,4.777062005054775,4.823400497436523,322744000
2017-10-27,4.8754098717026375,4.975727856550621,4.849528927007057,4.9754815101623535,572192000
2017-10-30,4.975480513632072,5.079741900316777,4.959705415535346,5.0242838859558105,504056000
2017-10-31,5.0560801277536385,5.124108859578023,5.050410870882183,5.097488880157471,411908000
2017-11-01,5.160095051692335,5.175376987141525,5.0430161321556355,5.1071014404296875,502576000
2017-11-02,5.077523577688236,5.122136709285966,5.019600222458373,5.07604455947876,342308000
2017-11-03,5.107102090198056,5.14382791519165,5.061256748144263,5.14382791519165,353640000
2017-11-06,5.1071032947991135,5.17562521273245,5.09477939147906,5.166998386383057,389944000
2017-11-07,5.189672940245491,5.247596297681058,5.17759538803687,5.226151943206787,427700000
2017-11-08,5.221715080728075,5.2254126261958485,5.1080873694274995,5.155411720275879,522988000
2017-11-09,5.0595316338553,5.08565845446584,4.938755617342749,5.060763835906982,978564000
2017-11-10,5.25203312109238,5.389816419245245,5.216293155512763,5.327456474304199,1253256000
2017-11-13,5.327457546040661,5.352844858522917,5.225660539335314,5.240942478179932,582376000
2017-11-14,5.250059442199113,5.294426218520052,5.206432174833721,5.279144287109375,529292000
2017-11-15,5.224180444166654,5.225413116147014,5.1218907657475885,5.175623416900635,501948000
2017-11-16,5.249569021711645,5.279639734868709,5.206927591122523,5.215800762176514,441768000
2017-11-17,5.272736608541888,5.307983405360865,5.194602048306643,5.20963716506958,515664000
2017-11-20,5.225164942142142,5.288757542236447,5.188439130770803,5.276679992675781,396100000
2017-11-21,5.31636458158839,5.336822610645491,5.28456850935705,5.32523775100708,399176000
2017-11-22,5.352368830670482,5.352368830670482,5.268753313313137,5.301311492919922,356640000
2017-11-24,5.317591963184642,5.3523702201603385,5.293173086913779,5.351383209228516,180752000
2017-11-27,5.3600158174172,5.361248875245773,5.278619887135503,5.281826496124268,422896000
2017-11-28,5.287007348943417,5.296380190043431,5.136302338755271,5.197225570678711,512752000
2017-11-29,5.179959769477037,5.182672873572862,4.716745348963363,4.8447585105896,1396788000
2017-11-30,4.913328587976844,4.999163740731201,4.850432269618107,4.950572967529297,823768000
2017-12-01,4.91604035658032,4.936266081069458,4.7473297188750925,4.87583589553833,811548000
2017-12-04,4.934293971581735,4.940460674086106,4.550748880749363,4.604025840759277,1240844000
2017-12-05,4.498949207198729,4.753001884322961,4.454058571438754,4.630661964416504,981488000
2017-12-06,4.580346496342485,4.689860497206553,4.559134227522635,4.668155193328857,467032000
2017-12-07,4.734751252731392,4.775202710101896,4.689367092409994,4.7354912757873535,542600000
2017-12-08,4.785314644824547,4.804307313562994,4.714772059635796,4.723158359527588,466876000
2017-12-11,4.737217418510287,4.804307347667616,4.721431829563426,4.801347255706787,372748000
2017-12-12,4.75793794279803,4.781123297489209,4.68369522199837,4.707127094268799,455016000
2017-12-13,4.748069197528499,4.74930225525574,4.584784785886698,4.592184543609619,554280000
2017-12-14,4.585771589774533,4.670127139033691,4.553213406647107,4.599337577819824,438164000
2017-12-15,4.643244402510755,4.745112150530411,4.578374522267582,4.724886417388916,670036000
2017-12-18,4.765336041176935,4.884222877643476,4.735737943659035,4.881263256072998,477704000
2017-12-19,4.871888285930015,4.877067974254283,4.808745015493448,4.8371100425720215,373100000
2017-12-20,4.876329071858899,4.885454922648854,4.798633258691984,4.854130268096924,288820000
2017-12-21,4.857582555648013,4.882494458598624,4.823297815606302,4.831684112548828,300904000
2017-12-22,4.794934115410073,4.825765738247542,4.717238294132747,4.81639289855957,466276000
2017-12-26,4.761141543365453,4.8775617603413,4.731296466325032,4.86991548538208,355080000
2017-12-27,4.856596713057989,4.932318972934472,4.842044185256856,4.863255977630615,329488000
2017-12-28,4.886935519573668,4.917767142670365,4.862763632447381,4.868929862976074,240248000
2017-12-29,4.895075553971699,4.895075553971699,4.772735595703125,4.772735595703125,279964000
2018-01-02,4.828972733285586,4.920728065591667,4.797401552373363,4.917027950286865,355616000
2018-01-03,5.034186893169818,5.270973980214777,5.025554077176567,5.240635395050049,914704000
2018-01-04,5.321784409323797,5.378267960718536,5.2460616745547375,5.268260478973389,583268000
2018-01-05,5.283060704235155,5.3501501614380835,5.206351418828045,5.312905788421631,580124000
2018-01-08,5.436231649574199,5.5496917892252675,5.391340534578907,5.475696086883545,881216000
2018-01-09,5.4811231921568115,5.520587635932108,5.392821463925591,5.474216938018799,497000000
2018-01-10,5.3819687309479125,5.520587793610505,5.327705236820333,5.517134666442871,582664000
2018-01-11,5.549692747751451,5.581017879622063,5.50554164801738,5.527000904083252,406032000
2018-01-12,5.515160467737318,5.549445214940854,5.459416938847152,5.499867916107178,359916000
2018-01-16,5.5262600999504325,5.611601724843823,5.344723494451286,5.429078578948975,702348000
2018-01-17,5.4436319805253985,5.5526524741965835,5.349904041570919,5.542786598205566,538408000
2018-01-18,5.523547156319014,5.590143580389749,5.492469013267313,5.535880088806152,408632000
2018-01-19,5.625908312293248,5.699904024526642,5.599023319560254,5.675732135772705,609380000
2018-01-22,5.683624864195454,5.7657603578654495,5.626154764467906,5.764033794403076,550944000
2018-01-23,5.817311222525093,5.915479300896999,5.798812528387248,5.892787456512451,475228000
2018-01-24,5.895995067808345,5.931759877372292,5.760582579370406,5.816079616546631,579972000
2018-01-25,5.87034026648512,5.913504816806049,5.8148437267846464,5.8296427726745605,409884000
2018-01-26,5.873300095180098,6.002052776614008,5.860474130528454,6.001806259155273,516356000
2018-01-29,5.987254096882132,6.119706900548548,5.934717177321568,6.08862829208374,455116000
2018-01-30,5.947050609360371,6.078023388684311,5.88045418520516,5.986761569976807,570832000
2018-01-31,6.061988382299851,6.148316993409829,6.029430206265513,6.062728404998779,478576000
2018-02-01,5.883164804568312,6.089860243760002,5.871818887820118,5.932002067565918,519224000
2018-02-02,5.845676578607228,5.869601950904901,5.70187782729948,5.759840965270996,718464000
2018-02-05,5.599021576457881,5.752686149007625,5.056384954170529,5.270973205566406,1165204000
2018-02-06,5.041587620203389,5.566958320760447,5.031721274056116,5.563998699188232,1114800000
2018-02-07,5.662657969467932,5.795603788591824,5.591621899817405,5.643418788909912,802932000
2018-02-08,5.7687204549270295,5.801771678249629,5.364949240065885,5.365196228027344,1144000000
2018-02-09,5.876507348422898,5.8922929356700235,5.365195739853088,5.724322319030762,1674604000
2018-02-12,5.80522438135887,5.808184473054197,5.550432089372135,5.624427795410156,1093172000
2018-02-13,5.588170821061631,5.78401347206117,5.555859147674528,5.737889289855957,625524000
2018-02-14,5.697684735857611,5.983555677859424,5.686585331373699,5.954697132110596,744988000
2018-02-15,6.03781761733539,6.12611932497192,5.957162185061639,6.079995155334473,698900000
2018-02-16,6.052864553917178,6.166324702627978,6.005260331504343,6.0143866539001465,637656000
2018-02-20,6.03683247375609,6.21244938936461,6.033132358722428,6.1436333656311035,686240000
2018-02-21,6.208009468399191,6.214915722242447,5.953216687815489,5.956916332244873,892292000
2018-02-22,5.990729585433222,6.062303168703216,5.911011160653015,5.976414680480957,534364000
2018-02-23,6.036140867773988,6.069706439971924,5.985545603419587,6.069706439971924,415300000
2018-02-26,6.115859449796671,6.120301875973909,6.023553770604395,6.08574914932251,469312000
2018-02-27,6.059094943366212,6.143256270978782,6.049963418372065,6.072916507720947,455436000
2018-02-28,6.0837750668917785,6.123264036362615,5.9611124025141065,5.972712516784668,523116000
2018-03-01,5.970489063683422,6.024292919516982,5.630143369290198,5.7310872077941895,1040120000
2018-03-02,5.623727620192027,5.844372679038136,5.475397090045217,5.837955474853516,913428000
2018-03-05,5.787853976875706,5.855478937290603,5.6646975107328945,5.815989971160889,620776000
2018-03-06,5.9011390092866725,5.995912827198986,5.858194762797782,5.976661682128906,636808000
2018-03-07,5.873990012800662,6.02084006910537,5.872756188373908,5.968763828277588,581208000
2018-03-08,5.996157881288934,5.996157881288934,5.908294633822878,5.952473163604736,411912000
2018-03-09,5.999861045278651,6.067732683902001,5.983818974651122,6.054899215698242,505524000
2018-03-12,6.09611443700057,6.2441978073361675,6.087969597429513,6.1642327308654785,605060000
2018-03-13,6.2069322080623355,6.281221057553692,6.072422744291675,6.1136393547058105,619772000
2018-03-14,6.156581622197187,6.18373045941531,6.076863217447864,6.139058589935303,505496000
2018-03-15,6.15263389729927,6.234819962080704,6.111910635589565,6.153867721557617,401952000
2018-03-16,6.170155762487886,6.201006541300326,6.132641110004963,6.182002544403076,399456000
2018-03-19,6.125238926743748,6.154114936098762,5.849309476824786,5.948031902313232,713772000
2018-03-20,5.950993181224361,6.198539955665495,5.950993181224361,6.159791469573975,554696000
2018-03-21,6.153374188546132,6.219518657987136,6.104259884011307,6.134617328643799,438688000
2018-03-22,6.0714347105756685,6.117834224409769,5.9317423569067795,5.969009876251221,551196000
2018-03-23,5.9825855113898365,5.985053631232409,5.738741108190661,5.749847412109375,735620000
2018-03-26,5.8739887035492195,6.035153158563368,5.822159615755501,6.033919334411621,611424000
2018-03-27,6.114624915566505,6.170156417472876,5.426035704164232,5.565974712371826,1409000000
2018-03-28,5.531670122241895,5.661490017910976,5.355697376563972,5.463057994842529,945904000
2018-03-29,5.531174636059601,5.812286936723993,5.4470138036293445,5.715785980224609,916628000
2018-04-02,5.645446991905177,5.791309405666721,5.368036597236471,5.455652713775635,922092000
2018-04-03,5.622246280923235,5.685181664595065,5.463056144156406,5.561778545379639,667432000
2018-04-04,5.306580846417261,5.594110342828621,5.281653457528875,5.583744525909424,789168000
2018-04-05,5.641991241895627,5.655071849370176,5.39247019266676,5.463797092437744,701240000
2018-04-06,5.361372021845486,5.469226420048848,5.258700532256258,5.287823677062988,662988000
2018-04-09,5.3507609498892466,5.478359862875979,5.296463259663421,5.316454887390137,499524000
2018-04-10,5.546231061922054,5.651864031344383,5.4892185858877935,5.624962329864502,761676000
2018-04-11,5.610152880284994,5.651369477295768,5.551166109664647,5.583744525909424,460244000
2018-04-12,5.6765441678870125,5.807845000871871,5.632365634990733,5.790074825286865,593920000
2018-04-13,5.853503883993969,5.8618953948193875,5.6654377269575935,5.713564872741699,503036000
2018-04-16,5.72022889331756,5.746637250650378,5.619285031639001,5.713318347930908,350792000
2018-04-17,5.765395578606497,5.883862494969339,5.709864064453389,5.862637042999268,447224000
2018-04-18,5.812286239604914,5.904838571259422,5.744908435905625,5.833758354187012,391364000
2018-04-19,5.719734621822982,5.753053521866553,5.597565792408781,5.652850151062012,471996000
2018-04-20,5.644211960307537,5.728372793002783,5.613608320710985,5.644705772399902,386200000
2018-04-23,5.662476421553817,5.713565029221949,5.4995843217869025,5.525498867034912,427508000
2018-04-24,5.551167715232185,5.646928214098621,5.394198979811333,5.45935583114624,414596000
2018-04-25,5.4297394786826985,5.468735113883122,5.190337498409244,5.347306251525879,588492000
2018-04-26,5.5087160762706295,5.5667157025196055,5.442818750768528,5.558570861816406,375824000
2018-04-27,5.6642030614143914,5.683947540617219,5.543761408755277,5.585965156555176,400848000
2018-04-30,5.60225446595979,5.651862570896132,5.531421386783354,5.5506720542907715,327844000
2018-05-01,5.5425292503028505,5.60867325197152,5.484035807069009,5.605958461761475,253788000
2018-05-02,5.60250179763149,5.6469265250986265,5.559310423482256,5.585472106933594,268248000
2018-05-03,5.617311497159467,5.776501675131052,5.572145804495262,5.750339984893799,443144000
2018-05-04,5.721709021760126,5.903358423765307,5.704432660821404,5.900149822235107,400660000
2018-05-07,6.0045490806614294,6.194589996888159,5.994676605184203,6.137577533721924,687616000
2018-05-08,6.137824217780074,6.182743228106615,6.088956593850457,6.180028438568115,506616000
2018-05-09,6.200019779667379,6.31503139243186,6.172870941958519,6.312809944152832,596760000
2018-05-10,6.365626912529854,6.429302783500902,6.347856737812733,6.42017126083374,994080000
2018-05-11,6.2387690999360315,6.4117803545020395,6.183484734377589,6.2819600105285645,1214456000
2018-05-14,6.319968440415287,6.379695702732293,6.278751837226178,6.302444934844971,523140000
2018-05-15,6.239015845062611,6.24173110582849,5.960371623876765,6.060575008392334,963528000
2018-05-16,6.022072436580242,6.133628779298271,5.985298263716982,6.071680545806885,553828000
2018-05-17,6.073409898022298,6.207178878808567,6.057367355348999,6.1136393547058105,519784000
2018-05-18,6.165466756633866,6.228648809864714,6.065016250284316,6.069952487945557,483716000
2018-05-21,6.167195549605702,6.170897493173289,5.93544418491492,6.02799654006958,640624000
2018-05-22,6.041324076730589,6.066498139443173,5.929520583332928,5.989988327026367,518264000
2018-05-23,5.933927178697701,6.114454319191835,5.933186238091584,6.113219261169434,442956000
2018-05-24,6.109516297200285,6.159155088782999,6.0564200960958585,6.11692476272583,437372000
2018-05-25,6.129519836755912,6.172490632698799,6.093957977403313,6.156191349029541,292112000
2018-05-29,6.138163332343845,6.207065170517283,6.09247606783913,6.139151096343994,352684000
2018-05-30,6.172737507298921,6.256456271204634,6.1480415247137365,6.247812747955322,390996000
2018-05-31,6.215955973450218,6.302391688798334,6.205336920873894,6.228056907653809,493868000
2018-06-01,6.272756899780888,6.368330264555353,6.26411337467684,6.362155914306641,421968000
2018-06-04,6.396234500090947,6.5626847221053835,6.36413005494326,6.540705680847168,642024000
2018-06-05,6.543917371439187,6.5836780559166925,6.4992178664673546,6.546140193939209,391712000
2018-06-06,6.456246604314873,6.551325839817572,6.439947320258317,6.548115253448486,371356000
2018-06-07,6.544410079361371,6.55626418806795,6.40240854016811,6.492548942565918,369448000
2018-06-08,6.4199445721025,6.5197158164454185,6.401175640209652,6.47723913192749,360456000
2018-06-11,6.46464183801016,6.506130743997913,6.423399755214251,6.436241626739502,265372000
2018-06-12,6.46266680184478,6.496746775339149,6.412533898927348,6.484645843505859,319160000
2018-06-13,6.486128776463721,6.560957201601177,6.471064079513934,6.480201721191406,338208000
2018-06-14,6.525147721117693,6.648133043170649,6.510329849227607,6.591579437255859,430016000
2018-06-15,6.534532034851211,6.605656221892656,6.503662173452171,6.550831317901611,432260000
2018-06-18,6.506873039510518,6.564167591402365,6.479707880615835,6.546633720397949,356268000
2018-06-19,6.443651525723882,6.510824660757541,6.2979462048993335,6.4251298904418945,594932000
2018-06-20,6.466125548958562,6.5308285712775636,6.4278467467428735,6.47797966003418,369780000
2018-06-21,6.5098361362595965,6.528110946159926,6.341904024848245,6.349559783935547,359516000
2018-06-22,6.3703073420609595,6.383643338914291,6.182124801269634,6.1974358558654785,434160000
2018-06-25,6.091242648391281,6.094946881861181,5.816871243447103,5.905282497406006,665816000
2018-06-26,6.018387506862929,6.066544408248127,5.924789701328214,5.976157188415527,478884000
2018-06-27,6.019623653064523,6.085808556712581,5.815882356392251,5.821315765380859,453892000
2018-06-28,5.8114362929792005,5.960105833447963,5.8037805337442965,5.948251724243164,338012000
2018-06-29,6.0132027344304015,6.025797314777544,5.849221656298531,5.850456714630127,392300000
2018-07-02,5.781059685886283,5.986035507873809,5.760562056583868,5.982331275939941,357572000
2018-07-03,6.016907325891245,6.022834381540568,5.840578480156654,5.84897518157959,222732000
2018-07-05,5.904046169080395,5.999372222900518,5.865273724519082,5.994433403015137,306216000
2018-07-06,5.969985509795281,6.116432266565003,5.948746931151813,6.108035564422607,296352000
2018-07-09,6.182123284924595,6.191754574158034,6.076918631116165,6.15545129776001,303880000
2018-07-10,6.167796724003346,6.276211444258506,6.1275424093107125,6.254232406616211,360016000
2018-07-11,6.161623756217614,6.196197845946506,6.102353215201451,6.112972736358643,367508000
2018-07-12,6.158168123967627,6.25225913402457,6.1482895406026,6.204349040985107,345508000
2018-07-13,6.222869164633579,6.222869164633579,6.115194901271591,6.157177925109863,246988000
2018-07-16,6.129520416259766,6.1823697993195825,6.11717265847861,6.129520416259766,197036000
2018-07-17,6.080374488036394,6.280164220203169,6.054937565831061,6.26509952545166,362136000
2018-07-18,6.257691944212039,6.271521582769676,6.1650823536963735,6.21595573425293,277640000
2018-07-19,6.197186071303986,6.257691203872095,6.182121847244534,6.224104404449463,235752000
2018-07-20,6.221635207706742,6.260407649798234,6.185085116662928,6.195951461791992,222352000
2018-07-23,6.169526821288511,6.171255525910372,6.008015408681831,6.1594014167785645,301584000
2018-07-24,6.207311771322909,6.293747477234228,6.124580298038588,6.142114639282227,354620000
2018-07-25,6.151500208499941,6.232749814913697,6.09371153133264,6.220154762268066,319112000
2018-07-26,6.200149896435694,6.330296861360285,6.183356496555523,6.293499946594238,325124000
2018-07-27,6.3300497930174995,6.336964611279997,6.170020267017301,6.223857402801514,295420000
2018-07-30,6.237935809244623,6.243862865019842,5.994186994719472,6.029008388519287,340340000
2018-07-31,6.018635476894755,6.121617293888882,5.979863030994698,6.0470356941223145,283988000
2018-08-01,6.078399577405365,6.133471306202758,6.023080554331581,6.086795806884766,283556000
2018-08-02,6.015671956914451,6.193235380850384,5.956895992061863,6.189284324645996,269668000
2018-08-03,6.213732483082271,6.249541635325923,6.196939553579779,6.225833415985107,214288000
2018-08-06,6.213240203778207,6.27695546848067,6.1668119898836355,6.273498058319092,207508000
2018-08-07,6.322148736014776,6.364131773180749,6.2954772204199765,6.345609664916992,258132000
2018-08-08,6.346844012338107,6.426858550158742,6.312022622276411,6.381911754608154,262100000
2018-08-09,6.399692914126632,6.402409382930159,6.3258522547580744,6.333508014678955,204280000
2018-08-10,6.251764741346821,6.324617636340362,6.240651571905884,6.292265892028809,256396000
2018-08-13,6.300909996861529,6.445628036180224,6.299181291923259,6.3251118659973145,375208000
2018-08-14,6.430316754671381,6.4703242640459075,6.347338443504889,6.456247329711914,466220000
2018-08-15,6.476991441043678,6.5108250694494565,6.319678823230204,6.39821195602417,591136000
2018-08-16,6.467853330537111,6.470322975911704,6.2976983912102,6.3577094078063965,801260000
2018-08-17,6.24657837589318,6.247319316631019,6.01912888188141,6.046047687530518,1143188000
2018-08-20,6.005546564285344,6.252999104098668,5.895402637841754,6.12062931060791,854388000
2018-08-21,6.136929979043626,6.260409453587615,6.11717328195806,6.255964279174805,673988000
2018-08-22,6.223364179004357,6.495512697038599,6.219906769638315,6.490573406219482,749856000
2018-08-23,6.452047238195284,6.655047551682693,6.438217601904657,6.589850425720215,720684000
2018-08-24,6.598248160623286,6.737285957048397,6.593802986980405,6.722715377807617,531512000
2018-08-27,6.75235111377378,6.8876846959952385,6.720987599664861,6.813597202301025,505776000
2018-08-28,6.80766947918854,6.830389936878084,6.656283448787694,6.776058673858643,475384000
2018-08-29,6.768398815747922,6.906277405595587,6.747643010485658,6.881320953369141,420108000
2018-08-30,6.85018609883308,6.9611316168136,6.827700645349097,6.864517688751221,346608000
2018-08-31,6.844504215708833,6.948283718005384,6.834620229159438,6.935434818267822,306592000
2018-09-04,6.922337302765203,7.047613935915722,6.893921553246576,7.010056018829346,391720000
2018-09-05,6.992512643685579,7.027846996897987,6.798790861002018,6.8795905113220215,393156000
2018-09-06,6.86328339021093,6.865754387009713,6.705884711613528,6.738748073577881,322796000
2018-09-07,6.646828170491714,6.842773992926049,6.602104219073162,6.7174973487854,295420000
2018-09-10,6.73998283713233,6.818064533811941,6.696247189809734,6.788413047790527,220140000
2018-09-11,6.742205830628544,6.82967711783467,6.72145002782594,6.740723609924316,243112000
2018-09-12,6.700940495678086,6.720461034008451,6.471884399764803,6.627059459686279,419092000
2018-09-13,6.692787900291968,6.79508470247253,6.675491396456412,6.704648494720459,305536000
2018-09-14,6.794837277185484,6.896392726322241,6.758020233854188,6.830418586730957,386936000
2018-09-17,6.804966976259421,6.853891562497653,6.749370748421825,6.768643856048584,205528000
2018-09-18,6.7725997161266855,6.875143483659319,6.690070408518071,6.696741580963135,299520000
2018-09-19,6.678209366866817,6.738253213919687,6.62829646388271,6.720462322235107,224860000
2018-09-20,6.5986450853909,6.640898041448498,6.525752338370183,6.57961893081665,430584000
2018-09-21,6.591478703181241,6.636943996137728,6.476579972697522,6.509690284729004,435128000
2018-09-24,6.478804124086679,6.568746413902042,6.391827218478683,6.565287113189697,293912000
2018-09-25,6.63126152780852,6.657206284213501,6.54576683950899,6.63224983215332,280388000
2018-09-26,6.637191318108832,6.6774676626724,6.579618470596682,6.595432281494141,268548000
2018-09-27,6.630517537150691,6.651767721618658,6.575910091349059,6.607290744781494,214428000
2018-09-28,6.738993765849072,6.966072798971072,6.711071933386092,6.94383430480957,709396000
2018-10-01,7.021421956365308,7.216625936870903,6.9828752652292465,7.149910926818848,622060000
2018-10-02,7.1224848297111265,7.233923806628516,7.056510681851803,7.078749179840088,383964000
2018-10-03,7.1489231934250075,7.156336182864405,6.981146632707836,7.084926128387451,320552000
2018-10-04,7.048850337782409,7.073065443161982,6.824241803496959,6.901088237762451,391220000
2018-10-05,6.876378265974651,6.938398717234675,6.610752057467847,6.6680779457092285,426636000
2018-10-08,6.585056363318758,6.7002020930280075,6.4264219336000075,6.567018508911133,408612000
2018-10-09,6.546507678404485,6.64089756978881,6.493629865346399,6.561333656311035,273500000
2018-10-10,6.455576410594485,6.501289130737477,6.06862728814772,6.0708513259887695,684940000
2018-10-11,5.98387361055741,6.117057603931005,5.788422688111067,5.809919834136963,725436000
2018-10-12,6.066404681163061,6.165983528734327,5.921607494025776,6.091855049133301,608236000
2018-10-15,6.078511593331325,6.078511593331325,5.815109432141873,5.816097736358643,449760000
2018-10-16,5.928525772885388,6.085430504178921,5.879354218712057,6.074311256408691,408712000
2018-10-17,6.136331151177729,6.174383925418218,5.956940982397555,6.005865573883057,329668000
2018-10-18,6.075052865651475,6.113352131957192,5.858351239511551,5.918642044067383,524020000
2018-10-19,5.973745503639919,5.993265577881803,5.626331258448691,5.662653923034668,613608000
2018-10-22,5.714791503745033,5.814617338438181,5.610765021002578,5.713308811187744,368844000
2018-10-23,5.446693871634709,5.539601568434967,5.354774950675568,5.462261199951172,626436000
2018-10-24,5.423959874143082,5.470413473372287,4.913463727809758,4.927300930023193,884288000
2018-10-25,4.829945931009748,5.182795987035481,4.785715900332007,5.135601043701172,951720000
2018-10-26,4.900120171490404,5.061472497382579,4.771878628562228,4.8996262550354,664784000
2018-10-29,5.040470986827069,5.043930288047178,4.349101831615991,4.586559295654297,758016000
2018-10-30,4.609540390224145,5.025893797347186,4.586560538196059,5.01600980758667,807192000
2018-10-31,5.18032509711425,5.252970878575338,5.040963830921203,5.209482192993164,745772000
2018-11-01,5.245804717629337,5.398756223719272,5.119539781804047,5.389366626739502,566528000
2018-11-02,5.379978423120496,5.485487583882957,5.194163515124323,5.310544967651367,452960000
2018-11-05,5.297447335171757,5.320674605344344,5.072344905509968,5.232708930969238,379332000
2018-11-06,5.224802170685713,5.3088141591849825,5.1781011421070176,5.215165615081787,299012000
2018-11-07,5.281634509766608,5.372070725926416,5.218131356184044,5.282622814178467,483812000
2018-11-08,5.223566020587555,5.224307366543288,5.036515905528873,5.089888572692871,511352000
2018-11-09,5.001180604058578,5.172169447616001,4.967575911998681,5.081980228424072,413240000
2018-11-12,4.9908039983071895,5.012795535089188,4.661674649055503,4.683419227600098,617116000
2018-11-13,4.781022019519366,5.045906439734066,4.7748442925051275,4.924830436706543,644712000
2018-11-14,5.097548996886233,5.111880588345112,4.764713821045786,4.872446537017822,526580000
2018-11-15,4.866514871608132,5.072838548047372,4.830686138679421,5.00093412399292,840708000
2018-11-16,4.035539848212435,4.216906680104168,3.9932864149906986,4.062967300415039,1963520000
2018-11-19,3.9977334324038316,3.9984743070933955,3.5737200549262553,3.5754497051239014,1697820000
2018-11-20,3.3125420597976776,3.8116717964470435,3.294010057699916,3.6836771965026855,1692032000
2018-11-21,3.820567379554669,3.8373697318689537,3.5485169285988896,3.575697183609009,1025496000
2018-11-23,3.5411035794886003,3.6962784129623447,3.528254682411146,3.582862377166748,411968000
2018-11-26,3.703691637153496,3.7921512303935647,3.6214092989740174,3.781773328781128,814832000
2018-11-27,3.755828535667613,3.8796227224228974,3.7200000302761524,3.7985758781433105,738060000
2018-11-28,3.915945058544031,3.96042204772829,3.783749824743226,3.955233097076416,804524000
2018-11-29,3.9574594349031225,3.994560522752154,3.8619858052927607,3.8921613693237305,549172000
2018-11-30,3.9018073643916384,4.052932853801496,3.8515970834381643,4.04229736328125,729564000
2018-12-03,4.269107587599293,4.320554583436043,4.139005923036738,4.2057881355285645,890804000
2018-12-04,4.161268502328295,4.166215439909608,3.8708899653815085,3.8859779834747314,812112000
2018-12-06,3.745734938992269,3.9201104564843448,3.7301525121877592,3.91516375541687,692308000
2018-12-07,3.9193690831005537,3.9295101641674255,3.6017830797258505,3.651003837585449,681676000
2018-12-10,3.6062347843390494,3.780857757874147,3.602524581310887,3.7561235427856445,629472000
2018-12-11,3.8476405869129007,3.8558028466201324,3.586448276281485,3.6653501987457275,671912000
2018-12-12,3.671038219727921,3.778878954591553,3.581995469554645,3.682910680770874,654136000
2018-12-13,3.7296581635361514,3.7937194925094015,3.6467988500627473,3.6826632022857666,471384000
2018-12-14,3.6411098175180965,3.724711218599533,3.5988145883619054,3.622312068939209,471820000
2018-12-17,3.592384297015108,3.664360454269048,3.4934476571239874,3.551325559616089,662868000
2018-12-18,3.5951044880514167,3.7182804478027554,3.567897039578351,3.634431838989258,564372000
2018-12-19,3.600793292395776,3.654219132304564,3.374476091321274,3.4259231090545654,745364000
2018-12-20,3.4175144392087975,3.507299299865116,3.281971339608043,3.341580629348755,749588000
2018-12-21,3.3680445445087126,3.4009410118531043,3.1773445293252003,3.2047994136810303,863740000
2018-12-24,3.128618945125404,3.214941020052393,3.0793979566137915,3.143212080001831,463840000
2018-12-26,3.1892171385127157,3.29310045136717,3.0784083029190215,3.2921111583709717,695100000
2018-12-27,3.239922696804846,3.274303111942917,3.0962173641050477,3.2443747520446777,637044000
2018-12-28,3.264904030953203,3.398221073910107,3.2231034462481607,3.305715322494507,628728000
2018-12-31,3.348999775898672,3.381401364929753,3.27133460847185,3.3020050525665283,465140000
2019-01-02,3.2312661611270252,3.425181565714648,3.2166730234265524,3.3692824840545654,508752000
2019-01-03,3.309178113220349,3.343063881144149,3.158300053822009,3.165720224380493,705552000
2019-01-04,3.2386864594238256,3.406631152244404,3.2080162428672367,3.3685407638549805,585620000
2019-01-07,3.4256759528263236,3.5837269755322927,3.374476139704022,3.546873092651367,709160000
2019-01-08,3.6282479400314784,3.6304742032864246,3.386100885364728,3.4585719108581543,786016000
2019-01-09,3.5097721385841463,3.5738337130783755,3.459314643836755,3.5265915393829346,617260000
2019-01-10,3.5072984808573757,3.600793287782794,3.446947117236109,3.5921363830566406,523156000
2019-01-11,3.569875321717146,3.7039344381425385,3.5421732290331582,3.6811790466308594,874764000
2019-01-14,3.628990048105779,3.746229770556117,3.605492568196538,3.721000909805298,730168000
2019-01-15,3.753650750451641,3.792978107634309,3.6886001163074855,3.7069034576416016,617012000
2019-01-16,3.7341102764253997,3.7670065139285382,3.6759851770109733,3.681426525115967,470104000
2019-01-17,3.6485306844730516,3.792483229582444,3.6213229974567955,3.7526612281799316,493436000
2019-01-18,3.8023764058608873,3.9074964658686007,3.7509293895857754,3.8815255165100098,651336000
2019-01-22,3.8513509869403215,3.8629760097893304,3.6495205119189116,3.6796960830688477,661552000
2019-01-23,3.734853287980396,3.823401413970936,3.6613929474469353,3.6925578117370605,591020000
2019-01-24,3.7768996052037247,3.921593956543181,3.7722001099806852,3.9040329456329346,708972000
2019-01-25,3.8446722994703926,3.979225857998161,3.742273131670087,3.961169958114624,1154572000
2019-01-28,3.377443831559899,3.503340451934958,3.2401696336174215,3.41355562210083,2511528000
2019-01-29,3.367550107581684,3.415781798060501,3.2404167562150623,3.255009889602661,1153932000
2019-01-30,3.330943894703069,3.4125664706664187,3.2515473461054567,3.3982207775115967,974228000
2019-01-31,3.395005121130026,3.5911467388723395,3.37323902288696,3.5555295944213867,842852000
2019-02-01,3.5740805833765674,3.6307217454259466,3.526591208758648,3.5797693729400635,625048000
2019-02-04,3.5955989010224516,3.7269371103711824,3.5735855968003305,3.689836025238037,528592000
2019-02-05,3.7017086512924178,3.7454880591567816,3.668070324166557,3.7088816165924072,542424000
2019-02-06,3.742025362473618,3.848629607118048,3.7365840139771294,3.784320831298828,702464000
2019-02-07,3.738068282657456,3.7402943105003184,3.6035147240832255,3.6463046073913574,637120000
2019-02-08,3.5792743082967,3.675490016584057,3.5649286154462865,3.6648545265197754,461604000
2019-02-11,3.620827893385403,3.674995583440222,3.574080373450749,3.622312068939209,495180000
2019-02-12,3.6606505051856875,3.7546402074135017,3.6463045732075137,3.7390575408935547,591060000
2019-02-13,3.768490290275961,3.854317711220307,3.7548864496887444,3.7813520431518555,605372000
2019-02-14,3.7803630001780495,3.850360557914145,3.737325448318641,3.8221635818481445,827264000
2019-02-15,4.030425284481418,4.053180443209422,3.868911494579695,3.891666889190674,1516748000
2019-02-19,3.881030295569053,3.954738047276425,3.8619851085055568,3.874351978302002,551892000
2019-02-20,3.9035391980829384,3.9886245474128765,3.8924090597221137,3.9215950965881348,540988000
2019-02-21,3.934209605693475,3.9586961457160683,3.8382410884779223,3.8528342247009277,448548000
2019-02-22,3.90452913133803,3.9562233632874357,3.890925286769027,3.937425374984741,401740000
2019-02-25,4.020779448426122,4.088056109245228,3.9164012230623424,3.925058364868164,656020000
2019-02-26,3.9203581195346744,3.976257189293156,3.8523391479150044,3.885730266571045,488464000
2019-02-27,3.8713846565324657,3.897850016459146,3.7870411676496665,3.8439297676086426,500256000
2019-02-28,3.8377401565705016,3.8600238468726964,3.797134499315095,3.819417953491211,324944000
2019-03-01,3.8691848495966012,3.9157328559809574,3.810999841616156,3.8736417293548584,357188000
2019-03-04,3.912018998445061,3.93479784486016,3.825360256341027,3.881812334060669,409992000
2019-03-05,3.866213812451286,3.913504673162684,3.8119902897875693,3.8753750324249268,362924000
2019-03-06,3.8664610498022225,3.8748791799768414,3.7619755042596372,3.7646989822387695,403524000
2019-03-07,3.741177272800439,3.7508336480042734,3.649566737112525,3.695619583129883,450104000
2019-03-08,3.606485619695741,3.7404352313278832,3.5851922406276207,3.7297885417938232,422416000
2019-03-11,3.7533088012047413,4.012541624930768,3.706265417205229,3.989763021469116,859728000
2019-03-12,4.017494239799668,4.070232046156073,3.941482198135124,4.023931980133057,579576000
2019-03-13,4.061320252215489,4.204183169950624,4.053892196545153,4.174966812133789,768900000
2019-03-14,4.184127258205856,4.196011956175132,4.091526164801752,4.099201679229736,519384000
2019-03-15,4.142281729108111,4.247014939502149,4.138815399582142,4.204428672790527,661484000
2019-03-18,4.23587379019164,4.289602378868903,4.156147725824761,4.183135986328125,486992000
2019-03-19,4.2774697332762965,4.394830508005415,4.260633475294349,4.350510597229004,854972000
2019-03-20,4.3794802501598085,4.4327134555341265,4.2834128314654505,4.3180766105651855,719148000
2019-03-21,4.341103324289251,4.580528555635965,4.336151288185884,4.554283142089844,824312000
2019-03-22,4.527047117219821,4.575575740463969,4.380965382808452,4.394830703735352,747644000
2019-03-25,4.354225351924067,4.4183524656052064,4.236617103821778,4.302725315093994,525212000
2019-03-26,4.444103339017081,4.500060029751345,4.3230287371521126,4.379233360290527,703508000
2019-03-27,4.404735188965764,4.451035259026395,4.300744799971149,4.3700714111328125,474372000
2019-03-28,4.396069416485582,4.454254662605151,4.335656084598918,4.388641834259033,480264000
2019-03-29,4.4552447468224665,4.470100855017658,4.404982950293312,4.445836067199707,456896000
2019-04-01,4.537447435634991,4.54338978523563,4.465892252519744,4.513183116912842,483824000
2019-04-02,4.537200433547039,4.575330081102811,4.49436620896686,4.531010150909424,440920000
2019-04-03,4.580528234564855,4.729086001487653,4.5755761988086,4.6701579093933105,783504000
2019-04-04,4.654806651779727,4.703583209838008,4.598602512706384,4.6612443923950195,457376000
2019-04-05,4.704328013433648,4.745181614968253,4.667931529059117,4.72784948348999,481744000
2019-04-08,4.69739368045108,4.773653426197541,4.6733768262720625,4.748646259307861,424192000
2019-04-09,4.71522147021944,4.726363316414161,4.643913749023665,4.686005115509033,439972000
2019-04-10,4.6852630598394,4.782072888648219,4.6808064150538,4.756322860717773,444772000
2019-04-11,4.758797299610469,4.790242207370964,4.693184478335227,4.742455959320068,374600000
2019-04-12,4.7810808343748965,4.785042557326087,4.695907805067246,4.704573631286621,471708000
2019-04-15,4.696898637705237,4.701850673879405,4.5334852219749955,4.573100566864014,440092000
2019-04-16,4.612221218072452,4.678824360554035,4.579538533320794,4.660006999969482,394964000
2019-04-17,4.6949183449089205,4.7157163316119775,4.6149447968110735,4.637228488922119,351004000
2019-04-18,4.6439136499988285,4.677834108167068,4.58498554927499,4.612716197967529,380988000
2019-04-22,4.58919424088744,4.682042789821907,4.557749804332199,4.666444301605225,279936000
2019-04-23,4.679566336092608,4.752112286478688,4.669910197465085,4.720914840698242,346856000
2019-04-24,4.731315296188058,4.773902058972395,4.670654495553224,4.7332963943481445,318204000
2019-04-25,4.69318538879586,4.7154690819013725,4.548341855862243,4.627820014953613,499296000
2019-04-26,4.47430953565299,4.478766651432413,4.290840992639793,4.409439563751221,868988000
2019-04-29,4.417363543951109,4.467873284017073,4.3453129617213495,4.440142631530762,391920000
2019-04-30,4.407954333030912,4.50699270305737,4.388889511735497,4.481490612030029,362920000
2019-05-01,4.533733423610305,4.575824789086137,4.468120121036333,4.468368053436279,354280000
2019-05-02,4.478024292877047,4.577310123321939,4.434942613606475,4.535714149475098,394684000
2019-05-03,4.5441316851131495,4.55403528420273,4.4698525668067814,4.531256675720215,336824000
2019-05-06,4.345311165735565,4.465147959739121,4.308171846898487,4.4530158042907715,422176000
2019-05-07,4.404734701033539,4.404734701033539,4.238102448089224,4.286136150360107,555220000
2019-05-08,4.258653604290829,4.386165459503043,4.246768906991969,4.306191921234131,419168000
2019-05-09,4.237360033834992,4.247016172854094,4.095240009746013,4.21383810043335,660248000
2019-05-10,4.183137160102314,4.248502530035827,4.0605768553508845,4.17991828918457,569500000
2019-05-13,4.048196374795633,4.0712229143600105,3.9073141318692968,3.9231603145599365,656912000
2019-05-14,3.9627748713886772,4.047205504831226,3.9241500867988903,4.012046813964844,524880000
2019-05-15,3.9565864067558403,3.987535925842952,3.8974110830490076,3.951139450073242,502320000
2019-05-16,3.9456924990787705,4.0088295502210025,3.9033536714913817,3.966242790222168,781088000
2019-05-17,3.9243988357806634,4.053396399499504,3.8362546249082308,3.875622272491455,1022068000
2019-05-20,3.77707872150093,3.8320450886560913,3.7325113457262473,3.7572710514068604,572064000
2019-05-21,3.8179321526537056,3.855071475846897,3.779307124302193,3.8392252922058105,361848000
2019-05-22,3.800600591263355,3.826598070897786,3.757518682528197,3.7684130668640137,325868000
2019-05-23,3.706266993246436,3.706266993246436,3.5879161027604103,3.6475868225097656,591844000
2019-05-24,3.666403490211776,3.701562190682717,3.5871728021513483,3.593858003616333,357584000
2019-05-28,3.6114373482718416,3.644120030658878,3.5468146000057823,3.548795461654663,428356000
2019-05-29,3.501256504505184,3.5361675046529855,3.440100330190307,3.474763870239258,559800000
2019-05-30,3.477986654424504,3.5136812064222056,3.410067837679183,3.4482412338256836,394300000
2019-05-31,3.399409121089743,3.4665842397642948,3.356030292484083,3.3577654361724854,389720000
2019-06-03,3.368919825115276,3.407588942230268,3.2868721180272984,3.316121816635132,478644000
2019-06-04,3.3800744407478627,3.549871482743815,3.358013295155731,3.544666051864624,641836000
2019-06-05,3.6182864353641984,3.62373984584108,3.46584104857377,3.5020313262939453,511616000
2019-06-06,3.5062451435420043,3.5885408363110862,3.5037662992283582,3.5640008449554443,408140000
2019-06-07,3.569949577094456,3.64084271992165,3.550862761690876,3.606635570526123,348856000
2019-06-10,3.662656572032276,3.747679089034784,3.662656572032276,3.679264545440674,402780000
2019-06-11,3.7390031641794126,3.776680841998807,3.697359713615589,3.736772298812866,383872000
2019-06-12,3.6933934227785716,3.6995905336047556,3.6088668641116373,3.6239874362945557,358892000
2019-06-13,3.6460485388141843,3.693393377526362,3.6284491225164235,3.6750504970550537,308080000
2019-06-14,3.5820960184268884,3.6063880310336267,3.5407003108403656,3.5853183269500732,394428000
2019-06-17,3.583583181382849,3.6319197003710673,3.5607783335531873,3.5949857234954834,276040000
2019-06-18,3.656211768501924,3.8448474284513017,3.6453051842075,3.7895705699920654,581920000
2019-06-19,3.824768330207108,3.836170632897224,3.769491250866022,3.795518636703491,331644000
2019-06-20,3.8859955019712755,3.899876652621629,3.8054349487239656,3.8198118209838867,350168000
2019-06-21,3.804938523304347,3.8540184995073092,3.7553625891879383,3.761807441711426,434428000
2019-06-24,3.7831257786243837,3.8136149030253974,3.7360286803153007,3.7841172218322754,282948000
2019-06-25,3.789074704454762,3.863934099675752,3.7521407284212343,3.7548673152923584,311868000
2019-06-26,3.8820297016888827,4.008695917379309,3.869139993563744,3.9477174282073975,584072000
2019-06-27,4.033235703770046,4.065211995295478,3.997293166334973,4.046125411987305,445440000
2019-06-28,4.089998939652155,4.099170615066074,4.024311229187271,4.0709123611450195,397668000
2019-07-01,4.277643639416192,4.311851028416398,4.081571454721185,4.119001388549805,709756000
2019-07-02,4.102393303924036,4.123463244452716,4.008199582806831,4.021337032318115,400228000
2019-07-03,4.044638235416951,4.050339625580504,3.9744887733772436,4.03422737121582,246636000
2019-07-05,3.9759747370589933,3.9804364668473564,3.908551413976536,3.9717607498168945,396552000
2019-07-08,3.9122706362165114,3.93110947574305,3.866908917626089,3.896902084350586,329788000
2019-07-09,3.854761489564794,3.9273900019023364,3.8421197650291004,3.8993797302246094,342860000
2019-07-10,3.942760157818433,4.02480788410655,3.9288790057787235,3.967548131942749,452076000
2019-07-11,4.040422992097374,4.162379467430619,4.003241278239525,4.121727466583252,682560000
2019-07-12,4.149490556221436,4.225589614779402,4.149490556221436,4.154695987701416,506392000
2019-07-15,4.175764847460104,4.191876622939585,4.118009158135677,4.146266937255859,289840000
2019-07-16,4.131394575199453,4.168576288590352,4.08603262955534,4.141557693481445,341444000
2019-07-17,4.143292365625822,4.213690012341834,4.114042672468542,4.206749439239502,348204000
2019-07-18,4.217161769338876,4.281114350306893,4.160645249121269,4.218400955200195,442192000
2019-07-19,4.256574086615086,4.263018703350953,4.169320472162421,4.175269603729248,344896000
2019-07-22,4.196587848196946,4.25954898686001,4.189151314543984,4.246659278869629,315940000
2019-07-23,4.285823730358957,4.356220919527254,4.27020696470607,4.354238033294678,428176000
2019-07-24,4.397368207185931,4.4343021761491705,4.321517383331165,4.428600788116455,366236000
2019-07-25,4.387206112042795,4.399848076562372,4.274421292935521,4.297721862792969,392700000
2019-07-26,4.324740844455043,4.386214576385118,4.324740844455043,4.339613437652588,274160000
2019-07-29,4.3324240653372845,4.349527756106696,4.24541868348631,4.333415508270264,248160000
2019-07-30,4.287062248565768,4.361177928869398,4.272685143640128,4.349031925201416,197772000
2019-07-31,4.317550164336075,4.318542079867485,4.140069148446746,4.18220853805542,359416000
2019-08-01,4.192622556753778,4.282850533225689,4.035963138683408,4.08801794052124,421212000
2019-08-02,3.995556116104126,4.064714570761832,3.9482115307507164,3.995556116104126,428348000
2019-08-05,3.812375055230867,3.8136144773001788,3.690914529185375,3.7377636432647705,589156000
2019-08-06,3.8123755262922074,3.857737244935138,3.7288404069427274,3.776432991027832,361272000
2019-08-07,3.7157022914951865,3.8265042141545442,3.6983508551753905,3.814605951309204,372560000
2019-08-08,3.87211392501999,3.9241684706234805,3.81485394849571,3.922929048538208,309300000
2019-08-09,3.882029294106203,3.885499581591262,3.7714753433773147,3.8217947483062744,341816000
2019-08-12,3.76973950169852,3.8217940407325393,3.7323098104711803,3.7541232109069824,279200000
2019-08-13,3.7526364487941066,3.914005523627661,3.713719586465195,3.868147850036621,351956000
2019-08-14,3.7801508866940603,3.7913054492057885,3.676289773160059,3.719916343688965,419880000
2019-08-15,3.738755753154763,3.758586037009229,3.65348548530143,3.687692642211914,477200000
2019-08-16,3.949948272255342,4.004233452012975,3.8887220444608346,3.955153703689575,1007960000
2019-08-19,4.068186165550668,4.249137537708656,4.052073914585831,4.233273029327393,815112000
2019-08-20,4.22782153564042,4.228317493795821,4.140072401487719,4.161142349243164,463188000
2019-08-21,4.227076718818944,4.299457277333034,4.205511291392931,4.2444281578063965,427244000
2019-08-22,4.254094466555244,4.296481607546231,4.211459110233813,4.250624179840088,303488000
2019-08-23,4.1742775901702895,4.2285629946070005,4.006711431650754,4.026541709899902,568056000
2019-08-26,4.105119141208708,4.129163404115451,4.062979745491093,4.1011528968811035,318208000
2019-08-27,4.13932763285051,4.142054220023411,3.981429064319112,4.010678768157959,290968000
2019-08-28,3.984377275928954,4.052859302388664,3.94517343006626,4.0002570152282715,255612000
2019-08-29,4.091566632451565,4.1759288700905,4.0880929099579335,4.143672943115234,357976000
2019-08-30,4.189825023984117,4.239450051656817,4.1382151466474975,4.156328201293945,290616000
2019-09-03,4.083626127603737,4.1166264861590625,4.050625769048413,4.073452949523926,296140000
2019-09-04,4.133994976884672,4.194785582574162,4.133994976884672,4.187341690063477,227728000
2019-09-05,4.289323117794941,4.465987517968853,4.287586256003698,4.459784507751465,695676000
2019-09-06,4.4364595380613325,4.493279990414334,4.394774863116284,4.432737827301025,376976000
2019-09-09,4.46375276513396,4.5649876386334665,4.46226389171977,4.478640079498291,417524000
2019-09-10,4.445887854419998,4.571686777215572,4.436211123418617,4.545137882232666,352812000
2019-09-11,4.559777403712635,4.621808437111051,4.530746736211372,4.573672294616699,361512000
2019-09-12,4.620071765636443,4.6746589068972995,4.5642437386314505,4.572183609008789,327840000
2019-09-13,4.5056861348251465,4.542656671511425,4.470700447290319,4.514370441436768,324592000
2019-09-16,4.439436668217253,4.505933843259826,4.429015500929482,4.471444606781006,231832000
2019-09-17,4.47814374423788,4.497001228439258,4.431744470381749,4.492783069610596,223048000
2019-09-18,4.485836191910457,4.50146794370118,4.379390729822373,4.465737819671631,258152000
2019-09-19,4.471692874494908,4.4900543855638855,4.379638751098391,4.390308380126953,245476000
2019-09-20,4.389316957009467,4.412888584167326,4.274683610254921,4.28485631942749,350244000
2019-09-23,4.2851027942122215,4.3836078907970535,4.281380611353213,4.33820104598999,249712000
2019-09-24,4.369465124848046,4.398991761132083,4.245403086988729,4.280884742736816,317268000
2019-09-25,4.280389879229366,4.441918954655551,4.235727453337161,4.422317028045654,308432000
2019-09-26,4.412638803204647,4.4213231082739,4.349366896832507,4.400232315063477,234564000
2019-09-27,4.358548034890815,4.409165469798091,4.201237158861238,4.26177978515625,362056000
2019-09-30,4.287584127080288,4.329268789372331,4.256320157102148,4.319095611572266,186184000
2019-10-01,4.342171473715146,4.491046018894349,4.3126448364203664,4.31735897064209,366008000
2019-10-02,4.295525327069913,4.307435369491787,4.2213362596719195,4.2935404777526855,293372000
2019-10-03,4.298005428034308,4.504940819375018,4.267734354712672,4.498737812042236,450588000
2019-10-04,4.500971432868056,4.5443934382819275,4.4359631285480425,4.515114784240723,265524000
2019-10-07,4.5798753033046955,4.673169841237255,4.571190996489656,4.573672294616699,480984000
2019-10-08,4.482114568803181,4.482114568803181,4.379391277573757,4.3975043296813965,444436000
2019-10-09,4.474173273041271,4.533227019421583,4.445391073078044,4.483850002288818,292412000
2019-10-10,4.481617970914038,4.59228111758249,4.476407387055457,4.541415691375732,309124000
2019-10-11,4.625282179727991,4.697982369452037,4.606424692488743,4.614861011505127,446404000
2019-10-14,4.606177384813792,4.649102954152594,4.57516186021469,4.628260612487793,200040000
2019-10-15,4.7183270950055665,4.94486437794279,4.704431735598203,4.872411727905273,664124000
2019-10-16,4.838420971426894,4.943129583323917,4.807405452379285,4.818819046020508,428944000
2019-10-17,4.863232748568946,4.908143152806004,4.766464021904346,4.820803642272949,263436000
2019-10-18,4.8212991654191635,4.853803550159522,4.652326719542549,4.726515769958496,307440000
2019-10-21,4.787802639758155,4.876879481697929,4.768945154666601,4.863480567932129,261868000
2019-10-22,4.920301321615547,5.025257908542597,4.845864274299775,4.853556156158447,328720000
2019-10-23,4.771673537583364,4.854794862093859,4.739913596759304,4.840651988983154,279916000
2019-10-24,4.8818427463901735,4.918068851684468,4.847849951665782,4.884572505950928,232020000
2019-10-25,4.964963768071458,5.095973274992065,4.957271886168225,5.075130939483643,423092000
2019-10-28,5.1188000557823345,5.183312379594485,5.089521403946788,5.130958557128906,330792000
2019-10-29,5.117063447958273,5.123514917288467,5.015581059249241,5.0349345207214355,211236000
2019-10-30,5.061730663629225,5.067437694880544,4.968932130095458,5.0369181632995605,205960000
2019-10-31,5.016076332521951,5.036918664499523,4.908142489595868,4.987790107727051,209732000
2019-11-01,4.952558157199556,5.059003637100088,4.92749765792349,5.026747703552246,283640000
2019-11-04,5.107634695669968,5.235418937100487,5.0845595239398795,5.223012447357178,376716000
2019-11-05,5.222764879702714,5.248817800370786,5.153041963491564,5.200930118560791,300868000
2019-11-06,5.176860644912417,5.202417109724963,5.064460188210242,5.151800155639648,269012000
2019-11-07,5.238147862634401,5.252787188243311,5.124754967800568,5.169417381286621,280340000
2019-11-08,5.152546979449829,5.187036225807821,5.115079985437128,5.155524253845215,189100000
2019-11-11,5.1547776082621,5.188522403247771,5.0686785232004175,5.165447235107422,243436000
2019-11-12,5.203659404546127,5.256758143748969,5.168673715892408,5.200930118560791,283504000
2019-11-13,5.169666076907561,5.197207870777653,5.10887592942984,5.1751251220703125,300188000
2019-11-14,5.184057390287869,5.207629485656896,5.124259667709916,5.2053961753845215,518080000
2019-11-15,5.203163341307691,5.254773210795405,4.97836282360961,5.0664472579956055,1053628000
2019-11-18,5.059003158109409,5.2937283863706925,5.056025884186897,5.267179489135742,574588000
2019-11-19,5.236163646943108,5.259735268796164,5.102672839200709,5.160733699798584,414564000
2019-11-20,5.13790695555133,5.323503619081088,5.1252524762450085,5.2398858070373535,472588000
2019-11-21,5.235418033874935,5.2909975839068375,5.193484910317572,5.215071678161621,288388000
2019-11-22,5.23765150302719,5.284050778422608,5.209117287982455,5.232689380645752,224100000
2019-11-25,5.360472177763417,5.493714959860053,5.347569715374721,5.488752365112305,506476000
2019-11-26,5.471135649951697,5.475850257245019,5.377841134297487,5.3842926025390625,385244000
2019-11-27,5.42973391735485,5.46399996004786,5.392736101303444,5.419056415557861,215784000
2019-11-29,5.388266895376397,5.416573524581934,5.357973005159174,5.381810665130615,141556000
2019-12-02,5.374856138745997,5.388264936006114,5.1806800644641795,5.195826530456543,372036000
2019-12-03,5.0125777583707425,5.160320379056722,4.975331771281079,5.156347751617432,465232000
2019-12-04,5.239778515648959,5.262126202217156,5.171494128294318,5.20004940032959,273424000
2019-12-05,5.221899592811954,5.237542875235549,5.152621590296779,5.183163642883301,184884000
2019-12-06,5.252194759398877,5.301111409899657,5.242262242631657,5.26833438873291,232236000
2019-12-09,5.245490357941851,5.322962283735688,5.236799642574766,5.26833438873291,211880000
2019-12-10,5.298378472688952,5.364925183754723,5.245737376765178,5.313277244567871,256388000
2019-12-11,5.3237060196867665,5.402171084009661,5.321222891078075,5.396708011627197,233796000
2019-12-12,5.367904674619111,5.581945344521159,5.358965790344056,5.56381893157959,404348000
2019-12-13,5.566798685120836,5.685737844111824,5.507949532561871,5.561832427978516,454704000
2019-12-16,5.609259482123776,5.662893736864883,5.58120055357763,5.590636253356934,320976000
2019-12-17,5.609258882070009,5.6912002273833044,5.599823183300094,5.668604373931885,321196000
2019-12-18,5.703368712084622,5.759237933363476,5.694926167783203,5.698899269104004,343548000
2019-12-19,5.733413138739753,5.860049864322609,5.728446881201196,5.8466410636901855,445360000
2019-12-20,5.912939646392922,5.969057035341422,5.893820074180725,5.943729877471924,603044000
2019-12-23,5.9722845488565195,6.004316104397407,5.919395280275833,5.93007230758667,355060000
2019-12-24,5.914677668064655,5.942239783537777,5.880411151831388,5.925106525421143,138864000
2019-12-26,5.928582504727154,5.96731846159525,5.909711104693334,5.939260005950928,182852000
2019-12-27,5.95440666121821,5.9678154624624895,5.855332044762571,5.88165283203125,254644000
2019-12-30,5.859800860524553,5.86501528811626,5.7373854238906725,5.768671989440918,258056000
2019-12-31,5.733414169550202,5.852105188575858,5.714294595558479,5.842669486999512,231004000
2020-01-02,5.928335093025683,5.957138538360596,5.877928945287473,5.957138538360596,237536000
2020-01-03,5.837701493917199,5.905489527898822,5.812870682746855,5.86178731918335,205384000
2020-01-06,5.7686732819433395,5.89158508763454,5.742601138143197,5.886370658874512,262636000
2020-01-07,5.914676274753172,6.003322015009585,5.869732740939853,5.9576334953308105,314856000
2020-01-08,5.953414011589043,6.0100282182750675,5.913436722472884,5.968809127807617,277108000
2020-01-09,6.054972340158192,6.106620293557009,5.980728525549514,6.03436279296875,255112000
2020-01-10,6.141382428610203,6.171675845067106,6.052488493024343,6.066641807556152,316296000
2020-01-13,6.149575074900235,6.281922547417349,6.126978749107095,6.256843566894531,319840000
2020-01-14,6.214135687983089,6.239463317637183,6.126979903415702,6.140140533447266,359088000
2020-01-15,6.152803842842512,6.175151528370707,6.0718556439041,6.097679615020752,263104000
2020-01-16,6.151065142101568,6.187069795920927,6.127724301895055,6.181110382080078,284192000
2020-01-17,6.200230549789076,6.207679936211552,6.142375022038857,6.1898016929626465,253792000
2020-01-21,6.153299881678846,6.1900495201260926,6.122509656861109,6.156527996063232,217916000
2020-01-22,6.201720834154756,6.296822351590504,6.182849433154044,6.210411548614502,239240000
2020-01-23,6.250388957043602,6.287138126517481,6.161743200933652,6.278695583343506,244516000
2020-01-24,6.393909849337127,6.443571474503476,6.165467226066961,6.219598293304443,373512000
2020-01-27,5.915670782034059,6.015242215037423,5.766438191541949,5.964339256286621,470536000
2020-01-28,6.030140227168706,6.189553496525558,5.977002312846959,6.157273769378662,310976000
2020-01-29,6.142871972143197,6.1788766302299125,6.057205684032846,6.096935272216797,258848000
2020-01-30,5.999350082914366,6.117047926796072,5.944474498630881,6.103639125823975,290504000
2020-01-31,6.057949635579352,6.069868462638404,5.829010687452668,5.870726108551025,370420000
2020-02-03,5.852601361983941,5.98693566495872,5.846393775927354,5.9675679206848145,255564000
2020-02-04,6.109102487177571,6.155536003954367,6.059192684593247,6.136415958404541,271544000
2020-02-05,6.257093597361398,6.267274284490505,6.143368843165741,6.2265520095825195,208220000
2020-02-06,6.26081803092759,6.313210487365723,6.179869829185719,6.313210487365723,218284000
2020-02-07,6.273233053761534,6.2953325687371064,6.221833281757143,6.247160911560059,189752000
2020-02-10,6.269755839509713,6.530478170125203,6.264789582604499,6.529733657836914,529608000
2020-02-11,6.637747932218731,6.766370970308543,6.575919305118348,6.6519012451171875,638556000
2020-02-12,6.70454318700568,6.773821209071166,6.665807226145709,6.767364978790283,374644000
2020-02-13,6.7095085866977415,6.79070495481685,6.6821946441272795,6.72366189956665,528016000
2020-02-14,7.132873132572073,7.324317975721568,7.101586559371794,7.195694923400879,1041924000
2020-02-18,7.0926467000611995,7.382421632395123,7.073278958095728,7.364046573638916,620164000
2020-02-19,7.486213518147479,7.831857176120988,7.486213518147479,7.814227104187012,694332000
2020-02-20,7.766304072638066,7.854453011250892,7.358583618194485,7.665243148803711,810052000
2020-02-21,7.553257158608696,7.578336145082304,7.217297345134649,7.3019700050354,768180000
2020-02-24,6.709012016382708,6.999035117860609,6.654632773657176,6.785738945007324,856916000
2020-02-25,6.860728377866259,6.922557012925543,6.40533302083709,6.506890773773193,1055496000
2020-02-26,6.50713847933115,6.839622002158671,6.505648980883391,6.645942211151123,747732000
2020-02-27,6.333136140736128,6.633767803366144,6.183814297198913,6.275991439819336,906416000
2020-02-28,6.024057286664083,6.769424425321909,6.007410894172658,6.710043430328369,1133252000
2020-03-02,6.879738226215909,6.896881729577299,6.484693639055509,6.86806058883667,890744000
2020-03-03,6.923715128015333,6.983344439079889,6.520968366746117,6.606188774108887,652792000
2020-03-04,6.7132732703781945,7.078254667313152,6.6387362744594425,7.068813323974609,597408000
2020-03-05,6.8697998032135255,7.03626513615308,6.7455719569568915,6.790045738220215,540328000
2020-03-06,6.6109104379638275,6.668303938946586,6.41015805499431,6.609916687011719,515412000
2020-03-09,5.960453109775377,6.444941989409287,5.917718976759138,6.098097801208496,614160000
2020-03-10,6.373881517266222,6.486680507659912,6.111761186532611,6.486680507659912,580648000
2020-03-11,6.347050952515483,6.375374989773731,6.026791576461255,6.1236891746521,499964000
2020-03-12,5.60168251557704,5.866536307886631,5.361674389912644,5.374345779418945,816540000
2020-03-13,5.726905159414291,5.988280634003202,5.456337132448399,5.983808517456055,634836000
2020-03-16,5.2774471896853195,5.617583378912327,4.820040356746659,4.879669666290283,726972000
2020-03-17,4.991724142434878,5.487393549135659,4.745504698988345,5.398197650909424,833632000
2020-03-18,4.971599521592483,5.2160797892647,4.489098604368338,5.03917932510376,874268000
2020-03-19,5.017811622661303,5.38478102513556,4.8048854524860145,5.2913618087768555,765512000
2020-03-20,5.441179660332024,5.7224315012787486,5.096571825269619,5.111976146697998,804636000
2020-03-23,5.11098266460325,5.378569879183568,4.932343026928404,5.284404754638672,643876000
2020-03-24,5.689636410549801,6.277482978063412,5.6660332856046995,6.1910200119018555,1101644000
2020-03-25,6.305806086188471,6.505067588828619,6.053871996434698,6.102569580078125,793432000
2020-03-26,6.309284560354302,6.515006158031111,6.211393226777175,6.391275405883789,696108000
2020-03-27,6.211392002207341,6.5373659227235725,6.178595860017952,6.2792205810546875,638828000
2020-03-30,6.344565416561682,6.60792883445587,6.3005887404953445,6.598735809326172,602252000
2020-03-31,6.6387362963410945,6.84247037341055,6.403945729901024,6.54929256439209,949960000
2020-04-01,6.351770314533199,6.497862107975411,5.994739393513251,6.039212703704834,656912000
2020-04-02,6.06828211430881,6.360466172613561,6.020330439771605,6.3472981452941895,675764000
2020-04-03,6.309780175563968,6.351272226980043,5.922934894329506,6.06008243560791,663212000
2020-04-06,6.341584180506852,6.70532354856808,6.2841906824190685,6.668551921844482,727884000
2020-04-07,6.889676590192596,6.913280185472903,6.392765179884151,6.435748100280762,784520000
2020-04-08,6.54457162490278,6.6573706324645965,6.474755537698199,6.6325249671936035,542444000
2020-04-09,6.75799563614717,6.780853326872135,6.47028368318691,6.533143043518066,525564000
2020-04-13,6.473514021643792,6.71327383532628,6.385312352581156,6.704577922821045,398408000
2020-04-14,6.832532189824277,7.088938386369082,6.804953590184453,7.054900169372559,530948000
2020-04-15,6.887192650096263,7.060366418638952,6.841973904473054,6.977630615234375,366148000
2020-04-16,7.132666038579894,7.4288250826384346,7.119498012035005,7.321989059448242,745620000
2020-04-17,7.4039804904478155,7.425347792957144,7.129188706028905,7.262857913970947,539120000
2020-04-20,7.136641723005758,7.2921748539610265,7.087695825238775,7.13192081451416,449388000
2020-04-21,7.0141527743230325,7.075272471908903,6.636500013605862,6.696129322052002,735160000
2020-04-22,6.887936548510064,7.152293654983814,6.842469493758964,7.109559059143066,483356000
2020-04-23,7.151552533734866,7.283233817111576,7.031299626840538,7.056393623352051,424160000
2020-04-24,7.04620405491623,7.197016283498686,6.971667057923223,7.195028781890869,352328000
2020-04-27,7.329196381486133,7.540632185219082,7.304599030722726,7.3811235427856445,479388000
2020-04-28,7.52820840117151,7.5580232971718875,7.2335401756686055,7.239006042480469,442904000
2020-04-29,7.3734203929741255,7.468082150925123,7.298386754372791,7.415409564971924,379160000
2020-04-30,7.361493734355101,7.4154088591523335,7.247949773360715,7.2618632316589355,375916000
2020-05-01,7.064838190964827,7.177885523416327,6.9776302758674795,7.0258307456970215,342096000
2020-05-04,6.9786235872010405,7.250931203108053,6.9786235872010405,7.2372660636901855,317556000
2020-05-05,7.3411215423924565,7.460380176917266,7.237266757199791,7.298138618469238,368896000
2020-05-06,7.377395399557176,7.503362433621966,7.339630026481675,7.398762226104736,323464000
2020-05-07,7.5376498918987815,7.637777522329543,7.486468166152815,7.57466983795166,373732000
2020-05-08,7.646224187677115,7.77045203954479,7.612434291582904,7.764240741729736,339216000
2020-05-11,7.759270817320762,8.062387051955826,7.730698470823319,8.015677452087402,469060000
2020-05-12,8.073319732712656,8.122016839695085,7.744612838906281,7.754302501678467,493060000
2020-05-13,7.868593603118008,8.028598882068218,7.547837139628314,7.731943130493164,625852000
2020-05-14,7.793310708554394,7.986360909028499,7.640013385344732,7.980895042419434,602312000
2020-05-15,7.841014174290787,8.447991229472853,7.825361531965535,8.438302040100098,987660000
2020-05-18,8.706384284090324,8.861420771854155,8.626878538742194,8.696197509765625,774460000
2020-05-19,8.735952164581962,9.031365836913162,8.70862188133378,8.751108169555664,717320000
2020-05-20,8.935458155789997,8.987136970612097,8.833839707915937,8.91458797454834,587536000
2020-05-21,8.995587993509218,8.996581270452394,8.683527484566827,8.721044540405273,761068000
2020-05-22,8.770735645480487,9.036832475277743,8.659427960573646,8.970494270324707,1038764000
2020-05-26,9.100187815628933,9.125033957478843,8.618432356392493,8.663899421691895,770780000
2020-05-27,8.57172096969217,8.579422656009472,7.947351723829937,8.472587585449219,1175892000
2020-05-28,8.360286872605021,8.706386109655163,8.327490722077602,8.434576034545898,734896000
2020-05-29,8.501658565221103,8.82067584991455,8.432587896373802,8.82067584991455,745256000
2020-06-01,8.778684720302685,8.786138087525295,8.63582251257563,8.751851081848145,389876000
2020-06-02,8.741915542097436,8.78266169957155,8.604519169266093,8.770735740661621,391320000
2020-06-03,8.767754868250782,8.811482751931813,8.646259459334125,8.715330123901367,365440000
2020-06-04,8.678044382274448,8.892062399305495,8.627833505931573,8.716324806213379,424280000
2020-06-05,8.744165593384547,8.945505990790243,8.658160503689484,8.86894702911377,481748000
2020-06-08,8.826441189640361,8.838869456825446,8.636037519288681,8.754605293273926,387736000
2020-06-09,8.749634122486231,9.0576108996986,8.70116321490873,8.99422550201416,468488000
2020-06-10,9.115276667601618,9.445624603112948,9.101107479710079,9.31313705444336,632180000
2020-06-11,9.09762951041862,9.208242694149288,8.73571349742717,8.745904922485352,583652000
2020-06-12,9.110059416078007,9.134667518345411,8.653437455543614,8.881375312805176,570908000
2020-06-15,8.76479584104821,9.129694925278905,8.693704301366452,9.121243476867676,400004000
2020-06-16,9.172200921487875,9.213711919077781,8.788161137420968,9.016595840454102,535716000
2020-06-17,9.06158986706663,9.245778960988224,9.018337934845245,9.18313980102539,408304000
2020-06-18,9.174189555536868,9.229371931959877,9.062333258974562,9.165241241455078,254408000
2020-06-19,9.189597636085859,9.390937949959586,9.174434719956919,9.208239555358887,524160000
2020-06-22,9.24677073049293,9.476696958868198,9.220173275389165,9.472222328186035,398468000
2020-06-23,9.496332960119092,9.587309525836865,9.353654927459205,9.39591121673584,375108000
2020-06-24,9.422011483078405,9.50180290042588,9.092160369035703,9.182640075683594,449372000
2020-06-25,9.302201008306115,9.450596783301863,9.129694001574956,9.43568229675293,376072000
2020-06-26,9.445627697411371,9.445627697411371,9.072773972513554,9.102602005004883,592084000
2020-06-29,9.117266222856149,9.151817312552694,8.849059572517856,9.147342681884766,342248000
2020-06-30,9.260692369521378,9.471727334858345,9.21346457243952,9.443390846252441,367892000
2020-07-01,9.466258537018712,9.520944050860118,9.35912529912411,9.475455284118652,326648000
2020-07-02,9.583830317693366,9.681766795044908,9.52342801780693,9.557233810424805,364056000
2020-07-06,9.685993330757256,9.852037332291824,9.656910597586103,9.78293514251709,315892000
2020-07-07,9.88932409058493,10.01236556050265,9.794370678110532,9.815250396728516,357800000
2020-07-08,9.936549995462096,10.16647718547054,9.90846194337441,10.157527923583984,365480000
2020-07-09,10.320836753485086,10.50950040463489,10.174926255888597,10.44884967803955,494548000
2020-07-10,10.528143708751548,10.594262798531828,10.319345634913779,10.419270515441895,497676000
2020-07-13,10.534358603416077,10.730479036979467,9.96762041708971,9.994714736938477,457076000
2020-07-14,10.017333530569916,10.343207792635127,9.729490306628119,10.317605018615723,542676000
2020-07-15,10.354645474660408,10.373287402376107,9.998196834922506,10.168715476989746,403984000
2020-07-16,9.957678504058652,10.148330579277705,9.838862314759108,10.076743125915527,344964000
2020-07-17,10.166974986746677,10.189843112280766,10.030013717920978,10.143112182617188,266284000
2020-07-20,10.215446782115842,10.470975847834016,10.098618973678217,10.450592994689941,284852000
2020-07-21,10.452827165470543,10.499559035477194,10.227872436950578,10.269383430480957,277036000
2020-07-22,10.308159471542753,10.54181405224988,10.23259426307041,10.37900161743164,367292000
2020-07-23,10.390190166748868,10.48663511726598,9.973837034694547,10.071773529052734,411660000
2020-07-24,9.81847816844015,10.305424880752557,9.721039518759067,10.136149406433105,473292000
2020-07-27,10.173685827717728,10.38198611518215,10.159268204168063,10.361852645874023,292132000
2020-07-28,10.314871041356408,10.32257624250495,10.15081549413575,10.157029151916504,271636000
2020-07-29,10.331277485949975,10.456058901678837,10.287778082878747,10.405599594116211,284508000
2020-07-30,10.31561792819607,10.562198626174778,10.23632432247183,10.553250312805176,308880000
2020-07-31,10.50279052923152,10.704878102033073,10.37328604155994,10.553996086120605,386080000
2020-08-03,10.671071020858617,11.03522477261038,10.653919693105369,10.94723129272461,412720000
2020-08-04,10.986757033542842,11.16348934173584,10.843581144648935,11.16348934173584,310336000
2020-08-05,11.179645121303212,11.30666338727199,11.102339920529543,11.222149848937988,249924000
2020-08-06,11.284788588104904,11.292991603889252,11.114767787246265,11.270620346069336,244316000
2020-08-07,11.247750090326356,11.438899949925162,10.974324500566038,11.135396957397461,342516000
2020-08-10,11.269378890384155,11.342954759845608,10.79436251780805,11.101097106933594,427796000
2020-08-11,11.01036654783612,11.073006628875003,10.733957862179553,10.787898063659668,354512000
2020-08-12,10.92784561988187,11.401369537124475,10.895531365569134,11.374773025512695,464412000
2020-08-13,11.479914503905402,11.654659304257047,11.290753978168782,11.377504348754883,374460000
2020-08-14,11.464006479493863,11.637756604352083,11.375019266250126,11.497812271118164,366436000
2020-08-17,11.783417060907157,12.338720679866736,11.749612219421017,12.266386985778809,621300000
2020-08-18,12.378741454160556,12.424478648175024,12.017073893181932,12.190574645996094,503448000
2020-08-19,12.226119746907969,12.244513237961666,12.028755255290813,12.069024085998535,622624000
2020-08-20,11.906459125153898,12.304169267650222,11.810759499849118,12.071508407592773,921388000
2020-08-21,12.13191431669981,12.735440562334757,12.125451276051237,12.610907554626465,999868000
2020-08-24,12.810008752365281,12.8385946165752,12.435911984887685,12.647444725036621,490564000
2020-08-25,12.558456133077177,12.688209041803288,12.501782219926314,12.677023887634277,289076000
2020-08-26,12.72599264104994,12.79484639215565,12.605188035899838,12.6998929977417,321244000
2020-08-27,12.708344712184557,12.776453166999115,12.494575116940183,12.5559720993042,317604000
2020-08-28,12.60245349059197,13.072745800414442,12.570139242268583,13.072497367858887,537160000
2020-08-31,13.107296770619834,13.497301743517985,12.963127187794592,13.29794979095459,500840000
2020-09-01,13.406857617406526,13.917820106850497,13.36359369973899,13.746007919311523,511316000
2020-09-02,14.6239656123547,14.646841525282102,13.82457680383725,14.268654823303223,874012000
2020-09-03,13.753715512229732,13.809162909123005,12.808870357194603,12.944878578186035,945128000
2020-09-04,12.714384609698111,13.103512283664935,11.641239770900325,12.554010391235352,1463684000
2020-09-08,11.67082842971862,12.481903777414194,11.640742968653129,11.848360061645508,795728000
2020-09-09,12.332716222048454,12.739745856584113,12.165379076629385,12.646007537841797,736200000
2020-09-10,12.91876810424412,12.994355926622518,12.10097942091234,12.24494457244873,698684000
2020-09-11,12.417751873748696,12.583845521051666,11.83120166985141,12.098493576049805,636928000
2020-09-14,13.010023410133604,13.242752993061371,12.562713786469418,12.80240535736084,1201744000
2020-09-15,13.20794074712078,13.22658919691016,12.758145184218588,12.920509338378906,727556000
2020-09-16,12.886939817245475,13.02170450910861,12.445846810403594,12.446592330932617,556384000
2020-09-17,12.066416529304739,12.521434449484204,11.969445745922071,12.395869255065918,792512000
2020-09-18,12.525415950128137,12.563955387993257,11.923699152816207,12.1231107711792,698460000
2020-09-21,11.860294969517335,12.45455277423042,11.839906020697956,12.449331283569336,721044000
2020-09-22,12.50676919267314,12.579373056879803,12.089545954677247,12.569178581237793,646452000
2020-09-23,12.507263849012158,12.657942495758004,12.013707338704753,12.057965278625488,647012000
2020-09-24,12.006744330754543,12.50129577509505,11.948809980000965,12.280997276306152,731240000
2020-09-25,12.379960225173095,12.81359436481939,12.179305115812923,12.8038969039917,588016000
2020-09-28,12.969490173812693,12.980928128577803,12.680815317290046,12.964268684387207,573808000
2020-09-29,12.867298209631182,13.369806586512889,12.863071696016648,13.153984069824219,621460000
2020-09-30,13.086106534449147,13.548583556057018,13.078896040511102,13.457082748413086,689184000
2020-10-01,13.683348208064956,13.688071736035704,13.387710370072455,13.540626525878906,525004000
2020-10-02,13.153240207178108,13.446141621282568,12.980183612538768,12.991373062133789,552496000
2020-10-05,13.164178752952756,13.57021335878919,13.15100030117963,13.568472862243652,479820000
2020-10-06,13.754957214450531,14.065264550133465,13.590852555868134,13.661964416503906,784420000
2020-10-07,13.923785773213117,14.042637510880455,13.788274589231673,13.888229370117188,418084000
2020-10-08,13.998623605962193,14.00807255622339,13.683344327813055,13.763655662536621,378900000
2020-10-09,13.692299667418414,13.749239048406054,13.586626375698904,13.688072204589844,346892000
2020-10-12,13.913591020870141,14.269151250700197,13.837009167737346,14.148807525634766,434744000
2020-10-13,14.218925925974037,14.27064381415561,13.94268301085505,14.170937538146973,344604000
2020-10-14,14.212959397087152,14.264925797389301,13.884253040032485,14.018769264221191,276100000
2020-10-15,13.7358113145266,13.929752918930133,13.693044417342875,13.894197463989258,267224000
2020-10-16,13.960585020449875,14.04487533293222,13.717660049634887,13.736557006835938,242392000
2020-10-19,13.82756066882384,13.90762351790688,13.334003224238439,13.42451000213623,298068000
2020-10-20,13.509793060688235,13.724870061313956,13.433708226033241,13.571456909179688,229212000
2020-10-21,13.551068882438022,13.716665521672029,13.404369199715683,13.451362609863281,219596000
2020-10-22,13.449123468777783,13.537888788294158,13.159950652383756,13.28849983215332,290480000
2020-10-23,13.37701607509531,13.519489220485832,13.21912791756246,13.516505241394043,233484000
2020-10-26,13.35414524503633,13.618453219253427,12.967753030635334,13.069945335388184,336896000
2020-10-27,13.23379931227968,13.369061984732776,13.11992056172702,13.324057579040527,250520000
2020-10-28,13.126386851090986,13.188050708710339,12.540583049206013,12.55848503112793,376520000
2020-10-29,12.768836445909805,13.121164188121782,12.680816637076695,12.953330039978027,320080000
2020-10-30,12.780272480919278,12.866302324786236,12.233256753800275,12.465987205505371,416820000
2020-11-02,12.589066397694088,12.767095005739481,12.327742463181124,12.512484550476074,299652000
2020-11-03,12.63954209787184,13.033890278158362,12.534365826303068,12.948854446411133,272900000
2020-11-04,13.316597320732134,13.75246983604854,13.264630929698608,13.719399452209473,410228000
2020-11-05,14.08565213447711,14.261193784268926,13.915082519116078,14.083165168762207,319028000
2020-11-06,14.03318896935885,14.509589961526343,13.819604883139405,14.482985496520996,383348000
2020-11-09,14.47353602436871,14.611781731679114,13.536896506652354,13.556787490844727,582976000
2020-11-10,13.532667608550586,13.532667608550586,12.559726270533163,12.70070743560791,644068000
2020-11-11,12.982921036937629,13.362102772719238,12.87799325466072,13.345194816589355,404744000
2020-11-12,13.405861285173073,13.691303689939454,13.243745638126441,13.383731842041016,365812000
2020-11-13,13.55330655700008,13.59458146386751,12.988388755362086,13.224848747253418,346312000
2020-11-16,13.101024751247351,13.575436751077367,13.084614759446428,13.441915512084961,413776000
2020-11-17,13.478963787065233,13.522476209476965,13.231563772353098,13.349420547485352,312028000
2020-11-18,13.392184564746637,13.531922248694801,13.113455665930692,13.35588264465332,510924000
2020-11-19,13.141057386140876,13.414316335999356,13.028919120198557,13.36732292175293,565936000
2020-11-20,13.380995847364288,13.421275773566174,12.994105766643468,13.016733169555664,341088000
2020-11-23,13.09978026741796,13.309883333882462,12.944875127706089,13.068699836730957,361356000
2020-11-24,13.071185886209618,13.090579854954449,12.815083440234448,12.887438774108887,346500000
2020-11-25,12.96178411756884,13.197497637148764,12.94935213399809,13.162936210632324,259916000
2020-11-27,13.302426146106399,13.334750064003929,13.099035582696706,13.189292907714844,167276000
2020-11-30,13.193022390006243,13.339722070023917,12.901860540365371,13.328781127929688,286952000
2020-12-01,13.419038982985601,13.455340904435158,13.156470608275669,13.317343711853027,296948000
2020-12-02,13.278059756096301,13.599307099572938,13.162440495333444,13.471007347106934,283360000
2020-12-03,13.517766430386201,13.589894576674254,13.260593943208093,13.327249526977539,199520000
2020-12-04,13.37947715956388,13.490405637857798,13.320034212669325,13.488664627075195,202244000
2020-12-07,13.531443212803179,13.660776120123055,13.430713167655274,13.536914825439453,223244000
2020-12-08,13.515278179379305,13.528957686598924,13.213335648092489,13.281484603881836,271920000
2020-12-09,13.232236003515796,13.345153115732616,12.802204474515289,12.864383697509766,401300000
2020-12-10,12.802952434607922,13.001677197887197,12.78355178644564,12.905672073364258,207764000
2020-12-11,12.900700138792804,12.953180002897902,12.757190533366504,12.946464538574219,209264000
2020-12-14,13.020829182897314,13.320035433419807,13.010383117244352,13.240446090698242,270156000
2020-12-15,13.370772848841048,13.394898420852309,13.119072012231975,13.291930198669434,193016000
2020-12-16,13.353610324590434,13.368285100210734,13.144688085865043,13.174534797668457,223116000
2020-12-17,13.298145072478631,13.310830255648174,13.110861673333604,13.27277660369873,231384000
2020-12-18,13.310332443875872,13.33619902252071,13.003416470104648,13.203882217407227,342064000
2020-12-21,13.007648205683477,13.301382873993871,12.900948417581114,13.263826370239258,302332000
2020-12-22,13.250890109024171,13.268797376296831,12.987001278734812,13.210100173950195,185580000
2020-12-23,13.187964500320144,13.206867037891026,12.938253278699113,12.94248104095459,179144000
2020-12-24,12.970340640953479,13.065101934133372,12.87234685454828,12.927063941955566,97884000
2020-12-28,12.9954590638984,12.9954590638984,12.69774525994913,12.833792686462402,212564000
2020-12-29,12.858666619881392,13.005409659646398,12.776340989904284,12.876822471618652,170372000
2020-12-30,12.923580958552987,13.145934160333939,12.830561632243954,13.078283309936523,225396000
2020-12-31,13.069079778670659,13.083505026218697,12.848716190436818,12.987998008728027,192424000
2021-01-04,13.036994722740106,13.582431124501683,12.895971895425573,13.046196937561035,560640000
2021-01-05,13.032518736692339,13.374504535235,13.019834498908478,13.335953712463379,322760000
2021-01-06,13.15463728846822,13.177021848439159,12.521404624259176,12.549757957458496,580424000
2021-01-07,12.900944926798237,13.309090007060597,12.8203612761621,13.2755126953125,461480000
2021-01-08,13.293919104792138,13.352118201712143,12.975063652438749,13.208608627319336,292528000
2021-01-11,13.349880341033488,13.889347964433247,13.293919414175052,13.551589965820312,518344000
2021-01-12,13.681918228400308,13.683908768453083,13.276510305945383,13.415542602539062,291476000
2021-01-13,13.420763670245865,13.555071023692324,13.316303027862848,13.462299346923828,210028000
2021-01-14,13.505329377959594,13.529952111631886,13.112854274727429,13.132502555847168,283120000
2021-01-15,13.16010939853899,13.25686026552302,12.782557674546371,12.793500900268555,277780000
2021-01-19,12.949448048993759,13.026799227702664,12.778082270234988,12.958402633666992,226188000
2021-01-20,13.044457348491646,13.361571834901874,12.989740265412832,13.297154426574707,258572000
2021-01-21,13.349632577259866,13.927402474262239,13.184982279201542,13.7963285446167,337780000
2021-01-22,13.669480325264736,13.770708473479296,13.557308952457124,13.642121315002441,246820000
2021-01-25,13.711018054558481,13.757528189213795,13.168566485898285,13.58317756652832,251112000
2021-01-26,13.510798746043035,13.574718980112987,13.318789463563826,13.366294860839844,163980000
2021-01-27,13.162096530221275,13.164832810530399,12.728085850302575,12.851449966430664,371272000
2021-01-28,12.929547927045675,13.271285077100378,12.893981023989753,12.984016418457031,228316000
2021-01-29,13.007894722708423,13.26631196684961,12.845234024057874,12.92308235168457,271552000
2021-02-01,12.986257425752575,13.202640890001744,12.836529537314517,13.16906452178955,217204000
2021-02-02,13.329984932916615,13.502345023877039,13.217315428489607,13.487174034118652,220440000
2021-02-03,13.566012592058984,13.8602452630711,13.44712671799048,13.461054801940918,245408000
2021-02-04,13.461555570894452,13.603324148408923,13.26929767552563,13.594121932983398,201340000
2021-02-05,13.654558996907936,13.666746072596897,13.476228255580894,13.521245956420898,169152000
2021-02-08,13.656799251100956,14.39946808686002,13.656799251100956,14.36464786529541,434624000
2021-02-09,14.267149863534422,14.50840560388812,14.149506854766857,14.190048217773438,287560000
2021-02-10,14.389019846164402,14.82850221001609,14.267894829975646,14.688474655151367,485352000
2021-02-11,14.903367720561645,15.193868916559543,14.848401111304003,15.172478675842285,450828000
2021-02-12,14.972757696636352,15.21276954512142,14.699168535050127,14.8844633102417,374756000
2021-02-16,14.986936092155004,15.293604492895591,14.873272272609666,15.251570701599121,321960000
2021-02-17,15.093137628175583,15.145368904266707,14.70414455668863,14.829498291015625,274756000
2021-02-18,14.653406299348754,14.796915880160729,14.500196394226357,14.752893447875977,233868000
2021-02-19,14.947389223018012,15.099106694714642,14.770551858754157,14.849892616271973,271724000
2021-02-22,14.698924251693013,15.055584871762557,14.25148246713284,14.282074928283691,325884000
2021-02-23,14.003010965897,14.165672613131727,13.320780447752483,14.069418907165527,391780000
2021-02-24,14.050267080329668,14.432296075073527,13.685398664118521,14.424585342407227,448320000
2021-02-25,13.973414817067304,14.300975358470478,13.148421348312327,13.239202499389648,824436000
2021-02-26,13.681918627171427,13.783395375288514,13.292428372327969,13.64411449432373,500932000
2021-03-01,13.803792065826626,13.853535650414425,13.48369363128377,13.770712852478027,353184000
2021-03-02,13.828658834605728,13.84905380194332,13.327245868076808,13.337443351745605,264116000
2021-03-03,13.357342042126135,13.382461933778034,12.733062069739823,12.739031791687012,377592000
2021-03-04,12.735051323937004,12.908407604408795,12.02173124079755,12.306760787963867,573344000
2021-03-05,12.485589720652124,12.485589720652124,11.61930825304677,12.397543907165527,542840000
2021-03-08,12.386102995034543,12.40724370649822,11.507137260717878,11.533750534057617,543112000
2021-03-09,12.072158275042783,12.55632821655255,12.001498194954765,12.460290908813477,521824000
2021-03-10,12.779010598988949,12.917842241501093,12.39784524746548,12.408543586730957,384376000
2021-03-11,12.88798468790623,12.983774296200266,12.673516798492331,12.931276321411133,299916000
2021-03-12,12.587678172940858,12.82702688570475,12.529707651427094,12.79443359375,243964000
2021-03-15,12.803141162521834,13.143503346507048,12.706108237775904,13.128077507019043,221988000
2021-03-16,13.292537069306986,13.447790141533767,13.0539352931175,13.22760009765625,272128000
2021-03-17,12.977302577062947,13.388822153481435,12.92729317177526,13.277359008789062,243864000
2021-03-18,13.073592309996888,13.12086450040622,12.656100861548346,12.661574363708496,293896000
2021-03-19,12.688938933142387,12.85961780693649,12.552097624665207,12.78423023223877,299208000
2021-03-22,12.850913393081935,13.330355915344027,12.84494160969425,13.123103141784668,297804000
2021-03-23,13.190777367520809,13.28059519177102,12.958893359815724,13.008156776428223,222048000
2021-03-24,13.088270010291474,13.096232071229919,12.576234227742477,12.582453727722168,245840000
2021-03-25,12.439642442353005,12.653861664457352,12.21323193641956,12.475220680236816,295144000
2021-03-26,12.494378894229927,12.794684062208672,12.314245906312358,12.777765274047852,363968000
2021-03-29,12.75885368993943,12.999944000887075,12.63917981486877,12.88624095916748,273520000
2021-03-30,12.78050268700151,12.913114819439107,12.644158664289982,12.810110092163086,200204000
2021-03-31,12.953170680778484,13.405991674241122,12.92032872070121,13.284327507019043,314776000
2021-04-01,13.507254271126333,13.803577899001159,13.446545573751832,13.745607376098633,308276000
2021-04-05,13.801089845669066,13.946887903270396,13.667233455346796,13.920515060424805,255672000
2021-04-06,13.932705651391382,13.98694428007725,13.707539461225052,13.795117378234863,191744000
2021-04-07,13.814278004442162,14.175290931790578,13.64583896668836,14.075770378112793,251284000
2021-04-08,14.184496524494385,14.402198969872602,14.180763685323448,14.248438835144043,244416000
2021-04-09,14.14593123495432,14.339002443747564,14.10711843994296,14.331040382385254,195172000
2021-04-12,14.22131825641827,15.27897874166865,14.071538686150255,15.136165618896484,869324000
2021-04-13,15.158556624947309,15.624813133725874,15.053312973975865,15.604411125183105,676212000
2021-04-14,15.550173290053323,15.645215941609269,15.154576843590075,15.203840255737305,385500000
2021-04-15,15.587497582844618,16.136605607490903,15.55664589544374,16.059974670410156,598480000
2021-04-16,15.976124276327353,16.08833533705713,15.789273517405002,15.836297988891602,335208000
2021-04-19,15.462098601243506,15.731800742106158,15.160051831017325,15.288185119628906,404420000
2021-04-20,15.24986813446878,15.422785985221951,14.89134381807293,15.098596572875977,334132000
2021-04-21,15.04634851396947,15.28893180639827,15.029928007995823,15.286941528320312,216776000
2021-04-22,15.301371562848711,15.364567873838729,14.712703881625139,14.779134750366211,277788000
2021-04-23,14.862728304899372,15.261559233679847,14.828891688479873,15.192143440246582,227500000
2021-04-26,15.112282067435485,15.404873825568805,15.052568979496371,15.403878211975098,197796000
2021-04-27,15.503897705170875,15.595457144527792,15.280970415828268,15.308090209960938,164572000
2021-04-28,15.290920597634818,15.457867612223833,15.14263398051159,15.203590393066406,209416000
2021-04-29,15.32625115862929,15.362576342418699,14.999324504524623,15.251361846923828,173196000
2021-04-30,15.10183379374444,15.291420848649159,14.925183073004172,14.937623023986816,201912000
2021-05-03,15.052567032150492,15.173733855204558,14.716683684629688,14.765697479248047,203912000
2021-05-04,14.567155728925739,14.567404395065287,13.94315842316622,14.282525062561035,405324000
2021-05-05,14.638559441083883,14.742559766034404,14.318599252847807,14.389259338378906,292024000
2021-05-06,14.42583212858032,14.50146837786924,14.149910536895737,14.453449249267578,193380000
2021-05-07,14.737335285779373,14.89905652104171,14.601488612944612,14.741315841674805,229328000
2021-05-10,14.716435724758746,14.735096123743787,14.18175896431801,14.197433471679688,268904000
2021-05-11,13.758793450883047,14.286006409049536,13.684152807210628,14.237738609313965,285584000
2021-05-12,13.942410098916847,14.191959832815755,13.64359884835176,13.692612648010254,303408000
2021-05-13,13.966543750646617,14.013319554436475,13.39454620795062,13.599808692932129,285404000
2021-05-14,13.823483998849241,14.259386233918178,13.682661142383589,14.174793243408203,258616000
2021-05-17,14.089201626218934,14.101392907740392,13.787155864136253,14.097661018371582,216980000
2021-05-18,14.19867739521661,14.335270069717708,13.936936381971368,13.948630332946777,186256000
2021-05-19,13.501529742338581,14.012073471257523,13.478391458639676,13.99838924407959,344000000
2021-05-20,14.234007504367282,14.613432141859077,14.202161157001548,14.542523384094238,321592000
2021-05-21,15.09113534696895,15.149106831547703,14.798294879280967,14.91995906829834,672992000
2021-05-24,15.139647605689639,15.669597751616458,15.10332242541384,15.537235260009766,554816000
2021-05-25,15.6904966300758,15.742744980486313,15.408354588751854,15.572813034057617,435408000
2021-05-26,15.658900271738665,15.718115073854618,15.511609264757215,15.6248140335083,370440000
2021-05-27,15.62456385589873,15.674573261836494,15.38596210958284,15.413827896118164,581476000
2021-05-28,15.426767817068965,16.199548993346383,15.426767817068965,16.166706085205078,644536000
2021-06-01,16.19208753443209,16.309771158745168,15.827093093833488,16.186613082885742,472804000
2021-06-02,16.17442249509747,16.837730875688383,16.157752372791514,16.69790267944336,594168000
2021-06-03,16.620770279953966,17.17634723996849,16.503584018913063,16.88848114013672,580008000
2021-06-04,17.030548852392332,17.576422190681168,17.013631964827372,17.494070053100586,617120000
2021-06-07,17.487104196499413,17.727197966588108,17.110416805068787,17.534624099731445,575756000
2021-06-08,17.443312869189647,17.53711123572053,17.16838498606947,17.37339973449707,323848000
2021-06-09,17.435866151003694,17.494845805819946,17.177051714798523,17.279083251953125,381656000
2021-06-10,17.27086704833761,17.412219583949422,17.097660874799708,17.345523834228516,287772000
2021-06-11,17.399781657404368,17.857436015238456,17.364195263212135,17.743955612182617,416308000
2021-06-14,17.82433434092857,17.957224622706175,17.582193863360512,17.936569213867188,321376000
2021-06-15,17.833296821293477,17.934084751440924,17.64714938991083,17.707372665405273,243032000
2021-06-16,17.709609271497378,17.872860848959444,17.50429881095447,17.729019165039062,307124000
2021-06-17,17.69343341937015,18.749095854040014,17.675267140573446,18.57215690612793,809656000
2021-06-18,18.69833315440634,19.286637415623073,18.49924452484963,18.55374526977539,968856000
2021-06-21,18.35116743365587,18.45195723428612,17.741461763180403,18.343204498291016,672384000
2021-06-22,18.387260202893206,18.877265712837033,18.30214941599199,18.800615310668945,580144000
2021-06-23,18.921061246552416,19.065400403264565,18.821516935073355,18.970335006713867,332356000
2021-06-24,19.14005621589849,19.331428697030866,19.001190887629537,19.11790657043457,320924000
2021-06-25,19.192566694456715,19.257270776737716,18.80832746643894,18.944204330444336,278364000
2021-06-28,19.27294637389471,19.987174655201073,19.23088938832883,19.89385223388672,495436000
2021-06-29,19.79181470361867,20.007077845848332,19.567343113116312,19.935407638549805,367632000
2021-06-30,19.90802912205735,20.070534469991944,19.773147215028242,19.911264419555664,326568000
2021-07-01,20.03320892913207,20.362698599818273,19.927691503951646,20.11981201171875,480136000
2021-07-02,20.347028318463767,20.411732403859773,20.195223675024934,20.393564224243164,342764000
2021-07-06,20.642919053523535,20.746942264644705,20.257436236959123,20.604097366333008,446708000
2021-07-07,20.758392448778196,20.779794027787037,20.23927125233733,20.278839111328125,418428000
2021-07-08,19.765937028513026,20.041174738555355,19.610897115936638,19.811975479125977,503300000
2021-07-09,19.871452007779578,19.988665125073833,19.664151776378613,19.95880126953125,296624000
2021-07-12,20.147690934282892,20.43910519307565,20.09567932268978,20.418949127197266,321984000
2021-07-13,20.307451457249428,20.36792532981799,20.022259172838307,20.157638549804688,290708000
2021-07-14,20.264905154039226,20.324630982790477,19.662664809285303,19.751008987426758,380100000
2021-07-15,19.72139214020743,19.756481081917247,18.77248888227508,18.87974739074707,550564000
2021-07-16,18.94370627742423,19.06962851714903,17.990572779108614,18.078170776367188,688224000
2021-07-19,17.833544044539046,18.955154278049445,17.78401966527489,18.694101333618164,749060000
2021-07-20,18.64457864969428,18.752085902495235,18.08115999036989,18.527116775512695,434687000
2021-07-21,18.795878605842763,19.43793719732847,18.656517757575788,19.321470260620117,371017000
2021-07-22,19.552420095289794,19.796301675105028,19.188088165739423,19.504638671875,323826000
2021-07-23,19.566357953852656,19.610157912382906,19.16220940069875,19.46880531311035,195672000
2021-07-26,19.222927760778727,19.35332891748849,18.827737126381447,19.206005096435547,203943000
2021-07-27,19.177131076940448,19.53250313723762,18.655520891552428,19.120391845703125,248863000
2021-07-28,19.230886448455678,19.556394670076585,18.908364802076598,19.414047241210938,202191000
2021-07-29,19.429981088890184,19.76245938835662,19.239852175387078,19.572330474853516,190781000
2021-07-30,19.329440463856944,19.540473498582248,19.17514858058389,19.410072326660156,183497000
2021-08-02,19.61014854952345,19.869957802794385,19.272694038595603,19.65991973876953,217444000
2021-08-03,19.64996594812888,20.12976790319544,19.132337204129723,19.724624633789062,301811000
2021-08-04,19.89882869548474,20.225333759526567,19.737566897497963,20.181533813476562,231309000
2021-08-05,20.40650100265894,20.638438109278407,20.24922068734739,20.542875289916992,211435000
2021-08-06,20.4303935804627,20.47618331116727,20.11782460435866,20.273113250732422,178497000
2021-08-09,20.35274874502735,20.414466247960842,20.0511311729326,20.202438354492188,146443000
2021-08-10,20.229314798148827,20.33682202830791,19.744534522125157,19.845075607299805,179238000
2021-08-11,19.951586593338543,19.957559744802627,19.341383413828332,19.609155654907227,185925000
2021-08-12,19.779380204017492,19.93765355280868,19.53052037300829,19.814220428466797,151652000
2021-08-13,19.81421982888038,20.121810585889133,19.7604652564139,20.095928192138672,183063000
2021-08-16,20.043168322323123,20.194475504529578,19.364277685801866,19.859012603759766,210876000
2021-08-17,19.595219037943533,19.679832352567306,19.179126204409833,19.36925506591797,204585000
2021-08-18,19.411060357563738,19.54444995723382,18.91334086121595,18.95315933227539,285913000
2021-08-19,19.405095827311523,20.401532053475176,18.676433811620484,19.70771026611328,766555000
2021-08-20,19.899825465212288,20.76983992496617,19.84209132480141,20.7210636138916,675741000
2021-08-23,20.87535498538819,21.89667462197285,20.854450854471086,21.857852935791016,575807000
2021-08-24,21.653790746731485,21.858850614050873,21.43678457528005,21.693607330322266,297299000
2021-08-25,21.63786162430471,22.367518367862452,21.622930643720796,22.111690521240234,347701000
2021-08-26,22.098749850642953,22.23811072383032,21.6906199517518,21.96735191345215,237940000
2021-08-27,22.082826190221216,22.61837265798481,22.06590352409162,22.532764434814453,304722000
2021-08-30,22.725878636923216,22.93790654996559,22.44815174673323,22.58452606201172,262580000
2021-08-31,22.59547666794216,22.59547666794216,22.022999320495497,22.286836624145508,259850000
2021-09-01,22.386398003393204,22.597468221617223,22.25895905860022,22.34259033203125,201767000
2021-09-02,22.419251447689817,22.493923309725275,22.197229795135584,22.297786712646484,187834000
2021-09-03,22.227100272958122,22.885200930384197,22.102648427978476,22.742828369140625,280532000
2021-09-07,22.73287172125641,22.798582279426377,22.42323471429615,22.5626220703125,198107000
2021-09-08,22.41427795741543,22.51085272092236,21.880627189247374,22.24104118347168,254434000
2021-09-09,22.214154452621685,22.43916319750874,22.033948443162565,22.07974624633789,196856000
2021-09-10,22.249994090682197,22.526774820922014,22.17233703498192,22.379425048828125,248376000
2021-09-13,22.58452386410975,22.86329666367151,21.762145909437695,22.05485725402832,297500000
2021-09-14,22.177316913239693,22.311725124711973,21.989146556569096,22.14446258544922,199755000
2021-09-15,22.211169379062365,22.268915596417685,21.869673111075127,22.24302864074707,166538000
2021-09-16,22.08572130335323,22.179308947795626,21.830843425347233,22.14446258544922,156033000
2021-09-17,22.20221211323288,22.223119935549295,21.734273781162077,21.803966522216797,294503000
2021-09-20,21.053268680937446,21.33901075751113,20.57139190308022,21.020414352416992,349440000
2021-09-21,21.323077843301743,21.331042182861882,20.85812676400177,21.152828216552734,204688000
2021-09-22,21.272302669855954,21.86369765838028,21.103048096770816,21.84478187561035,268726000
2021-09-23,22.04290644543416,22.436174664784662,21.794002797589656,22.383407592773438,248555000
2021-09-24,21.973215656561944,22.051869687132683,21.765132553304515,21.984167098999023,217655000
2021-09-27,21.614795771814215,21.703406185279654,21.231485755998357,21.56501579284668,245215000
2021-09-28,21.120971560225616,21.32507250371504,20.560438842257536,20.60822868347168,343069000
2021-09-29,20.84816820250511,20.924830184933924,20.37724106947219,20.42702293395996,218394000
2021-09-30,20.676926507135207,20.973620032961403,20.59727740414024,20.625154495239258,221009000
2021-10-01,20.659003463241838,20.7675247129361,20.114401382383377,20.651039123535156,240978000
2021-10-04,20.414083578048384,20.451917043098803,19.469245817551954,19.645469665527344,345635000
2021-10-05,19.862516117895748,20.557455206159453,19.76693642818016,20.361318588256836,279282000
2021-10-06,20.03177159768733,20.629138987907215,19.99194609221421,20.609228134155273,297202000
2021-10-07,20.99950393304236,21.22849675315436,20.880031234621082,20.982580184936523,256919000
2021-10-08,21.00846523888015,21.113004324739432,20.683894639844777,20.739648818969727,151258000
2021-10-11,20.484775333931104,20.970634324809474,20.421054907907763,20.604248046875,163388000
2021-10-12,20.736660050850766,20.964655885876756,20.437976429822484,20.58034896850586,162134000
2021-10-13,20.82627159125142,20.897956364840443,20.62217061425667,20.847179412841797,180652000
2021-10-14,21.194644976644554,21.65959608070997,21.029372578571422,21.650636672973633,243589000
2021-10-15,21.714358431793613,21.834828112212975,21.567008625168985,21.766130447387695,226994000
2021-10-18,21.653624540532604,22.19324752272249,21.5490835543678,22.124549865722656,189494000
2021-10-19,22.178312668438,22.280861623084096,21.940362329321403,22.19225311279297,161473000
2021-10-20,22.207186839128415,22.334625782730672,21.885603327165416,22.006072998046875,146276000
2021-10-21,22.000095437948342,22.61140310749031,21.986156894632483,22.592485427856445,187590000
2021-10-22,22.72291370384328,23.028566619385316,22.462063524678783,22.626338958740234,249384000
2021-10-25,22.87225673076628,23.252581526641404,22.67014782202449,23.064411163330078,230235000
2021-10-26,23.88380013492317,25.148231194964065,23.819084651019782,24.608606338500977,485898000
2021-10-27,24.36667082894429,24.979968601996518,24.175511503123126,24.34377098083496,245990000
2021-10-28,24.7688996326781,24.840584383344975,24.415456914629402,24.831623077392578,234204000
2021-10-29,24.891363736621464,25.596259159623884,24.89036866878223,25.45488166809082,292503000
2021-11-01,25.536522381847643,25.78044692731383,25.11637208457716,25.713741302490234,265740000
2021-11-02,25.708769115248437,26.56101448906626,25.686864325955028,26.285228729248047,294112000
2021-11-03,26.553042329347175,26.666542716501237,26.119950495850016,26.48135757446289,239910000
2021-11-04,27.109591491333024,31.227453379184272,26.999078204026905,29.670312881469727,1153631000
2021-11-05,30.054618542304095,31.26229841246148,29.28102556401493,29.62152671813965,851260000
2021-11-08,30.01678837668219,30.963618188602332,29.775849037020173,30.668916702270508,503101000
2021-11-09,32.14043393327905,32.16831102221569,29.832598362114123,30.522558212280273,646746000
2021-11-10,29.22726785132228,30.714715789314535,28.65180150099656,29.329814910888672,636206000
2021-11-11,30.334388087867172,30.45585281899345,29.646418368081974,30.256729125976562,332172000
2021-11-12,29.87839638802561,30.54545829095262,29.500061751090385,30.256729125976562,413054000
2021-11-15,30.418020909460683,30.509616521619076,29.118743398652445,29.89333152770996,384909000
2021-11-16,29.62850151207324,30.25673306637881,29.57573253019145,30.070552825927734,264484000
2021-11-17,30.28460468714921,30.37520712128107,28.673700206648128,29.132678985595703,428508000
2021-11-18,32.225063319518526,32.616337669436994,31.183648858814088,31.536096572875977,781711000
2021-11-19,32.101608157533384,32.94290388231008,31.76509100701343,32.840354919433594,533867000
2021-11-22,33.37001612006789,34.49506179185787,31.76010847564054,31.81586265563965,754335000
2021-11-23,31.39670967652622,32.21809257052514,30.744581358909567,31.60678482055664,532163000
2021-11-24,31.323035910804574,32.71092196803006,30.792372310199486,32.53071594238281,435162000
2021-11-26,32.45704054958605,32.56655878387352,31.212523964338434,31.364852905273438,283069000
2021-11-29,32.22406792574834,33.265478577950766,31.895513237231377,33.229637145996094,454964000
2021-11-30,33.02354920307182,33.206744258077826,31.72427335918427,32.532711029052734,622066000
2021-12-01,33.077378025602634,33.14707928825368,31.24621570117578,31.300981521606445,484368000
2021-12-02,31.08091667285877,32.339527421049986,30.892721414598597,31.98902702331543,472890000
2021-12-03,31.863572220980746,31.99202385703251,30.001543883661746,30.562145233154297,544325000
2021-12-06,29.752611029224973,30.11207202986678,27.918465014907625,29.90894317626953,658938000
2021-12-07,30.825034005644447,32.31067433002047,30.520336798195288,32.28876495361328,593053000
2021-12-08,31.8625799412448,32.15233969224195,31.287043097460884,31.690317153930664,475551000
2021-12-09,31.598700064194155,32.067694504402716,30.29826849106695,30.360004425048828,488507000
2021-12-10,31.017192866760514,31.17153271430594,29.733688906259296,30.069252014160156,488825000
2021-12-13,30.120032572835907,30.164840789277438,27.996125392567258,28.04093360900879,598344000
2021-12-14,27.580909846868153,28.555736152702433,27.13382466783278,28.216190338134766,667035000
2021-12-15,28.27891988260038,30.369967183258264,27.71931562363803,30.32914161682129,698297000
2021-12-16,31.01918913294205,31.027154448930762,27.97323064778504,28.265975952148438,707366000
2021-12-17,27.86568776813946,28.798693182569515,27.64164666608465,27.682472229003906,713758000
2021-12-20,27.188589819244115,28.024011677111307,27.02927210549903,27.6008243560791,461847000
2021-12-21,28.253028750149053,28.995848487605922,27.28417563606335,28.951040267944336,524385000
2021-12-22,28.767823731054484,29.42899232103665,28.327706864600266,29.2746524810791,395184000
2021-12-23,29.628139385488993,29.930844139118374,29.305521344818228,29.513629913330078,343022000
2021-12-27,29.53354885530447,30.95446509890773,29.51363366651382,30.81307029724121,403686000
2021-12-28,31.17849924712831,31.196422153342045,29.8840407536851,30.192720413208008,420591000
2021-12-29,30.14393618740853,30.41776338511472,29.240801560831677,29.87309455871582,343139000
2021-12-30,29.699835409860693,30.32715053513794,29.41406024985419,29.459863662719727,308864000
2021-12-31,29.547489426670328,29.901972573947273,29.205951342168785,29.28561019897461,266530000
2022-01-03,29.687885277671324,30.580065120512547,29.65801249794872,29.99258041381836,391547000
2022-01-04,30.147916396398475,30.33810206507223,28.228136800951273,29.165124893188477,527154000
2022-01-05,28.82558189391546,29.29059190225155,27.415620224197976,27.486316680908203,498064000
2022-01-06,27.522160621764158,28.316758809179447,26.949613182894534,28.0578670501709,454186000
2022-01-07,28.021028032592206,28.300830190157978,26.941647883892415,27.13083839416504,409939000
2022-01-10,26.467679186121405,27.351893948324527,25.53467353356285,27.283187866210938,594681000
2022-01-11,27.20651282406831,27.94535000609593,26.724577023199927,27.698406219482422,404089000
2022-01-12,27.94733620165416,28.473084959973825,27.490293505962637,27.879627227783203,383413000
2022-01-13,28.258006149078067,28.35857536952985,26.385025255824416,26.461698532104492,540171000
2022-01-14,26.187875711062546,27.08105283504242,26.098259251810827,26.827138900756836,395832000
2022-01-18,26.148042698978056,26.524431382788112,25.660132004918143,25.792564392089844,424270000
2022-01-19,25.967817240669206,26.429837857961516,24.945195249139907,24.96013069152832,488315000
2022-01-20,25.19612432099179,25.46995155552905,23.975349297157585,24.047042846679688,435181000
2022-01-21,23.406787365525993,24.717177115637146,23.163828077603714,23.274354934692383,718958000
2022-01-24,22.234800479522537,23.280323256927787,20.79894871741768,23.272357940673828,913982000
2022-01-25,22.44988020196596,22.84518895116685,21.906208409712576,22.22882652282715,664616000
2022-01-26,23.140920495841154,23.954436811095526,22.204927473512953,22.674915313720703,755959000
2022-01-27,23.467523671999473,23.89270329457415,21.582592522124454,21.850446701049805,573353000
2022-01-28,21.918157029687126,22.76055101003184,21.2052098936802,22.74262809753418,543774000
2022-01-31,23.083163840300895,24.40450780299976,22.95371892485848,24.38160514831543,564680000
2022-02-01,24.996971847725337,25.03779741322022,23.78814690915183,24.532958984375,518925000
2022-02-02,25.684028862008926,25.70692961725198,24.448318695078196,25.134382247924805,543419000
2022-02-03,24.353723517852895,24.970083895234886,23.678614671732475,23.845897674560547,410178000
2022-02-04,23.869796077051603,24.529969498879858,23.531245506923437,24.215316772460938,354829000
2022-02-07,24.268092626990843,25.074638756833302,24.098817325743227,24.622575759887695,376868000
2022-02-08,24.255146434255927,25.12243327791411,23.877762561815906,25.000953674316406,410359000
2022-02-09,25.512765352949764,26.61106356618626,25.244913078299707,26.591148376464844,524282000
2022-02-10,25.884171987627038,26.81020536713915,25.49085560163504,25.713899612426758,513200000
2022-02-11,25.80551006541594,26.040503963564735,23.671646883125344,23.846895217895508,605472000
2022-02-14,23.831959421608797,24.768947532154037,23.653721722186578,24.16353988647461,440424000
2022-02-15,24.842631726431065,26.431828001236315,24.67833617578049,26.382041931152344,699869000
2022-02-16,26.147047583163317,26.468670452357063,25.443061093040882,26.397972106933594,732676000
2022-02-17,25.520732727345163,25.67507261130779,24.061980098121023,24.40252113342285,810595000
2022-02-18,24.562827267983952,24.8794722652551,23.001513544155017,23.541202545166016,761255000
2022-02-22,22.936789580443467,23.96140174606812,22.901938955709063,23.29027557373047,633422000
2022-02-23,23.700523668904758,24.052019342712313,22.205923511795177,22.291555404663086,566511000
2022-02-24,20.92540185101815,23.698527839821597,20.800934789045943,23.64674949645996,735801000
2022-02-25,23.619864661939257,24.113748323556326,23.281314121832757,24.054004669189453,528866000
2022-02-28,23.889710379569376,24.559841369753713,23.605925632639202,24.281034469604492,477319000
2022-03-01,24.187438016478104,24.27307180434672,23.033378906753704,23.376907348632812,412056000
2022-03-02,23.658750292293792,24.309076976729223,23.319146643220492,24.120849609375,389642000
2022-03-03,24.162677458354135,24.226416539633046,23.372924502534758,23.61692237854004,365095000
2022-03-04,23.288273750720784,23.583061545150027,22.389965840443992,22.84210777282715,431415000
2022-03-07,22.723594140609173,22.938711412053266,21.24268191605436,21.264591217041016,450821000
2022-03-08,21.221769289134286,22.281412867963464,20.565466582728256,21.42593002319336,557467000
2022-03-09,22.295350571622645,23.12494059396146,22.15592431561285,22.919784545898438,492742000
2022-03-10,22.438763775975826,22.694711650925896,21.79242045485743,22.565244674682617,428066000
2022-03-11,22.927755670439296,23.05025324732895,21.95575122647575,22.009531021118164,367209000
2022-03-14,21.77947065227046,22.17086141206027,21.072378211360963,21.242677688598633,385354000
2022-03-15,21.429910411009644,22.943688372057732,21.234713636338597,22.87895393371582,491996000
2022-03-16,23.40379845485764,24.496307806427332,23.077142064193676,24.395721435546875,671422000
2022-03-17,24.02125840895199,24.74030090825493,23.80813378286248,24.664613723754883,471941000
2022-03-18,24.697479198946194,26.460233740028837,24.52319636276872,26.344707489013672,730719000
2022-03-21,26.39848559475205,27.04084554919752,25.86069533534459,26.624555587768555,591727000
2022-03-22,26.61758672052766,27.12649641555455,25.96526931574627,26.41541862487793,547007000
2022-03-23,26.019046837158616,26.50305734840452,25.470303785598432,25.529062271118164,502120000
2022-03-24,26.058884112048176,28.204065572576116,25.80094361026962,28.034761428833008,877379000
2022-03-25,27.771838389654814,28.241906210807365,27.159356339542615,27.578632354736328,579016000
2022-03-28,27.642381055946704,28.13435834538198,27.094631346666066,28.103485107421875,425494000
2022-03-29,28.577532381283703,28.827504327820737,27.865459189769126,28.538692474365234,488984000
2022-03-30,28.188131660804462,28.379345100642087,27.390410153130244,27.576644897460938,463487000
2022-03-31,27.668265181187795,28.13235706761943,27.158362081398682,27.17429542541504,523440000
2022-04-01,27.26292982553601,27.383434753860264,26.159466050606216,26.602643966674805,517235000
2022-04-04,26.61858452561167,27.44518668797612,26.504055527761597,27.247997283935547,397120000
2022-04-05,27.14242826487716,27.2071627020829,25.714298707379786,25.824844360351562,436615000
2022-04-06,24.83192419404275,25.196425073376112,23.904735802768805,24.30708122253418,703833000
2022-04-07,24.340942190832628,24.62079195567915,23.38188522206564,24.108896255493164,557992000
2022-04-08,23.819090390264524,23.825066344638063,22.967590974113833,23.024356842041016,524781000
2022-04-11,22.123063188914138,22.228628253478472,21.571330249174363,21.82727813720703,575207000
2022-04-12,22.44474005075557,22.63197015423266,21.194876629839,21.41596794128418,662258000
2022-04-13,21.639052358381548,22.40789137072251,21.367169228856223,22.112106323242188,516943000
2022-04-14,22.412871600546225,22.683759389398876,21.076366219253643,21.170976638793945,569097000
2022-04-18,21.113216864867486,21.9975803526132,20.992711899311292,21.693830490112305,525701000
2022-04-19,21.631082424341212,22.28140906472453,21.226744362071575,22.107126235961914,512781000
2022-04-20,22.42481903619335,22.577192555974293,21.113211195451072,21.39405632019043,468974000
2022-04-21,21.620128118741523,22.30033264038632,19.918124725646763,20.10037612915039,656209000
2022-04-22,20.219884332875687,20.402135741058334,19.42017210608827,19.435110092163086,624713000
2022-04-25,19.123396526251334,19.863355095723456,19.01783143884229,19.820531845092773,641566000
2022-04-26,19.637283370463635,19.706996516542763,18.593573098917023,18.711090087890625,653143000
2022-04-27,18.52186437824128,19.088535288837406,18.21512658445252,18.339614868164062,499460000
2022-04-28,18.88935141084662,19.95497260986267,18.41430488131408,19.70101547241211,570327000
2022-04-29,19.3225724947239,20.045600227897243,18.441195280836077,18.471073150634766,500435000
2022-05-02,18.46510132890273,19.493871705119716,18.31571574556032,19.453041076660156,572049000
2022-05-03,19.320586249014987,19.743847662826795,19.05467900868322,19.521759033203125,475751000
2022-05-04,19.84144044981811,20.316487014368857,18.67423744950525,20.250757217407227,648855000
2022-05-05,19.785667939358376,19.843429158431288,18.424263663115507,18.766855239868164,626331000
2022-05-06,18.65929999241693,19.432122333318322,17.916353624000763,18.598548889160156,633297000
2022-05-09,17.9601754415391,18.180269513135514,16.75811575231476,16.880613327026367,644455000
2022-05-10,17.616589087610368,18.12350626622302,16.95530761869603,17.522974014282227,761474000
2022-05-11,17.27598789699067,17.680326019393185,16.500177504520302,16.561922073364258,670167000
2022-05-12,16.152604222388675,16.719275153017346,15.503273835867764,16.108783721923828,708728000
2022-05-13,16.71927505834853,17.854607631651785,16.525073633919344,17.633516311645508,670437000
2022-05-16,17.437322904145635,17.715180072849822,17.035972816221634,17.19332504272461,521446000
2022-05-17,18.00001156413309,18.295796644400493,17.561814118646062,18.102590560913086,585830000
2022-05-18,17.63252027278685,18.043829664901942,16.794963502496497,16.86865997314453,545161000
2022-05-19,16.867665016255632,17.614594729725628,16.665495022322716,17.05389976501465,621310000
2022-05-20,17.26104864553038,17.33872845520384,15.69050380184821,16.625659942626953,739105000
2022-05-23,16.207377095601466,16.845753691955995,16.112766693765444,16.82882308959961,639889000
2022-05-24,16.44241123290059,16.529054964044875,15.715399228807048,16.087867736816406,588550000
2022-05-25,15.954417701062567,17.040950964789868,15.934499121271301,16.905508041381836,781132000
2022-05-26,15.97034965113775,18.017932366337,15.956407026409044,17.77791976928711,996575000
2022-05-27,18.111553959995266,18.80370857918977,18.02590557198039,18.73399543762207,738379000
2022-05-31,18.902299762323565,19.121400348314285,18.27487967412374,18.595561981201172,664100000
2022-06-01,18.64734816521392,18.97499986864279,18.047811461986903,18.2450008392334,544514000
2022-06-02,18.21711762991746,19.53868493920684,18.123502575652576,19.511795043945312,648656000
2022-06-03,19.003885365597327,19.252861948714582,18.446176451745462,18.64336585998535,598779000
2022-06-06,19.060652505586596,19.257841926957315,18.48800556646816,18.709096908569336,422406000
2022-06-07,18.396382141540013,18.92222057056187,18.11354434422296,18.84852409362793,388914000
2022-06-08,18.726000947489727,19.105521994199414,18.463026152906487,18.57558822631836,363252000
2022-06-09,18.409233910241724,18.859478331118886,17.97094202357339,17.977914810180664,395574000
2022-06-10,17.531655320031188,17.628278767149297,16.803493073192044,16.9080867767334,465248000
2022-06-13,15.937866781690259,16.248655457524833,15.545396758992766,15.586237907409668,604153000
2022-06-14,15.669911913017133,16.003611048891642,15.352150439310131,15.774504661560059,469680000
2022-06-15,16.03249841468416,16.80249737716836,15.86415501064633,16.46282196044922,563936000
2022-06-16,15.79841271116568,15.88009502147224,15.341195447240926,15.54041862487793,545749000
2022-06-17,15.587234197190497,15.932886820587377,15.268477150817528,15.818333625793457,630334000
2022-06-21,16.41102270722772,16.941951940881246,16.343285982511887,16.50166893005371,483089000
2022-06-22,16.16299022237989,16.59729794626429,16.117169323053933,16.296470642089844,437135000
2022-06-23,16.454848103171535,16.52059177911531,15.791435077725597,16.161991119384766,463680000
2022-06-24,16.43592551294382,17.07343959152511,16.24666280838682,17.059494018554688,472153000
2022-06-27,17.244772067670773,17.262701818144645,16.561435211155498,16.803491592407227,427968000
2022-06-28,16.834373533612357,17.135200852696613,15.883082065971653,15.919939041137695,461149000
2022-06-29,15.752591579090298,15.758567846845672,15.111092291433094,15.481647491455078,482352000
2022-06-30,15.30135010720161,15.506550493203868,14.80428823063541,15.10013484954834,686070000
2022-07-01,14.84114455708728,15.004507273555733,14.336113363533372,14.466604232788086,577610000
2022-07-05,14.119955710684517,14.91286420559904,14.000421809691066,14.905891418457031,651397000
2022-07-06,14.951713200390376,15.259513302763182,14.731570721690755,15.071247100830078,529066000
2022-07-07,15.395980736594536,15.883081194089858,15.329240527095354,15.796419143676758,492903000
2022-07-08,15.370084060896657,15.974727368388931,15.329242903234574,15.77649974822998,467972000
2022-07-11,15.465708848641963,15.466705368190304,14.9796039530425,15.093161582946777,437321000
2022-07-12,15.208711284952944,15.371078433295626,14.819229812840817,15.023433685302734,458483000
2022-07-13,14.533343560416391,15.315295058565692,14.408828966444313,15.105113983154297,521918000
2022-07-14,15.049333517821207,15.412915948428,14.670808992131683,15.312308311462402,456235000
2022-07-15,15.598195441188166,15.720717018310008,15.385025718454648,15.70079517364502,385935000
2022-07-18,16.23869663998441,16.83138547101321,15.939862350377403,16.038476943969727,670517000
2022-07-19,16.421983978769592,17.043561498221212,16.109204079525067,16.9260196685791,702366000
2022-07-20,16.88119289080597,17.86336417339984,16.735759920763662,17.737852096557617,760538000
2022-07-21,17.815551590727683,18.07354475184099,17.476871681207573,17.979909896850586,557049000
2022-07-22,17.823519553288822,17.897231611980214,17.07045465118201,17.25174903869629,536671000
2022-07-25,16.95291172337914,17.057505436276674,16.584349553933702,16.95789337158203,480748000
2022-07-26,16.823418108378,16.853302299081996,16.414014765426856,16.468801498413086,397865000
2022-07-27,16.965864456273874,17.866355461947006,16.847327049201194,17.720922470092773,569776000
2022-07-28,17.90519775674753,18.069556021471275,17.372275483342808,17.914161682128906,474646000
2022-07-29,17.743828897049305,18.173155009470385,17.623298471299282,18.092470169067383,435460000
2022-08-01,18.111395452950937,18.77281848869698,17.920141583548578,18.3693904876709,476469000
2022-08-02,18.051627201581738,18.864458441615547,18.021743015572017,18.454057693481445,489527000
2022-08-03,18.113383398541078,18.894339170573385,18.06656503901962,18.819629669189453,418146000
2022-08-04,18.77580669644715,19.199155581116848,18.68715160109545,19.140384674072266,409652000
2022-08-05,18.736960242767893,19.154333889054843,18.593520291504326,18.915266036987305,386068000
2022-08-08,17.434038984708703,18.16817666184887,17.175048359813875,17.723907470703125,981859000
2022-08-09,17.185003308258562,17.3792457290548,16.659053898124192,17.0196475982666,668263000
2022-08-10,17.62927686575505,18.047646040112355,17.249755809744542,18.0267276763916,597422000
2022-08-11,18.06059496674186,18.63435848013521,17.806584108237903,17.87232780456543,509327000
2022-08-12,18.089482668919175,18.645316458949107,17.883285741988434,18.636350631713867,478094000
2022-08-15,18.628379620944163,19.08958102425809,18.54072200021173,18.958093643188477,457666000
2022-08-16,18.846531923284925,19.067669997846224,18.429158316805072,18.80569076538086,451240000
2022-08-17,18.451075096193428,18.61543340601533,18.074542628314358,18.263803482055664,446799000
2022-08-18,18.229934589865376,18.791743657859055,18.11239277422747,18.700101852416992,415447000
2022-08-19,18.33452409224492,18.448081715081848,17.700994191090388,17.779687881469727,441588000
2022-08-22,17.42208217251165,17.489818903609883,16.900116815044345,16.967853546142578,409593000
2022-08-23,16.923028743581053,17.397180176245477,16.904101521089547,17.114282608032227,369986000
2022-08-24,16.945935367801415,17.33840632607673,16.8293910435938,17.155120849609375,522661000
2022-08-25,16.778590073936765,17.877307466202186,16.76763310909007,17.84343910217285,770691000
2022-08-26,17.78765381801354,17.854393065362842,16.17394414971314,16.196855545043945,769127000
2022-08-29,15.957792548703463,16.27455660052828,15.705774724802128,15.739642143249512,496132000
2022-08-30,15.898024237946384,15.976716986717125,15.123045485635457,15.40793514251709,530181000
2022-08-31,15.324260876966457,15.479655236596056,14.900911041431531,15.03538703918457,573710000
2022-09-01,14.153822371676808,14.324158812735067,13.21846957505842,13.882879257202148,1178865000
2022-09-02,14.045246540395883,14.115969978398423,13.53822233999636,13.594005584716797,743157000
2022-09-06,13.67767991813969,13.725493859595561,13.299155414870102,13.412713050842285,535751000
2022-09-07,13.514344221396037,13.788358264683946,13.298122673173946,13.664802551269531,512657000
2022-09-08,13.410720161896329,13.957751553071784,13.321043803751946,13.939815521240234,624873000
2022-09-09,14.10621466793855,14.422077892391746,14.07532668659429,14.335390090942383,486612000
2022-09-12,14.317455823482035,14.49481679850031,14.147068757337559,14.452967643737793,484159000
2022-09-13,13.752490135017588,13.872059562410795,13.052011836426038,13.08389663696289,714956000
2022-09-14,13.206456253054055,13.242327368226784,12.86667985035143,13.08090877532959,588507000
2022-09-15,12.968313711994472,13.185531175680374,12.74412043844494,12.882621765136719,523625000
2022-09-16,12.696293956773061,13.164608328538435,12.571742332918168,13.15065860748291,670751000
2022-09-19,12.96532505837295,13.414707500219304,12.963332376962292,13.33399772644043,569685000
2022-09-20,13.167595196842449,13.434633475375263,13.010161983326146,13.128734588623047,524818000
2022-09-21,13.16560415413887,13.980669759694642,13.06297298523187,13.213431358337402,807679000
2022-09-22,13.0231145909362,13.101831671038127,12.383418345633107,12.51594066619873,759162000
2022-09-23,12.375448310956983,12.565763159913388,12.213032901606326,12.47110366821289,663309000
2022-09-26,12.446189568035,12.613587100002453,12.170182860845905,12.18413257598877,547343000
2022-09-27,12.462134764959494,12.690313385658438,12.214028382542947,12.3684720993042,553854000
2022-09-28,12.365483486484552,12.777002105621296,12.309684609382174,12.690314292907715,542414000
2022-09-29,12.403347404233896,12.455160919270222,11.903148286154517,12.176165580749512,532763000
2022-09-30,12.043641657389104,12.587683536419725,12.031684619918396,12.095455169677734,565638000
2022-10-03,12.30271017308679,12.632523169207891,12.061577674019702,12.467118263244629,547478000
2022-10-04,12.832801128271297,13.17257847359488,12.832801128271297,13.119768142700195,584182000
2022-10-05,12.86468779072066,13.273216946351093,12.575728074524495,13.16161823272705,507131000
2022-10-06,13.172577350446693,13.607013197671234,13.055996476257599,13.082900047302246,644157000
2022-10-07,12.460141479897947,12.624549544676155,11.978874322115674,12.03268051147461,672478000
2022-10-10,11.993820717893747,12.080508526082841,11.367077348214593,11.628137588500977,698699000
2022-10-11,11.519530328501197,11.803507875660943,11.242527641790893,11.544441223144531,667482000
2022-10-12,11.537463990629318,11.692903570079896,11.304303196073544,11.458746910095215,492590000
2022-10-13,10.931643641216205,12.034672869060671,10.774210439470531,11.917096138000488,850103000
2022-10-14,12.013749105457423,12.067555297007958,11.163809311742797,11.186726570129395,713432000
2022-10-17,11.476681483829186,11.90513926216049,11.475685618444233,11.845354080200195,580774000
2022-10-18,12.299718771902551,12.447187622313416,11.57632328719115,11.924071311950684,659362000
2022-10-19,11.836386661619711,12.305697731615245,11.791548012253855,12.007769584655762,523131000
2022-10-20,12.069547352328092,12.723194242073287,12.061575677964084,12.150257110595703,652398000
2022-10-21,12.054602792053803,12.453168520670618,11.844360180299446,12.421282768249512,609494000
2022-10-24,12.463130284529436,12.66440531318631,12.02072280741897,12.553803443908691,517457000
2022-10-25,12.648465797577563,13.252291971392953,12.6185727259184,13.213431358337402,505482000
2022-10-26,12.82283740595862,13.339974778311161,12.662414686166759,12.849740028381348,532953000
2022-10-27,13.581106467465899,13.788360510627266,13.07492839668743,13.128734588623047,583113000
2022-10-28,13.05699335304701,13.800317586774417,13.014147382415905,13.784374237060547,521040000
2022-10-31,13.728574769253589,13.78835995245815,13.24930028897117,13.448582649230957,486341000
2022-11-01,13.761457385078938,13.875048766316969,13.470505022876246,13.49441909790039,432817000
2022-11-02,13.800318290781895,14.159026573083835,13.163610543300285,13.171581268310547,672628000
2022-11-03,12.99621185480263,13.731564388380816,12.909524051073214,13.372855186462402,500065000
2022-11-04,13.935831472136972,14.177959847529419,13.647867622469965,14.10522174835205,612576000
2022-11-07,14.176960552458848,14.360300516988321,13.90394423701555,14.249698638916016,410061000
2022-11-08,14.74790812530517,14.837585445336673,14.16500649535386,14.549622535705566,595292000
2022-11-09,14.111197542274558,14.160022506058544,13.70964331218987,13.726582527160645,454414000
2022-11-10,14.746909510215898,15.716418731024099,14.49481681539553,15.693501472473145,700819000
2022-11-11,15.750292878376628,16.33020474511368,15.42645899911689,16.2684268951416,655487000
2022-11-14,16.159822116780518,16.480667518589406,15.864883468839679,16.23654556274414,527852000
2022-11-15,16.662013391587355,16.937022370999905,16.32323291950231,16.60621452331543,545876000
2022-11-16,16.104024034799696,16.30330545087524,15.816060231495598,15.852927207946777,649547000
2022-11-17,15.65862661617727,16.20765063781741,15.479272015975031,15.620762825012207,710894000
2022-11-18,15.908725591523805,15.94459765168975,15.065760685221573,15.353724479675293,492072000
2022-11-21,15.092665143329405,15.421481294578124,15.025905097362354,15.262055397033691,404739000
2022-11-22,15.273016528487188,16.0003984171812,15.067755150531777,15.980469703674316,472866000
2022-11-23,16.040254147784076,16.46771612556409,15.99043426388969,16.45974349975586,427241000
2022-11-25,16.259463735177064,16.427856209576845,16.113987567674407,16.21163558959961,167934000
2022-11-28,15.968512050766721,16.298325994560756,15.668593078367639,15.77022647857666,303741000
2022-11-29,15.770226349121932,15.874850195864996,15.464328384954916,15.582901000976562,298384000
2022-11-30,15.644694063052635,16.873586217572935,15.545027852999587,16.866609573364258,565298000
2022-12-01,16.942353455622023,17.207465887298017,16.579566121809616,17.077899932861328,470977000
2022-12-02,16.60348724039677,16.876574351409886,16.390199657775565,16.81976318359375,371389000
2022-12-05,16.623419660375163,16.938366605030453,16.417108738331706,16.554649353027344,352255000
2022-12-06,16.474918055552177,16.51777403742583,15.766286867339783,15.933727264404297,352694000
2022-12-07,15.719441428825348,16.1320623176005,15.614790838365689,16.066282272338867,372388000
2022-12-08,16.218775465562125,17.12175660926792,15.905820703517822,17.11178970336914,515456000
2022-12-09,17.1028160194911,17.524406752700667,16.91843304409184,16.944345474243164,465338000
2022-12-12,16.9802285062354,17.47955848372448,16.741028482869503,17.4765682220459,457328000
2022-12-13,18.46924599834615,18.727383662306895,17.651978933965236,18.011775970458984,656589000
2022-12-14,17.927061390913362,18.191179623464766,17.36195136904166,17.61510467529297,496888000
2022-12-15,17.088865417042985,17.26228539533921,16.64435244524807,16.895511627197266,478542000
2022-12-16,16.807806241482627,16.984216489206464,16.355318584988897,16.51578140258789,478232000
2022-12-19,16.516773965424804,16.553649415100338,16.09119690622741,16.199832916259766,354039000
2022-12-20,16.01046693823351,16.255647448102433,15.799174471467346,16.031396865844727,403260000
2022-12-21,16.060302979691098,16.571593975514052,16.04834193364069,16.446012496948242,325025000
2022-12-22,16.040372898572738,16.08422690929617,14.832411521310295,15.287888526916504,565045000
2022-12-23,15.145360892853512,15.28788400934768,14.833404208941626,15.155327796936035,349326000
2022-12-27,15.02377046116637,15.04968384623769,14.009162061218975,14.073945999145508,464902000
2022-12-28,13.880592209011148,14.214475953122395,13.837735273982746,13.989229202270508,351066000
2022-12-29,14.354009920900088,14.634072755943127,14.179592867751314,14.554339408874512,354923000
2022-12-30,14.28623425846336,14.580251302126825,14.185570989377842,14.565301895141602,310490000
2023-01-03,14.801512873667992,14.946030156445817,14.049028593833635,14.267298698425293,401277000
2023-01-04,14.518456427450072,14.80350264401989,14.19354259684652,14.699849128723145,431324000
2023-01-05,14.44271407621345,14.515470784077749,14.100856590990329,14.217467308044434,389168000
2023-01-06,14.425769075047109,14.959983243102146,13.987235680701085,14.809486389160156,405044000
2023-01-09,15.233069416455065,16.002496236779955,15.090545335630782,15.575922966003418,504231000
2023-01-10,15.455326689560788,15.908810437445068,15.42044347056914,15.855987548828125,384101000
2023-01-11,15.787216717511937,15.97458997371224,15.511139335336974,15.94767951965332,353285000
2023-01-12,16.046348710283624,16.581557963434708,15.440374057820266,16.455978393554688,551409000
2023-01-13,16.223754839739726,16.865609768709138,16.111132436686006,16.84268569946289,447287000
2023-01-17,16.842687440869174,17.668925426357585,16.842687440869174,17.64301109313965,511102000
2023-01-18,17.608130198283973,17.813443145734695,17.224412859359354,17.3190975189209,439624000
2023-01-19,16.979229999863364,17.139694698743703,16.675247952454153,16.70913314819336,452932000
2023-01-20,16.954319834311573,17.796505550968437,16.768940657266477,17.77956199645996,564967000
2023-01-23,18.00380415598392,19.180870344101777,17.75862551866824,19.129043579101562,655163000
2023-01-24,18.764261688305943,19.430036855773828,18.75728504510627,19.200801849365234,496204000
2023-01-25,18.84997803686339,19.30545594731295,18.518087479978714,19.25861167907715,449537000
2023-01-26,19.635350144248754,20.0988007667648,19.213759381728458,19.736013412475586,489535000
2023-01-27,19.39714737022937,20.559262315315294,19.34033810009434,20.297138214111328,542142000
2023-01-30,19.883524636147044,20.072890161486782,19.086189204794305,19.0981502532959,488611000
2023-01-31,19.106119508648174,19.621396897100432,18.88685330332513,19.47189712524414,498017000
2023-02-01,19.62538402504865,21.1213817226709,19.545650683627567,20.873212814331055,660477000
2023-02-02,20.93002440394146,21.87586158032404,20.631024815710933,21.636661529541016,564276000
2023-02-03,20.93002073586232,21.67253897459517,20.719723419819307,21.029687881469727,429366000
2023-02-06,20.736670321605864,21.498124471655988,20.71673650906174,21.018728256225586,452197000
2023-02-07,21.310748940899305,22.184827328430092,21.079521682438997,22.09911346435547,664150000
2023-02-08,22.312402817710073,22.801767868997864,21.93466598259575,22.131010055541992,559651000
2023-02-09,22.530672149758068,22.943292158985646,22.046291560362647,22.2625675201416,523876000
2023-02-10,21.6177224771655,22.00442812205311,20.74165187678693,21.194137573242188,550737000
2023-02-13,21.4662318309297,21.97453265239466,20.89215094788676,21.71539878845215,474919000
2023-02-14,21.506098848746547,22.972197984112537,21.294805362518357,22.894458770751953,675474000
2023-02-15,22.473862854052438,22.77884296898915,22.032340112236056,22.688146591186523,420575000
2023-02-16,22.059248242228534,22.47485853992091,21.85393529520588,21.928686141967773,412026000
2023-02-17,21.5589207949287,21.66755683538447,20.905106608670902,21.316730499267578,465888000
2023-02-21,20.93001789888033,21.422371136193572,20.549290937040386,20.58616828918457,410015000
2023-02-22,20.638002599098495,21.03367911021942,20.352954382914117,20.684844970703125,513184000
2023-02-23,23.361895229769775,23.80840238655534,22.94827715434689,23.585147857666016,1117995000
2023-02-24,23.147605083288227,23.395775859883635,22.870531615825424,23.20840072631836,589716000
2023-02-27,23.59112499865335,23.800424307289973,23.37584516662916,23.422687530517578,452994000
2023-02-28,23.294115924763044,23.74560738657694,23.128668730813548,23.138635635375977,455963000
2023-03-01,23.11471933360439,23.1785071533375,22.432998534976818,22.622365951538086,460026000
2023-03-02,22.413063250752206,23.302089102000206,22.35724820401247,23.236309051513672,389415000
2023-03-03,23.24229205590769,23.82035928556431,23.052924647625705,23.810392379760742,412393000
2023-03-06,23.81139232423808,24.167201195099672,23.408737281422425,23.475515365600586,437429000
2023-03-07,23.525353628386604,24.04869267419401,23.167487988654617,23.214340209960938,515154000
2023-03-08,23.412709959422333,24.12345598243845,23.34990950267541,24.104515075683594,513573000
2023-03-09,24.098530680368395,24.376649400404656,23.30903605829536,23.36186981201172,501257000
2023-03-10,23.334958480231546,23.55226936391661,22.654118224508185,22.892362594604492,474866000
2023-03-13,22.680038203014842,23.224310780832916,22.226477404613806,22.893360137939453,421890000
2023-03-14,23.42168099679016,24.14239367745541,23.3857936653715,23.986886978149414,474910000
2023-03-15,23.68584148519149,24.20918048237132,23.286110812358,24.151365280151367,524486000
2023-03-16,23.951003432054158,25.507064935559395,23.818422785484607,25.460214614868164,583253000
2023-03-17,25.89981804779798,26.3154988744337,25.58681016478867,25.643630981445312,848547000
2023-03-20,25.533978703666488,25.94168541899632,25.050512165831673,25.818077087402344,432747000
2023-03-21,26.09719563603672,26.3085249951989,25.300723004441352,26.116134643554688,547408000
2023-03-22,26.34141790205971,27.50173767157012,26.154012813178745,26.3842830657959,797295000
2023-03-23,27.029233998126443,27.412020167294642,26.60557904977676,27.10499382019043,564889000
2023-03-24,26.94549959949804,27.081069104608634,26.271637231409848,26.69429588317871,454920000
2023-03-27,26.752116326767855,26.914600875564393,26.281609108296,26.447084426879883,361026000
2023-03-28,26.36334732054611,26.42913854404045,25.768235539667923,26.32646369934082,356104000
2023-03-29,26.74015174035028,26.99234984404029,26.51287227864152,26.89864730834961,393694000
2023-03-30,27.14287259493359,27.412019019738466,27.01627349989387,27.296384811401367,364516000
2023-03-31,27.054154149877146,27.745959234891043,27.019265008815836,27.68914031982422,433933000
2023-04-03,27.4219935638243,27.91143982211084,27.249540404577512,27.876550674438477,398716000
2023-04-04,27.877541083680732,27.911433934646436,27.22062515381667,27.36616325378418,368592000
2023-04-05,26.74414297141955,26.912607163282487,26.31151565571502,26.795978546142578,515015000
2023-04-06,26.499912714821207,26.99434412357807,26.34340972671135,26.951480865478516,397654000
2023-04-10,26.738160454997114,27.53363676470612,26.584648216789198,27.491769790649414,395279000
2023-04-11,27.636309871277366,27.702101097960746,27.04019987081764,27.083065032958984,314378000
2023-04-12,27.28342808388289,27.381117678822534,26.36434353627186,26.411195755004883,446259000
2023-04-13,26.649439996093154,26.801955937603214,26.245722222126854,26.379297256469727,353615000
2023-04-14,26.420166433717664,26.79796735162646,26.137064342301827,26.673362731933594,395660000
2023-04-17,26.480975507689482,26.920580610646343,26.349393053761112,26.916593551635742,321471000
2023-04-18,27.445911825397904,28.021086392851622,27.270467934497674,27.579486846923828,604812000
2023-04-19,27.27445463520104,27.911433357042885,27.145862963377475,27.8426513671875,358660000
2023-04-20,27.583476516154896,27.94134215983428,26.914599351934957,27.01827049255371,427713000
2023-04-21,26.866750601318966,27.09702084669948,26.637478546679382,27.033222198486328,345103000
2023-04-24,26.92755907031357,27.27944127802104,26.586639849155418,26.956466674804688,339282000
2023-04-25,26.99234953614374,27.160815601118838,26.14204889645108,26.157997131347656,378527000
2023-04-26,26.916593006788613,27.243554654828017,26.620531540784825,26.870737075805664,406337000
2023-04-27,27.276454573793355,27.408037041245223,26.540787923231075,27.1398868560791,377161000
2023-04-28,27.138889210344786,27.670202402547503,26.98537507177856,27.661231994628906,292216000
2023-05-01,27.751942445275365,28.96609033128575,27.692132757184343,28.818557739257812,570329000
2023-05-02,28.58928408497182,28.744790786364405,27.994172302997715,28.120769500732422,402730000
2023-05-03,27.75194164873796,28.277275162589756,27.385105610028088,27.714061737060547,383387000
2023-05-04,27.563536466695737,27.770878726472898,27.153837196427407,27.47481918334961,321850000
2023-05-05,27.737984173927828,28.66404461724112,27.643285351598674,28.589282989501953,361494000
2023-05-08,28.431787579434026,29.127579840665803,28.260332614613137,29.05879783630371,344979000
2023-05-09,28.807594450396753,28.881359799846795,28.360015202328924,28.48063087463379,314869000
2023-05-10,28.913251864034716,29.020911946915714,28.370973897825067,28.79363250732422,369350000
2023-05-11,28.80460099601504,28.858431044188475,28.15665734572962,28.487606048583984,322149000
2023-05-12,28.438761858901234,28.688969297483915,27.957289789783168,28.2503604888916,274222000
2023-05-15,28.417829411901007,28.877371722844355,28.062956433881705,28.861421585083008,293926000
2023-05-16,28.74977286090327,29.77551927102902,28.74080245431232,29.120595932006836,449405000
2023-05-17,29.490427067750744,30.103481628369693,29.336914830555962,30.082548141479492,432535000
2023-05-18,30.313817326946733,31.727331663769906,30.22410183208859,31.57780647277832,748725000
2023-05-19,31.43625056372688,31.48011201484415,30.818212695710137,31.165111541748047,473908000
2023-05-22,30.803260867315778,31.420304387689416,30.582961110509476,31.077392578125,372000000
2023-05-23,30.901948183114918,31.18903735658012,30.534115833189922,30.59093475341797,356253000
2023-05-24,30.114444604983657,30.510190153140588,29.71172312962193,30.441408157348633,721419000
2023-05-25,38.40115657089839,39.35513045921453,36.51912753379368,37.8598747253418,1543911000
2023-05-26,37.770151547520655,39.04610163074743,37.43122683133464,38.822811126708984,714397000
2023-05-30,40.46659728547173,41.80534782144874,39.822640705708025,39.984127044677734,923401000
2023-05-31,39.36309641035941,40.1675430373075,37.70236568816468,37.71432876586914,1002580000
2023-06-01,38.367260487804366,39.92332397878751,38.218733498055144,39.64421081542969,635873000
2023-06-02,39.97017888390724,40.37190412923741,38.934463636282324,39.202613830566406,482731000
2023-06-05,38.785927762163986,39.43985101130171,38.584567040791214,39.04710006713867,396094000
2023-06-06,38.707187926911864,39.03614220536465,38.02734198652988,38.531742095947266,388729000
2023-06-07,38.79592485025507,39.37813750275476,37.2416933197928,37.360328674316406,511998000
2023-06-08,37.60856808894223,38.745079216522015,37.39024024122493,38.39216232299805,417772000
2023-06-09,38.917552324899084,39.58948978920315,38.44899302917782,38.651371002197266,427717000
2023-06-12,39.08005218877828,39.4090404400651,38.49983232769968,39.36118698120117,388701000
2023-06-13,40.063036270092226,40.975237387752834,39.618401830821284,40.89647674560547,613208000
2023-06-14,40.699081687742314,42.868421916484955,40.427910831503084,42.86543273925781,740465000
2023-06-15,42.471645001516485,43.15654315104166,42.01803541267758,42.52248764038086,568622000
2023-06-16,43.31704315152963,43.587213796458215,42.5304560422284,42.561363220214844,655709000
2023-06-20,42.86643115503074,43.85539630398405,42.543421257103255,43.6739501953125,451153000
2023-06-21,43.367894115226505,43.481547516431846,41.95124449603973,42.91328811645508,551603000
2023-06-22,42.12371153008249,43.29312268887753,42.10477246580242,42.89335250854492,417737000
2023-06-23,42.33407006327904,42.678011851996246,41.886442597723466,42.07984924316406,358140000
2023-06-26,42.33107342513513,42.633147684220695,39.97729771593512,40.50767135620117,594322000
2023-06-27,40.674163315350505,41.81167093605906,40.3242393713419,41.747867584228516,462175000
2023-06-28,40.535589450400664,41.71696498768914,40.39402564201727,40.99119186401367,582639000
2023-06-29,41.430842057083,41.4727133655292,40.475773103828736,40.69709396362305,380514000
2023-06-30,41.552463254955796,42.41980006839875,41.37401012697036,42.17255783081055,501148000
2023-07-03,42.38689259666656,42.76672722090467,42.072857893016455,42.28321075439453,198209000
2023-07-05,42.00606914984757,43.04488054432272,41.95622290579701,42.18751525878906,323618000
2023-07-06,41.71596810959315,42.04994216880029,41.21949078738844,41.97417449951172,303582000
2023-07-07,42.19250176000006,43.08177451798843,42.050937955304576,42.372947692871094,355881000
2023-07-10,42.52647159560561,42.679999688168024,41.52155283823929,42.05093002319336,353908000
2023-07-11,42.351013330555574,42.62716617688633,41.93828245284964,42.275245666503906,298244000
2023-07-12,42.90132167106193,43.800562012799624,42.64610450369037,43.767662048339844,481277000
2023-07-13,44.38178733353437,46.01377574434192,44.3558659136162,45.83632278442383,478204000
2023-07-14,46.44046184420574,47.94085779132301,44.92212322629915,45.329872131347656,772075000
2023-07-17,46.147361621458764,46.353725148743315,45.123503715655524,46.31883239746094,510488000
2023-07-18,46.5581057196224,47.74944898576326,45.594065463977465,47.34867858886719,569164000
2023-07-19,47.31876207580257,47.67167893614477,46.598971255607864,46.932945251464844,427502000
2023-07-20,46.36469382160293,46.942920912803515,44.9241156620399,45.380714416503906,537865000
2023-07-21,45.64789454996022,45.72565880367255,43.965059822678604,44.17341995239258,963769000
2023-07-24,44.594129747804274,44.970975292246095,43.90524600694248,44.475494384765625,382516000
2023-07-25,44.803489544215395,46.04168599596265,44.78554306973034,45.53923034667969,348081000
2023-07-26,45.88017875854229,45.91208233149028,44.49343628066657,45.31291961669922,364237000
2023-07-27,46.37665353902674,47.2499724441027,45.6100056638695,45.75954818725586,455976000
2023-07-28,46.525202843607126,46.883105518604516,46.23908226392985,46.60695266723633,331194000
2023-07-31,46.610938817532,46.985787745643954,46.36369657868276,46.58601379394531,251055000
2023-08-01,46.31783562150429,46.75649169459333,45.88616190163857,46.36469268798828,237858000
2023-08-02,45.69076572472491,45.69973706046443,43.25424373168055,44.133544921875,530142000
2023-08-03,43.66596816308754,44.97993578154637,43.66596816308754,44.378780364990234,324176000
2023-08-04,44.84735625489334,45.502343664999096,44.257168589781394,44.54328918457031,362666000
2023-08-07,44.972970743442104,45.400658953676526,44.426647163135996,45.27803421020508,322154000
2023-08-08,44.715756986658505,45.10356664242382,43.92119480836412,44.52733612060547,353843000
2023-08-09,44.138520399562815,44.17640612805211,42.00506938031469,42.42378616333008,586449000
2023-08-10,42.03099019324286,43.44066481177175,41.70698393305918,42.25829315185547,492705000
2023-08-11,41.62325025169544,41.88943538762121,40.514653222522405,40.7299919128418,533085000
2023-08-14,40.362116194769875,43.66597480294201,40.18765244113688,43.619117736816406,690286000
2023-08-15,44.42365526404346,45.12948908567366,43.576253839259216,43.80554962158203,676512000
2023-08-16,44.3837722152519,44.538296708585655,43.27317876024688,43.352935791015625,527451000
2023-08-17,43.835452445012606,43.92716998066587,42.86941583301397,43.211368560791016,452395000
2023-08-18,42.504538056513674,43.44465333013322,41.5325230130091,43.166507720947266,583768000
2023-08-21,44.35785896625514,46.92099149712555,44.086691857163586,46.82329177856445,692573000
2023-08-22,47.98771355577138,48.03955639191804,45.19428904679984,45.528263092041016,755293000
2023-08-23,45.72565339980645,47.05557105969461,45.06966590460551,46.97182846069336,779046000
2023-08-24,50.06234798957418,50.11219423827407,47.014702631702306,47.0186882019043,1156044000
2023-08-25,46.8681553415664,47.6587282173918,44.88623538665841,45.877197265625,925341000
2023-08-28,46.339768044393274,46.836245308048305,44.75064756794707,46.691688537597656,685192000
2023-08-29,46.52320461271005,48.930815739681876,46.24904457849089,48.63472366333008,701397000
2023-08-30,48.893934114542816,49.77423173710802,48.27682864513261,49.11326217651367,735206000
2023-08-31,49.22890833319217,49.5917929853516,48.80819868484659,49.203983306884766,528570000
2023-09-01,49.60972935191137,49.64761127691253,47.99468381251343,48.36056137084961,463830000
2023-09-05,48.07544589025944,48.70152648362675,47.71355763922135,48.399452209472656,382653000
2023-09-06,48.29675585100986,48.404432152677344,46.441297415473116,46.92086410522461,468670000
2023-09-07,45.38944205496558,46.206003567946354,45.01755163903208,46.103309631347656,433330000
2023-09-08,45.80519166448395,46.46721201058955,45.13618839061398,45.4362907409668,473069000
2023-09-11,46.010585175997676,46.025539902373815,44.180053643461356,45.04347610473633,473966000
2023-09-12,44.60477844461375,45.53699557699163,44.39839411760551,44.736385345458984,349256000
2023-09-13,44.46719292129203,45.79323440179784,44.37048163678398,45.34955978393555,398355000
2023-09-14,45.813171215808374,45.85005979000756,44.99660978408658,45.44527053833008,370097000
2023-09-15,45.20598272428771,45.46321387121769,43.67754676368698,43.7692756652832,506831000
2023-09-18,42.62071131068282,44.11026214230338,41.87493751856223,43.8350830078125,500271000
2023-09-19,43.7024829281991,43.835086328947064,42.87395603803026,43.39041519165039,373064000
2023-09-20,43.470171462670386,43.7722706240914,42.09727282869751,42.113224029541016,367108000
2023-09-21,41.45917578549763,41.97463457715853,40.85797073876032,40.894859313964844,450736000
2023-09-22,41.448214198146616,41.989600439472675,41.10822995213603,41.48610305786133,479236000
2023-09-25,41.46715750384496,42.409343350786685,41.054388777119094,42.09627914428711,419091000
2023-09-26,41.875929814501234,42.69249125804407,41.53095945617028,41.786197662353516,402282000
2023-09-27,42.203947925620064,42.74433372903221,41.50503521048072,42.34153366088867,444935000
2023-09-28,42.33356473794384,43.31662875856255,41.98959464052307,42.960693359375,424663000
2023-09-29,43.696494927606466,44.01255232767132,43.178042888017536,43.36947250366211,397830000
2023-10-02,43.89888394531724,45.040474760812266,43.73038848028064,44.64864730834961,433298000
2023-10-03,44.67457689561349,44.99562050159697,43.117227684036216,43.387420654296875,470850000
2023-10-04,43.61174925416727,44.011556163058,43.16308846642664,43.90985870361328,361821000
2023-10-05,43.91882717512689,44.76629832762735,43.75731082612685,44.554927825927734,393483000
2023-10-06,44.061407980133865,45.65265626506475,43.89490543600504,45.625736236572266,434436000
2023-10-09,44.70847483791379,45.46920337034592,44.235887222293606,45.13819122314453,409675000
2023-10-10,45.175090411705355,46.12126226015652,44.95375129711756,45.66163635253906,368582000
2023-10-11,46.05844175921358,46.71946955859621,45.91287659330196,46.6666259765625,378137000
2023-10-12,46.63770730152995,47.46723049196412,46.1920397832419,46.805206298828125,481325000
2023-10-13,46.82016719199545,46.97570471236393,45.145169391645375,45.32563018798828,474115000
2023-10-16,44.928816083518186,46.08735476029038,44.77826474104746,45.95774459838867,375099000
2023-10-17,43.86898271179327,44.620739164515385,42.35350830716708,43.807167053222656,812333000
2023-10-18,42.464174898094846,43.090307040885016,41.700456999229225,42.070350646972656,627294000
2023-10-19,42.68352429308483,43.168077212016314,41.757289685675055,41.97563934326172,501233000
2023-10-20,41.76526400722088,42.34353877331354,40.95568161669413,41.263763427734375,477266000
2023-10-23,41.10623502417962,43.119224175669935,40.82308027803106,42.8470344543457,478530000
2023-10-24,42.94872451539136,43.566877207845934,42.563876171456435,43.53297805786133,401463000
2023-10-25,43.26877302407248,43.52002535417708,41.43126239759443,41.65459442138672,398379000
2023-10-26,41.7283746394427,42.13017450154096,39.7612500826686,40.2059211730957,541001000
2023-10-27,41.00752725918924,41.08330116511961,39.895845748458264,40.37940216064453,416784000
2023-10-30,40.96465972958588,41.64163496442114,40.36046137678986,41.03843688964844,388028000
2023-10-31,40.329553945294535,40.75727737613491,39.11318548755272,40.6585693359375,517969000
2023-11-01,40.762256048704266,42.25479998188949,40.747301323669774,42.19896697998047,437593000
2023-11-02,43.19898202777144,43.75332619208585,42.76627622905822,43.3764533996582,409172000
2023-11-03,43.888919424366684,45.174078747791896,43.59280293696078,44.87098693847656,424610000
2023-11-06,45.15015696243412,45.798223011195105,44.765304753189504,45.614768981933594,400733000
2023-11-07,45.582863690228386,46.080374555632474,45.02353336587058,45.81816101074219,343165000
2023-11-08,45.96272659241924,46.72744479735544,45.83111967900613,46.43531799316406,346719000
2023-11-09,47.32565472798377,48.08638320008785,46.610790709948866,46.81019592285156,540496000
2023-11-10,47.35855787314543,48.32766364227746,47.14220498356334,48.191070556640625,421245000
2023-11-13,48.17611002726251,48.96974108943456,47.95576746252599,48.475215911865234,384136000
2023-11-14,49.532067353089744,49.6856081153753,48.89397370012533,49.50813674926758,416954000
2023-11-15,49.78630718435211,49.811230458479834,48.05647298035821,48.74242401123047,475497000
2023-11-16,48.53405091082967,49.37753247238456,48.18609109090698,49.332664489746094,339756000
2023-11-17,49.3765281147281,49.568954199838785,48.86106931599939,49.15120315551758,325205000
2023-11-20,49.16515859327281,50.39747808312561,49.034548168899995,50.25889205932617,414120000
2023-11-21,49.97673006124724,50.366564552562664,49.075422737368264,49.79527282714844,565747000
2023-11-22,49.703557028583894,50.18511670142029,47.547992253967436,48.57093811035156,899420000
2023-11-24,48.32566546670589,48.7753226752898,47.60282211639322,47.633731842041016,294645000
2023-11-27,47.65766532815117,48.38549115302334,47.51010721393193,48.098350524902344,395662000
2023-11-28,48.09236161129522,48.1791043355462,47.33163320625364,47.67859649658203,401491000
2023-11-29,48.2349412356402,48.616800180789156,47.71748568176772,47.99665069580078,382005000
2023-11-30,47.88100118212253,47.96674744990859,46.283773941411816,46.6307373046875,526247000
2023-12-01,46.38646445632827,47.05945375436282,46.04946966832762,46.62574768066406,369317000
2023-12-04,45.939790296925786,45.939790296925786,44.87596630034032,45.37447738647461,437543000
2023-12-05,45.33459625037478,46.46531769952222,45.14016013303565,46.431419372558594,371718000
2023-12-06,47.07854443551646,47.25004822206123,45.2807538725136,45.371490478515625,380590000
2023-12-07,45.56792757808214,46.49424361639184,45.47220434901942,46.46133804321289,350823000
2023-12-08,46.4603430274887,47.60303102965734,46.41547109826504,47.368709564208984,359224000
2023-12-11,47.353746056504626,47.393627560593224,45.69754725900702,46.49224090576172,509728000
2023-12-12,45.91293129624922,47.528248529944456,45.91293129624922,47.5192756652832,372387000
2023-12-13,47.49135110162281,48.45356234904266,47.47041188410191,47.94902420043945,447792000
2023-12-14,48.25014760759364,48.52933716331639,47.28494671232897,48.210262298583984,391232000
2023-12-15,48.05471159561218,49.26121358218172,47.980924159413945,48.74869918823242,479948000
2023-12-18,49.25723605827901,50.28724783914224,49.00795855556237,49.93227767944336,412587000
2023-12-19,49.281156065075976,49.556359352120325,48.75368563402241,49.460636138916016,464444000
2023-12-20,49.51149468672903,49.854502283693236,47.95899524383034,47.97195816040039,397894000
2023-12-21,48.669931851728876,48.95311145717248,48.279062673701084,48.84841537475586,300425000
2023-12-22,49.05281623744541,49.24027260571634,48.32691966505345,48.688873291015625,252507000
2023-12-26,48.826483190023204,49.45665670800159,48.8185068878219,49.1365852355957,244200000
2023-12-27,49.36791910846013,49.53642943515857,48.94314771611391,49.27418899536133,233648000
2023-12-28,49.499524396983624,49.739825186065204,49.26918922882445,49.37887191772461,246587000
2023-12-29,49.669031240795064,49.85250136491419,48.610100337003374,49.37887191772461,389293000
2024-01-02,49.10167609887842,49.152527391898126,47.45744371873841,48.028785705566406,411254000
2024-01-03,47.34776550065434,48.04474284454288,47.183241449788504,47.431522369384766,320896000
2024-01-04,47.62894445792347,48.35982768135906,47.3706941328935,47.85927963256836,306535000
2024-01-05,48.3219492464163,49.40381274244124,48.16639803917808,48.95511245727539,415039000
2024-01-08,49.368913779629096,52.12392933182719,49.3360082047019,52.10198974609375,642510000
2024-01-09,52.24956080282397,54.16800018278708,51.54061326714163,52.98642349243164,773100000
2024-01-10,53.46104844034716,54.442201988108685,53.334412767924995,54.19292449951172,533796000
2024-01-11,54.840053191345746,55.18605048150879,53.40521272938546,54.6635627746582,596759000
2024-01-12,54.46214745952533,54.811138243808735,54.172988448593486,54.55188751220703,352994000
2024-01-16,54.8589987377964,56.670745116790805,54.74133972907017,56.21905517578125,449580000
2024-01-17,56.18415168775575,56.30779386315222,54.58179762947745,55.8910026550293,474394000
2024-01-18,57.094517089822695,57.43353464294008,55.94484937824919,56.941959381103516,491650000
2024-01-19,57.8214070619552,59.3280417723161,57.05961512425851,59.319068908691406,543501000
2024-01-22,59.87545679775879,60.15664330232137,58.89928603895681,59.481597900390625,452955000
2024-01-23,59.39784070948938,59.736858252012084,58.41568677878363,59.69996643066406,294654000
2024-01-24,60.12972084943654,62.66736391279241,59.76477747230483,61.184661865234375,560271000
2024-01-25,62.169802358134476,62.53773920716308,60.67413746929077,61.43892288208008,482777000
2024-01-26,60.78382030493906,61.60444363196895,60.39794153183259,60.8546142578125,390309000
2024-01-29,61.05503888144962,62.308406139769886,60.73098116954014,62.28447723388672,348733000
2024-01-30,62.71821799882993,63.309502714007664,62.08006442941247,62.59257888793945,410735000
2024-01-31,61.26243177102061,62.089038263544516,60.524572564425924,61.34918212890625,453795000
2024-02-01,61.920522012090565,63.00837229900728,61.47182560913307,62.844844818115234,369146000
2024-02-02,63.789108872006786,66.40751896695984,63.50592925992764,65.96879577636719,476578000
2024-02-05,68.02784195808994,69.29616929872287,67.01079290005846,69.13164520263672,680078000
2024-02-06,69.42877233327619,69.552414531284,66.10840153882174,68.02584075927734,683111000
2024-02-07,68.12155362100862,70.01706057362387,67.40462981569888,69.89640808105469,495575000
2024-02-08,69.87147502102263,70.58939534958982,69.2542683281726,69.43972778320312,414422000
2024-02-09,70.32914813919767,71.97637408306973,70.00907672049794,71.92453002929688,436637000
2024-02-12,72.39017991002451,74.39536957580593,71.0440830164451,72.03919982910156,613710000
2024-02-13,70.19653768234375,73.23771827831571,69.41879318637284,71.91954040527344,602580000
2024-02-14,72.99045103936953,74.02145939035373,71.7301040369102,73.68643188476562,504917000
2024-02-15,73.65553513860904,73.7612240097967,72.19077851996437,72.44802856445312,420122000
2024-02-16,73.8858468671519,74.18697602398943,72.29146900724291,72.40314483642578,495327000
2024-02-20,71.73906612377016,71.74804279084927,67.53824458047887,69.25128173828125,704833000
2024-02-21,67.8094614044966,68.68891622407938,66.05654635382845,67.27700805664062,673755000
2024-02-22,74.80819417110781,78.3479308117141,74.00552015694443,78.31104278564453,865100000
2024-02-23,80.556523512217,82.15588435298636,77.34582786788651,78.58922576904297,829388000
2024-02-26,79.46966317926245,80.41293598535317,78.27811704521838,78.8634262084961,503973000
2024-02-27,79.151576284054,79.25029679601072,76.9389952975712,78.47354125976562,391705000
2024-02-28,77.39567785845682,78.7048791588161,76.90210568945557,77.43855285644531,393110000
2024-02-29,78.86541608909434,79.75882270864132,78.12356300049603,78.88336181640625,507289000
2024-03-01,79.76879352380037,82.06214938054762,79.20542398518815,82.04120635986328,479135000
2024-03-04,83.88685863778845,87.44155809825308,83.47705094561937,84.99066162109375,615616000
2024-03-05,85.02756969671704,85.85222196268086,83.1798410349623,85.71959686279297,520639000
2024-03-06,87.7717411927185,89.46889796984821,86.78255724053227,88.44780731201172,582520000
2024-03-07,89.90164797406622,92.50323087612081,89.34722911034507,92.40550994873047,608119000
2024-03-08,94.86749190765931,97.12306133342042,86.26003174516178,87.27912902832031,1142269000
2024-03-11,86.18326495849031,88.5445284611464,83.92669865835357,85.5301284790039,678364000
2024-03-12,87.79866017993605,91.69853581019218,85.90505740123257,91.65167236328125,668075000
2024-03-13,90.7961026211969,91.24382347923168,88.18354935724443,90.62957763671875,635713000
2024-03-14,89.32231468480107,90.3882755061813,86.35377401546849,87.69395446777344,602318000
2024-03-15,86.68284605628648,89.29140572149215,86.01176295929899,87.58726501464844,642086000
2024-03-18,90.13100142686399,92.14226481208601,86.83739140527486,88.20349884033203,668976000
2024-03-19,86.45348714580204,90.28655945618765,84.76829741224358,89.1438217163086,672171000
2024-03-20,89.54168157483528,90.15294523438696,87.97215934887909,90.11505126953125,479063000
2024-03-21,92.03756431354115,92.38457441104313,90.14794815065484,91.17501831054688,480372000
2024-03-22,90.88186017417289,94.50852022791372,90.57573384993215,94.02091217041016,586719000
2024-03-25,93.67390745044557,96.4908723257128,93.2441331194467,94.73188781738281,552136000
2024-03-26,95.57845969689596,96.1009718491892,92.23898306006764,92.29781341552734,513648000
2024-03-27,92.8472628285773,92.97489725482532,88.8696059634602,89.99340057373047,586067000
2024-03-28,89.74410760252643,91.04041442208826,88.93940289555813,90.0990982055664,435212000
2024-04-01,90.04225806770008,91.96277679415357,88.9503702442798,90.10607147216797,452441000
2024-04-02,88.19651163521841,89.83783523468522,87.37087059473389,89.19766235351562,433064000
2024-04-03,88.23242853900666,90.11705439114243,88.14866772814298,88.7110595703125,370067000
2024-04-04,90.1489453998678,90.3763015666953,85.63581327474101,85.6607437133789,434965000
2024-04-05,86.61901544259366,88.22942906906539,85.68169327218381,87.75777435302734,399678000
2024-04-08,88.44779211337963,88.57742734725042,86.48539311445134,86.88525390625,283220000
2024-04-09,87.19337337953033,87.38582540473588,82.7859427996773,85.1113052368164,501700000
2024-04-10,83.68738625967652,87.15150809881327,83.4710003679758,86.79153442382812,431929000
2024-04-11,87.17143320524475,90.48099639616545,86.6788421374309,90.35834503173828,431637000
2024-04-12,89.44396327846418,89.91861544290224,87.2811315064311,87.93526458740234,426805000
2024-04-15,88.84465613304712,90.35534773623158,85.68466822355283,85.75646209716797,443077000
2024-04-16,86.18724795044986,87.86745463811035,85.81930143123056,87.16645812988281,370453000
2024-04-17,88.08882656112145,88.52259493497695,83.7113088922385,83.79607391357422,495400000
2024-04-18,84.7283978612392,85.94493013538192,82.167698910902,84.43024444580078,447260000
2024-04-19,82.91358934859076,84.08424741361141,75.3910397359179,75.98334503173828,875198000
2024-04-22,77.88192715774476,79.8453305652036,76.18277728835372,79.29190826416016,596341000
2024-04-23,80.53934787289336,82.53366130187051,80.03578647084935,82.18864440917969,438559000
2024-04-24,83.71129217484813,83.84292061734187,78.9578484435489,79.45044708251953,512208000
2024-04-25,78.64375847887948,83.08609383460076,78.00059569231401,82.39706420898438,424641000
2024-04-26,83.5796943254643,88.0798637130723,83.14991996305922,87.48555755615234,551011000
2024-04-29,87.34593487887717,87.74180161200195,85.02355474971789,87.50747680664062,388971000
2024-04-30,86.99194868469957,88.5664614931565,86.05462655663052,86.15633392333984,363709000
2024-05-01,84.83509991070004,85.75547203094351,81.02396098069623,82.80488586425781,559863000
2024-05-02,84.20888384405981,85.99180203592717,82.96343457532701,85.572998046875,377898000
2024-05-03,87.53940321936913,89.02715799782622,86.79253219903528,88.53656005859375,398341000
2024-05-06,89.13584761213842,91.95780324115003,88.80180099005936,91.8780288696289,376203000
2024-05-07,90.83898366205493,91.52004037192769,88.75791956813879,90.2965316772461,437342000
2024-05-08,89.22857072950318,90.93470430679172,89.1657463302182,90.1549301147461,325721000
2024-05-09,90.27159019237384,90.81304550195526,87.9801277687823,88.49465942382812,378013000
2024-05-10,90.04823965753017,91.14112411341107,88.973301771079,89.62245178222656,335325000
2024-05-13,90.22073791617511,90.73926364427145,88.2772820639822,90.1419677734375,289680000
2024-05-14,89.34424430460986,91.39041184902159,88.68113417048747,91.09625244140625,296507000
2024-05-15,92.20908510921412,94.5922892882104,91.33856611429667,94.36094665527344,417735000
2024-05-16,94.64014935721045,95.54656142094716,93.83543705567772,94.09071350097656,323952000
2024-05-17,94.10069011001252,94.47062985340762,91.54497378951851,92.21605682373047,359691000
2024-05-20,93.48344309476195,94.9293173048801,93.17432694405993,94.51051330566406,318764000
2024-05-21,93.33287026664621,95.1287520032466,92.915062881723,95.11479187011719,328946000
2024-05-22,95.18758628884531,95.74698824605449,92.98387077371804,94.6800308227539,548648000
2024-05-23,101.73791493789797,106.0177117858919,101.23135605250833,103.5038833618164,835065000
2024-05-24,104.15202177987621,106.17226230771774,102.70714415978955,106.1662826538086,429494000
2024-05-28,109.93055601288341,114.61220681929554,109.57058235224117,113.57715606689453,652728000
2024-05-29,112.72856525449089,115.16361558831227,110.58567348866953,114.4985122680664,557442000
2024-05-30,114.32402359196342,115.4896985615827,109.35120333690087,110.18582153320312,484553000
2024-05-31,112.20007402311614,112.39652011050696,106.63594514688756,109.3212890625,613263000
2024-06-03,113.29795006188645,114.67302703857422,111.68454659500959,114.67302703857422,438392000
2024-06-04,115.38697591773956,116.26845741764255,113.72072201393819,116.10591888427734,403324000
2024-06-05,118.03444216742467,122.10084264977675,117.13400975669744,122.09187316894531,528402000
2024-06-06,123.69528439320365,125.2299099350453,117.98357427866928,120.65396118164062,664696000
2024-06-07,119.42946352714927,121.34600353396539,117.68643999762348,120.5442886352539,412386000
2024-06-10,120.02775723865274,122.74999082651334,116.6773100476689,121.44371795654297,313434100
2024-06-11,121.43373663493091,122.53070514239239,118.41210500224047,120.57611846923828,222551200
2024-06-12,122.72018841720352,126.52963983604721,122.23154359875069,124.85427856445312,299595000
2024-06-13,129.0327119863157,129.4415834964467,126.80887399420205,129.25210571289062,260704500
2024-06-14,129.60114223243076,132.4731792100278,127.9656714477386,131.51583862304688,309320400
2024-06-17,132.6227916073861,133.36073857025062,129.22220369566065,130.6183319091797,288504400
2024-06-18,130.77788509132313,135.95355648117285,130.32913071079423,135.20562744140625,294335100
2024-06-20,139.41396587386305,140.3713064535189,129.16235380151105,130.4188690185547,517768400
2024-06-21,126.76898143871918,130.269291272292,123.9567687165166,126.22049713134766,649445800
2024-06-24,122.89969086195553,124.11632324977303,117.71405285075953,117.78385925292969,476060900
2024-06-25,120.86532476106613,126.1506927991438,118.99051878494626,125.7418212890625,414192600
2024-06-26,125.78169805160451,127.7662006748868,122.26144711805412,126.05095672607422,362975900
2024-06-27,123.75731801767638,126.0609445300648,122.58057607711103,123.64762115478516,252571700
2024-06-28,124.236004634683,127.3573591664442,122.41105590597208,123.1988754272461,315516700
2024-07-01,123.12904675738962,124.49525872121755,118.50186042748064,123.95675659179688,284885500
2024-07-02,120.79551228090267,123.06922274393042,120.69578993975959,122.33126068115234,218374000
2024-07-03,121.32408029184768,127.92579650878906,121.024905598081,127.92579650878906,215749000
2024-07-05,127.02824387543221,128.49419337092286,125.33294138222224,125.48252868652344,214176700
2024-07-08,127.1379469199517,130.40889591730686,126.6891925935073,127.84598541259766,237677300
2024-07-09,129.99007251430768,133.45049207075732,128.29475452643044,131.01722717285156,285366600
2024-07-10,133.65988550841513,134.72693809179796,132.0543307877707,134.53746032714844,248978600
2024-07-11,135.37514352274295,135.7740328866088,126.69917051710233,127.04820251464844,374782700
2024-07-12,127.90581292565753,131.5557097271737,126.86869151292463,128.88311767578125,252680500
2024-07-15,130.1994525827971,131.02716234127456,126.82878928350533,128.08531188964844,208326200
2024-07-16,128.0853361228611,128.68367018979245,124.23599428065054,126.01107788085938,214769500
2024-07-17,121.01489915039261,121.51351843622722,116.39768730256174,117.66417694091797,390086200
2024-07-18,121.51351868069985,122.062002939552,116.23812571295703,120.755615234375,320979500
2024-07-19,120.01767057688257,121.26421889531369,117.04590364640599,117.60435485839844,217223800
2024-07-22,120.0176813971429,123.72741074457895,119.52903654259545,123.1988754272461,258068900
2024-07-23,122.44095787706307,124.34568731396223,121.76283530375956,122.25148010253906,173911000
2024-07-24,118.8409292880146,119.61877422549412,113.12675602679064,113.93451690673828,327776900
2024-07-25,112.72785895570485,116.30794209044977,106.00647252262672,111.96995544433594,460067000
2024-07-26,115.86914899111223,115.8791158985684,111.27187868948438,112.74778747558594,293399100
2024-07-29,113.3760598876514,115.95890423286832,110.99266022089631,111.28185272216797,248152100
2024-07-30,111.21204752075072,111.68075088933978,102.2568489765504,103.44356536865234,486833300
2024-07-31,112.58823561538453,118.01320824039244,110.57380945153913,116.69685363769531,473174200
2024-08-01,117.20544905631927,119.82819139029307,106.51505026446524,108.9084243774414,523462300
2024-08-02,103.47347587762454,108.4197782586363,101.09007631034588,106.9737777709961,482027500
2024-08-05,91.80578374541406,103.12444802394918,90.43957172286065,100.17261505126953,552842400
2024-08-06,103.55326379264082,107.41258033181929,100.27235513846155,103.9621353149414,409012100
2024-08-07,107.51229690555586,108.4995686514933,98.41748524596572,98.63687896728516,411440400
2024-08-08,101.71833775867768,105.208672877848,97.2507054584759,104.68013763427734,391910000
2024-08-09,105.34829623370402,106.30564447792429,103.14439960768745,104.46075439453125,290844200
2024-08-12,106.02640719898284,110.76329052893722,105.96657531790058,108.71894836425781,325559900
2024-08-13,112.12952516459809,115.90906086189524,111.27189924867696,115.81930541992188,312646700
2024-08-14,118.2026834397928,118.27248983356148,113.75500044516707,117.7539291381836,339246400
2024-08-15,118.4320598996148,122.89968462856436,117.14562117487446,122.52073669433594,318086700
2024-08-16,121.60327554530542,124.6548231821397,120.84537209002657,124.2359848022461,302589900
2024-08-19,123.93680096772643,129.64100646972656,123.07917523933753,129.64100646972656,318333600
2024-08-20,128.0454312895895,129.52135538667704,125.54236785937302,126.89861297607422,300087400
2024-08-21,126.96844527510662,128.99284645503002,126.31027161533281,128.1451873779297,257883600
2024-08-22,129.66095684860522,130.388936708764,122.76006049629918,123.3982925415039,376189100
2024-08-23,125.51246908853835,129.24214747384983,124.87423690023081,129.0127716064453,323230300
2024-08-26,129.2122143703238,130.89753484404284,124.02656901853358,126.11079406738281,331964700
2024-08-27,124.70470624383526,128.84324088713785,123.53793114727517,127.94573211669922,303134600
2024-08-28,127.76621672239743,127.97564354365645,122.30135293496008,125.26315307617188,448101100
2024-08-29,121.02487540717718,124.08639756190335,116.38771446055243,117.2652816772461,453023300
2024-08-30,119.1999366155988,121.4138076730475,116.89631773014244,119.0403823852539,333751600
2024-09-03,115.68966653869764,115.88911124023056,106.9937436452946,107.7017822265625,477155100
2024-09-04,105.11892359162538,112.95721192187169,103.83248489547353,105.91670989990234,372470300
2024-09-05,104.70008464878364,109.34722045042044,104.47072401794104,106.91395568847656,306850700
2024-09-06,107.74166341909986,107.85136027800363,100.67123751563678,102.54605102539062,413638100
2024-09-09,104.59038154400555,106.25577578698045,103.4036727846321,106.17599487304688,273912000
2024-09-10,107.5122906776436,109.09790400275718,104.66018768236026,107.8014907836914,268283700
2024-09-11,109.08792746358935,116.86639141709085,107.12336624714985,116.58716583251953,441422400
2024-09-12,116.52733397843357,120.46676839354188,115.07124183313299,118.82118225097656,366052700
2024-09-13,118.76132975848293,119.63897203588232,117.28528706438033,118.7812728881836,238358300
2024-09-16,116.47747415009144,117.8637539403752,114.05397645754886,116.46749877929688,248772300
2024-09-17,117.85377554798693,118.48209453930119,114.52271703198278,115.28067779541016,231925900
2024-09-18,115.57988069857915,117.3850347497377,112.91702737683093,113.0666275024414,310318900
2024-09-19,117.0359679559666,119.33979153223306,116.93623707940027,117.55458068847656,293506400
2024-09-20,116.74674381909426,118.30257441739377,115.0812145821692,115.68958282470703,382462400
2024-09-23,116.23810026304875,116.67691759238959,114.55262048539709,115.9488754272461,206228500
2024-09-24,116.20818908018337,121.47406618937484,115.07124032940908,120.54655456542969,354966800
2024-09-25,121.69345582540069,124.60564732192762,121.28455699350084,123.17947387695312,284692900
2024-09-26,126.46067739619816,127.32834434574869,121.47405774507013,123.70806121826172,302582900
2024-09-27,123.63824884420143,123.6980858451405,118.94085404604166,121.07512664794922,271009200
2024-09-30,117.99339197466074,121.17485775300766,117.83382410218941,121.11502075195312,226553700
2024-10-01,121.44412897274735,122.11234177416986,115.48013626179672,116.68689727783203,302094500
2024-10-02,116.12840510154699,119.06053238913914,114.831880901423,118.53195190429688,221845900
2024-10-03,120.59641230247804,124.0272091849403,120.01796257527629,122.52124786376953,277118000
2024-10-04,124.60565935860969,124.70539023390367,121.50398120040512,124.58570861816406,243678100
2024-10-07,124.65550686574433,130.2903881845544,124.61561299835192,127.37820434570312,346250200
2024-10-08,129.9114112143918,133.1227955252644,129.07366275536995,132.5343780517578,285722500
2024-10-09,133.75112849037495,134.16003500176663,131.02843810434518,132.29502868652344,246191600
2024-10-10,131.55701568457982,134.6387432670493,130.64944717024784,134.44924926757812,242311300
2024-10-11,133.65136041631004,135.4166278489941,133.30230620805418,134.4392547607422,170209500
2024-10-14,136.104806530019,139.22643549757692,135.93526327737888,137.70053100585938,232347700
2024-10-15,137.50104323972985,138.1991821543322,128.3954862474048,131.24783325195312,377831000
2024-10-16,133.62143219677557,136.25436629658557,131.22786127620384,135.35678100585938,264879700
2024-10-17,138.9671381366491,140.5129935540953,136.5037463621669,136.56358337402344,306435900
2024-10-18,138.2988966827743,138.52827690762766,136.91261713769273,137.6306915283203,176090200
2024-10-21,137.76036967912168,143.325439453125,137.63071268872676,143.325439453125,264554500
2024-10-22,142.52756130979012,144.03351491090646,141.40058044009385,143.2057342529297,226311600
2024-10-23,141.649914730207,142.04883820987033,137.09215234233463,139.1865234375,285930000
2024-10-24,140.44316244306268,140.9717429059513,138.08947737101022,140.0342559814453,172354900
2024-10-25,140.55285615055817,143.74430494634163,140.4232143860229,141.16122436523438,205122100
2024-10-28,142.617310298629,142.75693502866474,139.67520798990546,140.14395141601562,173586700
2024-10-29,139.91457158033694,141.8793009979601,138.52829188537018,140.87200927734375,157593600
2024-10-30,139.1665637778278,139.95445814390004,136.44387391965424,138.96710205078125,179418100
2024-10-31,137.2317836775648,137.24175143875112,131.756469630996,132.40472412109375,270039600
2024-11-01,134.339550139827,136.94256658973848,134.20990835801712,135.0376739501953,207127800
2024-11-04,136.84282779526694,138.58814473225323,135.207217103038,135.68592834472656,187528200
2024-11-05,137.0821601293647,139.99434394500742,136.9624861371184,139.53558349609375,160537400
2024-11-06,142.57743460752744,146.09798683530676,141.58011068537002,145.2203369140625,242043900
2024-11-07,145.9982707339075,148.5314671885647,145.77885821996583,148.4816131591797,207323300
2024-11-08,148.3718728926044,149.3691967390222,145.868580298605,147.23492431640625,175665800
2024-11-11,148.2821074463959,148.4516658981078,143.18579701946294,144.8712615966797,182325600
2024-11-12,146.38721941597868,149.24953450275174,145.61927565442116,147.89317321777344,198634700
2024-11-13,148.67106495867824,148.93036366610121,145.5095351466514,145.87855529785156,191903300
2024-11-14,147.24491377788954,148.60127501764129,145.16051028397845,146.3672637939453,194463300
2024-11-15,144.4823175216733,144.85133773586546,139.70514243904907,141.6000518798828,250132900
2024-11-18,139.1266784396513,141.1711953957962,136.7829612819808,139.77493286132812,221205300
2024-11-19,140.94181709193657,146.7362663614533,140.61269838756368,146.6165771484375,227834900
2024-11-20,147.01550923449048,147.1651017216073,142.34802580304432,145.49957275390625,309871700
2024-11-21,148.95033233522298,152.48085228758558,140.3234713661803,146.27749633789062,400946600
2024-11-22,145.539474391015,146.7661937868221,140.72241318136372,141.57012939453125,236406200
2024-11-25,141.61001503848368,141.66985203296244,135.45652887967213,135.65599060058594,344941900
2024-11-26,137.33151565059862,138.9272401830298,135.30694909062626,136.55360412597656,190287700
2024-11-27,134.64871022731037,136.85280300357402,131.44730865073987,134.9778289794922,226370900
2024-11-29,136.41396798376013,138.97709782710584,135.68592576491588,137.88003540039062,141863200
2024-12-02,138.45849496272686,140.07415499884576,137.45120318506554,138.259033203125,171682800
2024-12-03,137.89002585394636,140.16392360539365,137.58085781498016,139.88467407226562,164414000
2024-12-04,141.61999054867616,145.39984134699782,139.91456002292938,144.7515869140625,231224300
2024-12-05,144.73165063129176,146.1579148411047,143.57467148409813,144.68177795410156,172621200
2024-12-06,144.2229906612707,145.3201135010368,140.94156015213164,142.06861877441406,188505600
2024-12-09,138.60763026811802,139.58507060973062,136.77243180904912,138.4480438232422,189308600
2024-12-10,138.6475644899376,141.45025097804097,133.4411729750498,134.7178497314453,210020900
2024-12-11,137.00183449376547,139.80450498546415,134.85744670503564,138.94674682617188,184905200
2024-12-12,136.72258646567687,138.07904108019704,135.44592508954074,136.98190307617188,159211400
2024-12-13,138.57773734651352,139.2360201486468,132.19441524956173,133.89996337890625,231514900
2024-12-16,133.8301313094174,134.04955889819416,130.07994062496547,131.65582275390625,237951100
2024-12-17,128.75340490862754,131.24688636654815,126.52922370948323,130.05001831054688,259410300
2024-12-18,133.51098920213212,136.3435808551527,127.94553603601128,128.5738983154297,277444500
2024-12-19,131.41644980197495,133.68053537391728,129.212220572867,130.33926391601562,209719200
2024-12-20,129.4715360054975,134.92727495716574,127.88568536239204,134.34878540039062,306528600
2024-12-23,135.9246564899382,139.42549888718457,134.76767747092137,139.30581665039062,176053500
2024-12-24,139.63497303105362,141.53001300601622,138.28848684636677,139.85440063476562,105157000
2024-12-26,139.3357437329122,140.482754358897,137.37087908554133,139.5651397705078,116205600
2024-12-27,138.18876430649956,138.65754010210347,134.3587799168467,136.65277099609375,170582600
2024-12-30,134.47844750631418,139.9042657427297,133.67056192681179,137.1315155029297,167734700
2024-12-31,137.67011945974758,137.71002369221526,133.48107297196478,133.9398651123047,155659200
2025-01-02,135.64539681236818,138.51789243847597,134.27897378808947,137.94937133789062,198247200
2025-01-03,139.64492988439244,144.52217900012494,139.36566117903786,144.0933074951172,229322500
2025-01-06,148.20259893760334,151.76329869340904,147.43461740592554,149.0404052734375,265377400
2025-01-07,152.63098706400407,152.73073241075815,139.6449312609891,139.77459716796875,351782200
2025-01-08,142.20823556727345,143.57465852876186,137.20132056545756,139.7446746826172,227349900
2025-01-10,137.0916423343608,139.5552038580586,133.87006773375867,135.5556640625,207602500
2025-01-13,129.65110157142192,133.1419765335269,129.17234204750528,132.8826446533203,204808900
2025-01-14,135.69526562735138,136.02440701006375,129.71091005586072,131.41644287109375,195590500
2025-01-15,133.30152233922777,136.094224818832,130.9476750631476,135.88478088378906,185217300
2025-01-16,138.2785134363621,138.38822723428095,133.14194748607855,133.22174072265625,209235600
2025-01-17,136.33359221153037,138.13887032002236,135.1068036173015,137.35093688964844,201188800
2025-01-21,138.79717036536638,141.4602070208564,136.7325601923546,140.4628143310547,197749000
2025-01-22,144.2828338584672,147.40466270866227,143.2954095914058,146.68655395507812,237651400
2025-01-23,144.67181084027297,146.8461195709751,143.34527675360425,146.83615112304688,155915500
2025-01-24,147.98316218253018,148.58160393928114,141.5100927680708,142.24815368652344,234657600
2025-01-27,124.47461463210544,128.06521929651885,116.39572750391632,118.11124420166016,818830900
2025-01-28,121.49239920882492,128.66365497133788,115.94689837533355,128.6536865234375,579666400
2025-01-29,126.17018228394103,126.55916484585856,119.73700212037913,123.37747955322266,467120600
2025-01-30,122.77903527699785,124.67408285834512,117.79207196266405,124.32499694824219,392925500
2025-01-31,123.45726093608867,127.51664871512425,118.8792323275003,119.7569351196289,388161100
2025-02-03,114.45080376447106,118.26084328911304,112.71534272693829,116.35582733154297,371235700
2025-02-04,116.65504122535879,120.88398385074507,116.39571701060105,118.34063720703125,256550000
2025-02-05,121.44252915135603,124.67407915232373,120.44513651813745,124.50452423095703,262230800
2025-02-06,127.08774290844131,128.43422879035867,124.8835065286624,128.34445190429688,251483600
2025-02-07,128.88308623826384,130.03008175856976,124.67408781607283,129.50146484375,228186300
2025-02-10,129.7508034170435,134.64800487659767,129.621152724233,133.22174072265625,216989100
2025-02-11,132.23432300379022,134.12936300336048,130.67839286199495,132.45375061035156,178902400
2025-02-12,129.68099034166102,131.89520313508,128.74343886096966,130.79806518554688,160278600
2025-02-13,131.2169852346524,136.14410776005724,130.8280026783839,134.937255859375,197430000
2025-02-14,136.1241301373402,138.88691174540978,135.14668970558725,138.4879608154297,195479600
2025-02-18,140.90164868488978,143.06598867498343,137.5703460278079,139.03651428222656,219176600
2025-02-19,139.14625788985987,140.99144057578553,136.86223517532474,138.8669891357422,167536000
2025-02-20,139.6648814501138,140.2932436442011,136.43332401924008,139.7446746826172,143903600
2025-02-21,139.67487215272783,141.09118323158302,133.68054728393315,134.07949829101562,228217600
2025-02-24,136.20393197137406,138.22863774598196,129.74083213959625,129.9403076171875,251381100
2025-02-25,129.64109140603463,129.86051900489684,124.11554286315072,126.2998275756836,271428700
2025-02-26,129.6510837247691,133.38132271635274,128.1549946612343,130.93771362304688,322553800
2025-02-27,134.64801060127058,134.6579790491402,119.69709659183455,119.83673095703125,443175800
2025-02-28,117.71228788508736,124.76385425600982,116.09651651556653,124.59429931640625,389091100
2025-03-03,123.18797717385785,123.3774766164976,111.9872535622559,113.76261138916016,411381400
2025-03-04,110.36150296756519,118.9989197292815,109.82291000037466,115.68757629394531,398163300
2025-03-05,117.2734398915339,117.9716117639233,114.21144449205002,116.99417114257812,284337900
2025-03-06,113.2339891683523,115.04924353236196,109.93262184934352,110.28170776367188,321181900
2025-03-07,110.9599388924034,113.18412798197828,107.27955736061682,112.39618682861328,341755500
2025-03-10,109.61344966651625,111.5583622176382,105.18502403072868,106.70106506347656,366487400
2025-03-11,106.71102843945867,111.94733940770921,104.4968157267925,108.4764175415039,354865700
2025-03-12,113.83293253862912,116.46629097878981,112.59604629385464,115.4488525390625,323857500
2025-03-13,116.73559490158165,117.46376184203,113.50374766538481,115.28924560546875,299033100
2025-03-14,118.31162236591584,121.57339292473429,117.85278046649132,121.36392211914062,277593500
2025-03-17,122.43123309193861,122.58085727393843,117.73308248243704,119.22930908203125,255501500
2025-03-18,117.70316017412442,118.7205909220559,114.25186503478537,115.1396255493164,299686900
2025-03-19,116.97498651717953,120.14698705841565,115.3889900516623,117.22435760498047,273426200
2025-03-20,116.25681189739694,119.89762393291265,116.17701131755277,118.23182678222656,248829700
2025-03-21,116.64582513098318,117.6931791575635,115.1296446207881,117.4039077758789,266498500
2025-03-24,119.57842622721644,121.91254366285413,119.03978374206928,121.10458374023438,228452500
2025-03-25,120.24674348347415,120.98487978418257,118.62083909476823,120.38639068603516,167447200
2025-03-26,118.4313220614094,118.5410383402261,112.42646191953317,113.47382354736328,293463300
2025-03-27,111.0698805170997,114.16208047077859,110.38162149260253,111.1496810913086,236902100
2025-03-28,111.20953292547101,112.58606625933987,108.79562251910656,109.39411163330078,229872500
2025-03-31,104.86553641067388,110.68087252083329,103.38926370156523,108.10736083984375,299212700
2025-04-01,108.2470125996811,109.92278683325367,106.20217397842941,109.87291717529297,222614000
2025-04-02,107.0200962834212,111.69830029652357,106.5213541109438,110.14221954345703,220601200
2025-04-03,103.24961996040646,105.36428217323731,101.34442096353821,101.5439224243164,338769400
2025-04-04,98.66118836013088,99.87811296890389,91.87829121020437,94.07275390625,532273800
2025-04-07,87.23998007579976,101.49403230771996,86.40209687721266,97.39437103271484,611041300
2025-04-08,103.54885717389794,105.58372634261488,94.2223791915971,96.05775451660156,476243400
2025-04-09,98.6412345329499,114.8104562069238,97.28465510127192,114.04239654541016,612918300
2025-04-10,109.09486759895934,110.58111717003517,98.9005761841806,107.29939270019531,437812400
2025-04-11,108.22706011361765,111.26939065397997,107.20962934859612,110.65094757080078,313417300
2025-04-14,113.82295197096049,114.00249947758738,108.7956293956101,110.43150329589844,264705000
2025-04-15,110.69084593782598,113.33418114021705,110.22202704858428,111.9177474975586,228966900
2025-04-16,104.28700420641553,106.52136728458446,100.19731179816195,104.2271499633789,397016900
2025-04-17,104.18724851478048,104.20720246563869,99.79832299108041,101.23469543457031,292517500
2025-04-21,98.52153569265882,99.18985605733366,94.80092295909544,96.66622161865234,288501100
2025-04-22,98.53150383378456,99.55891150664588,97.03527729423074,98.64122772216797,241004800
2025-04-23,104.25705857766793,104.53636058197965,101.76334775853866,102.45161437988281,247526000
2025-04-24,103.21968611105362,106.2719858525715,102.85061415392688,106.16226196289062,220815000
2025-04-25,106.5812047250048,111.63845023877658,105.46402708737592,110.73074340820312,251064700
2025-04-28,109.4140660423662,110.09235573735528,105.75329251827114,108.45648193359375,207708500
2025-04-29,107.39914795371472,109.9227823722281,107.16973079396023,108.7457504272461,170444300
2025-04-30,104.20719367744803,108.64599609375,103.81817538074749,108.64599609375,235044600
2025-05-01,112.79554223516973,114.65086390129245,111.02002115064856,111.32923889160156,236121500
2025-05-02,113.8927727544179,115.10970497913567,113.08481279973248,114.21196746826172,190194800
2025-05-05,112.62597685282235,114.38154406705421,112.3766057315755,113.53368377685547,133163200
2025-05-06,111.19957134225872,114.4513652140045,110.541227943435,113.25438690185547,158525600
2025-05-07,112.7656187028628,117.38396890879066,111.99755142427854,116.7655258178711,206758800
2025-05-08,117.95252869863282,118.38144728921775,115.55856464909375,117.07474517822266,198428100
2025-05-09,117.05480348234514,117.93259470484641,114.92018728068513,116.3565673828125,132972200
2025-05-12,121.66318211752383,122.69058990478516,119.97743092665668,122.69058990478516,225023300
2025-05-13,124.66562663711635,130.88992830943613,124.15690736849974,129.60316467285156,330430100
2025-05-14,132.8649261154048,135.099296769805,131.34874548490453,134.99954223632812,281180800
2025-05-15,133.95217934435928,135.95713281870513,132.32629004982778,134.49082946777344,226632600
2025-05-16,135.87734710554645,136.00702496804118,133.12429521702722,135.0594024658203,226542500
2025-05-19,132.05696494191162,135.5282065455698,132.05696494191162,135.22897338867188,193154600
2025-05-20,133.95214600718342,134.2414249474983,132.2863492260215,134.04193115234375,161514200
2025-05-21,132.72526966841644,137.0543482410567,130.26148202288624,131.46844482421875,270608700
2025-05-22,131.89735290411087,133.9122755767364,131.21907084385478,132.495849609375,187344000
2025-05-23,129.67296865108418,132.3462194682512,128.8350854296202,130.959716796875,198821300
2025-05-27,133.81252390577552,135.31873506532702,132.9746406768617,135.1591339111328,192953600
2025-05-28,135.68780317037033,136.904735369061,134.45091702175245,134.4708709716797,304021100
2025-05-29,141.8921589021039,143.12904506361895,137.56308016740775,138.83985900878906,369241900
2025-05-30,138.37105052724368,139.26878048564038,132.5856374053386,134.7900848388672,333170900
2025-06-02,135.14914865694024,137.77252192620537,135.05936350550982,137.03439331054688,197663100
2025-06-03,138.43088175862894,141.64278269656361,137.60296789247522,140.86474609375,225578800
2025-06-04,141.83231333868676,142.03180718032695,139.18897047063936,141.56298828125,167120800
2025-06-05,141.8123566062966,143.63775490128222,138.48076233301106,139.63784790039062,231397900
2025-06-06,142.1515008770834,142.9095987862069,141.15401644541944,141.36349487304688,153986200
2025-06-09,142.8297985646697,144.63524295526028,141.58294302195193,142.27120971679688,185114500
2025-06-10,142.3310452201821,143.92701105784593,141.17395971410352,143.5978546142578,155881900
2025-06-11,144.25625056305435,144.6353258646159,141.52294776727436,142.48060607910156,167694000
2025-06-12,141.62269259555393,144.64527893066406,141.50299102868564,144.64527893066406,162365000
2025-06-13,142.13144281545507,143.22875794239724,140.50544068193668,141.62269592285156,180820600
2025-06-16,142.9993260342438,145.82238955213242,142.84968384945327,144.33604431152344,183133700
2025-06-17,144.13651543605366,144.86472525299953,143.42824573031362,143.7674102783203,139108000
2025-06-18,143.65770976302605,145.29369730081095,142.76988753620614,145.12411499023438,161494100
2025-06-20,145.09416929186932,145.84233449814036,142.30101614416546,143.4980926513672,242956200
2025-06-23,142.1513937655616,144.42581484809375,141.68254233682853,143.8173065185547,154308900
2025-06-24,145.20390562225958,147.59804349475166,145.1440548392029,147.53817749023438,187566100
2025-06-25,148.90484638085596,154.07216728635598,148.8948611020321,153.93251037597656,269146500
2025-06-26,155.59842060814296,156.33661581991106,153.6232685600938,154.64077758789062,198145700
2025-06-27,155.65825141530053,158.32173282582838,154.88016085316636,157.36407470703125,263234500
2025-06-30,158.01248577811177,158.27185945851633,155.57846775508057,157.60350036621094,194580300
2025-07-01,155.9076636637482,156.81544119896878,151.1194180014287,152.92498779296875,213143600
2025-07-02,152.60576718743292,157.2144758260153,152.5957971297394,156.86532592773438,171224100
2025-07-03,157.98256705200242,160.58618269349765,157.3840439934681,158.9501953125,143716100
2025-07-07,157.81296409097388,158.92024910893554,156.95506745344088,157.85287475585938,140139000
2025-07-08,158.9402376292259,159.8280598400772,158.00253468758166,159.6085968017578,138133000
2025-07-09,160.82559421950873,164.01776272716893,160.76574343834326,162.48153686523438,183656400
2025-07-10,163.91804092547642,164.0975932957291,161.21466354212765,163.69857788085938,167704100
2025-07-11,163.319494380175,167.4792915182188,163.07010595303956,164.5165557861328,193633300
2025-07-14,164.96544774793,165.08516454052796,161.62365204151925,163.66864013671875,136975800
2025-07-15,170.77121644956358,171.97824787505814,168.78607915204378,170.28240966796875,230627400
2025-07-16,170.64153593048928,171.32985042878116,168.4868162544787,170.95077514648438,158831500
2025-07-17,171.59919907952485,173.73396348002274,170.41210769028996,172.57679748535156,160841100
2025-07-18,173.21522225123383,173.8237306114437,170.841039596405,171.9882354736328,146456400
2025-07-21,172.32741344479308,172.9558771895842,170.58169435056217,170.9607696533203,123126100
2025-07-22,170.9208374301641,170.97071815657463,164.17738028748298,166.6213836669922,193114300
2025-07-23,169.1152710575868,170.84103463039327,167.55908978070133,170.36221313476562,154082200
2025-07-24,172.01816431437092,173.40476336343244,170.88095369299285,173.3149871826172,128984600
2025-07-25,173.18529303585547,174.29257821699642,172.53688923976992,173.0755615234375,122316800
2025-07-28,173.594294429185,176.56700011257405,173.54441370124516,176.31761169433594,140023500
2025-07-29,177.52464594674228,178.94117023690123,174.59183591750704,175.08062744140625,154077500
2025-07-30,176.07820855766118,179.44994513464422,175.60935707311754,178.8314666748047,174312200
2025-07-31,182.45256948733228,182.85160010862035,175.49961883405416,177.43487548828125,221685400
2025-08-01,173.6641186818972,176.1081221843386,170.47194991004753,173.29502868652344,204529000
2025-08-04,174.7315057215643,179.75916955634796,174.09307197712414,179.55966186523438,148174600
2025-08-05,179.18058718831315,179.81902093485988,175.46968627980374,177.82391357421875,156407600
2025-08-06,175.89862689332494,179.45988530544022,175.81882077930385,178.98106384277344,137192300
2025-08-07,181.12581999654523,183.43016644757114,178.36259217804582,180.32777404785156,151878400
2025-08-08,181.10587113034643,182.85159004607542,179.95867528141937,182.2530517578125,123396700
2025-08-11,181.6046539661726,183.39026839012567,179.80905426349312,181.6146240234375,138323200
2025-08-12,182.51242163652668,184.02869221788941,179.0209838780724,182.71192932128906,145485700
2025-08-13,182.1732462738988,183.51994981646104,178.9112567337155,181.14576721191406,179871700
2025-08-14,179.3102712094187,182.57227595462552,179.02098734413144,181.57472229003906,129554000
2025-08-15,181.43506987144983,181.45500998578265,177.6044521364236,180.00856018066406,156602200
2025-08-18,180.15820389652,182.49247589603021,180.14821861780752,181.5647430419922,132008000
2025-08-19,181.98370991508045,182.0535459787435,175.06070018553257,175.2103271484375,185229200
2025-08-20,174.74148365399904,175.5694550698242,168.38707131580557,174.97091674804688,215142700
2025-08-21,174.42225404103465,176.46722675550242,173.38478976711397,174.5519256591797,140040900
2025-08-22,172.1877223514448,178.15308843889832,170.78116816439123,177.5545654296875,172789400
2025-08-25,177.91371253514103,181.46500135257926,176.13806812642193,179.37013244628906,163012800
2025-08-26,179.61950918930867,181.94381103857447,178.37256711704984,181.32533264160156,168688200
2025-08-27,181.53480649120215,182.04356858750407,178.6618623689453,181.15574645996094,235518900
2025-08-28,180.3776517699909,184.01871637210735,175.9784366795831,179.72923278808594,281787800
2025-08-29,177.674269227683,177.71416467354967,172.72639675993378,173.75387573242188,243257900
2025-09-02,169.58412249632292,171.9583050821389,166.81092453439402,170.36221313476562,231164900
2025-09-03,170.6415475595936,171.98825125424256,168.4668876205481,170.20262145996094,164424900
2025-09-04,170.1527518438138,171.43958949445846,168.9955858311417,171.24008178710938,141670100
2025-09-05,167.61892806242963,168.6164816497661,163.66862438059468,166.6114044189453,224441400
2025-09-08,167.140134281122,170.54179623040895,166.94062657490792,167.8982696533203,163769100
2025-09-09,168.6763418810487,170.5617176578999,166.3320999523285,170.34225463867188,157548400
2025-09-10,176.20789518840485,178.851406558282,175.04075911822534,176.89620971679688,226852000
2025-09-11,179.25053151190707,179.84910351407555,176.05818301908454,176.7465362548828,151159300
2025-09-12,177.3451207317183,178.1731387966239,176.02826832324598,177.39500427246094,124911000
2025-09-15,175.25011923668302,178.4225264520066,174.0928881658194,177.3251495361328,147061600
2025-09-16,176.5769489507663,177.0757538913052,173.96321593348455,174.46202087402344,140737800
2025-09-17,172.22736966160153,172.78602876073558,168.00748411706098,169.8829803466797,211843800
2025-09-18,173.56417834624654,176.67673180432445,172.54662713675344,175.81878662109375,191763300
2025-09-19,175.34988368438943,177.65435995090164,174.76128231706025,176.2477264404297,237182100
2025-09-22,174.8810364137678,184.1089289332547,174.29245016588177,183.17117309570312,269637000
2025-09-23,181.53508786527138,181.98400930831284,175.78885990523673,178.0035400390625,192559600
2025-09-24,179.34032288959435,179.35029350783142,174.9807575937583,176.54701232910156,143564100
2025-09-25,174.06297010669513,179.82915407834395,172.7162058826927,177.2653045654297,191586700
2025-09-26,177.74415791919978,179.3403398828169,174.51189629291883,177.7641143798828,148573700
2025-09-29,179.99874009736317,183.56021461148362,179.8890176259668,181.4153594970703,193063500
2025-09-30,181.64480411708308,186.9022123120565,181.04623211551163,186.13404846191406,236981000
2025-10-01,184.7972757932568,187.69033860903804,183.46046686832446,186.79249572753906,173844900
2025-10-02,189.146847340247,190.59337868298996,187.6105195355423,188.43853759765625,136805800
2025-10-03,188.7378093314507,189.90501102540352,184.93691825112066,187.1715545654297,137596900
2025-10-06,185.05665991394912,186.78252099752746,182.8918479831437,185.0965576171875,157678100
2025-10-07,185.78489078203316,188.6081286768816,183.56022492696124,184.5977325439453,140088000
2025-10-08,186.12408236678675,189.14683908131633,186.09414006589398,188.6580047607422,130168900
2025-10-09,191.77054228398893,194.83321191134357,190.60334055524348,192.1097412109375,182997200
2025-10-10,193.04749823427522,195.15245586263575,181.61489659616785,182.7222442626953,268774400
2025-10-13,187.52074924115996,189.6556339904095,185.51555866051012,187.8699188232422,153482800
2025-10-14,184.32839277968645,184.35831986008523,179.2705030798172,179.59971618652344,205641400
2025-10-15,184.35831474003746,184.42813951825556,176.86625456034105,179.4001922607422,214450500
2025-10-16,181.79443681084305,182.84193018690272,179.34032512988762,181.3754425048828,179723300
2025-10-17,179.74934657743225,183.65999082680747,179.3203816221287,182.78208923339844,173135200
2025-10-20,182.69231029505525,184.75735492260156,181.2956472677441,182.20347595214844,128544700
2025-10-21,182.35311411361405,182.35311411361405,179.37027013728058,180.72702026367188,124240200
2025-10-22,180.7070509305708,183.00155667206866,176.33751483638122,179.84910583496094,162249600
2025-10-23,179.988777912505,182.59254038327154,179.3602787988416,181.72462463378906,111363700
2025-10-24,183.40060514170608,187.02193404421294,183.06142142022418,185.8148193359375,131296700
2025-10-27,189.5359184602369,191.54110896467577,187.9796341631504,191.03233337402344,153452700
2025-10-28,192.58859211843296,202.66444286407344,191.45131745385083,200.5495147705078,297986200
2025-10-29,207.482921843539,211.6828666070652,204.29057291407037,206.545166015625,308829600
2025-10-30,204.65966800141675,205.66726375798942,200.9286166610889,202.4050750732422,178864400
2025-10-31,205.95656932325562,207.4729406961805,201.5870481318289,202.00604248046875,179802200
2025-11-03,207.58267267525224,210.83487551397138,205.06869143040765,206.3855438232422,180267300
2025-11-04,202.51479915904252,203.48248192945988,197.4569099225941,198.21510314941406,188919300
2025-11-05,198.29492759193732,202.43500266122365,194.18476438007542,194.74343872070312,171350300
2025-11-06,195.9505570232203,197.14768599494536,185.93455918559198,187.6304931640625,223029800
2025-11-07,184.45805485831954,187.86989393508227,178.48238160939712,187.70028686523438,264942300
2025-11-10,194.6436788693004,199.46213677715232,193.32682642239038,198.5742645263672,198897100
2025-11-11,194.69355355890158,194.9529266552934,190.84277869998112,192.69833374023438,176483300
2025-11-12,195.2522010776849,195.42179292552225,190.67317551912151,193.3367919921875,154935300
2025-11-13,190.59337913278358,190.9824463944715,183.41059072037282,186.41339111328125,207423100
2025-11-14,182.42294356130517,190.55345800755302,180.14839424900484,189.71546936035156,186591900
2025-11-17,185.52552307898492,188.54828000089623,183.87947275520656,186.15402221679688,173628900
2025-11-18,182.94170515591497,184.35830936263392,179.22060933347112,180.92652893066406,213598900
2025-11-19,184.3483273978252,187.41099710874653,182.39302051116815,186.07420349121094,247246400
2025-11-20,195.4816571057099,195.53154064523628,179.42014682895694,180.208251953125,343504800
2025-11-21,180.80682891210233,184.11888595894638,172.51667761994415,178.4524688720703,346926200
2025-11-24,179.0610093294625,183.06141961318156,176.0581937395723,182.1136932373047,256618300
2025-11-25,174.49195573568102,177.73418799379976,169.1447659257062,177.39500427246094,320600300
2025-11-26,181.1958831941039,182.4728225932506,177.81398638784032,179.8291473388672,183852000
2025-11-28,178.5821404669205,178.86147001761242,176.07814512953246,176.5769500732422,121332800
2025-12-01,174.3423041351479,179.8690716163194,173.2648835948944,179.48997497558594,188131000
2025-12-02,181.32557695606172,185.2162648499111,179.56978894419797,181.02630615234375,182632200
2025-12-03,180.64722628696225,182.01394715864362,178.68193330759738,179.16078186035156,165138000
2025-12-04,181.19598816136636,184.08922700452197,179.53987513877786,182.95188903808594,167364900
2025-12-05,183.46070200471706,184.22890867632069,180.48766317737477,181.98416137695312,143971100
2025-12-08,182.213626289633,187.56111397793046,181.9741810893209,185.11683654785156,204378100
2025-12-09,185.12679644575,185.2864265695677,182.89203560496765,184.53817749023438,144719700
2025-12-10,184.53819180758595,185.0469957406681,181.61502392815055,183.35096740722656,162785400
2025-12-11,179.85912243695617,180.89670300875093,176.20766331092784,180.50759887695312,182136600
2025-12-12,180.68718311570447,182.39319766595756,174.21232912082112,174.6114044189453,204274900
2025-12-15,177.52457493122958,178.00345003705766,174.62136510726435,175.87841796875,164775600
2025-12-16,175.84850127733236,178.0733061224419,174.4916756985292,177.3050994873047,148588100
2025-12-17,175.68888113429998,175.71880987812392,169.91239000563186,170.54092407226562,222775500
2025-12-18,174.1225483861358,175.7387615308714,171.41888356310693,173.73345947265625,176096000
2025-12-19,176.25756723043006,181.02640724251643,175.9283357789888,180.56748962402344,324925900
2025-12-22,183.49062822521734,183.73007341419415,181.9243013805983,183.26116943359375,129064400
2025-12-23,182.54285710968043,188.88801027625055,182.47301321780614,188.76829528808594,174873600
2025-12-24,187.50124372172942,188.4689804086018,186.154389299292,188.169677734375,65528500
2025-12-26,189.47662851874142,192.240166195598,187.5611125998212,190.085205078125,139740300
2025-12-29,187.2717899684254,188.31932652162573,185.47598909796272,187.7805938720703,120006100
2025-12-30,187.8005508490403,188.5487999407664,186.49359631469858,187.1021728515625,97687300
2025-12-31,189.12744593978846,190.11512498868174,186.05463453876877,186.06460571289062,120100500
2026-01-02,189.39681300359115,192.47959571470966,187.8204997023152,188.4091339111328,148240500
2026-01-05,191.31233377676458,193.1779786425506,185.7154296257417,187.6808319091797,183529700
2026-01-06,190.07522846701318,191.72137039337454,186.3838692947835,186.80288696289062,176862600
2026-01-07,188.12978540958392,190.9232365533545,186.12446806753155,188.66851806640625,153543200
2026-01-08,188.66850725549676,189.10748247384038,183.2811201033086,184.60800170898438,172457000
2026-01-09,184.64792389684447,185.9049768874807,183.2412119543349,184.42843627929688,131327500
2026-01-12,182.79226917353867,186.6831584288149,182.59273912358015,184.5082550048828,137968500
2026-01-13,184.5681140987238,187.6708543554723,182.97184323887342,185.376220703125,160128900
2026-01-14,183.88970125566945,184.02937380837906,180.37791464347094,182.7124481201172,159586100
2026-01-15,186.06459276572707,189.25711892672572,185.89499147845774,186.61331176757812,206188600
2026-01-16,188.63857958929228,189.99540517049002,185.6455833269296,185.79522705078125,187967200
2026-01-20,181.4753422141945,181.95423259865512,177.1953640623503,177.654296875,223345300
2026-01-21,178.6320081827799,184.94723253133864,177.9835164834521,182.8920440673828,200381000
2026-01-22,184.31869154642928,185.7353746560278,183.5005985718231,184.40847778320312,139636600
2026-01-23,187.06227125943187,189.15737478680413,186.38386606278428,187.23187255859375,142748100
2026-01-26,186.7230748442759,188.6784906596197,185.55580805974404,186.03468322753906,124799600
2026-01-27,186.80288446054914,189.55643562401056,185.2664711415707,188.07989501953125,143711600
2026-01-28,190.82345963399504,191.9009400606663,189.39679023846315,191.0728759765625,148552700
2026-01-29,190.89331059974717,193.0283141326731,185.62563804704834,192.06057739257812,171764400
2026-01-30,190.76362243793778,194.0359639826301,189.0276790286862,190.68380737304688,179489500
2026-02-02,186.7629659025267,189.8557348322644,184.44839001538193,185.1766815185547,165794100
2026-02-03,185.8052108647954,185.8351396091497,175.81857039871747,179.91897583007812,204019600
2026-02-04,179.04105715530034,179.16077214377114,171.50867959294058,173.78335571289062,207014100
2026-02-05,174.52161198787914,176.40721432559468,170.63072277473634,171.47874450683594,206312900
2026-02-06,176.27751351666032,186.56344202919422,174.19239634754115,184.97715759277344,231346200
2026-02-09,183.82983865020864,193.20790343822367,183.52056478242866,189.59634399414062,196387400
2026-02-10,190.93321971968697,192.0306425866914,187.6808205923615,188.09983825683594,136764800
2026-02-11,192.0007297023972,192.80883635229745,188.32932783046314,189.60633850097656,144192700
2026-02-12,192.5793648877844,193.1580126884611,186.07458174632154,186.5035858154297,189932500
2026-02-13,187.04230481693136,187.0622623874058,181.16605622339495,182.38320922851562,161888000
2026-02-17,181.3256935584433,186.71308084037668,178.76168607280786,184.53817749023438,162276900
2026-02-18,188.3093443160685,189.92555739322245,186.3239846890322,187.5411376953125,164749100
2026-02-19,186.62329889395997,187.9900957055448,185.22657333636724,187.46133422851562,126554500
2026-02-20,186.13446388219373,189.88568076730476,185.50592973146237,189.3768768310547,178422300
2026-02-23,190.9531547742145,193.49720463285962,189.13741163084848,191.10281372070312,171584800
2026-02-24,191.04296985904048,193.31764595479845,186.96250644177093,192.39979553222656,175123600
2026-02-25,193.9960453222018,197.16862939564908,193.33758246616242,195.10345458984375,250637100
2026-02-26,193.81646526905493,193.8364076167612,183.88969739169633,184.45835876464844,360807900
2026-02-27,180.82687141264745,182.16373952566906,175.96824531148394,176.77635192871094,311636500
2026-03-02,174.60143816018197,183.0317240302905,174.23230678711255,182.0540008544922,209095300
2026-03-03,178.0732983803544,180.47766036606842,176.50695643346228,179.62965393066406,178099400
2026-03-04,180.01876499488523,184.26881453838726,179.63964723402094,182.61268615722656,177731200
2026-03-05,180.74703993972415,183.63029235671348,177.46472744924466,182.91197204589844,198779700
2026-03-06,179.4201653790109,182.33334690173646,176.40722643712078,177.40489196777344,189021900
2026-03-09,176.4171820751478,182.48298979408452,175.1501427003192,182.2235870361328,177213600
2026-03-10,181.97416098047233,186.00473767957752,181.58507208744064,184.33863830566406,179118500
2026-03-11,185.4860219488843,187.1921136401388,184.02934488988058,185.60574340820312,145280400
2026-03-12,183.63027948516628,184.51824924312825,181.33552155955923,182.72235107421875,155762700
2026-03-13,184.49827615888313,185.6656060713691,179.5296376335348,179.83892822265625,160988400
2026-03-16,182.55273992235968,188.44926587891726,180.9962999229416,182.8021697998047,217307400
2026-03-17,184.63795767039014,184.97717862722422,181.26566108165355,181.5150909423828,182497800
2026-03-18,182.06384475172882,182.96180140975886,179.91875397930713,179.98858642578125,156683100
2026-03-19,177.60403750119184,179.56954607641802,175.38909905828712,178.1527862548828,170968500
2026-03-20,177.59405294207926,177.85345450506617,171.32837633709812,172.30613708496094,241323500
2026-03-23,176.85574153065542,177.96321071223454,174.36144294367455,175.23944091796875,182836300
2026-03-24,174.4312942297872,175.81812366395545,173.58322660302642,174.80044555664062,147667800
2026-03-25,176.69612335614488,180.8067226806179,176.44669348987364,178.2725067138672,162602100
2026-03-26,175.66847416549638,176.10745794358192,170.74970926821888,170.8494873046875,186152200
2026-03-27,169.61229451028825,170.58008352629554,166.62910808502988,167.13795471191406,196212700
2026-03-30,168.3950875250076,169.0635577295173,163.89537828689438,164.79331970214844,185627000
2026-03-31,166.58922503111532,174.22177306603788,166.57925331681818,174.0022735595703,226181300
2026-04-01,175.59862725595661,176.96549806235143,174.3514779146501,175.3491973876953,168132000
2026-04-02,171.7873183615289,177.0852211444685,170.9791680862979,176.98544311523438,143143200
2026-04-06,176.75597747742694,177.3845303646084,175.35916114415525,177.23487854003906,107564300
2026-04-07,175.32922705160684,177.8235255680002,173.26395579650787,177.69383239746094,132534900
2026-04-08,184.079243714486,184.83750503722598,179.8888249511496,181.66476440429688,147732700
2026-04-09,181.42529878487736,183.6601958045732,180.20807985372045,183.49058532714844,116428500
2026-04-10,183.88967366981893,189.56669990817062,183.87970195572368,188.1998291015625,160459500
2026-04-13,185.605746824658,189.2274732756209,185.3164148846483,188.87826538085938,133648200
2026-04-14,190.40477641072036,196.0618438720703,190.33494396561244,196.0618438720703,161307000
2026-04-15,196.09178511161633,199.94298301571828,195.2936216855987,198.41647338867188,185338400
2026-04-16,196.97974400923295,199.39423847906178,195.36344336942167,197.8976593017578,134012900
2026-04-17,199.44410763257105,201.2400056483541,198.8155547450397,201.2200469970703,160324400
2026-04-20,199.52392392325544,201.70893187328167,197.38880498867078,201.59918212890625,119381400
2026-04-21,201.66904795828867,202.28762917830338,198.54618104306965,199.42417907714844,107945300
2026-04-22,200.53164182940822,202.03819274902344,198.54617460274403,202.03819274902344,107501000
2026-04-23,201.99828375930824,203.3651545152774,196.77022843278436,199.18470764160156,113561800
2026-04-24,199.50398270942756,210.46890943516505,199.35431566144254,207.79502868652344,214134400
2026-04-27,209.17187844164343,216.33551207209098,206.90706623150768,216.1160125732422,187172400
2026-04-28,209.01225288404052,214.2402930542568,207.72518626919629,212.68385314941406,180275400
2026-04-29,212.2149257168926,212.23488436877426,207.10660696252424,208.77279663085938,123711800
2026-04-30,209.45124259423534,209.82040915320695,198.24685712515335,199.11488342285156,225239200
2026-05-01,200.8209691272831,202.5370477944956,196.67045257290908,197.99742126464844,128647000
2026-05-04,199.04502180842945,201.2699318245734,194.29588290907526,198.02734375,125368100
2026-05-05,198.84548202478717,199.7833407086998,195.58293528206713,196.05186462402344,113406600
2026-05-06,199.43413852494058,207.7950323152332,198.15705885791613,207.3560333251953,188362800
2026-05-07,207.86487247229027,213.7115092245668,206.02907228582575,211.01766967773438,168307900
2026-05-08,212.5441790763045,217.30330524675068,212.40449895841255,214.709228515625,136421400
2026-05-11,213.55186573785767,221.79303819063418,213.40221390900197,218.93955993652344,160685800
2026-05-12,218.05159434962442,223.23973257586303,214.42986778297353,220.27650451660156,159176600
2026-05-13,224.41703053540263,227.32039781394542,221.0647077692387,225.3149871826172,150405400
2026-05-14,229.32582552778115,236.00055597235212,228.77707677625682,235.202392578125,180782900
2026-05-15,229.23602944473367,230.9720668751014,223.7286287034134,224.80616760253906,180977600
2026-05-18,229.34577348371204,229.4754818886306,217.8719993892805,221.81300354003906,146280900
2026-05-19,219.11914008419038,223.96805720569674,217.41304835521052,220.1068878173828,140948200
2026-05-20,222.6710257508039,225.61431038954527,219.9971448577806,222.9603729248047,184201600
2026-05-21,221.78305837384474,226.8814055684356,217.43300079554024,219.0093994140625,203381800
2026-05-22,220.39621757095847,220.50596731800164,214.3101381389001,214.83892822265625,169275700
2026-05-26,216.04617181279934,217.68243116855118,211.5165320236786,214.37001037597656,187202600
2026-05-27,213.63168066177133,213.66161102691768,208.30386252985457,212.1151580810547,167601200
2026-05-28,210.79815519844968,215.02849096688144,210.73829446983814,213.76138305664062,143996000
2026-05-29,214.09065053210412,217.36316924965476,210.64852132770383,210.6584930419922,289410600
2026-06-01,215.23801892090273,224.35717434911126,215.20808855445495,223.8483428955078,212850700
2026-06-02,226.66188583823322,231.75026086454594,220.84519513709748,222.3118438720703,193362900
2026-06-03,221.2143597561905,222.31185725112735,214.02079575535723,214.26025390625,160907000
2026-06-04,213.67091279390368,221.35231998810906,210.73419644348996,218.4156036376953,169022200
2026-06-05,214.2902104723603,214.62982678346356,204.10161444712602,204.87075805664062,219655500
2026-06-08,209.94507132882276,210.23475572682116,205.76975069388217,208.40679931640625,138372800
2026-06-09,210.3845825512031,211.16370951624515,199.11719156565087,207.95730590820312,180962500
2026-06-10,204.20149632565034,206.98838641050182,199.696542748819,200.19598388671875,161746600
2026-06-11,201.26479475008583,205.43013200106668,199.31696212361035,204.64100646972656,158643200
2026-06-12,204.6310298517525,206.83856645475237,203.21261880599855,204.96066284179688,112001800
2026-06-15,208.68648640498938,212.47225882321928,208.10713284720606,212.21253967285156,149936700
2026-06-16,210.94395209283806,211.25361840198772,207.05830064217733,207.1781768798828,125694100
2026-06-17,208.29691745433288,208.9761653200819,202.8530121596522,204.42124938964844,128363500
2026-06-18,207.09826842291386,211.1537281092123,206.26919428756833,210.4545135498047,241272000
2026-06-22,211.2036686200953,213.7508214450341,207.48782537372824,208.41677856445312,122041400
2026-06-23,201.94403040148535,203.54224815949766,199.77645766483005,199.81640625,153496200
2026-06-24,199.89631590195674,201.44458647582786,196.36027935647695,198.77757263183594,151810700
2026-06-25,199.85637045714446,200.5755669254449,191.9152592982058,195.52122497558594,149550000
2026-06-26,192.90414096411192,195.33143282930595,191.0062707295152,192.31480407714844,179304100
2026-06-29,193.63333194293918,195.96071419295149,189.58785574691487,194.7520751953125,148835700
2026-06-30,197.0195429632178,200.4057532237791,194.89191886651452,199.86634826660156,166476700
2026-07-01,195.98069896251877,199.62662840490702,193.23377271109229,197.35916137695312,146147600
2026-07-02,196.9196593659626,199.8363939026278,192.1350197738411,194.61224365234375,142068700
2026-07-06,194.20269428466304,197.32920075051607,193.77318221313826,195.33143615722656,108999000
2026-07-07,192.15498377986222,198.18824142626735,190.92636281467173,196.7098846435547,124154600
2026-07-08,194.9618356993413,204.93069180759116,194.84197470333905,203.891845703125,147419100
2026-07-09,204.23147485952867,204.36131918975943,198.73762239526957,202.5533447265625,132037400
2026-07-10,201.7742207048944,210.7641612313501,201.69430829342895,210.72421264648438,148421000
2026-07-13,208.3069001369788,210.33464515051216,202.77309911383117,203.30250549316406,121411000
2026-07-14,207.96729575339148,212.31243993744155,203.57221964678251,211.5632781982422,124379600
2026-07-15,211.7230919717581,213.57101502024952,205.80969553973085,212.26248168945312,124797200
2026-07-16,209.93509060438328,210.84407715298516,205.61992700554663,207.16818237304688,122986100
2026-07-17,202.41350482950477,206.41901728963356,197.74872640584337,202.58331298828125,144281900
2026-07-20,205.63989694335598,207.50781723343968,202.05391309694542,203.05279541015625,88701500
2026-07-21,207.30802440628602,208.4167843613107,203.78197113093626,207.0583038330078,108685600
2026-07-22,205.57996827489498,214.15038042761168,204.72092886821054,211.82298278808594,137645600
2026-07-23,209.22588688656515,210.63429930291466,205.72979894313582,208.5266571044922,110505300
2026-07-24,207.21812923496972,211.6731509810223,204.5810805834776,206.6088104248047,114836800
2026-07-27,207.96729627325774,208.51668459839084,195.22156333884286,196.2903594970703,154353700
2026-07-28,194.78204700134697,198.47790843456414,192.52457850774027,196.789794921875,134111500
2026-07-29,195.63110696844683,196.84974460884015,189.79762268066406,189.79762268066406,147680800
2026-07-30,193.23377181769484,197.02952748682713,191.3059363552755,194.82199096679688,129010200
2026-07-31,198.2182038580375,201.77422236802423,194.73209918257555,200.52561950683594,139961200
2026-08-03,197.46904862701152,208.50670133078404,196.62999113475112,206.40904235839844,128406900
2026-08-04,211.06382570110384,212.82185300096492,208.8163406042335,211.70310974121094,134922000
2026-08-05,216.6176127852948,221.9716224388697,216.15812022814887,218.9749755859375,158187400
2026-08-06,221.28239358061882,223.38005249670454,216.75745800384053,218.7452392578125,113940600
2026-08-07,221.29237770419127,224.50877992471257,220.41337164588714,223.70968627929688,105669400
2026-08-10,223.15029107269072,223.88946943306019,216.5277120448001,217.3068389892578,115846600
2026-08-11,221.92167541427946,221.9516406634887,215.95834695389817,217.25689697265625,101273100
2026-08-12,220.7929293559802,224.84840415873398,219.95387191061064,223.8395233154297,108783600
2026-08-13,224.80845001468583,226.97602279610956,223.45996804263754,225.04818725585938,98867200
2026-08-14,226.51654155338588,227.23573802273873,224.24907448357243,224.90834045410156,75680900
2026-08-17,225.72741618855906,227.66525027466162,224.60867289832842,224.7584991455078,93678700
2026-08-18,220.20359791537197,221.39227027986857,218.44557057093272,219.49440002441406,103128200
2026-08-19,221.4222404106533,222.62089613745684,216.51772459764655,217.31683349609375,96797300
2026-08-20,218.1159423024499,219.6142657707553,215.41896310784705,216.60763549804688,92457000
2026-08-21,218.17587248780362,218.49552214328025,214.26025565862156,214.48001098632812,98869300
2026-08-24,215.28910206110334,215.34903256074918,207.01835779182306,208.24697875976562,135187300
2026-08-25,210.79412790131315,214.48998931653267,209.87515802586688,212.81187438964844,122309000
2026-08-26,212.40232405945306,213.3612577394914,208.99613188036045,209.4256591796875,179900000
2026-08-27,222.61090164325523,230.21239627098788,220.6530857022795,227.7251739501953,298909800
2026-08-28,227.10587153371227,229.00374173344596,216.56766062888835,217.3068389892578,195116400
2026-08-31,218.62536478578363,221.05265670783686,215.96834944345454,220.53323364257812,124702700
2026-09-01,216.50774446342592,220.1636574397174,214.8595947199138,217.1969757080078,109756200
2026-09-02,218.5454508199983,227.6952163087265,218.23579974693772,224.1591796875,157104700
2026-09-03,225.76737972053164,230.14247379152744,224.49879494304554,228.1946563720703,134681600
2026-09-04,230.83170360414334,234.49759976142684,229.37334400327853,230.10252380371094,135352400
2026-09-08,232.84944771666764,233.44878317831424,224.59868561283858,225.47769165039062,122965600
2026-09-09,225.0281992525124,225.92718720955042,223.21024142511232,223.4199981689453,82955500
2026-09-10,220.52999877929688,220.99000549316406,217.1999969482422,218.36000061035156,105768000
2026-09-11,221.24000549316406,222.0,218.14999389648438,218.2899932861328,89060100
2026-09-14,211.24000549316406,212.77000427246094,208.92999267578125,210.9600067138672,132267200
2026-09-15,213.3800048828125,213.94000244140625,211.16000366210938,212.1699981689453,88059700
2026-09-16,214.13999938964844,216.75999450683594,212.5,213.89999389648438,96563600
2026-09-17,218.3800048828125,219.91000366210938,217.14999389648438,219.33999633789062,94191300
2026-09-18,219.35000610351562,222.72999572753906,218.02999877929688,222.27000427246094,190287400
2026-09-21,222.94000244140625,228.5,221.55999755859375,227.3800048828125,109806100
2026-09-22,226.85000610351562,229.97999572753906,226.5,228.8699951171875,95746700
2026-09-23,228.02999877929688,228.9499969482422,224.02000427246094,225.50999450683594,89547300
2026-09-24,222.0800018310547,224.94000244140625,221.08999633789062,224.5800018310547,77469900
2026-09-25,225.1300048828125,226.94000244140625,223.1300048828125,225.07000732421875,89947700
2026-09-28,229.75,233.2100067138672,228.0399932861328,228.86000061035156,142344300
2026-09-29,230.97000122070312,232.82000732421875,227.02999877929688,227.2100067138672,101494900
2026-09-30,229.27000427246094,232.3699951171875,228.1699981689453,228.3800048828125,121732200
2026-10-01,229.97999572753906,232.2899932861328,228.16000366210938,230.86000061035156,98591400
2026-10-02,236.05999755859375,237.8800048828125,233.60000610351562,233.9499969482422,135167800
2026-10-05,236.08999633789062,240.10000610351562,235.14999389648438,238.89999389648438,127171500
2026-10-06,242.10000610351562,243.3699951171875,238.92999267578125,239.24000549316406,101701900
2026-10-07,237.69000244140625,239.0800018310547,236.3800048828125,237.47000122070312,81772400
2026-10-08,234.9199981689453,237.07000732421875,229.85000610351562,230.47999572753906,118311700
