date,fwd_ret,y,prob_up,pos,turnover,strat_ret,strat_equity,bh_equity
2019-05-23,-0.0107557019252254,0,0.6515803495870247,1.0,1.0,-0.0112557019252254,0.9887442980747746,0.9892442980747747
2019-05-24,-0.0149918420290287,0,0.7097039706094286,1.0,0.0,-0.0149918420290287,0.9739211997509347,0.9744137038299202
2019-05-28,-0.0305088620239755,0,0.6810399038073653,1.0,0.0,-0.0305088620239755,0.9442079722455088,0.9446854505855022
2019-05-29,-0.0066461426207242,0,0.6713549543463682,1.0,0.0,-0.0066461426207242,0.9379326313983404,0.9384069363491879
2019-05-30,-0.022592821980728,0,0.7214889012706823,1.0,0.0,-0.022592821980728,0.9167420864272419,0.9172056754907704
2019-05-31,-0.0089689986960713,0,0.7464974463153247,1.0,0.0,-0.0089689986960713,0.9085198278494423,0.9089792589832645
2019-06-03,0.0033110362405863,1,0.7887786635047366,1.0,0.0,0.0033110362405863,0.911527969924743,0.9119889222516994
2019-06-04,0.0704753693423478,1,0.5121045053043153,1.0,0.0,0.0704753693423478,0.9757682402710699,0.9762616783835176
2019-06-05,-0.0309652908424085,0,0.3828288995996285,0.0,1.0,-0.0005,0.9752803561509344,0.9460314515740741
2019-06-06,0.0181688475689687,1,0.6396202778788859,1.0,1.0,0.0176688475689687,0.9925124361007749,0.9632197528131737
2019-06-07,0.0259687127046968,1,0.5039504619559778,1.0,0.0,0.0259687127046968,1.0182867064097147,0.9882333298454681
2019-06-10,0.0208445948031581,1,0.567216626233756,1.0,0.0,0.0208445948031581,1.0395124801982678,1.0088326531770726
2019-06-11,-0.0121983692974088,0,0.7015296063439997,1.0,0.0,-0.0121983692974088,1.026832123075544,0.9965265399143339
2019-06-12,-0.0128188033455612,0,0.355814660306308,0.0,1.0,-0.0005,1.0263187070140063,0.9837522621705396
2019-06-13,-0.0175402273739599,0,0.3746073969905518,0.0,0.0,-0.0,1.0263187070140063,0.9664970238124209
2019-06-14,0.000415165575772,1,0.6103937218662513,1.0,1.0,-8.4834424228e-05,1.0262316398574223,0.9668982801057939
2019-06-17,0.0202670297975471,1,0.2954878781684903,0.0,1.0,-0.0005,1.0257185240374935,0.9864944363598951
2019-06-18,0.0461014220120645,1,0.6413477872772758,1.0,1.0,0.0456014220120645,1.072492747317719,1.0319732326830764
2019-06-19,0.0160080732944294,1,0.4881655030947981,1.0,0.0,0.0160080732944294,1.089661289824525,1.0484931358297565
2019-06-20,-0.0208587422774448,0,0.3540415740361734,0.0,1.0,-0.0005,1.0891164591796128,1.0266228877298136
2019-06-21,-0.0057327456268648,0,0.4098266638014567,0.0,0.0,-0.0,1.0891164591796128,1.0207375198597413
2019-06-24,0.0015724895703945,1,0.6028735231601206,1.0,1.0,0.0010724895703945,1.0902845252230278,1.0223426189638312
2019-06-25,0.0245323738602551,1,0.8205816953453936,1.0,0.0,0.0245323738602551,1.1170317928098499,1.0474231103055243
2019-06-26,0.0389502434809763,1,0.744245824080152,1.0,0.0,0.0389502434809763,1.160540453115785,1.088220495479526
2019-06-27,0.0140738702251022,1,0.1698870362096144,0.0,1.0,-0.0005,1.1599601828892272,1.1035359695092013
2019-06-28,0.0458789115920885,1,0.2335488896432062,0.0,0.0,0.0,1.1599601828892272,1.1541649986930036
2019-07-01,-0.0409688955567308,0,0.4118679743401303,0.0,0.0,-0.0,1.1599601828892272,1.1068801334063156
2019-07-02,-0.0140783840622598,0,0.3527105130363751,0.0,0.0,-0.0,1.1599601828892272,1.0912970497773362
2019-07-03,-0.0169764251736298,0,0.6620143155084103,1.0,1.0,-0.017476425173629802,1.1396882255485736,1.0727707270695883
2019-07-05,-0.0160222599627487,0,0.8656254645927132,1.0,0.0,-0.0160222599627487,1.1214278445223504,1.0555825156000525
2019-07-08,-0.014699685169872,0,0.9793952168589608,1.0,0.0,-0.014699685169872,1.1049432082671438,1.0400657849499102
2019-07-09,0.0228285637105849,1,0.6762657314139544,1.0,0.0,0.0228285637105849,1.1301674746936483,1.0638089929848387
2019-07-10,0.0247701687066299,1,0.6081767562895275,1.0,0.0,0.0247701687066299,1.158161913708556,1.0901597212127032
2019-07-11,0.0269940955037097,1,0.5675729772008995,1.0,0.0,0.0269940955037097,1.189425447015964,1.1195875968414166
2019-07-12,0.0063319318076948,1,0.6145133295923326,1.0,0.0,0.0063319318076948,1.196956807836806,1.1266767491573575
2019-07-15,-0.0106256635326673,0,0.7610685212073892,1.0,0.0,-0.0106256635326673,1.1842383475335967,1.114705061110732
2019-07-16,0.0028798484893675,1,0.7021554726136536,1.0,0.0,0.0028798484893675,1.1876487745497923,1.1179152427970622
2019-07-17,0.0178286727545224,1,0.5576535339104203,1.0,0.0,0.0178286727545224,1.2088229758985503,1.1378461878281836
2019-07-18,0.0093456972798056,1,0.3156557814844022,0.0,1.0,-0.0005,1.208218564410601,1.1484801538506066
2019-07-19,-0.0140926099716598,0,0.862828112637237,1.0,1.0,-0.0145926099716598,1.1905875021396384,1.1322950709821982
2019-07-22,0.0212639137770822,1,0.3221567358940282,0.0,1.0,-0.0005,1.1899922083885686,1.156372095741779
2019-07-23,0.0260263799551156,1,0.4835118079914474,0.0,0.0,0.0,1.1899922083885686,1.186468275275048
2019-07-24,-0.0023109493370441,0,0.2403098838984115,0.0,0.0,-0.0,1.1899922083885686,1.1837264072008773
2019-07-25,-0.0142380517332628,0,0.3206967861096204,0.0,0.0,-0.0,1.1899922083885686,1.1668724493771219
2019-07-26,0.0017765737089407,1,0.6885120359973665,1.0,1.0,0.0012765737089407,1.1915113211556416,1.1689454842923725
2019-07-29,-0.0104703085587687,0,0.6182042923708438,1.0,0.0,-0.0104703085587687,1.179035829971876,1.156706264383452
2019-07-30,0.007111610236242,1,0.2369249848289095,0.0,1.0,-0.0005,1.17844631205689,1.1649323084935668
2019-07-31,-0.0289348363834256,0,0.2245838934490565,0.0,0.0,-0.0,1.17844631205689,1.131225182749539
2019-08-01,-0.0470031437321262,0,0.5185479693951963,0.0,0.0,-0.0,1.17844631205689,1.0780540428913616
2019-08-02,-0.0458461990146868,0,0.5471556234292183,0.0,0.0,-0.0,1.17844631205689,1.0286293626923766
2019-08-05,1.235611224448263e-07,1,0.6877103583070203,1.0,1.0,-0.0004998764388775552,1.1778572345110108,1.0286294897909751
2019-08-06,-0.0253577419460151,0,0.6226180001946703,1.0,0.0,-0.0253577419460151,1.1479894347090336,1.0025457686307944
2019-08-07,0.0420947700473237,1,0.2201383024263772,0.0,1.0,-0.0005,1.1474154399916792,1.044747702223225
2019-08-08,0.0025607121273327,1,0.6529140656547506,1.0,1.0,0.0020607121273327,1.1497799329039586,1.047423000334311
2019-08-09,-0.0289255396856907,0,0.2489765672991227,0.0,1.0,-0.0005,1.1492050429375067,1.0171257247704357
2019-08-12,-0.0045369322990905,0,0.6938453751956044,1.0,1.0,-0.0050369322990905,1.143416574938457,1.0125110942174889
2019-08-13,0.0073320286351734,1,0.6999390820003248,1.0,0.0,0.0073320286351734,1.1518001380078378,1.0199348545537223
2019-08-14,-0.0109506564103051,0,0.425647374489603,0.0,1.0,-0.0005,1.151224237938834,1.00876589840061
2019-08-15,0.056487380573704,1,0.7492593850307248,1.0,1.0,0.055987380573704,1.2156782674739877,1.0657484416133398
2019-08-16,0.0299340358773394,1,0.5838193164441027,1.0,0.0,0.0299340358773394,1.252068424347856,1.097650593700812
2019-08-19,0.0392399373070833,1,0.4965549217981149,1.0,0.0,0.0392399373070833,1.3011995108234444,1.1407223341827146
2019-08-20,-0.0001761703551572,0,0.7461884062590101,1.0,0.0,-0.0001761703551572,1.3009702780434924,1.140521372723966
2019-08-21,0.0063915915261287,1,0.4847491380476164,1.0,0.0,0.0063915915261287,1.3092855486483805,1.1478111194652374
2019-08-22,-0.018762365766077,0,0.1013660640238679,0.0,1.0,-0.0005,1.3086309058740564,1.1262754674114603
2019-08-23,-0.0165677647132135,0,0.1889004617418458,0.0,0.0,-0.0,1.3086309058740564,1.1076156004651228
2019-08-26,0.0083331300420503,1,0.7719240208224293,1.0,1.0,0.0078331300420503,1.3188815819368138,1.1168455053004023
2019-08-27,-0.0374337019596709,0,0.7228805733191517,1.0,0.0,-0.0374337019596709,1.2695109618784919,1.075037843519989
2019-08-28,0.0269024113680649,1,0.3181859526824213,0.0,1.0,-0.0005,1.2688762063975527,1.1039589538226011
2019-08-29,0.0240148579649741,1,0.2888102854616713,0.0,0.0,0.0,1.2688762063975527,1.1304703712978124
2019-08-30,-0.0253468571533316,0,0.6526301094111802,1.0,1.0,-0.025846857153331602,1.2360797443455338,1.101816500280453
2019-09-03,0.0123343439646594,1,0.8208840778163604,1.0,0.0,0.0123343439646594,1.25132597708004,1.1154066839808494
2019-09-04,0.0375733743700197,1,0.912742012171198,1.0,0.0,0.0375733743700197,1.2983425164757991,1.1573162768928842
2019-09-05,0.0343029462285022,1,0.7911501651441288,1.0,0.0,0.0343029462285022,1.3428794900046468,1.1970156349085113
2019-09-06,0.0061520288505898,1,0.412046502983275,0.0,1.0,-0.0005,1.3422080502596445,1.2043797096290756
2019-09-09,-0.0040022177871282,0,0.4920003289142123,0.0,0.0,-0.0,1.3422080502596445,1.1995595197327418
2019-09-10,0.0256168290838489,1,0.4028304149581015,0.0,0.0,0.0,1.3422080502596445,1.2302884309256394
2019-09-11,0.0132230932752803,1,0.4486198552965648,0.0,0.0,0.0,1.3422080502596445,1.2465566496032674
2019-09-12,-0.0247584099584954,0,0.6551560273652636,1.0,1.0,-0.0252584099584954,1.3083060090765937,1.2156938890359013
2019-09-13,-0.0147035245300024,0,0.7999861620103424,1.0,0.0,-0.0147035245300024,1.2890692995793864,1.1978189041174878
2019-09-16,0.0087189161403604,1,0.2823414565655792,0.0,1.0,-0.0005,1.2884247649295968,1.2082625866938266
2019-09-17,0.0017177759607369,1,0.1868537810694607,0.0,0.0,0.0,1.2884247649295968,1.210338111119507
2019-09-18,-0.003152883166143,0,0.544601312714025,0.0,0.0,-0.0,1.2884247649295968,1.206522056463617
2019-09-19,-0.0184216402596175,0,0.7316947839004969,1.0,1.0,-0.0189216402596175,1.2640456550260166,1.1842959411741503
2019-09-20,-0.0237426833874054,0,0.4332370600076021,0.0,1.0,-0.0005,1.2634136321985037,1.1561775776058631
2019-09-23,0.0196873528331151,1,0.5201154693076613,0.0,0.0,0.0,1.2634136321985037,1.1789396535139263
2019-09-24,-0.0203858465678398,0,0.8259953201474161,1.0,1.0,-0.0208858465678398,1.2370261689246886,1.1549059706246492
2019-09-25,0.0308964668421958,1,0.9148947239200216,1.0,0.0,0.0308964668421958,1.2752459069357989,1.1905884846519077
2019-09-26,-0.0122581454603872,0,0.5580099117616741,1.0,0.0,-0.0122581454603872,1.2596137571108166,1.1759940778235827
2019-09-27,-0.0162815477178295,0,0.484987286205443,1.0,0.0,-0.0162815477178295,1.2391052956183823,1.156847074129613
2019-09-30,0.0127314928446733,1,0.2214281582033794,0.0,1.0,-0.0005,1.2384857429705731,1.1715754643762755
2019-10-01,-0.0107425851161336,0,0.3408554995886151,0.0,0.0,-0.0,1.2384857429705731,1.1589897152302395
2019-10-02,0.0005773684882652,1,0.384376185968467,0.0,0.0,0.0,1.2384857429705731,1.159658879370037
2019-10-03,0.0472233011875404,1,0.7386542324495166,1.0,1.0,0.0467233011875404,1.2963518853558618,1.214421799905334
2019-10-04,0.0175304090713506,1,0.2760255738921266,0.0,1.0,-0.0005,1.2957037094131838,1.2357111108428402
2019-10-07,-0.0213457197035418,0,0.3220058216280871,0.0,0.0,-0.0,1.2957037094131838,1.2093339678362367
2019-10-08,-0.0017717743801516,0,0.1816174998108145,0.0,0.0,-0.0,1.2957037094131838,1.2071913008949773
2019-10-09,0.001663927036001,1,0.8727229721861802,1.0,1.0,0.001163927036001,1.2972118139912168,1.2091999791381618
2019-10-10,0.0320563264754698,1,0.3313974058349623,0.0,1.0,-0.0005,1.2965632080842213,1.247962488443546
2019-10-11,-0.0041305144576763,0,0.6296722637733025,1.0,1.0,-0.0046305144576763,1.2905594534038962,1.2428077613423922
2019-10-14,0.0243476750507967,1,0.3727708762756807,0.0,1.0,-0.0005,1.2899141736771944,1.273067240866165
2019-10-15,0.0254526390398937,1,0.4014363096300459,0.0,0.0,0.0,1.2899141736771944,1.3054701618214448
2019-10-16,0.0051280732471559,1,0.6648005239846055,1.0,1.0,0.0046280732471559,1.295883990955517,1.3121647084332417
2019-10-17,-0.0086225737729952,0,0.1066133197360921,0.0,1.0,-0.0005,1.2952360489600394,1.3008504714324554
2019-10-18,-0.0069476140168325,0,0.192770613266784,0.0,0.0,-0.0,1.2952360489600394,1.291812664463328
2019-10-21,0.0276742154651732,1,0.5688350715950219,1.0,1.0,0.0271742154651732,1.3304330724327393,1.3275625664803257
2019-10-22,-0.0302070491860408,0,0.2593376609557273,0.0,1.0,-0.0005,1.3297678558965231,1.287460818737108
2019-10-23,0.0230881697876181,1,0.4100231036058288,0.0,0.0,0.0,1.3297678558965231,1.3171859327150162
2019-10-24,0.0170265668108109,1,0.7118081571782648,1.0,1.0,0.0165265668108109,1.3517443532098659,1.3396130870006486
2019-10-25,0.0309843726756202,1,0.8074116682310571,1.0,0.0,0.0309843726756202,1.3936273040118856,1.3811201581294148
2019-10-28,-0.0003392607261736,0,0.4064401110820621,0.0,1.0,-0.0005,1.3929304903598798,1.3806515983016348
2019-10-29,-0.0108133864064409,0,0.2064234465886514,0.0,0.0,-0.0,1.3929304903598798,1.365722079076529
2019-10-30,-0.009019510151996,0,0.1939839892439102,0.0,0.0,-0.0,1.3929304903598798,1.353403934919493
2019-10-31,-0.0126629204006669,0,0.127295072153321,0.0,0.0,-0.0,1.3929304903598798,1.3362658886216583
2019-11-01,0.0313124113938927,1,0.9080069963846786,1.0,1.0,0.0308124113938927,1.4358500376719452,1.3781075958578053
2019-11-04,0.0225408023268283,1,0.7367199318727992,1.0,0.0,0.0225408023268283,1.4682152495420775,1.4091712467611366
2019-11-05,-0.0087892592999341,0,0.3887697125606824,0.0,1.0,-0.0005,1.4674811419173066,1.3967856752753416
2019-11-06,0.0118386840839948,1,0.470300971748306,0.0,0.0,0.0,1.4674811419173066,1.4133217796179758
2019-11-07,-0.0163418226116132,0,0.8392394898219914,1.0,1.0,-0.0168418226116132,1.4427660848392478,1.3902255258023293
2019-11-08,0.0004329177048105,1,0.2550884155515788,0.0,1.0,-0.0005,1.4420447017968283,1.3908273790461287
2019-11-11,0.0094828138086264,1,0.7134692963295791,1.0,1.0,0.0089828138086264,1.4549983208567854,1.4040163361215632
2019-11-12,-0.0065325812079224,0,0.2803421038832162,0.0,1.0,-0.0005,1.4542708216963571,1.3948444853885993
2019-11-13,0.0027837994110668,1,0.5003505568594172,0.0,0.0,0.0,1.4542708216963571,1.398727452645554
2019-11-14,0.0036855207381802,1,0.8904609502345403,1.0,1.0,0.0031855207381802,1.4589034315578011,1.4038824916793413
2019-11-15,-0.0277062574710659,0,0.3057336109273169,0.0,1.0,-0.0005,1.4581739798420223,1.364986161905752
2019-11-18,0.0350188531805355,1,0.6360567632996129,1.0,1.0,0.0345188531805355,1.5085084733638665,1.4127864119029923
2019-11-19,-0.018765015384716,0,0.7623117701333291,1.0,0.0,-0.018765015384716,1.4802012886532192,1.386275453148315
2019-11-20,0.0189787551949043,1,0.6538728149934416,1.0,0.0,0.0189787551949043,1.5082936665497506,1.412585235606322
2019-11-21,0.0004266076056971,1,0.9641042252691616,1.0,0.0,0.0004266076056971,1.5089371160995255,1.4131878552115271
2019-11-22,0.0234495698435148,1,0.8377676849655651,1.0,0.0,0.0234495698435148,1.5443210423929732,1.4463265025243168
2019-11-25,0.0206443515642782,1,0.8747221735423931,1.0,0.0,0.0206443515642782,1.5762025489202465,1.4761849753191618
2019-11-26,-0.0075673014243785,0,0.2329919873090234,0.0,1.0,-0.0005,1.5754144476457865,1.4650142386527831
2019-11-27,-0.0076370265301423,0,0.8398016391243903,1.0,1.0,-0.0081370265301423,1.5625952584893235,1.4538258860451556
2019-11-29,-0.0024888812842414,0,0.7968330923684935,1.0,0.0,-0.0024888812842414,1.558706144395625,1.4502074860068321
2019-12-02,-0.0674024329253539,0,0.7976468209620823,1.0,0.0,-0.0674024329253539,1.453645558047662,1.3524599732034106
2019-12-03,0.0453261312303441,1,0.5290707607452176,1.0,0.0,0.0453261312303441,1.5195336873741372,1.4137617514326162
2019-12-04,-0.0034121523998789,0,0.2910618512381829,0.0,1.0,-0.0005,1.5187739205304502,1.4089377808796084
2019-12-05,0.0058015605333785,1,0.7265953922658006,1.0,1.0,0.0053015605333785,1.526825792406659,1.4171118187031455
2019-12-06,-0.0012764952108885,0,0.3690602111153268,0.0,1.0,-0.0005,1.5260623795104558,1.4153028822532776
2019-12-09,0.0100825873537306,1,0.7497034712617023,1.0,1.0,0.0095825873537306,1.5406860055693565,1.4295727971955832
2019-12-10,0.0047802449614291,1,0.6027889980853629,1.0,0.0,0.0047802449614291,1.5480508620846238,1.4364065053563735
2019-12-11,0.0083022343399314,1,0.5065433934285969,1.0,0.0,0.0083022343399314,1.5609031431117832,1.4483318887712442
2019-12-12,0.0370524483123086,1,0.4311765856081667,0.0,1.0,-0.0005,1.5601226915402275,1.501996131219009
2019-12-13,0.0076275071912392,1,0.225735020846641,0.0,0.0,0.0,1.5601226915402275,1.5134526175110956
2019-12-16,-1.06975576619206e-07,0,0.6461060537885702,1.0,1.0,-0.0005001069755766192,1.559342463299433,1.513452455608629
2019-12-17,0.0167775871988071,1,0.5603974802665808,1.0,0.0,0.0167775871988071,1.585504467450242,1.5388445361538516
2019-12-18,0.0052678387408955,1,0.5010862740698343,1.0,0.0,0.0052678387408955,1.5938566493077395,1.5469509210176182
2019-12-19,0.0313123271093334,1,0.4786634429486892,0.0,1.0,-0.0005,1.5930597209830857,1.5953895542786065
2019-12-20,0.0100364465075846,1,0.2032921542702518,0.0,0.0,0.0,1.5930597209830857,1.611401596198883
2019-12-23,-0.0096457026319843,0,0.1452433133158422,0.0,0.0,-0.0,1.5930597209830857,1.5958584955812438
2019-12-24,0.0023509035391016,1,0.0785303400145387,0.0,0.0,0.0,1.5930597209830857,1.5996102049664112
2019-12-26,0.0043558736798323,1,0.355535058835047,0.0,0.0,0.0,1.5930597209830857,1.6065779049562157
2019-12-27,-0.0158883674018833,0,0.4878591965103492,0.0,0.0,-0.0,1.5930597209830857,1.5810520049425234
2019-12-30,-0.0215684276620685,0,0.4993481742514144,0.0,0.0,-0.0,1.5930597209830857,1.5469511991439522
2019-12-31,0.0339973561496207,1,0.3732554573735281,0.0,0.0,0.0,1.5930597209830857,1.599543450007332
2020-01-02,-0.0152882044766849,0,0.5395996776287242,0.0,0.0,-0.0,1.5930597209830857,1.5750893026742778
2020-01-03,-0.0118245532159848,0,0.210325606025075,0.0,0.0,-0.0,1.5930597209830857,1.5564645753948776
2020-01-06,0.0253096311186211,1,0.5249274728132972,0.0,0.0,0.0,1.5930597209830857,1.5958581196473232
2020-01-07,0.0065494263821712,1,0.521370812406822,0.0,0.0,0.0,1.5930597209830857,1.6063100749183437
2020-01-08,0.0170588385708525,1,0.4802147887381048,0.0,0.0,0.0,1.5930597209830857,1.6337118591811097
2020-01-09,0.014270930335869,1,0.5401475242464145,0.0,0.0,0.0,1.5930597209830857,1.6570264473123664
2020-01-10,0.0013340068600622,1,0.0876800575850593,0.0,0.0,0.0,1.5930597209830857,1.6592369319603857
2020-01-13,0.0104983860342418,1,0.7212884597936652,1.0,1.0,0.0099983860342418,1.608987747049076,1.676656241794377
2020-01-14,-0.0098697305981233,0,0.6581444735530737,1.0,0.0,-0.0098697305981233,1.5931074714500202,1.6601080963822044
2020-01-15,-0.0002825867336834,0,0.4022413699090037,0.0,1.0,-0.0005,1.5923109177142953,1.6596389718576863
2020-01-16,0.0079929908969733,1,0.1925262315117983,0.0,0.0,0.0,1.5923109177142953,1.672904451052007
2020-01-17,-0.0075691811350186,0,0.5281701886641077,0.0,0.0,-0.0,1.5923109177142953,1.6602419342404156
2020-01-21,0.0078691033115549,1,0.876591755030758,1.0,1.0,0.0073691033115549,1.6040448213710488,1.6733065495431292
2020-01-22,0.0078475191306284,1,0.8254765446527934,1.0,0.0,0.0078475191306284,1.6166325937931436,1.6864378547020746
2020-01-23,0.0229619137752683,1,0.8152746281584914,1.0,0.0,0.0229619137752683,1.6537535720181102,1.7251616953090922
2020-01-24,-0.0747960291233458,0,0.3175360902836471,0.0,1.0,-0.0005,1.6529266952321013,1.5961264509042727
2020-01-27,0.019350205471591,1,0.5127651681828566,0.0,0.0,0.0,1.6529266952321013,1.6270118256879118
2020-01-28,0.0186947136762389,1,0.7748953029166656,1.0,1.0,0.0181947136762389,1.6830012231796612,1.6574283459170023
2020-01-29,-0.023363972076852,0,0.5966427022462008,1.0,0.0,-0.023363972076852,1.6436796295959837,1.6187042363236144
2020-01-30,0.0097676501379495,1,0.8080282403686262,1.0,0.0,0.0097676501379495,1.6597345171567517,1.6345151729808403
2020-01-31,-0.0338973226831345,0,0.8612096660406796,1.0,0.0,-0.0338973226831345,1.6034739606603527,1.5791094847318292
2020-02-03,0.0438268573799942,1,0.1501890698696592,0.0,1.0,-0.0005,1.6026722236800226,1.6483168909065673
2020-02-04,0.024224689386771,1,0.2359497386448192,0.0,0.0,0.0,1.6026722236800226,1.688246855599747
2020-02-05,0.0005952337947705,1,0.1978004019276963,0.0,0.0,0.0,1.6026722236800226,1.689251757182115
2020-02-06,0.001982971358154,1,0.1382046795913437,0.0,0.0,0.0,1.6026722236800226,1.6926014950333186
2020-02-07,-0.0005542938102285,0,0.4962458848861331,0.0,0.0,-0.0,1.6026722236800226,1.691663296501438
2020-02-10,0.0586932094532399,1,0.9513542797290748,1.0,1.0,0.0581932094532399,1.6959368640775236,1.7909524446873553
2020-02-11,0.0100629393386173,1,0.1235129155124312,0.0,1.0,-0.0005,1.695088895645485,1.8089746904965927
2020-02-12,0.000740602238447,1,0.1247339119133348,0.0,0.0,0.0,1.695088895645485,1.8103144212016686
2020-02-13,0.0630991883241185,1,0.3542875431325022,0.0,0.0,0.0,1.695088895645485,1.9245437917909403
2020-02-14,-0.0056395833436571,0,0.3899370048128314,0.0,0.0,-0.0,1.695088895645485,1.9136901666786175
2020-02-18,0.0554894152676295,1,0.1999897628964498,0.0,0.0,0.0,1.695088895645485,2.0198797150310264
2020-02-19,0.0374141819240947,1,0.096354779090752,0.0,0.0,0.0,1.695088895645485,2.0954518621539857
2020-02-20,-0.0274322138351456,0,0.0513550538413787,0.0,0.0,-0.0,1.695088895645485,2.0379689785901234
2020-02-21,-0.1117723287447951,0,0.5327926458123501,0.0,0.0,-0.0,1.695088895645485,1.8101804399434538
2020-02-24,0.0226138157321935,1,0.6911741676515296,1.0,1.0,0.0221138157321935,1.7325737791334765,1.8511155268543562
2020-02-25,-0.0515382447840149,0,0.8206042912785002,1.0,0.0,-0.0515382447840149,1.6432799675981296,1.7557122817078457
2020-02-26,-0.0267402237016641,0,0.659875930999901,1.0,0.0,-0.0267402237016641,1.5993382936600924,1.7087641425392188
2020-02-27,-0.048803443855246,0,0.6554698826304617,1.0,0.0,-0.048803443855246,1.5212850770399071,1.6253705676469483
2020-02-28,0.1420439578896621,1,0.9217818460988552,1.0,0.0,0.1420439578896621,1.7373744304611352,1.8562446361128877
2020-03-02,0.0063922347556548,1,0.8030735651730673,1.0,0.0,0.0063922347556548,1.7484801356791149,1.8681101875908463
2020-03-03,-0.0303943553058141,0,0.9055877925126512,1.0,0.0,-0.0303943553058141,1.6953362091901258,1.811330182798799
2020-03-04,0.023315978142286,1,0.9453484343878572,1.0,0.0,0.023315978142286,1.734864631187429,1.8535631177493987
2020-03-05,-0.0376851396933859,0,0.4334459486418157,0.0,1.0,-0.0005,1.7339971988718352,1.7837113327265046
2020-03-06,-0.0983914899910206,0,0.643970861854682,1.0,1.0,-0.0988914899910206,1.5625196322351433,1.6082093169856748
2020-03-09,0.069361909216735,1,0.7820079255204779,1.0,0.0,0.069361909216735,1.6708989771156035,1.7197577856319426
2020-03-10,-0.0042094545808637,0,0.8701473658081939,1.0,0.0,-0.0042094545808637,1.6638654037622238,1.7125185433432382
2020-03-11,-0.1174353951961006,0,0.4569592921033469,0.0,1.0,-0.0005,1.6630334710603427,1.5114082514250744
2020-03-12,0.0223544700166484,1,0.7422207600107562,1.0,1.0,0.0218544700166484,1.6993781861903134,1.5451949818644712
2020-03-13,-0.0784818252123696,0,0.6197751081888029,1.0,0.0,-0.0784818252123696,1.5660078844120116,1.4239252593787532
2020-03-16,-0.0541403896582581,0,0.5341722940490226,1.0,0.0,-0.0541403896582581,1.4812236073420408,1.3468333909917514
2020-03-17,-0.0040315971532388,0,0.8832190712276284,1.0,0.0,-0.0040315971532388,1.4752519104633706,1.341403501326742
2020-03-18,0.0092952179410494,1,0.3725699704099455,0.0,1.0,-0.0005,1.474514284508139,1.353872139218461
2020-03-19,0.084373043371879,1,0.8116741674890791,1.0,1.0,0.083873043371879,1.5981862850451454,1.4681024519407189
2020-03-20,-0.0606848176942249,0,0.1222599695984615,0.0,1.0,-0.0005,1.5973871919026228,1.3790109222882516
2020-03-23,0.1132177085933181,1,0.8119549464667376,1.0,1.0,0.1127177085933181,1.7774410159102014,1.5351393790348857
2020-03-24,0.1082968455587354,1,0.0799614452083737,0.0,1.0,-0.0005,1.7765522954022464,1.7013901312773598
2020-03-25,0.0005516303733872,1,0.1368362415963223,0.0,0.0,0.0,1.7765522954022464,1.7023286697507538
2020-03-26,-0.0155156352848767,0,0.0961333710314201,0.0,0.0,-0.0,1.7765522954022464,1.6759159589759118
2020-03-27,0.0214401883357249,1,0.1125583091844188,0.0,0.0,0.0,1.7765522954022464,1.7118479127712025
2020-03-30,0.0463658045059347,1,0.2402697664264016,0.0,0.0,0.0,1.7765522954022464,1.7912191184386446
2020-03-31,-0.0432259949782998,0,0.3378750652923269,0.0,0.0,-0.0,1.7765522954022464,1.713791889819981
2020-04-01,-0.044631368293616,0,0.3583394149363536,0.0,0.0,-0.0,1.7765522954022464,1.6373030128068133
2020-04-02,0.039796775546363,1,0.3937021496023746,0.0,0.0,0.0,1.7765522954022464,1.70246239330887
2020-04-03,0.0050404299449373,1,0.3792212379273119,0.0,0.0,0.0,1.7765522954022464,1.711043535736234
2020-04-06,0.0864283109842654,1,0.2831496772938893,0.0,0.0,0.0,1.7765522954022464,1.858926138550462
2020-04-07,-0.0500901545627077,0,0.4372379170019173,0.0,0.0,-0.0,1.7765522954022464,1.765812240949812
2020-04-08,0.0326108450600937,1,0.5222018778967987,0.0,0.0,0.0,1.7765522954022464,1.8233968703446433
2020-04-09,-0.0420955605507855,0,0.2730307290399105,0.0,0.0,-0.0,1.7765522954022464,1.7466399569809377
2020-04-13,0.0554595490146665,1,0.6516676126730913,1.0,1.0,0.0549595490146665,1.8741908083585246,1.8435078212860971
2020-04-14,0.0080000296747071,1,0.6901921683682949,1.0,0.0,0.0080000296747071,1.8891843904414563,1.8582559385619406
2020-04-15,0.035642009880499,1,0.8618866670449158,1.0,0.0,0.035642009880499,1.956518719151655,1.9244879150846612
2020-04-16,0.0380382945732222,1,0.8151715207711795,1.0,0.0,0.0380382945732222,2.0309413545287693,1.997692153301258
2020-04-17,-0.0361074381256083,0,0.1886932435737447,0.0,1.0,-0.0005,2.029925883851505,1.9255606074819194
2020-04-20,-0.0171633876880591,0,0.4315970137258019,0.0,0.0,-0.0,2.029925883851505,1.8925114642588525
2020-04-21,-0.0179945076581469,0,0.8530417907800063,1.0,1.0,-0.018494507658146902,1.9923834040471426,1.8584566522221158
2020-04-22,0.0382721274170019,1,0.6320460839835842,1.0,0.0,0.0382721274170019,2.068636155550355,1.9295837420149353
2020-04-23,-0.0147308543594824,0,0.8834410171985371,1.0,0.0,-0.0147308543594824,2.038163377620183,1.9011593249368883
2020-04-24,0.0401623802496118,1,0.9020679606124664,1.0,0.0,0.0401623802496118,2.120020870202998,1.9775144086600989
2020-04-27,0.0271533206816629,1,0.36669012092069,0.0,1.0,-0.0005,2.1189608597678964,2.0312104915510556
2020-04-28,-0.0205610684440268,0,0.0424298915152073,0.0,0.0,-0.0,2.1189608597678964,1.989446633610049
2020-04-29,-0.0016175204970529,0,0.7623356949413721,1.0,1.0,-0.0021175204970529,2.114473916714885,1.9862286629023918
2020-04-30,-0.040298281041227,0,0.1592191693947318,0.0,1.0,-0.0005,2.113416679756528,1.9061870620326107
2020-05-01,-0.0122033373494733,0,0.2311830120089213,0.0,0.0,-0.0,2.113416679756528,1.8829252182634253
2020-05-04,0.0519440475133585,1,0.7222378116725036,1.0,1.0,0.0514440475133585,2.2221393878454467,1.9807319752650017
2020-05-05,0.0049411873860487,1,0.2870346496667321,0.0,1.0,-0.0005,2.2210283181515242,1.9905191431163245
2020-05-06,0.0217223672668032,1,0.2569394912116623,0.0,0.0,0.0,2.2210283181515242,2.0337579309946996
2020-05-07,0.0144042635749142,1,0.3371337048106118,0.0,0.0,0.0,2.2210283181515242,2.0630527162803194
2020-05-08,0.0147846344638751,1,0.1118153904148287,0.0,0.0,0.0,2.2210283181515242,2.0935541965702287
2020-05-11,0.0404740242718237,1,0.2111193828604376,0.0,0.0,0.0,2.2210283181515242,2.1782887599365908
2020-05-12,-0.0253583576982724,0,0.2000143618648272,0.0,0.0,-0.0,2.2210283181515242,2.1230509343919923
2020-05-13,-0.0095675159197168,0,0.5165385950515613,0.0,0.0,-0.0,2.2210283181515242,2.102738610778827
2020-05-14,0.0061210783863692,1,0.3455768418766602,0.0,0.0,0.0,2.2210283181515242,2.1156096386414496
2020-05-15,0.1103645638898249,1,0.2573094748726002,0.0,0.0,0.0,2.2210283181515242,2.349097973771223
2020-05-18,0.0033961147965486,1,0.4209030186264397,0.0,0.0,0.0,2.2210283181515242,2.3570757801584903
2020-05-19,0.0228373493180158,1,0.5637702052414246,1.0,1.0,0.0223373493180158,2.2706402035392803,2.4109051431190043
2020-05-20,0.0067293513853297,1,0.6682603448650322,1.0,0.0,0.0067293513853297,2.2859201393385526,2.4271289709837505
2020-05-21,-0.0249958477634785,0,0.6011729697136734,1.0,0.0,-0.0249958477634785,2.2287816275361765,2.3664608247227124
2020-05-22,0.0375626610429433,1,0.1606042906056381,0.0,1.0,-0.0005,2.2276672367224086,2.455351390553176
2020-05-26,-0.0580720812189345,0,0.7082667522285527,1.0,1.0,-0.0585720812189345,2.0971881304043443,2.312764025179948
2020-05-27,-0.0246664698763218,0,0.7735480369071831,1.0,0.0,-0.0246664698763218,2.045457902560746,2.2557163010218058
2020-05-28,0.016909909285449,1,0.2949753880577465,0.0,1.0,-0.0005,2.044435173609466,2.2938602590457933
2020-05-29,0.0325849542129168,1,0.2611711612353019,0.0,0.0,0.0,2.044435173609466,2.36860559055763
2020-06-01,-0.0041884609570511,0,0.5416440798883118,0.0,0.0,-0.0,2.044435173609466,2.3586847785189264
2020-06-02,0.0029557968192341,1,0.491006400890581,0.0,0.0,0.0,2.044435173609466,2.3656565714848488
2020-06-03,-0.0102318652065863,0,0.4087439428962179,0.0,0.0,-0.0,2.044435173609466,2.3414514923203407
2020-06-04,0.007619367705143,1,0.3109576986961522,0.0,0.0,0.0,2.044435173609466,2.359291872204085
2020-06-05,0.009409199240012,1,0.5425622858937312,0.0,0.0,0.0,2.044435173609466,2.3814909194949947
2020-06-08,-0.0087019292944792,0,0.5731841153508238,1.0,1.0,-0.0092019292944792,2.0256224256947655,2.360767353898105
2020-06-09,0.0417894668504708,1,0.7115135601935252,1.0,0.0,0.0417894668504708,2.1102721069049073,2.4594225629755035
2020-06-10,-0.0019359979764212,0,0.5988012301888972,1.0,0.0,-0.0019359979764212,2.1061866243762415,2.4546611258704183
2020-06-11,0.0013662796055997,1,0.5932741837882781,1.0,0.0,0.0013662796055997,2.109064264206714,2.458014879305354
2020-06-12,-0.0378991573227781,0,0.8795848740462651,1.0,0.0,-0.0378991573227781,2.0291325058536946,2.364858186692831
2020-06-15,0.0464819817629595,1,0.356006336940262,0.0,1.0,-0.0005,2.028117939600768,2.4747814817986726
2020-06-16,-0.0120593797898731,0,0.1405051830116082,0.0,0.0,-0.0,2.028117939600768,2.4449371520127174
2020-06-17,0.0124260411387044,1,0.7529964507416113,1.0,1.0,0.011926041138704399,2.0523053575825907,2.4753180416451745
2020-06-18,0.0016795031818035,1,0.5844069235420899,1.0,0.0,0.0016795031818035,2.055752210960683,2.4794753461720935
2020-06-19,0.0062215013835384,1,0.3541795277667136,0.0,1.0,-0.0005,2.054724334855203,2.494901405468753
2020-06-22,0.0269891226786,1,0.4171447825764082,0.0,0.0,0.0,2.054724334855203,2.562236605571961
2020-06-23,-0.007826334370626,0,0.8784177859039428,1.0,1.0,-0.008326334370626,2.037616013003736,2.542183685160097
2020-06-24,-0.0127160187596313,0,0.5838183761006431,1.0,0.0,-0.0127160187596313,2.0117056495574555,2.509857229729173
2020-06-25,0.0154185755583207,1,0.7690921212663467,1.0,0.0,0.0154185755583207,2.042723285116258,2.5485556530663493
2020-06-26,-0.0347633301961723,0,0.5167043268012567,1.0,0.0,-0.0347633301961723,1.9717114210563516,2.4599593713754824
2020-06-29,0.0157312667151994,1,0.911570170105664,1.0,0.0,0.0157312667151994,2.002728939306394,2.4986576483551444
2020-06-30,0.0221977104189197,1,0.9303556985301004,1.0,0.0,0.0221977104189197,2.0471849363487076,2.5541221272693506
2020-07-01,0.0124200897550894,1,0.4503166910504258,0.0,1.0,-0.0005,2.0461613438805335,2.585844553335496
2020-07-02,0.0106599355035825,1,0.4253232876958238,0.0,0.0,0.0,2.0461613438805335,2.6134094894963424
2020-07-06,0.0209922465238552,1,0.625084608542209,1.0,1.0,0.0204922465238552,2.0880917865669164,2.668270825767632
2020-07-07,0.0047754431389428,1,0.1999952398123758,0.0,1.0,-0.0005,2.087047740673633,2.6810130013753857
2020-07-08,0.0386740627479849,1,0.6664413764203756,1.0,1.0,0.0381740627479849,2.1667188320841486,2.7846986664187408
2020-07-09,0.0200862546533797,1,0.6731246418185703,1.0,0.0,0.0200862546533797,2.2102400983076644,2.8406328329653547
2020-07-10,0.0005903124839909,1,0.3024601930354577,0.0,1.0,-0.0005,2.209134978258511,2.842309693989089
2020-07-13,-0.0490798815865731,0,0.5244051722387952,0.0,0.0,-0.0,2.209134978258511,2.702809470775736
2020-07-14,0.0336728275105462,1,0.6066206961295139,1.0,1.0,0.0331728275105462,2.2824182318397948,2.7938207078790382
2020-07-15,-0.0383370895288691,0,0.7269131603935723,1.0,0.0,-0.0383370895288691,2.1949169597434297,2.6867137532734713
2020-07-16,0.0210186021373068,1,0.6796591756508479,1.0,0.0,0.0210186021373068,2.241051046044704,2.743184720710357
2020-07-17,0.0047675729931817,1,0.5599525403294681,1.0,0.0,0.0047675729931817,2.2517354204881688,2.7562630541001245
2020-07-20,0.0232373961137246,1,0.7229686837243502,1.0,0.0,0.0232373961137246,2.3040598883973566,2.8203114304818735
2020-07-21,-0.0138400541439813,0,0.1763534979803598,0.0,1.0,-0.0005,2.302907858453158,2.781278167581115
2020-07-22,0.0079578411095186,1,0.7692431649485869,1.0,1.0,0.007457841109518599,2.3200825793513635,2.803411137320099
2020-07-23,-0.0550242092910229,0,0.9338765515711032,1.0,0.0,-0.0550242092910229,2.192421869932678,2.649155656171413
2020-07-24,0.0361774659151694,1,0.9382467748801188,1.0,0.0,0.0361774659151694,2.2717381374038395,2.7449953946265326
2020-07-27,0.0138774890466961,1,0.8790741984077197,1.0,0.0,0.0138774890466961,2.303264158522623,2.783089038148694
2020-07-28,0.0015905622598466,1,0.7603196601580484,1.0,0.0,0.0015905622598466,2.3069276435676267,2.787515714538566
2020-07-29,-0.0015157426344613,0,0.8872423664996502,1.0,0.0,-0.0015157426344613,2.3034309349836537,2.783290558125809
2020-07-30,0.0181445844871632,1,0.7073730141660046,1.0,0.0,0.0181445844871632,2.34522573219381,2.833792208810047
2020-07-31,0.0160224552854533,1,0.5808609659580002,1.0,0.0,0.0160224552854533,2.38280200662218,2.879196517763972
2020-08-03,0.0295833484818119,1,0.6228368138623673,1.0,0.0,0.0295833484818119,2.453293268747245,2.9643727916966034
2020-08-04,0.0175564169819608,1,0.5672751127041737,1.0,0.0,0.0175564169819608,2.496364308352409,3.0164165565176084
2020-08-05,0.0094049020036726,1,0.1702070169244642,0.0,1.0,-0.0005,2.495116126198233,3.044785658633912
2020-08-06,-0.0032821614237052,0,0.8677030428707918,1.0,1.0,-0.0037821614237052,2.4856791942380614,3.034792180601693
2020-08-07,0.0019229445786141,1,0.8835936526350964,1.0,0.0,0.0019229445786141,2.4904590175687957,3.0406279177726017
2020-08-10,-0.0229837283019246,0,0.6772226417217947,1.0,0.0,-0.0229837283019246,2.4332189841619165,2.9707429518432695
2020-08-11,-0.0074948393040074,0,0.9174199681737668,1.0,0.0,-0.0074948393040074,2.4149823988841628,2.9484777108056917
2020-08-12,0.0505194622276792,1,0.9284071614692028,1.0,0.0,0.0505194622276792,2.5369860109651015,3.097433219145894
2020-08-13,-0.0013857267322091,0,0.4701400616205415,0.0,1.0,-0.0005,2.535717517959619,3.0931410231328913
2020-08-14,0.0278620377600653,1,0.7927864276067408,1.0,1.0,0.0273620377600653,2.60509991643489,3.179322235116627
2020-08-17,0.0505222203522317,1,0.5830590487319525,1.0,0.0,0.0505222203522317,2.7367153484525937,3.339948653649939
2020-08-18,-0.0123293396035258,0,0.4652531378443426,0.0,1.0,-0.0005,2.7353469907783676,3.2987692924407503
2020-08-19,-0.0261457133065389,0,0.8620941966754351,1.0,1.0,-0.0266457133065389,2.6624617190681836,3.2125206162561804
2020-08-20,0.0189355365164449,1,0.744900856809143,1.0,0.0,0.0189355365164449,2.7128768601732363,3.2733514176951317
2020-08-21,0.0558934408836089,1,0.2068894904219575,0.0,1.0,-0.0005,2.71152042174315,3.456310291651352
2020-08-24,-0.0196371933970502,0,0.0683217574897567,0.0,0.0,-0.0,2.71152042174315,3.3884380580139797
2020-08-25,0.013340533756494,1,0.225832531909488,0.0,0.0,0.0,2.71152042174315,3.433641630308704
2020-08-26,-0.0013867624603567,0,0.3456885303452292,0.0,0.0,-0.0,2.71152042174315,3.4288799849934737
2020-08-27,-0.0083324165334497,0,0.4047868295766764,0.0,0.0,-0.0,2.71152042174315,3.4003091287152993
2020-08-28,0.0400591266140948,1,0.1730443301304271,0.0,0.0,0.0,2.71152042174315,3.536522542629568
2020-08-31,0.0228545101273789,1,0.3040949035634206,0.0,0.0,0.0,2.71152042174315,3.6173480328957996
2020-09-01,0.0907824957705201,1,0.4635870107564424,0.0,0.0,0.0,2.71152042174315,3.945739915392662
2020-09-02,-0.0595084892287874,0,0.1694678414905751,0.0,0.0,-0.0,2.71152042174315,3.710934894137921
2020-09-03,-0.0755672822814644,0,0.2572492677654086,0.0,0.0,-0.0,2.71152042174315,3.430509629464465
2020-09-04,-0.0820768139406056,0,0.8067996081278171,1.0,1.0,-0.0825768139406056,2.4876117043807136,3.148944328885454
2020-09-08,0.0567130085336873,1,0.9245718227982924,1.0,0.0,0.0567130085336873,2.6286916481997573,3.3275304354816413
2020-09-09,0.0475200978960272,1,0.5942871600995964,1.0,0.0,0.0475200978960272,2.753607332660679,3.4856550075277393
2020-09-10,-0.0387820438026771,0,0.3448894760465009,0.0,1.0,-0.0005,2.752230528994349,3.3504741823447777
2020-09-11,0.0476955524966624,1,0.7699007034500801,1.0,1.0,0.0471955524966624,2.8821235694084186,3.5102768995975153
2020-09-14,0.0152126810804211,1,0.3994523932194881,0.0,1.0,-0.0005,2.8806825076237144,3.563677622575062
2020-09-15,-0.0243036318848779,0,0.5226846460044049,0.0,0.0,-0.0,2.8806825076237144,3.477067313479621
2020-09-16,-0.0636709179663197,0,0.7198670775128245,1.0,1.0,-0.0641709179663197,2.6958264667399807,3.255679245799688
2020-09-17,0.0380394145775311,1,0.6760176473356968,1.0,0.0,0.0380394145775311,2.7983741273373837,3.379523378362126
2020-09-18,-0.053101708019844,0,0.5552975850422198,1.0,0.0,-0.053101708019844,2.649775681497228,3.2000649146781033
2020-09-21,0.0545074321353167,1,0.4654807849484827,0.0,1.0,-0.0005,2.6484507936564796,3.3744922358435283
2020-09-22,3.955108880626668e-05,1,0.4570194901163537,0.0,0.0,0.0,2.6484507936564796,3.374625700685624
2020-09-23,-0.0400183065057148,0,0.2656046688768391,0.0,0.0,-0.0,2.6484507936564796,3.2395788950535245
2020-09-24,0.0310838545518608,1,0.9322591134997724,1.0,1.0,0.0305838545518608,2.72945062751743,3.340277494236646
2020-09-25,0.0476196965028095,1,0.2923328036329299,0.0,1.0,-0.0005,2.7280859022036714,3.4993404947473605
2020-09-28,-0.007879412591549,0,0.180721101221218,0.0,0.0,-0.0,2.7280859022036714,3.4717677471909307
2020-09-29,0.0170049936865679,1,0.4580670030247061,0.0,0.0,0.0,2.7280859022036714,3.5308051358131425
2020-09-30,0.0456393711944473,1,0.1107425247397188,0.0,0.0,0.0,2.7280859022036714,3.6919488620217797
2020-10-01,-0.0387411028957374,0,0.0404369233716986,0.0,0.0,-0.0,2.7280859022036714,3.5489186912723936
2020-10-02,0.0008316236609651,1,0.0777796336985287,0.0,0.0,0.0,2.7280859022036714,3.551870056026897
2020-10-05,0.0448777301330143,1,0.4585635235068805,0.0,0.0,0.0,2.7280859022036714,3.7112699218688063
2020-10-06,0.01227401555166,1,0.1177663426140981,0.0,0.0,0.0,2.7280859022036714,3.7568221066062324
2020-10-07,0.0053748193176781,1,0.1024373311237159,0.0,0.0,0.0,2.7280859022036714,3.7770143466379
2020-10-08,-0.0218824326709742,0,0.4226320691968501,0.0,0.0,-0.0,2.7280859022036714,3.6943640845002923
2020-10-09,0.0161617375332721,1,0.566995955158562,1.0,1.0,0.0156617375332721,2.7708124675722052,3.754071427186333
2020-10-12,0.0219450826638427,1,0.873254401326445,1.0,0.0,0.0219450826638427,2.8316181762190835,3.8364548349819074
2020-10-13,-0.0004196188177606,0,0.2945726160918218,0.0,1.0,-0.0005,2.830202367130974,3.83484498633966
2020-10-14,-0.0335713393129329,0,0.6450702472351598,1.0,1.0,-0.0340713393129329,2.7337735819561884,3.706104104090752
2020-10-15,0.016364064763001,1,0.385448034638086,0.0,1.0,-0.0005,2.7324066951652104,3.766751031668517
2020-10-16,-0.0095285657034556,0,0.8630017251885351,1.0,1.0,-0.0100285657034556,2.705004575094184,3.730859296974704
2020-10-19,-0.0229807422832036,0,0.6939026623100343,1.0,0.0,-0.0229807422832036,2.642841562079058,3.6451213809760343
2020-10-20,0.0030552519616227,1,0.6155962572836888,1.0,0.0,0.0030552519616227,2.650916108945858,3.6562581452256144
2020-10-21,-0.0075230533137026,0,0.6505095666441475,1.0,0.0,-0.0075230533137026,2.6309731257281053,3.628751920270423
2020-10-22,-0.0053614939181628,0,0.3420888703332225,0.0,1.0,-0.0005,2.6296576391652415,3.6092963889193714
2020-10-23,-0.0017097108899765,0,0.7371326231767266,1.0,1.0,-0.0022097108899764998,2.6238468560430683,3.603125535578083
2020-10-26,-0.0090118783754715,0,0.6777968857264646,1.0,0.0,-0.0090118783754715,2.600201067300545,3.570654606479898
2020-10-27,-0.0081165248659186,0,0.8102467165913767,1.0,0.0,-0.0081165248659186,2.579096470681412,3.541673299578797
2020-10-28,-0.0272390574220707,0,0.6968365617421771,1.0,0.0,-0.0272390574220707,2.508844313819461,3.445201457201356
2020-10-29,0.0008956207605852,1,0.3993842659289401,0.0,1.0,-0.0005,2.507589891662551,3.448287051150824
2020-10-30,-0.0149610333825556,0,0.1714784258300007,0.0,0.0,-0.0,2.507589891662551,3.3966971134659225
2020-11-02,0.0040094871679281,1,0.8649613717188038,1.0,1.0,0.0035094871679281,2.5163902462097676,3.4103161269557027
2020-11-03,0.0535664360004222,1,0.6664324411999302,1.0,0.0,0.0535664360004222,2.65118430328545,3.5929946075114834
2020-11-04,0.0577516008948968,1,0.6645576547985739,1.0,0.0,0.0577516008948968,2.8042944410676065,3.800495798102003
2020-11-05,-0.003724581909122,0,0.3671404173813031,0.0,1.0,-0.0005,2.802892293847073,3.786340540206698
2020-11-06,0.0313789728030704,1,0.3460307118711648,0.0,0.0,0.0,2.802892293847073,3.905152017041007
2020-11-09,-0.0650061197370158,0,0.7294999668538773,1.0,1.0,-0.0655061197370158,2.6192856956363677,3.6512932374299907
2020-11-10,-0.0406236661916976,0,0.6477124376478833,1.0,0.0,-0.0406236661916976,2.5128807078761475,3.502964319784632
2020-11-11,0.0325766633743007,1,0.7003152547797785,1.0,0.0,0.0325766633743007,2.5947419767964033,3.6170792092424424
2020-11-12,0.0109985676183359,1,0.4161208148167801,0.0,1.0,-0.0005,2.5934446058080054,3.6568618995061724
2020-11-13,-0.0333705877492406,0,0.5529040448663535,1.0,1.0,-0.0338705877492406,2.5056031127141907,3.534830268601847
2020-11-16,0.0288480514306255,1,0.7669366068423448,1.0,0.0,0.0288480514306255,2.577884880174505,3.6368032339890046
2020-11-17,-0.0064381226694794,0,0.2119731881325827,0.0,1.0,-0.0005,2.576595937734418,3.613389048643824
2020-11-18,-0.0187517710341913,0,0.4473848967177962,0.0,0.0,-0.0,2.576595937734418,3.5456316045462004
2020-11-19,0.0182586875753592,1,0.5905339232008598,1.0,1.0,0.0177586875753592,2.622352900000583,3.610370184270929
2020-11-20,-0.0210160426887598,0,0.2485070616897434,0.0,1.0,-0.0005,2.621041723550583,3.5344944903560656
2020-11-23,-0.0021828138048592,0,0.9200265857685864,1.0,1.0,-0.0026828138048592,2.6140099566315294,3.5267793469893176
2020-11-24,-0.0083696896053019,0,0.7729748845454995,1.0,0.0,-0.0083696896053019,2.5921315046693545,3.4972612985486276
2020-11-25,0.026280489278929,1,0.7798672256008481,1.0,0.0,0.026280489278929,2.6602539888873915,3.589171036610748
2020-11-27,-0.0082243460627804,0,0.8480472959000512,1.0,0.0,-0.0082243460627804,2.6383751394678896,3.559652451927153
2020-11-30,0.0171315250060186,1,0.863267287129335,1.0,0.0,0.0171315250060186,2.6835745291449418,3.6206347269200787
2020-12-01,-0.0105059108232752,0,0.3311763390131413,0.0,1.0,-0.0005,2.6822327418803695,3.582596661355403
2020-12-02,0.0180528389458289,1,0.94165567347059,1.0,1.0,0.0175528389458289,2.7293135412138243,3.6472727018907167
2020-12-03,-0.0102301864390453,0,0.55670565257917,1.0,0.0,-0.0102301864390453,2.701392154836596,3.6099604221563344
2020-12-04,0.0113581458697489,1,0.4730013364875486,0.0,1.0,-0.0005,2.7000414587591774,3.6509628792152062
2020-12-07,-0.0011946274443646,0,0.643899531986742,1.0,1.0,-0.0016946274443646,2.695465894402242,3.6466013387613394
2020-12-08,-0.020942386246652,0,0.3895871475235359,0.0,1.0,-0.0005,2.694118161455041,3.570232805037441
2020-12-09,-0.0324422545663343,0,0.6716254584469082,1.0,1.0,-0.0329422545663343,2.6053678351486047,3.4544064035153386
2020-12-10,0.0076347783594554,1,0.4742002736283502,0.0,1.0,-0.0005,2.6040651512310307,3.4807800307696617
2020-12-11,0.0093118236074085,1,0.6701180240084781,1.0,1.0,0.0088118236074085,2.627011714005878,3.513192440432379
2020-12-14,0.0268756821111961,1,0.1066629961300481,0.0,1.0,-0.0005,2.6256982081488753,3.6076118836568973
2020-12-15,-0.001283585058593,0,0.6794174602728812,1.0,1.0,-0.001783585058593,2.6210150520564466,3.6029812069458327
2020-12-16,-0.0041535772546592,0,0.5274175910577763,1.0,0.0,-0.0041535772546592,2.6101284635521056,3.588015946155698
2020-12-17,0.0009164715327449,1,0.718449987487332,1.0,0.0,0.0009164715327449,2.6125205719857587,3.591304260629385
2020-12-18,-0.0227405468247084,0,0.8007583248567782,1.0,0.0,-0.0227405468247084,2.553110425588003,3.5096360379287677
2020-12-21,0.018699914042449,1,0.4737266799247305,0.0,1.0,-0.0005,2.551833870375209,3.5752659301583174
2020-12-22,-0.0047487835297325,0,0.2743875596019313,0.0,0.0,-0.0,2.551833870375209,3.5582877661947676
2020-12-23,-0.0165017019390202,0,0.3912338745855424,0.0,0.0,-0.0,2.551833870375209,3.4995699620637595
2020-12-24,0.0019366047230562,1,0.905145951004242,1.0,1.0,0.0014366047230562,2.555499846965845,3.5063472457809577
2020-12-28,-0.010526172514907,0,0.7574778320137047,1.0,0.0,-0.010526172514907,2.5286002147148645,3.4694388297746985
2020-12-29,0.0050482947097507,1,0.8383931637440344,1.0,0.0,0.0050482947097507,2.5413653338018842,3.486953579464854
2020-12-30,0.0112583981625757,1,0.8671766016414166,1.0,0.0,0.0112583981625757,2.569977036606393,3.5262110912368883
2020-12-31,-0.0024550355858198,0,0.4507100620969628,0.0,1.0,-0.0005,2.56869204808809,3.517554117524789
2021-01-04,-0.0003433295895992,0,0.8544599590224853,1.0,1.0,-0.0008433295895992001,2.566525794077369,3.5163464371132265
2021-01-05,0.0093702955079635,1,0.4741353665160869,0.0,1.0,-0.0005,2.5652425311803304,3.549295642337352
2021-01-06,-0.0192853938962177,0,0.0600960690240267,0.0,0.0,-0.0,2.5652425311803304,3.480846077820747
2021-01-07,0.0304608833092221,1,0.4356115355558034,0.0,0.0,0.0,2.5652425311803304,3.5868757240146083
2021-01-08,0.0042095363903016,1,0.2802662510469632,0.0,0.0,0.0,2.5652425311803304,3.6019748079023373
2021-01-11,0.0248719747956269,1,0.2284439519633046,0.0,0.0,0.0,2.5652425311803304,3.6915630345389676
2021-01-12,-0.0190875689939699,0,0.8315917636288752,1.0,1.0,-0.0195875689939699,2.51499566611457,3.6211000704216163
2021-01-13,0.0063011099659862,1,0.7446832742931686,1.0,0.0,0.0063011099659862,2.5308429303707367,3.643917020163183
2021-01-14,-0.0255617593439813,0,0.5530430041850264,1.0,0.0,-0.0255617593439813,2.4661501324471833,3.5507720902243345
2021-01-15,-0.0160075682629672,0,0.5825955108220353,1.0,0.0,-0.0160075682629672,2.4266730658553093,3.49393286360383
2021-01-19,0.0073369381566241,1,0.8034057481624335,1.0,0.0,0.0073369381566241,2.444477416065835,3.519567632947488
2021-01-20,0.0233950114301617,1,0.3463292077848214,0.0,1.0,-0.0005,2.4432551773578024,3.601907957949522
2021-01-21,0.023959292224245,1,0.3737851885141536,0.0,0.0,0.0,2.4432551773578024,3.6882071232788687
2021-01-22,0.0030387204418422,1,0.6977378072052964,1.0,1.0,0.0025387204418422,2.449457919221197,3.6994145536581247
2021-01-25,-0.0146028039434225,0,0.7070916412921586,1.0,0.0,-0.0146028039434225,2.4136889654591465,3.645392728225611
2021-01-26,-0.0258091488428015,0,0.733081090240046,1.0,0.0,-0.0258091488428015,2.351393707689384,3.55130824471237
2021-01-27,-0.0176680517911147,0,0.7324037457947356,1.0,0.0,-0.0176680517911147,2.3098491618806265,3.488563546718579
2021-01-28,0.0060595154683531,1,0.7716702032307886,1.0,0.0,0.0060595154683531,2.3238457286066048,3.509702551492253
2021-01-29,-0.001663397299647,0,0.5553123297306678,1.0,0.0,-0.001663397299647,2.3199802498968443,3.5038645217455366
2021-02-01,0.0264685579451402,1,0.7251012755394246,1.0,0.0,0.0264685579451402,2.38138678157282,3.5966067628712795
2021-02-02,0.0177065210748685,1,0.7849606305195728,1.0,0.0,0.0177065210748685,2.4235528568081524,3.6602901563160746
2021-02-03,-0.0076999059565724,0,0.6774409562701308,1.0,0.0,-0.0076999059565724,2.404891727729947,3.632106266338673
2021-02-04,0.0143373791384688,1,0.6166605702686433,1.0,0.0,0.0143373791384688,2.4393715722173788,3.6841811509503795
2021-02-05,0.0001640663893669,1,0.4399381372003234,0.0,1.0,-0.0005,2.43815188643127,3.6847856012495894
2021-02-08,0.0446920688523895,1,0.5604953976610805,1.0,1.0,0.0441920688523895,2.5458988624690244,3.8494662930469294
2021-02-09,0.0085419991936488,1,0.6927148956427056,1.0,0.0,0.0085419991936488,2.5676459284993465,3.882348431018115
2021-02-10,0.0357458589880497,1,0.6951695714279745,1.0,0.0,0.0357458589880497,2.659428637790724,4.021126310575765
2021-02-11,0.0046559930195491,1,0.7780002314220772,1.0,0.0,0.0046559930195491,2.6718109189642667,4.039848646608531
2021-02-12,0.000946946167561,1,0.7732909028840718,1.0,0.0,0.000946946167561,2.6743409800744278,4.043674165801964
2021-02-16,0.007086274030098,1,0.753561481741484,1.0,0.0,0.007086274030098,2.6932920931091564,4.072328749029265
2021-02-17,-0.0291345205788057,0,0.3566844837945158,0.0,1.0,-0.0005,2.691945447062602,3.95368340328701
2021-02-18,0.0200624290123125,1,0.7212252953257294,1.0,1.0,0.0195624290123125,2.744606438775782,4.033003895902614
2021-02-19,-0.0166226333989069,0,0.75935023139078,1.0,0.0,-0.0166226333989069,2.6989838521197327,3.9659647506446616
2021-02-22,-0.0473445045283403,0,0.7882819934861764,1.0,0.0,-0.0473445045283403,2.5712017989111327,3.7781981145485277
2021-02-23,0.0033747109495061,1,0.7813377205773683,1.0,0.0,0.0033747109495061,2.579878861775308,3.790948441095098
2021-02-24,-0.0054698079988783,0,0.6461394591542141,1.0,0.0,-0.0054698079988783,2.5657674197410323,3.770212680988661
2021-02-25,-0.0208607698055195,0,0.7885525052953822,1.0,0.0,-0.0208607698055195,2.5122435362233126,3.691563142132706
2021-02-26,0.0089076277952102,1,0.6150202909995998,1.0,0.0,0.0089076277952102,2.5346216665749126,3.724446212585341
2021-03-01,0.0018014447523202,1,0.2947756769000513,0.0,1.0,-0.0005,2.533354355741625,3.731155596670302
2021-03-02,-0.0340826104770288,0,0.5927215144545847,1.0,1.0,-0.0345826104770288,2.4457443488567283,3.603988073839802
2021-03-03,-0.0465879151875099,0,0.8764015687551249,1.0,0.0,-0.0465879151875099,2.3318022185618594,3.436085783118956
2021-03-04,-0.019588582483055,0,0.7643961408974846,1.0,0.0,-0.019588582483055,2.28612551846939,3.368777733337478
2021-03-05,-0.0079681238806862,0,0.5315351418562629,1.0,0.0,-0.0079681238806862,2.2679093871314278,3.3419348950317476
2021-03-08,-0.0253465290993961,0,0.7393565373295014,1.0,0.0,-0.0253465290993961,2.2104257558557077,3.2572284449665383
2021-03-09,0.0585522744021229,1,0.7946812105769895,1.0,0.0,0.0585522744021229,2.339851211258091,3.4479465786666195
2021-03-10,0.0085275842032639,1,0.5748390529454424,1.0,0.0,0.0085275842032639,2.3598044894852035,3.477349233444555
2021-03-11,-0.0233012780692679,0,0.2122914436961768,0.0,1.0,-0.0005,2.358624587240461,3.396322552012108
2021-03-12,0.0171169763494705,1,0.0738119303240983,0.0,0.0,0.0,2.358624587240461,3.4544573248100727
2021-03-15,0.038224674755422,1,0.3698173784619977,0.0,0.0,0.0,2.358624587240461,3.586502832507423
2021-03-16,-0.0237151486281672,0,0.2663453870812941,0.0,0.0,-0.0,2.358624587240461,3.5014483847791666
2021-03-17,0.0074198572748183,1,0.6921262067012508,1.0,1.0,0.0069198572748183,2.3749459327490423,3.527428632049371
2021-03-18,-0.0294221639878099,0,0.591830800486253,1.0,0.0,-0.0294221639878099,2.3050698840535175,3.4236440483819184
2021-03-19,0.0127650121726476,1,0.4291221164924405,0.0,1.0,-0.0005,2.303917349111491,3.4673469063343263
2021-03-22,0.0264466784611459,1,0.1827890532769272,0.0,0.0,0.0,2.303917349111491,3.559046715079399
2021-03-23,-0.0077711384532752,0,0.5413523790229221,0.0,0.0,-0.0,2.303917349111491,3.531388870294843
2021-03-24,-0.0495579299195727,0,0.8881462396375506,1.0,1.0,-0.050057929919572704,2.1885880159091804,3.356380548142012
2021-03-25,0.0044001627965257,1,0.3791934887710993,0.0,1.0,-0.0005,2.187493721901226,3.371149168960929
2021-03-26,0.0211675024383677,1,0.667885186863546,1.0,1.0,0.0206675024383677,2.2327037537325336,3.442507977215011
2021-03-29,0.0016967822962927,1,0.6730736400910725,1.0,0.0,0.0016967822962927,2.236492165934733,3.448349163805596
2021-03-30,0.0135102662239245,1,0.7427023563100914,1.0,0.0,0.0135102662239245,2.266707770504233,3.4949372790416575
2021-03-31,0.0427759043714344,1,0.6205133760257361,1.0,0.0,0.0427759043714344,2.3636682453333093,3.6444363818741046
2021-04-01,0.0217539085771747,1,0.5227866476039574,1.0,0.0,0.0217539085771747,2.4150872682490614,3.723717117740723
2021-04-05,0.0095366240778165,1,0.6206423831124537,1.0,0.0,0.0095366240778165,2.4381190476414734,3.759228808064747
2021-04-06,-0.0084999748011896,0,0.4200704015375462,0.0,1.0,-0.0005,2.436899988117653,3.7272754579242906
2021-04-07,0.0267997010001661,1,0.3557931721420429,0.0,0.0,0.0,2.436899988117653,3.827165325741919
2021-04-08,-0.0027188338672061,0,0.2265315024855946,0.0,0.0,-0.0,2.436899988117653,3.816759899038895
2021-04-09,0.0053292370938202,1,0.6487674601444705,1.0,1.0,0.0048292370938202,2.4486683559342004,3.8371003174710587
2021-04-12,0.0659037616365874,1,0.605506680529303,1.0,0.0,0.0659037616365874,2.6100448115907424,4.089979662169346
2021-04-13,0.0258346935526507,1,0.1248211434057678,0.0,1.0,-0.0005,2.608739789184947,4.195643033378065
2021-04-14,0.0024002493152386,1,0.1359876721859276,0.0,0.0,0.0,2.608739789184947,4.205713622695916
2021-04-15,0.0249319489172175,1,0.7727722162999026,1.0,1.0,0.0244319489172175,2.6724763864526264,4.310570259897417
2021-04-16,-0.0321746167088538,0,0.0959874947826025,0.0,1.0,-0.0005,2.6711401482594,4.171879313988633
2021-04-19,-0.0137258513380361,0,0.7276058619202658,1.0,1.0,-0.0142258513380361,2.633140905607202,4.114616718724597
2021-04-20,-0.0133456642840932,0,0.6569611369067841,1.0,0.0,-0.0133456642840932,2.5979998910682554,4.059704425338781
2021-04-21,0.0169491653501492,1,0.4575940593729954,0.0,1.0,-0.0005,2.596700891122721,4.128513026916581
2021-04-22,-0.0286669241477902,0,0.6848203436541862,1.0,1.0,-0.0291669241477902,2.5209631131968457,4.010161257130799
2021-04-23,0.0167905755536046,1,0.7860526958025104,1.0,0.0,0.0167905755536046,2.5632915348168277,4.077494172700792
2021-04-26,0.0259137326836469,1,0.3836147024207082,0.0,1.0,-0.0005,2.5620098890494196,4.183157266711288
2021-04-27,-0.0137370041770222,0,0.1279614857627531,0.0,0.0,-0.0,2.5620098890494196,4.125693217865335
2021-04-28,0.0023105581360443,1,0.6226775546522737,1.0,1.0,0.0018105581360442998,2.5666485568986643,4.135225871896696
2021-04-29,-0.0146426782754695,0,0.6868981171214344,1.0,0.0,-0.0146426782754695,2.529065947833799,4.074675089858115
2021-04-30,-0.003262303258453,0,0.6856018976838626,1.0,0.0,-0.003262303258453,2.5208153677513385,4.061382264035333
2021-05-03,-0.0322477423410884,0,0.6523668447248678,1.0,0.0,-0.0322477423410884,2.4395247632826376,3.9304118552360556
2021-05-04,0.004901692100151,1,0.3490485086654919,0.0,1.0,-0.0005,2.4383050009009963,3.949677523977206
2021-05-05,-0.0145319840630311,0,0.724941628757268,1.0,1.0,-0.015031984063031101,2.4016524389866434,3.892280873144657
2021-05-06,0.0215934272922742,1,0.6902013719940144,1.0,0.0,0.0215934272922742,2.4535123463092146,3.9763285571800155
2021-05-07,-0.0014181370387081,0,0.6604159600996471,1.0,0.0,-0.0014181370387081,2.4500329295759857,3.970689578375006
2021-05-10,-0.0650729763501479,0,0.473000774593866,0.0,1.0,-0.0005,2.4488079131111977,3.7123049893476305
2021-05-11,0.0133454033370938,1,0.8373151439192266,1.0,1.0,0.012845403337093799,2.4802638384501776,3.7618471967407805
2021-05-12,0.0017309526515536,1,0.7342615862054658,1.0,0.0,0.0017309526515536,2.4845570577178955,3.7683587761207185
2021-05-13,-0.0102430318016762,0,0.6358053043027733,1.0,0.0,-0.0102430318016762,2.459107660762612,3.729759357336788
2021-05-14,0.0192221893837916,1,0.2998671643868089,0.0,1.0,-0.0005,2.457878106932231,3.8014534980594847
2021-05-17,0.0077701896744772,1,0.6051284151752797,1.0,1.0,0.0072701896744772,2.475747346966373,3.830991512778112
2021-05-18,-0.049099478315698,0,0.7083121614634357,1.0,0.0,-0.049099478315698,2.354189443788851,3.6428918280688403
2021-05-19,0.054251464538257,1,0.4091167890337637,0.0,1.0,-0.0005,2.3530123490669568,3.840524044896023
2021-05-20,0.060216902537018,1,0.5247191110898095,0.0,0.0,0.0,2.3530123490669568,4.071788506998601
2021-05-21,0.0032146195501741,1,0.3714107966127225,0.0,0.0,0.0,2.3530123490669568,4.084877757937373
2021-05-24,0.0363845340877779,1,0.5370462013543145,0.0,0.0,0.0,2.3530123490669568,4.233504131965451
2021-05-25,-0.0020137258292113,0,0.3637294863780854,0.0,0.0,-0.0,2.3530123490669568,4.22497901534684
2021-05-26,-0.0021927731350269,0,0.4107664864828006,0.0,0.0,-0.0,2.3530123490669568,4.2157145948659345
2021-05-27,-0.0126592998469581,0,0.4864229833354126,0.0,0.0,-0.0,2.3530123490669568,4.162346599740329
2021-05-28,0.0496098551840742,1,0.7177664803223998,1.0,1.0,0.0491098551840742,2.4685684447759737,4.36884001177937
2021-06-01,-0.0010909673812629,0,0.3890009075399445,0.0,1.0,-0.0005,2.4673341605535857,4.364073749832563
2021-06-02,0.0275959024188829,1,0.5157548918316083,0.0,0.0,0.0,2.4673341605535857,4.484504303181751
2021-06-03,0.0246546077911078,1,0.3244030373580185,0.0,0.0,0.0,2.4673341605535857,4.595067997914232
2021-06-04,0.0268080229277487,1,0.8191566916303915,1.0,1.0,0.0263080229277487,2.5322448442198473,4.718252686156882
2021-06-07,-0.0025042069182918,0,0.4256709055608648,0.0,1.0,-0.0005,2.5309787217977373,4.706437205137959
2021-06-08,-0.0004269096267318,0,0.2205718577848772,0.0,0.0,-0.0,2.5309787217977373,4.704427981787477
2021-06-09,-0.0094632008090166,0,0.7480366630243802,1.0,1.0,-0.0099632008090166,2.5057620725491185,4.659909035104265
2021-06-10,0.0074642812492247,1,0.7548098042263681,1.0,0.0,0.0074642812492247,2.524465785402265,4.694691906738087
2021-06-11,0.0243998856930216,1,0.3543600087043363,0.0,1.0,-0.0005,2.5232035525095644,4.80924185262645
2021-06-14,0.0005028227250163,1,0.0474989665229107,0.0,0.0,0.0,2.5232035525095644,4.811660048720051
2021-06-15,-0.006935764656169,0,0.2390258120668031,0.0,0.0,-0.0,2.5232035525095644,4.778287507016638
2021-06-16,-0.000913394072068,0,0.3800150814115602,0.0,0.0,-0.0,2.5232035525095644,4.773923047533092
2021-06-17,0.0567950669165238,1,0.3158314703529742,0.0,0.0,0.0,2.5232035525095644,5.045058326472069
2021-06-18,-0.0185666667656232,0,0.3883109542364443,0.0,0.0,-0.0,2.5232035525095644,4.951388409711329
2021-06-21,0.0019667832778389,1,0.2621414511768059,0.0,0.0,0.0,2.5232035525095644,4.961126717637636
2021-06-22,0.029031026796217,1,0.5695275462896555,1.0,1.0,0.028531026796217,2.595193140678525,5.105153320316802
2021-06-23,0.0115741377554061,1,0.328174800258353,0.0,1.0,-0.0005,2.593895544108186,5.164241068108618
2021-06-24,0.0027434861196806,1,0.3569676817843612,0.0,0.0,0.0,2.593895544108186,5.178409091797659
2021-06-25,0.0041880630515778,1,0.593599783135055,1.0,1.0,0.0036880630515778,2.603461994424064,5.2000965955809715
2021-06-28,0.0269221072719201,1,0.1638631595811801,0.0,1.0,-0.0005,2.602160263426852,5.340094153951549
2021-06-29,0.0058718424853396,1,0.0953887539558976,0.0,0.0,0.0,2.602160263426852,5.371450345680436
2021-06-30,0.0062879055634907,1,0.0847382537406365,0.0,0.0,0.0,2.602160263426852,5.405225518193054
2021-07-01,0.0156649586415158,1,0.0991151586338116,0.0,0.0,0.0,2.602160263426852,5.489898152383614
2021-07-02,0.0145422088389812,1,0.2695479894720302,0.0,0.0,0.0,2.602160263426852,5.569733397820315
2021-07-06,0.0055938501214516,1,0.2921147674485704,0.0,0.0,0.0,2.602160263426852,5.600889651664165
2021-07-07,-0.0478098399340932,0,0.3129575322729908,0.0,0.0,-0.0,2.602160263426852,5.333112013929583
2021-07-08,0.0053382229799854,1,0.6653613327445173,1.0,1.0,0.0048382229799854,2.6147500950109688,5.361581355037178
2021-07-09,0.0139012955064967,1,0.6088843141057412,1.0,0.0,0.0139012955064967,2.651098508757357,5.436114281835673
2021-07-12,0.0079294706022463,1,0.7460244882584077,1.0,0.0,0.0079294706022463,2.6721203164462075,5.47921979022394
2021-07-13,-0.0020951079607292,0,0.6301688371887125,1.0,0.0,-0.0020951079607292,2.666521935899195,5.467740233222857
2021-07-14,-0.0268204074828082,0,0.6674472523735617,1.0,0.0,-0.0268204074828082,2.595004731016532,5.321093212157675
2021-07-15,-0.0394336189481104,0,0.7026088979197691,1.0,0.0,-0.0394336189481104,2.4926743032850824,5.1112632500420725
2021-07-16,-0.058603222443762,0,0.8836243399018859,1.0,0.0,-0.058603222443762,2.346595556609817,4.81172675283123
2021-07-19,0.0454780386405353,1,0.8935677511242064,1.0,0.0,0.0454780386405353,2.4533141200070268,5.030554648024187
2021-07-20,0.0081149571138718,1,0.8487405529452127,1.0,0.0,0.0081149571138718,2.47322265887774,5.071377383251892
2021-07-21,0.0402503924031443,1,0.6886172974255801,1.0,0.0,0.0402503924031443,2.5727708413979173,5.275502312952211
2021-07-22,0.0007128456986362,1,0.6058790796461831,1.0,0.0,0.0007128456986362,2.574604830025785,5.279262932084145
2021-07-23,-0.0175520755515109,0,0.5197488984171023,1.0,0.0,-0.0175520755515109,2.5294151715338873,5.186600910243913
2021-07-26,-0.0023823989981235,0,0.5153515887161946,1.0,0.0,-0.0023823989981235,2.5233890953633864,5.1742443574316805
2021-07-27,0.0028030976739723,1,0.2852149081838059,0.0,1.0,-0.0005,2.522127400815705,5.188748269754562
2021-07-28,0.0103528581986136,1,0.2039321030256648,0.0,0.0,0.0,2.522127400815705,5.242466644819633
2021-07-29,-0.0051745096700442,0,0.4456027511374493,0.0,0.0,-0.0,2.522127400815705,5.215339450471129
2021-07-30,0.0145223078852896,1,0.2131383961728309,0.0,0.0,0.0,2.522127400815705,5.291078215697168
2021-08-02,0.0020304485968005,1,0.6512993531392103,1.0,1.0,0.0015304485968004999,2.525987387157235,5.301821478035793
2021-08-03,0.0126647928048728,1,0.48614170784738,1.0,0.0,0.0126647928048728,2.5579784940433035,5.368967948543541
2021-08-04,0.0255126728785495,1,0.5905458438633907,1.0,0.0,0.0255126728785495,2.623239362592195,5.505944671510149
2021-08-05,0.0011708316776426,1,0.6466365911526075,1.0,0.0,0.0011708316776426,2.626310734335957,5.512391205946901
2021-08-06,-0.0038004571536791,0,0.4678610732497209,0.0,1.0,-0.0005,2.6249975789687894,5.491441599354383
2021-08-09,-0.0060647310309217,0,0.653383901072267,1.0,1.0,-0.0065647310309217,2.6077651759060387,5.458137483082284
2021-08-10,-0.013728997130229,0,0.6824642779714641,1.0,0.0,-0.013728997130229,2.5719631752897136,5.383202729240652
2021-08-11,-0.0086312127867841,0,0.2609017213059692,0.0,1.0,-0.0005,2.570677193702069,5.336739161010178
2021-08-12,0.0017614113538204,1,0.7837151909625633,1.0,1.0,0.0012614113538203999,2.5739198751012116,5.34613935396076
2021-08-13,0.011554756907917,1,0.7799441979356354,1.0,0.0,0.011554756907917,2.6036608935584624,5.407912694591626
2021-08-16,-0.0223492252909279,0,0.7887043296237061,1.0,0.0,-0.0223492252909279,2.5454710896671457,5.287050035426528
2021-08-17,-0.009398143497309,0,0.6979030948198491,1.0,0.0,-0.009398143497309,2.521548387098202,5.237361580516136
2021-08-18,-0.0003072748290069,0,0.3935869940620122,0.0,1.0,-0.0005,2.520287612904653,5.235752271132036
2021-08-19,0.0254948309610747,1,0.3810039452403708,0.0,0.0,0.0,2.520287612904653,5.36923689023861
2021-08-20,0.049022013880537,1,0.0452671946602967,0.0,0.0,0.0,2.520287612904653,5.632447695599779
2021-08-23,0.0372897017506128,1,0.7995436882683972,1.0,1.0,0.0367897017506128,2.613008242509179,5.842479990294621
2021-08-24,-0.0007356274295382,0,0.2930738033860675,0.0,1.0,-0.0005,2.6117017383879246,5.838182101757233
2021-08-25,0.0213000819739301,1,0.4821705897589712,0.0,0.0,0.0,2.6117017383879246,5.962535859103394
2021-08-26,-0.0007205683818932,0,0.3934833480708042,0.0,0.0,-0.0,2.6117017383879246,5.95823944428742
2021-08-27,0.0291200248176004,1,0.507402570225489,0.0,0.0,0.0,2.6117017383879246,6.131743524774276
2021-08-30,-0.0057380386063132,0,0.1752648845254457,0.0,0.0,-0.0,2.6117017383879246,6.09655934370511
2021-08-31,-0.0092531203311853,0,0.6183211183253164,1.0,1.0,-0.0097531203311853,2.5862294970642616,6.040147146491594
2021-09-01,0.0014675627714486,1,0.7846876318628483,1.0,0.0,0.0014675627714486,2.5900249511925755,6.049011441577857
2021-09-02,-0.0085708113484537,0,0.8792322055444254,1.0,0.0,-0.0085708113484537,2.5678263359481157,5.9971665056674555
2021-09-03,0.022754720232833,1,0.7281272076538199,1.0,0.0,0.022754720232833,2.626256505829116,6.133630351693635
2021-09-07,-0.014014673013928,0,0.5389743255563147,1.0,0.0,-0.014014673013928,2.58945037964922,6.047669527926344
2021-09-08,-0.0089283939984128,0,0.5420158077826853,1.0,0.0,-0.0089283939984128,2.566330746420372,5.993673551608823
2021-09-09,0.0016133694459068,1,0.723449057995407,1.0,0.0,0.0016133694459068,2.570471186034738,6.003343561385728
2021-09-10,0.0150350499898623,1,0.8309807254278565,1.0,0.0,0.0150350499898623,2.609118348814271,6.093604131937481
2021-09-13,-0.018030353587271,0,0.7364397119572502,1.0,0.0,-0.018030353587271,2.562075022434113,5.983734294817793
2021-09-14,0.0015264455098471,1,0.9170663700392808,1.0,0.0,0.0015264455098471,2.565985890347999,5.992868139164236
2021-09-15,-0.0056479725838924,0,0.7088794543921336,1.0,0.0,-0.0056479725838924,2.5514932723886585,5.959020584215354
2021-09-16,0.0052744851879464,1,0.8340711306193904,1.0,0.0,0.0052744851879464,2.5649510858610176,5.990451350021466
2021-09-17,-0.051749052141099,0,0.8514424483091161,1.0,0.0,-0.051749052141099,2.432217298379427,5.680451170760488
2021-09-20,0.0128155473837936,1,0.8319187370747498,1.0,0.0,0.0128155473837936,2.463387494414491,5.753249261900695
2021-09-21,-0.0023812309751397,0,0.501538060043532,1.0,0.0,-0.0023812309751397,2.4575215998090196,5.739549446550558
2021-09-22,0.0362256868726389,1,0.1310113810990038,0.0,1.0,-0.0005,2.4562928390091154,5.947468567591327
2021-09-23,-0.0031615970899632,0,0.6156785579539062,1.0,1.0,-0.0036615970899632,2.447298884297702,5.928665068275382
2021-09-24,-0.0163116719168364,0,0.488091701821958,1.0,0.0,-0.0163116719168364,2.407379347814598,5.831958628776866
2021-09-27,-0.0228465823504353,0,0.7950699921734135,1.0,0.0,-0.0228465823504353,2.3523789572960148,5.698718305700184
2021-09-28,-0.0129162314783966,0,0.4594186046360019,0.0,1.0,-0.0005,2.351202767817367,5.625112340933584
2021-09-29,-0.0082137525803982,0,0.5293436164358051,0.0,0.0,-0.0,2.351202767817367,5.578909059928211
2021-09-30,-0.0008668137349707,0,0.477940662740722,0.0,0.0,-0.0,2.351202767817367,5.574073184928913
2021-10-01,-0.0118553581555489,0,0.5977200024244022,1.0,1.0,-0.0123553581555489,2.3221528155246656,5.50799055093634
2021-10-04,-0.0270189674713464,0,0.8289418999117278,1.0,0.0,-0.0270189674713464,2.259410644138509,5.359170333408107
2021-10-05,0.0085213514132325,1,0.9635063730318694,1.0,0.0,0.0085213514132325,2.2786638762240115,5.404837707102448
2021-10-06,0.0483098726758022,1,0.8254237642232121,1.0,0.0,0.0483098726758022,2.3887458379553435,5.665944728565942
2021-10-07,0.0004267389299463,1,0.5231429444712196,1.0,0.0,0.0004267389299463,2.3897652087981465,5.668362607756546
2021-10-08,-0.0249275660546519,0,0.4623756570551471,0.0,1.0,-0.0005,2.3885703261937477,5.527064124429976
2021-10-11,0.0122961913330064,1,0.4596674207441349,0.0,0.0,0.0,2.3885703261937477,5.595025962413763
2021-10-12,0.0043214066383354,1,0.7473917557335015,1.0,1.0,0.0038214066383354,2.397698024694395,5.619204344749397
2021-10-13,0.0176879180596052,1,0.698013124881839,1.0,0.0,0.0176879180596052,2.440108310886867,5.718596370759502
2021-10-14,0.0245209795078782,1,0.7948003226758354,1.0,0.0,0.0245209795078782,2.499942156775127,5.858821955180723
2021-10-15,-0.0027969461520946,0,0.6488994539704309,1.0,0.0,-0.0027969461520946,2.492949953179276,5.842435145657372
2021-10-18,0.0242309608224364,1,0.671249451210363,1.0,0.0,0.0242309608224364,2.553356525827058,5.984002962779422
2021-10-19,0.0013019101643156,1,0.3236730010692414,0.0,1.0,-0.0005,2.5520798475641446,5.991793597059959
2021-10-20,-0.0093254225616357,0,0.1756390279026428,0.0,0.0,-0.0,2.5520798475641446,5.935917589865272
2021-10-21,0.0328552331935858,1,0.2930525397943594,0.0,0.0,0.0,2.5520798475641446,6.130943546498203
2021-10-22,0.0065723537425459,1,0.4736895559719379,0.0,0.0,0.0,2.5520798475641446,6.171238276261369
2021-10-25,0.0442257804318988,1,0.1619904273470096,0.0,0.0,0.0,2.5520798475641446,6.444166105260234
2021-10-26,0.0202174985259175,1,0.5722090403035536,1.0,1.0,0.0197174985259175,2.602400478196514,6.574451023994102
2021-10-27,0.0165073352267728,1,0.2699281639676928,0.0,1.0,-0.0005,2.6010992779574162,6.682977690979172
2021-10-28,0.0049442690535108,1,0.6101459390073367,1.0,1.0,0.004444269053510801,2.6126592629835512,6.716020130761984
2021-10-29,0.0259189754347202,1,0.2726039534696756,0.0,1.0,-0.0005,2.6113529333520598,6.89009249155029
2021-11-01,0.0067451131687075,1,0.2190369777986201,0.0,0.0,0.0,2.6113529333520598,6.936566945148659
2021-11-02,0.0328398925018147,1,0.3185159164596263,0.0,0.0,0.0,2.6113529333520598,7.164363057958982
2021-11-03,0.0209599018855455,1,0.379087695917485,0.0,0.0,0.0,2.6113529333520598,7.314527404726229
2021-11-04,0.1086341360736695,1,0.3119756864335729,0.0,0.0,0.0,2.6113529333520598,8.109134770125843
2021-11-05,-0.0012587138834803,0,0.1704140688280563,0.0,0.0,-0.0,2.6113529333520598,8.098927689607672
2021-11-08,0.0707485934186937,1,0.3621344681754671,0.0,0.0,0.0,2.6113529333520598,8.671915431847125
2021-11-09,-0.0906386667959824,0,0.1827821974763017,0.0,0.0,-0.0,2.6113529333520598,7.885904578536996
2021-11-10,0.0378797033707274,1,0.4276679296745325,0.0,0.0,0.0,2.6113529333520598,8.18462030478184
2021-11-11,-0.0150321707008139,0,0.7373516441554737,1.0,1.0,-0.0155321707008139,2.5707929538311642,8.061587695239012
2021-11-12,0.0180606922281592,1,0.4148056871480439,0.0,1.0,-0.0005,2.5695075573542487,8.20718554947304
2021-11-15,-0.0259556464813227,0,0.4963071567163404,0.0,0.0,-0.0,2.5695075573542487,7.994162742744298
2021-11-16,0.0221443252811357,1,0.904743153114338,1.0,1.0,0.0216443252811357,2.625122814737961,8.171188082869964
2021-11-17,0.0640740948219382,1,0.3871495786210511,0.0,1.0,-0.0005,2.623810253330592,8.694749562899666
2021-11-18,-0.0038310293066318,0,0.7660821878795688,1.0,1.0,-0.0043310293066318,2.612446454228376,8.661439722510373
2021-11-19,0.039512287244614,1,0.1310913294700506,0.0,1.0,-0.0005,2.611140231001262,9.003673016778114
2021-11-22,-0.0591341171799725,0,0.2577631892274768,0.0,0.0,-0.0,2.611140231001262,8.4712487615538
2021-11-23,-0.0023465441595853,0,0.5953088613959595,1.0,1.0,-0.0028465441595853,2.603707505026847,8.451370602247982
2021-11-24,0.0362035353792227,1,0.8228520565419785,1.0,0.0,0.0362035353792227,2.6979709218022343,8.75734009684939
2021-11-26,-0.0071778763526448,0,0.6579891938470402,1.0,0.0,-0.0071778763526448,2.678605220122507,8.694480992456146
2021-11-29,0.0248100667850401,1,0.7617450222850971,1.0,0.0,0.0248100667850401,2.7450615945245036,8.910191646540245
2021-11-30,0.0016300132429678,1,0.385274867317465,0.0,1.0,-0.0005,2.7436890637272415,8.924715376921487
2021-12-01,-0.0603573037499695,0,0.4442764073350843,0.0,0.0,-0.0,2.7436890637272415,8.386043620034613
2021-12-02,0.0251812247482849,1,0.7301146880257592,1.0,1.0,0.0246812247482849,2.8114066701485045,8.597214469179626
2021-12-03,-0.0662499853160153,0,0.3059509978631172,0.0,1.0,-0.0005,2.8100009668134303,8.02764913683784
2021-12-06,0.0360446676550865,1,0.7910539467168882,1.0,1.0,0.0355446676550865,2.9098815172892856,8.317003082026803
2021-12-07,0.0336591984103038,1,0.5823981864510347,1.0,0.0,0.0336591984103038,3.0078257966302018,8.596946738943851
2021-12-08,-0.0082818113767699,0,0.3688738289382701,0.0,1.0,-0.0005,3.006321883731887,8.525748447635781
2021-12-09,-0.0184028835443318,0,0.7237197887161637,1.0,1.0,-0.0189028835443318,2.949493731266927,8.368850091825673
2021-12-10,-0.028924612803567,0,0.8074614094547651,1.0,0.0,-0.028924612803567,2.864180767123483,8.12678434330852
2021-12-13,-0.0843001321405504,0,0.8999974071955108,1.0,0.0,-0.0843001321405504,2.6227299499805503,7.441695349289856
2021-12-14,0.0253077233350038,1,0.6791143054362107,1.0,0.0,0.0253077233350038,2.6891052739370864,7.6300277163330685
2021-12-15,0.0969014821541227,1,0.8545844556862728,1.0,0.0,0.0969014821541227,2.949683560650058,8.36938871092278
2021-12-16,-0.1016629206936169,0,0.273195470007497,0.0,1.0,-0.0005,2.9482087188697332,7.518532210150184
2021-12-17,-0.0242986268463651,0,0.1707896388038415,0.0,0.0,-0.0,2.9482087188697332,7.335842201543368
2021-12-20,0.0391502074208911,1,0.8543470960762545,1.0,1.0,0.0386502074208911,3.0621575973741284,7.623041945340717
2021-12-21,0.0182208776785643,1,0.6481962131234275,1.0,0.0,0.0182208776785643,3.117952796388369,7.761940460165336
2021-12-22,0.0299054826836209,1,0.3635061107414101,0.0,1.0,-0.0005,3.116393819990175,7.994065036188108
2021-12-23,-0.0031925909674521,0,0.7480584088522868,1.0,1.0,-0.0036925909674521,3.1048862523194556,7.968543256360349
2021-12-27,0.0556976880727422,1,0.3799151754484361,0.0,1.0,-0.0005,3.103333809193296,8.412372693047262
2021-12-28,-0.0331819389868506,0,0.1050721982767611,0.0,0.0,-0.0,3.103333809193296,8.13323385561192
2021-12-29,-0.0147326737552392,0,0.8273412263551433,1.0,1.0,-0.0152326737552392,3.0560617377242507,8.013409574642123
2021-12-30,-0.0051295228100753,0,0.5161685922138063,1.0,0.0,-0.0051295228100753,3.040385599331596,7.9723046074425215
2021-12-31,0.0047515323205182,1,0.8955536574844919,1.0,0.0,0.0047515323205182,3.0548320897736585,8.010185270453801
2022-01-03,0.0154955839536723,1,0.5876520914823837,1.0,0.0,0.0154955839536723,3.1021684968851186,8.134307768796589
2022-01-04,-0.043861555309374,0,0.3748631906323268,0.0,1.0,-0.0005,3.100617412636676,7.777524378692047
2022-01-05,-0.0452175181388593,0,0.6443236600376515,1.0,1.0,-0.0457175181388593,2.958864879832796,7.425844029023119
2022-01-06,0.0181260264295366,1,0.690972828426601,1.0,0.0,0.0181260264295366,3.012497342846073,7.560445074154809
2022-01-07,-0.0554351126826628,0,0.3172765644009028,0.0,1.0,-0.0005,3.01099109417465,7.141330949537955
2022-01-10,0.0279145607271196,1,0.733713492709089,1.0,1.0,0.027414560727119598,3.0935360923747175,7.340678066001291
2022-01-11,0.0272296336681001,1,0.4724715727804615,0.0,1.0,-0.0005,3.09198932432853,7.540562040613964
2022-01-12,0.0111162632882886,1,0.52711392739698,0.0,0.0,0.0,3.09198932432853,7.624384913599104
2022-01-13,-0.0732581919295484,0,0.7849051014293447,1.0,1.0,-0.0737581919295484,2.863929782300592,7.065836260253907
2022-01-14,-0.0015210478514552,0,0.2633581734659274,0.0,1.0,-0.0005,2.8624978174094418,7.055088785191513
2022-01-18,-0.0068925028302745,0,0.1999100166562578,0.0,0.0,-0.0,2.8624978174094418,7.006461565771742
2022-01-19,-0.0297172809145022,0,0.7909010930218087,1.0,1.0,-0.0302172809145022,2.7760009167436315,6.79824857920504
2022-01-20,-0.0710163568281424,0,0.6161369836817348,1.0,0.0,-0.0710163568281424,2.578859445084915,6.315461732297803
2022-01-21,-0.0500703863243353,0,0.6092138766375919,1.0,0.0,-0.0500703863243353,2.449734956393353,5.999244123545096
2022-01-24,0.0096731123196498,1,0.4577388193571843,0.0,1.0,-0.0005,2.4485100889151563,6.057275485785147
2022-01-25,0.0307814691062218,1,0.3849475017757012,0.0,0.0,0.0,2.4485100889151563,6.243727324018717
2022-01-26,0.0141136639839809,1,0.5676644942641916,1.0,1.0,0.0136136639839809,2.4818432825270347,6.3318491934775185
2022-01-27,-0.0660217355681628,0,0.193784028503828,0.0,1.0,-0.0005,2.4806023608857712,5.913809520368261
2022-01-28,0.053152589838453,1,0.6379366533118283,1.0,1.0,0.052652589838453,2.6112124995457875,6.228143812187134
2022-01-31,0.0829092589155013,1,0.4318335413071123,0.0,1.0,-0.0005,2.6099068932960146,6.7445146000747345
2022-02-01,0.0274856097958167,1,0.5029315078838877,0.0,0.0,0.0,2.6099068932960146,6.929891696634577
2022-02-02,-0.0517950416308629,0,0.4237148457166367,0.0,0.0,-0.0,2.6099068932960146,6.570957667710018
2022-02-03,-0.0198707782999399,0,0.5015416279957616,0.0,0.0,-0.0,2.6099068932960146,6.440387624676662
2022-02-04,0.0166862150247759,1,0.4617249812645295,0.0,0.0,0.0,2.6099068932960146,6.547853317424923
2022-02-07,-0.0005334656058019,0,0.6717405227109656,1.0,1.0,-0.0010334656058018999,2.607209644287448,6.54436026288824
2022-02-08,0.0518495702387382,1,0.5729932101904626,1.0,0.0,0.0518495702387382,2.7423923438660456,6.883682530006472
2022-02-09,0.0145576784617091,1,0.3188114330832418,0.0,1.0,-0.0005,2.741021147694113,6.9838929669107905
2022-02-10,-0.0030389970460983,0,0.8218316577227586,1.0,1.0,-0.0035389970460983,2.7313206819491307,6.962668936814081
2022-02-11,-0.0764778777402294,0,0.6945348650376865,1.0,0.0,-0.0764778777402294,2.5224350727656653,6.430178793118721
2022-02-14,0.0424082756664092,1,0.5973614635557051,1.0,0.0,0.0424082756664092,2.6294071946821305,6.7028715879615985
2022-02-15,0.052507152667905,1,0.2043039001824874,0.0,1.0,-0.0005,2.6280924910847894,7.054820289744061
2022-02-16,-0.0239535593388163,0,0.3622433822783103,0.0,0.0,-0.0,2.6280924910847894,6.885832233308991
2022-02-17,-0.03753440269898,0,0.4172366461839099,0.0,0.0,-0.0,2.6280924910847894,6.627376633346355
2022-02-18,-0.0661991256055413,0,0.753645776189145,1.0,1.0,-0.0666991256055413,2.452801019918945,6.18865009516023
2022-02-22,0.0332973403179526,1,0.709220224768177,1.0,0.0,0.0332973403179526,2.5344727702114076,6.39471568348751
2022-02-23,-0.1170911603749746,0,0.7934602253878543,1.0,0.0,-0.1170911603749746,2.2377084126085776,5.645951003839909
2022-02-24,0.1287651644687533,1,0.3861913120399644,0.0,1.0,-0.0005,2.2365895584022732,6.372952813431878
2022-02-25,0.0114245242931025,1,0.4083450056098863,0.0,0.0,0.0,2.2365895584022732,6.445760767667727
2022-02-28,0.012462588795691,1,0.3076791273521064,0.0,0.0,0.0,2.2365895584022732,6.526091633590568
2022-03-01,-0.0218579464192997,0,0.4109919925321419,0.0,0.0,-0.0,2.2365895584022732,6.383444672336105
2022-03-02,0.0212998218348194,1,0.578120234783139,1.0,1.0,0.0207998218348194,2.2831102227346576,6.519410906549291
2022-03-03,-0.0361881959952673,0,0.2475607727020069,0.0,1.0,-0.0005,2.2819686676232904,6.283485186889402
2022-03-04,-0.024247379438939,0,0.6197493097439718,1.0,1.0,-0.024747379438939,2.2254959231378466,6.131127137363943
2022-03-07,-0.0660909908081391,0,0.3066229820321604,0.0,1.0,-0.0005,2.224383175176278,5.72591487008489
2022-03-08,0.050588679382074,1,0.5090853746125288,0.0,0.0,0.0,2.224383175176278,6.015581341616664
2022-03-09,0.0064324265228516,1,0.2654390616421588,0.0,0.0,0.0,2.224383175176278,6.054276126588851
2022-03-10,0.0217922831821515,1,0.3100827243887847,0.0,0.0,0.0,2.224383175176278,6.186212626402415
2022-03-11,-0.0500827483803535,0,0.1175247355898979,0.0,0.0,-0.0,2.224383175176278,5.876390096006936
2022-03-14,-0.0160499879378095,0,0.773951586048363,1.0,1.0,-0.0165499879378095,2.187569660458044,5.782074105848162
2022-03-15,0.0921090198694394,1,0.5091518242501314,1.0,0.0,0.0921090198694394,2.389064557778957,6.314655284550302
2022-03-16,0.0263828948657773,1,0.3120412639017998,0.0,1.0,-0.0005,2.3878700255000678,6.481254171036218
2022-03-17,0.0281509310828695,1,0.2967301809372012,0.0,0.0,0.0,2.3878700255000678,6.66370751053562
2022-03-18,0.0688736847231936,1,0.1884461119810267,0.0,0.0,0.0,2.3878700255000678,7.122661600703828
2022-03-21,0.0082997611733897,1,0.1318997160686218,0.0,0.0,0.0,2.3878700255000678,7.181777990908543
2022-03-22,-0.0224866322275357,0,0.1846339221376154,0.0,0.0,-0.0,2.3878700255000678,7.020283990487172
2022-03-23,0.0015310812551621,1,0.4417252000346485,0.0,0.0,0.0,2.3878700255000678,7.031032615710922
2022-03-24,0.0657339842428117,1,0.4284565780197952,0.0,0.0,0.0,2.3878700255000678,7.4932104028827595
2022-03-25,-0.004661460717571,0,0.0912605474702736,0.0,0.0,-0.0,2.3878700255000678,7.458281096941227
2022-03-28,0.0338303463599718,1,0.711024463447343,1.0,1.0,0.0333303463599718,2.46745856051258,7.7105973297007795
2022-03-29,-0.0136261142244131,0,0.3304919131703205,0.0,1.0,-0.0005,2.466224831232324,7.605531849747822
2022-03-30,-0.0184427434167104,0,0.1396413769030988,0.0,0.0,-0.0,2.466224831232324,7.465264977295305
2022-03-31,-0.0146498290730342,0,0.3300026508495234,0.0,0.0,-0.0,2.466224831232324,7.355900121393019
2022-04-01,-0.0236344847764971,0,0.2193130037493213,0.0,0.0,-0.0,2.466224831232324,7.182047211956522
2022-04-04,0.0196796241648935,1,0.8666314761022715,1.0,1.0,0.0191796241648935,2.513526096601488,7.3233872018223485
2022-04-05,-0.0851251792318172,0,0.644669065393366,1.0,0.0,-0.0851251792318172,2.2995617371244363,6.699982553683225
2022-04-06,-0.0197722093291469,0,0.8656697637553075,1.0,0.0,-0.0197722093291469,2.2540943210927153,6.567509096130168
2022-04-07,-0.0214392605050697,0,0.8805723699929205,1.0,0.0,-0.0214392605050697,2.2057682057398105,6.426706557748818
2022-04-08,-0.0712045327324337,0,0.7908150929159697,1.0,0.0,-0.0712045327324337,2.0487075113340487,5.969095920295846
2022-04-11,0.01454034005574,1,0.9515999376562784,1.0,0.0,0.01454034005574,2.0784964152235945,6.055888604802278
2022-04-12,-0.0358965036151933,0,0.785534103391501,1.0,0.0,-0.0358965036151933,2.0038856611403544,5.838503377606785
2022-04-13,0.0357603110038666,1,0.716565317047274,1.0,0.0,0.0357603110038666,2.0755452355989226,6.04729007418713
2022-04-14,-0.0579869799301872,0,0.4829483818812661,1.0,0.0,-0.0579869799301872,1.9551906356780522,5.6966259860232205
2022-04-18,0.0245280272915422,1,0.7086474349739452,1.0,0.0,0.0245280272915422,2.003147604950131,5.836352983678107
2022-04-19,0.0366942622787549,1,0.0551570603383056,0.0,1.0,-0.0005,2.002146031147656,6.050513650812585
2022-04-20,-0.0358839425260497,0,0.3530072012287573,0.0,0.0,-0.0,2.002146031147656,5.833397366713747
2022-04-21,-0.0647657487585389,0,0.16373478845467,0.0,0.0,-0.0,2.002146031147656,5.455593018452442
2022-04-22,-0.0542281938201577,0,0.2891365935887528,0.0,0.0,-0.0,2.002146031147656,5.159746062843904
2022-04-25,0.0268721533597271,1,0.7333398221914217,1.0,1.0,0.0263721533597271,2.0549469333296515,5.298399550341894
2022-04-26,-0.0568010845074453,0,0.1163766768354892,0.0,1.0,-0.0005,2.053919459862987,4.997444709728714
2022-04-27,0.01984071501123,1,0.5487685328678584,0.0,0.0,0.0,2.053919459862987,5.096597585998821
2022-04-28,0.02293467226347,1,0.5643834361236573,1.0,1.0,0.02243467226347,2.0999984698005765,5.213486381292497
2022-04-29,-0.0443766566825046,0,0.2384493093290945,0.0,1.0,-0.0005,2.0989484705656762,4.9821292860309665
2022-05-02,0.0463298253756776,1,0.6932483573226529,1.0,1.0,0.0458298253756776,2.195142912444247,5.212950465851831
2022-05-03,0.0269585091306261,1,0.3146093032158966,0.0,1.0,-0.0005,2.194045340988025,5.353483838582999
2022-05-04,-0.0028109103570775,0,0.4608156491808645,0.0,0.0,-0.0,2.194045340988025,5.338435675414679
2022-05-05,-0.056928477238862,0,0.5126099296249528,0.0,0.0,-0.0,2.194045340988025,5.034526661575706
2022-05-06,-0.0374678873892349,0,0.2994044840238175,0.0,0.0,-0.0,2.194045340988025,4.845893583561686
2022-05-09,-0.0191304564394214,0,0.7555302676252416,1.0,1.0,-0.0196304564394214,2.150975229495644,4.7531894274512885
2022-05-10,-0.0193341167762856,0,0.9418934764123988,1.0,0.0,-0.0193341167762856,2.1093880232256774,4.661290708001139
2022-05-11,-0.0650257271132772,0,0.5463415771278913,1.0,0.0,-0.0650257271132772,1.972223533251389,4.358186890427001
2022-05-12,0.0350823203588686,1,0.7858337197070531,1.0,0.0,0.0350823203588686,2.041413711064214,4.511082199100783
2022-05-13,0.0429473074215953,1,0.4857205872200013,1.0,0.0,0.0429473074215953,2.1290869332879487,4.704821033109651
2022-05-16,0.0322692114541089,1,0.3291161624835965,0.0,1.0,-0.0005,2.128022389821305,4.856641897880806
2022-05-17,-0.0204161697361631,0,0.332053159787762,0.0,0.0,-0.0,2.128022389821305,4.75748787254591
2022-05-18,-0.043377534504336,0,0.2586111773315455,0.0,0.0,-0.0,2.128022389821305,4.55111977820059
2022-05-19,0.0233217596446002,1,0.6456986572514555,1.0,1.0,0.0228217596446002,2.1765876053201345,4.657259899781571
2022-05-20,-0.061043310378582,0,0.3016491287708276,0.0,1.0,-0.0005,2.1754993115174748,4.37296533820548
2022-05-23,0.0145016763608782,1,0.750679757377206,1.0,1.0,0.0140016763608782,2.205959948800656,4.436380666277475
2022-05-24,-0.0296789518839892,0,0.4934316135799666,1.0,0.0,-0.0296789518839892,2.140489369622194,4.304713537943965
2022-05-25,0.0009985917614605,1,0.8230314273263537,1.0,0.0,0.0009985917614605,2.1426268446721926,4.309012189418404
2022-05-26,0.1340737276033883,1,0.3473598979221878,0.0,1.0,-0.0005,2.1415555312498564,4.886737515942166
2022-05-27,0.0436597436131045,1,0.2060099647814655,0.0,0.0,0.0,2.1415555312498564,5.100091222992741
2022-05-31,-0.0134878612822456,0,0.1508911446127667,0.0,0.0,-0.0,2.1415555312498564,5.031301900050217
2022-06-01,-0.0230719419986505,0,0.2583313422755551,0.0,0.0,-0.0,2.1415555312498564,4.915219994434558
2022-06-02,0.0431883765403029,1,0.2349805299886611,0.0,0.0,0.0,2.1415555312498564,5.127500366332623
2022-06-03,0.0029871333623194,1,0.252201698662375,0.0,0.0,0.0,2.1415555312498564,5.142816893742201
2022-06-06,-0.0348503475341094,0,0.8192730391441831,1.0,1.0,-0.0353503475341094,2.0658507989565797,4.963587937690996
2022-06-07,0.0179175885461422,1,0.3962783479463402,0.0,1.0,-0.0005,2.0648178735571014,5.052523464071139
2022-06-08,-0.0169158934754014,0,0.64352142325263,1.0,1.0,-0.0174158934754014,2.028857225425126,4.967055515370945
2022-06-09,-0.0476705654612985,0,0.6664492995300048,1.0,0.0,-0.0476705654612985,1.932140454248869,4.7302731702755505
2022-06-10,-0.0909091873669173,0,0.1218189336322659,0.0,1.0,-0.0005,1.9311743840217446,4.300247880342268
2022-06-13,-0.0168124675870023,0,0.8696060921045043,1.0,1.0,-0.0173124675870023,1.897740990093519,4.227950102237939
2022-06-14,0.0231390261591595,1,0.8667371218461146,1.0,0.0,0.0231390261591595,1.9416528685066021,4.3257807502532435
2022-06-15,-0.014600700244204,0,0.5461911200320881,1.0,0.0,-0.014600700244204,1.9133033769952383,4.262621322196648
2022-06-16,-0.0133670716062463,0,0.7533231547093845,1.0,0.0,-0.0133670716062463,1.8877281137504702,4.205642557752533
2022-06-17,0.0528502041873282,1,0.6052428542631894,1.0,0.0,0.0528502041873282,1.9874949300123426,4.4279116256686715
2022-06-21,-0.0151137737892832,0,0.8272200814528008,1.0,0.0,-0.0151137737892832,1.9574563812327888,4.360989170999377
2022-06-22,0.0180571711531154,1,0.6630934804740084,1.0,0.0,0.0180571711531154,1.9928025061334673,4.439736298856996
2022-06-23,-0.0011499705198777,0,0.4376349083654252,0.0,1.0,-0.0005,1.9918061048804008,4.434630732997279
2022-06-24,0.0492121088094466,1,0.2174378745678258,0.0,0.0,0.0,1.9918061048804008,4.652868263159257
2022-06-27,-0.0237984319217416,0,0.6721955771334477,1.0,1.0,-0.024298431921741602,1.9434083398396549,4.542137294557629
2022-06-28,-0.0642603036199783,0,0.3615907479101826,0.0,1.0,-0.0005,1.9424366356697351,4.250258172925729
2022-06-29,-0.0286455387117162,0,0.6225623059596715,1.0,1.0,-0.029145538711716202,1.885823273509767,4.128507237898398
2022-06-30,-0.030076140137316,0,0.3542105864486877,0.0,1.0,-0.0005,1.8848803618730123,4.004337675653442
2022-07-01,-0.0485938832836423,0,0.5480092899133816,0.0,0.0,-0.0,1.8848803618730123,3.8097513580144473
2022-07-05,0.0589065225662479,1,0.921538597616644,1.0,1.0,0.0584065225662479,1.9949696692634258,4.03417056235712
2022-07-06,0.0297134870265276,1,0.4819970462025872,1.0,0.0,0.0297134870265276,2.054247174649401,4.154039837024517
2022-07-07,-0.0016820413159083,0,0.1982651944397028,0.0,1.0,-0.0005,2.0532200510620764,4.147052570390713
2022-07-08,0.0062214876227377,1,0.1808277905495449,0.0,0.0,0.0,2.0532200510620764,4.172853406628241
2022-07-11,-0.0166172508615138,0,0.795359336488509,1.0,1.0,-0.017117250861513802,2.0180745683741566,4.1035120547619774
2022-07-12,-0.0444066372148664,0,0.8434157488198737,1.0,0.0,-0.0444066372148664,1.9284586631438174,3.9212888836393316
2022-07-13,0.0355038711676911,1,0.5651815624209411,1.0,0.0,0.0355038711676911,1.9969264110722935,4.060509818975362
2022-07-14,0.0364708458827762,1,0.5077639933281036,1.0,0.0,0.0364708458827762,2.0697560064497567,4.208600046788712
2022-07-15,0.0410625191363454,1,0.4318674394395232,0.0,1.0,-0.0005,2.068721128446532,4.381415766747198
2022-07-18,0.011287072038397,1,0.8546880775253907,1.0,1.0,0.010787072038396999,2.0910365722864386,4.4308691221366425
2022-07-19,0.0279630593130553,1,0.3188080854975087,0.0,1.0,-0.0005,2.0899910540002953,4.554769778207334
2022-07-20,0.0553490920911516,1,0.6140065727675932,1.0,1.0,0.0548490920911516,2.2046251657908402,4.806872150115327
2022-07-21,0.0004472475926755,1,0.5827175053236234,1.0,0.0,0.0004472475926755,2.2056111790889923,4.809022012112765
2022-07-22,-0.0488460108738194,0,0.3040747306707107,0.0,1.0,-0.0005,2.204508373499448,4.574120470616668
2022-07-25,-0.0076384291450395,0,0.8209813282056614,1.0,1.0,-0.0081384291450395,2.1865671383020766,4.539181375500988
2022-07-26,0.0084671466272918,1,0.5104962707155065,1.0,0.0,0.0084671466272918,2.2050811228724982,4.577615289775227
2022-07-27,0.0553660736176808,1,0.7810639467045747,1.0,0.0,0.0553660736176808,2.3271678066544155,4.831059874902343
2022-07-28,-0.0090124030960458,0,0.8155613991998125,1.0,0.0,-0.0090124030960458,2.3061944323087054,4.787520415928591
2022-07-29,0.0207151769797981,1,0.2817961183327555,0.0,1.0,-0.0005,2.305041335092551,4.8866947486389485
2022-08-01,-0.0033000356888273,0,0.5074372124235583,0.0,0.0,-0.0,2.305041335092551,4.870568481568035
2022-08-02,0.0034210875435061,1,0.5556163064831473,1.0,1.0,0.0029210875435061,2.3117745626237567,4.887231122730121
2022-08-03,0.0365709311911006,1,0.7756056360270683,1.0,0.0,0.0365709311911006,2.396318311082807,5.06596171583449
2022-08-04,-0.002068963230571,0,0.5836593451166645,1.0,0.0,-0.002068963230571,2.391360416608433,5.055480427316948
2022-08-05,-0.0695374938718831,0,0.4297961056870055,0.0,1.0,-0.0005,2.390164736400129,4.703934988082971
2022-08-08,-0.0142844510482378,0,0.7484806166720678,1.0,1.0,-0.0147844510482378,2.354827462857597,4.6367418590116065
2022-08-09,0.0258523987180721,1,0.831085170523371,1.0,0.0,0.0258523987180721,2.4157054013396575,4.756612758303549
2022-08-10,0.0244660120929094,1,0.4801138662349872,1.0,0.0,0.0244660120929094,2.47480807890174,4.872988103569491
2022-08-11,0.0015994878480198,1,0.3942953619333399,0.0,1.0,-0.0005,2.473570674862289,4.880782388824696
2022-08-12,0.0297906226445552,1,0.7757849280592923,1.0,1.0,0.0292906226445552,2.5460231000843185,5.026183935180363
2022-08-15,0.011710750305705,1,0.4719647978860378,0.0,1.0,-0.0005,2.5447500885342764,5.085044320235806
2022-08-16,-0.0209830025333684,0,0.3881503353086235,0.0,0.0,-0.0,2.5447500885342764,4.978344822382008
2022-08-17,-0.0119852369130335,0,0.6841131059647356,1.0,1.0,-0.0124852369130335,2.512978280794463,4.918678180250986
2022-08-18,0.0057372395860206,1,0.4632886228394264,0.0,1.0,-0.0005,2.511721791654066,4.946897815417618
2022-08-19,-0.0497663269110546,0,0.6648446421067625,1.0,1.0,-0.0502663269110546,2.385466762965163,4.7007088815399625
2022-08-22,-0.028644878608023,0,0.737431345400031,1.0,0.0,-0.028644878608023,2.3171353571165523,4.566057646256595
2022-08-23,0.0013535771029786,1,0.8667175070454026,1.0,0.0,0.0013535771029786,2.3202717784804476,4.572238157337448
2022-08-24,-0.0098752467911932,0,0.784154155206874,1.0,0.0,-0.0098752467911932,2.2973585220453123,4.52708617714563
2022-08-25,0.0601399604871577,1,0.7826088467357984,1.0,0.0,0.0601399604871577,2.4355215727859525,4.799344960961126
2022-08-26,-0.1028725478936954,0,0.4554785174267763,0.0,1.0,-0.0005,2.4343038119995595,4.305624116606287
2022-08-29,-0.0037453996581712,0,0.7207709931512701,1.0,1.0,-0.0042453996581712,2.4239692194282116,4.289497833511736
2022-08-30,-0.0360902306093127,0,0.6453645930183459,1.0,0.0,-0.0360902306093127,2.3364876113091717,4.13468886750215
2022-08-31,-0.0763781375615254,0,0.8387874479409454,1.0,0.0,-0.0763781375615254,2.1580310391218,3.8188890324059632
2022-09-01,-0.0076711314039235,0,0.794213123873419,1.0,0.0,-0.0076711314039235,2.141476499446951,3.789593832821375
2022-09-02,-0.0261701794410675,0,0.5971936444676914,1.0,0.0,-0.0261701794410675,2.0854336751875953,3.690419482207677
2022-09-06,-0.0119417691977887,0,0.9405750417911468,1.0,0.0,-0.0119417691977887,2.0605299075612087,3.64634934450813
2022-09-07,-0.0076677090506284,0,0.9298288447990626,1.0,0.0,-0.0076677090506284,2.044730363739911,3.618390198637492
2022-09-08,0.0518610855827355,1,0.555207907594266,1.0,0.0,0.0518610855827355,2.1507723001274446,3.8060438424007623
2022-09-09,0.0149750418887077,1,0.2429153521376041,0.0,1.0,-0.0005,2.149696913977381,3.863039508370972
2022-09-12,-0.0394599218904414,0,0.6983915424865724,1.0,1.0,-0.039959921890441404,2.063795193206722,3.7106042711109644
2022-09-13,-0.0397043645625443,0,0.6974358484294712,1.0,0.0,-0.0397043645625443,1.9818535164732156,3.5632770863834407
2022-09-14,-0.0180322818246198,0,0.9046057616326364,1.0,0.0,-0.0180322818246198,1.9461161753290568,3.4990230697425644
2022-09-15,-0.0209757229245479,0,0.8046941746781227,1.0,0.0,-0.0209757229245479,1.9052949816563738,3.4256285313250436
2022-09-16,0.021189734777397,1,0.7087549946104909,1.0,0.0,0.021189734777397,1.945667676990378,3.4982166913497057
2022-09-19,0.0156008536275666,1,0.6602879345834624,1.0,0.0,0.0156008536275666,1.9760217536269926,3.552791857908963
2022-09-20,-0.0001512077698178,0,0.6007959757993907,1.0,0.0,-0.0001512077698178,1.9757229637845153,3.5522546481755017
2022-09-21,-0.0108228655164204,0,0.7124958741967061,1.0,0.0,-0.0108228655164204,1.9543399798497718,3.513809073838219
2022-09-22,-0.0497320572169408,0,0.3314990918300165,0.0,1.0,-0.0005,1.953362809859847,3.3390601199286905
2022-09-23,0.0057162581346958,1,0.5085686505639381,0.0,0.0,0.0,1.953362809859847,3.3581470495014716
2022-09-26,0.0012811308101432,1,0.6028673722052084,1.0,1.0,0.0007811308101432,1.9548886417340166,3.3624492751515795
2022-09-27,-0.0077555956742421,0,0.5699284599339213,1.0,0.0,-0.0077555956742421,1.9397273158405592,3.3363714780983553
2022-09-28,0.00306206528768,1,0.3709590923949687,0.0,1.0,-0.0005,1.9387574521826392,3.3465876653882463
2022-09-29,-0.0290006991759342,0,0.6902991212796915,1.0,1.0,-0.0295006991759342,1.8815627518106985,3.2495342832384297
2022-09-30,0.0215108123495804,1,0.8737897126976939,1.0,0.0,0.0215108123495804,1.9220366950888585,3.3194344054286997
2022-10-03,0.0430873317932924,1,0.8569196822172309,1.0,0.0,0.0430873317932924,2.0048521278890354,3.4624599770214766
2022-10-04,0.0024847780411025,1,0.8836069044818005,1.0,0.0,0.0024847780411025,2.009833740432072,3.4710634215405762
2022-10-05,0.0239329212441605,1,0.8383319133789248,1.0,0.0,0.0239329212441605,2.0579349330556895,3.5541361090417936
2022-10-06,-0.0540847741178446,0,0.8302051325683782,1.0,0.0,-0.0540847741178446,1.946631987052151,3.361911460400193
2022-10-07,-0.0374249973611069,0,0.4332426147028408,0.0,1.0,-0.0005,1.945658671058625,3.2360919328664406
2022-10-10,-0.039544562199846,0,0.709339532477988,1.0,1.0,-0.040044562199846,1.8677456213857482,3.1081220941427836
2022-10-11,0.0015568049752645,1,0.4666347470098843,0.0,1.0,-0.0005,1.8668117485750555,3.1129608340826747
2022-10-12,-0.0525089699005915,0,0.7876726603991694,1.0,1.0,-0.0530089699005915,1.76785398078477,2.9495024673441073
2022-10-13,0.0989883589107585,1,0.7115242141947468,1.0,0.0,0.0989883589107585,1.942850945136506,3.2414688761897335
2022-10-14,-0.0447044146597225,0,0.7178919381171734,1.0,0.0,-0.0447044146597225,1.8559969308630897,3.0965609074419627
2022-10-17,0.0717138738435005,1,0.8631563129889368,1.0,0.0,0.0717138738435005,1.9890976606169295,3.318627285706971
2022-10-18,-0.0376701385515637,0,0.6775560267413933,1.0,0.0,-0.0376701385515637,1.9141680761488986,3.19361413605339
2022-10-19,0.0196986375465764,1,0.4992820217946219,1.0,0.0,0.0196986375465764,1.9518745792841832,3.2565239833831288
2022-10-20,-0.0012382038727744,0,0.5493356950571383,1.0,0.0,-0.0012382038727744,1.9494577606209436,3.252491742775121
2022-10-21,0.0338897514520284,1,0.5978889995732031,1.0,0.0,0.0338897514520284,2.0155243995946153,3.3627178795375445
2022-10-24,0.0148707033319057,1,0.690056832595644,1.0,0.0,0.0148707033319057,2.045496664999204,3.4127238595130427
2022-10-25,0.0137859888441529,1,0.643130096719582,1.0,0.0,0.0137859888441529,2.073695859203635,3.459771632568464
2022-10-26,0.0591342647107826,1,0.6393898400880839,1.0,0.0,0.0591342647107826,2.196322339071437,3.6643626841276244
2022-10-27,-0.0385913412632781,0,0.6612945473899103,1.0,0.0,-0.0385913412632781,2.11156331416017,3.5229500132720335
2022-10-28,0.0514346142368109,1,0.399618336926401,0.0,1.0,-0.0005,2.11050753250309,3.7041515881802485
2022-10-31,0.0023951951588589,1,0.6006490028301635,1.0,1.0,0.0018951951588589001,2.114507356161425,3.7130237541319375
2022-11-01,0.0028238946367042,1,0.8095674070350297,1.0,0.0,0.0028238946367042,2.120478502143761,3.7235089419971863
2022-11-02,-0.0582672384097386,0,0.8052659237525537,1.0,0.0,-0.0582672384097386,1.9969240757166251,3.5065503587530427
2022-11-03,0.0722994998721195,1,0.916066495277861,1.0,0.0,0.0722994998721195,2.1413006876735317,3.760072195967289
2022-11-04,0.0173028125952861,1,0.5492206159752582,1.0,0.0,0.0173028125952861,2.178351212182504,3.825132020518857
2022-11-07,0.0402729182135797,1,0.7653895079614982,1.0,0.0,0.0402729182135797,2.2660797723911825,3.9791812495373575
2022-11-08,-0.0431729420620754,0,0.6056491121507266,1.0,0.0,-0.0431729420620754,2.1682464416696967,3.8073882879965844
2022-11-09,0.0450501784867558,1,0.6980592130334328,1.0,0.0,0.0450501784867558,2.26592633087019,3.9789118099392145
2022-11-10,0.0680402471762398,1,0.6347043909679517,1.0,0.0,0.0680402471762398,2.420100518505748,4.249637952979938
2022-11-11,0.0260013728993018,1,0.244651021180156,0.0,1.0,-0.0005,2.418890468246495,4.360134374082396
2022-11-14,0.0310765348267885,1,0.3508101835272508,0.0,0.0,0.0,2.418890468246495,4.495632241808045
2022-11-15,-0.033488711338414,0,0.3974386317108488,0.0,0.0,-0.0,2.418890468246495,4.345079311378468
2022-11-16,-0.0276575232165546,0,0.0912738289036987,0.0,0.0,-0.0,2.418890468246495,4.224905179446247
2022-11-17,0.0159719611098045,1,0.4680077339006313,0.0,0.0,0.0,2.418890468246495,4.292385200664975
2022-11-18,-0.0512964060822822,0,0.5514250517096676,1.0,1.0,-0.0517964060822822,2.293600635284638,4.072201266350086
2022-11-21,0.011949604887212,1,0.783012005661768,1.0,0.0,0.011949604887212,2.321008256645348,4.120862462504174
2022-11-22,0.0502348450855034,1,0.3690547855487804,0.0,1.0,-0.0005,2.3198477525170254,4.327873349926738
2022-11-23,0.0136662165931624,1,0.581647205214809,1.0,1.0,0.013166216593162399,2.350391370489825,4.387019004514612
2022-11-25,-0.0178942976932797,0,0.4877609706460281,1.0,0.0,-0.0178942976932797,2.3083327676105645,4.308516380461753
2022-11-28,-0.0124172935471007,0,0.4044492748794588,0.0,1.0,-0.0005,2.3071786012267594,4.255016267813067
2022-11-29,-0.0079600814401935,0,0.304755775626631,0.0,0.0,-0.0,2.3071786012267594,4.221145991791928
2022-11-30,0.0829456547593352,1,0.6499082965129396,1.0,1.0,0.0824456547593352,2.497395451651627,4.571271709915853
2022-12-01,-0.0200011300739806,0,0.4255796542423995,0.0,1.0,-0.0005,2.4961467539258013,4.479841109842318
2022-12-02,0.0012004959976055,1,0.1780970881868092,0.0,0.0,0.0,2.4961467539258013,4.485219141164592
2022-12-05,-0.008933276537376,0,0.4855782580744575,0.0,0.0,-0.0,2.4961467539258013,4.445151438245837
2022-12-06,-0.0458561690066936,0,0.3577808537414225,0.0,0.0,-0.0,2.4961467539258013,4.2413138226332885
2022-12-07,0.031765380404747,1,0.4915947478878441,0.0,0.0,0.0,2.4961467539258013,4.376040769625147
2022-12-08,0.0545072318071169,1,0.3377073775547172,0.0,0.0,0.0,2.4961467539258013,4.6145666382525
2022-12-09,-0.0071676800543253,0,0.4150610352018182,0.0,0.0,-0.0,2.4961467539258013,4.581490901000143
2022-12-12,0.0876912517145431,1,0.5077209951827061,0.0,0.0,0.0,2.4961467539258013,4.9832475728276355
2022-12-13,-0.0293560769877306,0,0.5239343368584553,0.0,0.0,-0.0,2.4961467539258013,4.836958973430786
2022-12-14,-0.0467559046958599,0,0.4559309854284049,0.0,0.0,-0.0,2.4961467539258013,4.610802580651272
2022-12-15,-0.0164469184291224,0,0.5919479034042132,1.0,1.0,-0.0169469184291224,2.453844758499902,4.534969086714513
2022-12-16,-0.017315304084095,0,0.4181204466352667,0.0,1.0,-0.0005,2.4526178361206523,4.456444717966081
2022-12-19,-0.0306541112841506,0,0.6912917153207122,1.0,1.0,-0.0311541112841506,2.376208707116657,4.319836365649883
2022-12-20,0.0031127163030191,1,0.4579853267994508,0.0,1.0,-0.0005,2.3750206027630987,4.333282790731617
2022-12-21,-0.0012409529971858,0,0.2655743459682693,0.0,0.0,-0.0,2.3750206027630987,4.327905390464805
2022-12-22,-0.0557974562922326,0,0.4737551382914819,0.0,0.0,-0.0,2.3750206027630987,4.086419278603427
2022-12-23,-0.0080282294061752,0,0.4937133638159819,0.0,0.0,-0.0,2.3750206027630987,4.053612567184982
2022-12-27,-0.0760913017880646,0,0.6497758530577034,1.0,1.0,-0.0765913017880646,2.193114683023999,3.7451679100034183
2022-12-28,0.03410644911689,1,0.525380994109821,1.0,0.0,0.03410644911689,2.2679140373680617,3.8729022887601596
2022-12-29,-0.004721723254353,0,0.5409681601117596,1.0,0.0,-0.004721723254353,2.2572055749189475,3.8546155159614837
2022-12-30,0.0360681902510016,1,0.6632772901839011,1.0,0.0,0.0360681902510016,2.3386188950307454,3.993644521735645
2023-01-03,-0.0191234807302352,0,0.5072245915948184,1.0,0.0,-0.0191234807302352,2.293896361656261,3.917272137680824
2023-01-04,-0.0052169699730211,0,0.3548800433692269,0.0,1.0,-0.0005,2.292749413475433,3.896835846562391
2023-01-05,-0.0011732560152422,0,0.2989130999430857,0.0,0.0,-0.0,2.292749413475433,3.8922638604650004
2023-01-06,0.055962377964609,1,0.4693057279891084,0.0,0.0,0.0,2.292749413475433,4.110084201762331
2023-01-09,0.0145904457617476,1,0.6878471165857378,1.0,1.0,0.014090445761747599,2.3250552747312874,4.17005216238436
2023-01-10,0.0214741515736007,1,0.5476793002733693,1.0,0.0,0.0214741515736007,2.374983864117867,4.259600494589224
2023-01-11,0.0164140391183866,1,0.3837899489054508,0.0,1.0,-0.0005,2.373796372185808,4.32951774373611
2023-01-12,0.011055856547752,1,0.4515047427221426,0.0,0.0,0.0,2.373796372185808,4.377384270831804
2023-01-13,0.0381497752673989,1,0.6227338556028796,1.0,1.0,0.0376497752673989,2.4631692721291705,4.544380497023084
2023-01-17,0.0454465927781473,1,0.6502785655579234,1.0,0.0,0.0454465927781473,2.5751119229832704,4.7509071069002475
2023-01-18,-0.0357164668444978,0,0.1850382661134177,0.0,1.0,-0.0005,2.573824367021779,4.581221490735356
2023-01-19,-0.0014670963024819,0,0.2272747030872823,0.0,0.0,-0.0,2.573824367021779,4.574500397625448
2023-01-20,0.0619007032973648,1,0.1422961790286665,0.0,0.0,0.0,2.573824367021779,4.857665189472538
2023-01-23,0.0422387138703277,1,0.2081146354270394,0.0,0.0,0.0,2.573824367021779,5.06284671948852
2023-01-24,0.0045680640134573,1,0.3840633504550514,0.0,0.0,0.0,2.573824367021779,5.085974127393466
2023-01-25,0.0416643513244141,1,0.1164329698161704,0.0,0.0,0.0,2.573824367021779,5.297877940264068
2023-01-26,-0.0121313229593289,0,0.2273438516952479,0.0,0.0,-0.0,2.573824367021779,5.233607671971621
2023-01-27,0.0250746801390067,1,0.2039015716912852,0.0,0.0,0.0,2.573824367021779,5.36483871031936
2023-01-30,-0.0390979537946505,0,0.4675348907897027,0.0,0.0,-0.0,2.573824367021779,5.155084494307541
2023-01-31,0.0271779162778418,1,0.8150680645014828,1.0,1.0,0.0266779162778418,2.642488637999055,5.295188949099032
2023-02-01,0.0664771898082425,1,0.2907766058978459,0.0,1.0,-0.0005,2.6411673936800555,5.647198229938796
2023-02-02,-1.752544128708067e-07,0,0.2160009957581095,0.0,0.0,-0.0,2.6411673936800555,5.647197240242386
2023-02-03,-0.0092379466172798,0,0.1408832227353027,0.0,0.0,-0.0,2.6411673936800555,5.5950287335997775
2023-02-06,0.0276842236670609,1,0.3391410911333679,0.0,0.0,0.0,2.6411673936800555,5.749922760484386
2023-02-07,0.0470022841331685,1,0.4280393553913502,0.0,0.0,0.0,2.6411673936800555,6.020182263816446
2023-02-08,0.0097824216347843,1,0.2333981228087433,0.0,0.0,0.0,2.6411673936800555,6.079074225039349
2023-02-09,-0.0405203034567421,0,0.4651643060855006,0.0,0.0,-0.0,2.6411673936800555,5.832748292704696
2023-02-10,-0.007007706126111,0,0.6825183387627125,1.0,1.0,-0.0075077061261109995,2.6213382850584392,5.7918741067618456
2023-02-13,0.0018571968350498,1,0.8370062982607513,1.0,0.0,0.0018571968350498,2.6262066262250445,5.80263075702193
2023-02-14,0.0449995144220356,1,0.5286544078565575,1.0,0.0,0.0449995144220356,2.744384649177104,6.063746323458286
2023-02-15,-0.0184487470852902,0,0.7263614069065819,1.0,0.0,-0.0184487470852902,2.6937541908796825,5.951877801147446
2023-02-16,-0.022681074250846,0,0.4783632939967027,0.0,1.0,-0.0005,2.692407313784243,5.816882818807659
2023-02-17,-0.0291713533358454,0,0.5707745474998269,1.0,1.0,-0.0296713533358454,2.612519945052936,5.647196474787012
2023-02-21,-0.013951985191444,0,0.3112815334006832,0.0,1.0,-0.0005,2.61121368508041,5.568406873197608
2023-02-22,0.1319843147413046,1,0.4865924938787591,0.0,0.0,0.0,2.61121368508041,6.303349238557366
2023-02-23,-0.0091726353694318,0,0.6488395647882518,1.0,1.0,-0.0096726353694318,2.585956367232957,6.245530914385894
2023-02-24,0.0191605098570359,1,0.3683909365186275,0.0,1.0,-0.0005,2.5846633890493407,6.365198471033407
2023-02-27,-0.0125898647863236,0,0.7730716385697411,1.0,1.0,-0.0130898647863236,2.550830494768524,6.2850614829449825
2023-02-28,-0.0077013693817821,0,0.1810452623937235,0.0,1.0,-0.0005,2.5495550795211397,6.236657902877612
2023-03-01,-0.0303553797355483,0,0.7768750349624176,1.0,1.0,-0.0308553797355483,2.4708875893858187,6.047341783955054
2023-03-02,0.0369975668153101,1,0.5277135625169441,1.0,0.0,0.0369975668153101,2.5623044180672414,6.2710787156619485
2023-03-03,0.0244855484545785,1,0.5350985259910358,1.0,0.0,0.0244855484545785,2.6250438470512076,6.424629517416765
2023-03-06,-0.0120126824990537,0,0.2778336656871267,0.0,1.0,-0.0005,2.6237313251276824,6.347452482849988
2023-03-07,-0.004788181752488,0,0.6221628582681923,1.0,1.0,-0.005288181752488,2.609856557010711,6.317059726696821
2023-03-08,0.0292926671937887,1,0.2131823576844507,0.0,1.0,-0.0005,2.6085516287322057,6.502103254914237
2023-03-09,-0.0316854255665838,0,0.1730326578139407,0.0,0.0,-0.0,2.6085516287322057,6.29608134620441
2023-03-10,-0.0280660571036168,0,0.3044217422485212,0.0,0.0,-0.0,2.6085516287322057,6.119375167612821
2023-03-13,0.0327002444676982,1,0.4767589570513698,0.0,0.0,0.0,2.6085516287322057,6.319480231583323
2023-03-14,0.0112784598354631,1,0.5228472237892335,0.0,0.0,0.0,2.6085516287322057,6.390754235556239
2023-03-15,0.0111949557303443,1,0.4870638538938162,0.0,0.0,0.0,2.6085516287322057,6.462298446306802
2023-03-16,0.0813667210758977,1,0.6704212866884636,1.0,1.0,0.0808667210758977,2.8194966457049717,6.9881144814966545
2023-03-17,-0.0141251704338747,0,0.3822840096875048,0.0,1.0,-0.0005,2.8180868973821194,6.889406173434086
2023-03-20,0.0220575468831796,1,0.2603702901968634,0.0,0.0,0.0,2.8180868973821194,7.041369573101876
2023-03-21,0.0093581804508433,1,0.5658580049819661,1.0,1.0,0.0088581804508433,2.843050019645287,7.107263980188041
2023-03-22,0.0261115820956985,1,0.2029639129103221,0.0,1.0,-0.0005,2.8416284946354646,7.292845887082522
2023-03-23,-0.0030979197795323,0,0.3657951293544615,0.0,0.0,-0.0,2.8416284946354646,7.270253235559848
2023-03-24,-0.0071768301053801,0,0.2654822930913591,0.0,0.0,-0.0,2.8416284946354646,7.218075863265145
2023-03-27,-0.0145322710724288,0,0.6117374824975871,1.0,1.0,-0.0150322710724288,2.7989123648169665,7.1131808281988205
2023-03-28,0.01429273814219,1,0.610821873696009,1.0,0.0,0.01429273814219,2.838916486330233,7.214847659134312
2023-03-29,0.0150605298912949,1,0.8648002491713752,1.0,0.0,0.0150605298912949,2.8816720729314995,7.323507087965844
2023-03-30,-0.0032685724307974,0,0.549842861120991,1.0,0.0,-0.0032685724307974,2.872253119039317,7.299569674601369
2023-03-31,0.013596411549567,1,0.519887174638536,1.0,0.0,0.013596411549567,2.9113054545203028,7.398817628031988
2023-04-03,0.0166124873013389,1,0.5322656432309799,1.0,0.0,0.0166124873013389,2.95966947941384,7.521730391922592
2023-04-04,-0.0406563157367082,0,0.7082516723061637,1.0,0.0,-0.0406563157367082,2.839340222582492,7.215924546222193
2023-04-05,-0.00913210256389,0,0.8332276594316104,1.0,0.0,-0.00913210256389,2.8134110764560907,7.150027983172801
2023-04-06,0.0089905103741212,1,0.5116494855186268,1.0,0.0,0.0089905103741212,2.8387050779256366,7.214310383930773
2023-04-10,0.0335905462827903,1,0.7578356283759154,1.0,0.0,0.0335905462827903,2.93405873222889,7.456643010780614
2023-04-11,-0.0127687737269596,0,0.373930944425233,0.0,1.0,-0.0005,2.9325917028627755,7.361430823413242
2023-04-12,-0.0232371125006921,0,0.6907042647130817,1.0,1.0,-0.0237371125006921,2.8629804436933255,7.190372427203527
2023-04-13,-0.0086033163326924,0,0.7500129234235823,1.0,0.0,-0.0086033163326924,2.83834931728192,7.1285113786624255
2023-04-14,0.0023016158556143,1,0.5717208795583617,1.0,0.0,0.0023016158556143,2.844882107074348,7.144918473478483
2023-04-17,0.0364388508810118,1,0.9414313697883328,1.0,0.0,0.0364388508810118,2.9485463419480893,7.405271092290552
2023-04-18,-0.0062470939674957,0,0.6219480849642469,1.0,0.0,-0.0062470939674957,2.930126495882424,7.359009667922233
2023-04-19,0.0113300846923269,1,0.1849880921124815,0.0,1.0,-0.0005,2.928661432634483,7.442387870711445
2023-04-20,-0.0259838862014423,0,0.2281399296298021,0.0,0.0,-0.0,2.928661432634483,7.249005711211884
2023-04-21,0.0022633354474812,1,0.2272202123314133,0.0,0.0,0.0,2.928661432634483,7.265412642797064
2023-04-24,0.0024061024492041,1,0.7580605270175753,1.0,1.0,0.0019061024492041,2.9342437613641175,7.282893969951377
2023-04-25,-0.0028065926329862,0,0.4605819113599022,0.0,1.0,-0.0005,2.9327766394834356,7.262453853388491
2023-04-26,0.0133695065684569,1,0.3132941744388396,0.0,0.0,0.0,2.9327766394834356,7.359549277884484
2023-04-27,-0.0050433740600855,0,0.4653914117136637,0.0,0.0,-0.0,2.9327766394834356,7.32243231796248
2023-04-28,0.0225894741003953,1,0.2999834862240689,0.0,0.0,0.0,2.9327766394834356,7.487842213160992
2023-05-01,0.0301723614967719,1,0.4740054440468295,0.0,0.0,0.0,2.9327766394834356,7.713768095247274
2023-05-02,-0.0292886815124556,0,0.2121903436400604,0.0,0.0,-0.0,2.9327766394834356,7.487841998244636
2023-05-03,-0.0067889009146425,0,0.2687504518299358,0.0,0.0,-0.0,2.9327766394834356,7.437007780854055
2023-05-04,0.0063289305217735,1,0.3705017018040191,0.0,0.0,0.0,2.9327766394834356,7.484076086388969
2023-05-05,0.0250127551142786,1,0.3651783541949033,0.0,0.0,0.0,2.9327766394834356,7.671273448794445
2023-05-08,0.0132178418227411,1,0.7893002342978735,1.0,1.0,0.0127178418227411,2.970075228885816,7.772671127819604
2023-05-09,0.0036676930390662,1,0.633332909520421,1.0,0.0,0.0036676930390662,2.9809685531283034,7.801178899610059
2023-05-10,-0.003757822486748,0,0.3795293394556765,0.0,1.0,-0.0005,2.9794780688517393,7.77186345411796
2023-05-11,-0.0127007187901826,0,0.6313734873653452,1.0,1.0,-0.0132007187901826,2.940146816723311,7.67315520191151
2023-05-12,-0.0007360533874184,0,0.5778875008294861,1.0,0.0,-0.0007360533874184,2.9379827116993544,7.667507350032956
2023-05-15,0.0116808164406549,1,0.607285561402666,1.0,0.0,0.0116808164406549,2.9723007484605324,7.757070095946064
2023-05-16,0.0257620889886989,1,0.5503871058905991,1.0,0.0,0.0257620889886989,3.048873424843549,7.956908426049402
2023-05-17,0.0279205946154781,1,0.6190825793264719,1.0,0.0,0.0279205946154781,3.13399978377251,8.17907004060561
2023-05-18,0.0370271162049389,1,0.6060670122775772,1.0,0.0,0.0370271162049389,3.2500427579525084,8.481917417447448
2023-05-19,-0.0201356613800975,0,0.4773142749048457,0.0,1.0,-0.0005,3.2484177365735323,8.311128400475775
2023-05-22,0.0032037944367071,1,0.4500658308875578,0.0,0.0,0.0,3.2484177365735323,8.337755547407978
2023-05-23,-0.0254839459785762,0,0.6915667135892077,1.0,1.0,-0.0259839459785762,3.1640110255905567,8.12527663545526
2023-05-24,0.2751739928998511,1,0.5365588428680907,1.0,0.0,0.2751739928998511,4.034664573081463,10.36114145064935
2023-05-25,-0.0164319275700129,0,0.9344289091193348,1.0,0.0,-0.0164319275700129,3.9683672570472917,10.190887924789623
2023-05-26,0.0713909165696231,1,0.401632493111375,0.0,1.0,-0.0005,3.9663830734187684,10.918424754398659
2023-05-30,-0.0272694258755602,0,0.3103992191230458,0.0,0.0,-0.0,3.9663830734187684,10.620685579880703
2023-05-31,-0.0252987191905199,0,0.256124542282731,0.0,0.0,-0.0,3.9663830734187684,10.351995837784498
2023-06-01,0.0417782863754994,1,0.4125606460078113,0.0,0.0,0.0,3.9663830734187684,10.784484484453436
2023-06-02,-0.0296283668177438,0,0.2892601478596801,0.0,0.0,-0.0,3.9663830734187684,10.464957822207783
2023-06-05,-0.0020301134920626,0,0.5853892037483969,1.0,1.0,-0.0025301134920626,3.956347674090023,10.443712770139053
2023-06-06,0.0022925179558579,1,0.7059789224709814,1.0,0.0,0.0022925179558579,3.965417672172491,10.467655169190419
2023-06-07,-0.0306051928365108,0,0.8169966907352529,1.0,0.0,-0.0306051928365108,3.8440552996383444,10.147290564191247
2023-06-08,0.0348054792424212,1,0.3745368653208833,0.0,1.0,-0.0005,3.8421332719885255,10.500471875290023
2023-06-09,0.0041754903423159,1,0.2176969560994977,0.0,0.0,0.0,3.8421332719885255,10.544316494195057
2023-06-12,0.0251530902918346,1,0.539220189754171,0.0,0.0,0.0,3.8421332719885255,10.809538639039227
2023-06-13,0.0158761161625911,1,0.6057259757002112,1.0,1.0,0.015376116162591099,3.9012103594907774,10.98115213013663
2023-06-14,0.0435529068536213,1,0.2269578758190808,0.0,1.0,-0.0005,3.899259754311032,11.459413226005916
2023-06-15,0.0199050013246004,1,0.2882644003626915,0.0,0.0,0.0,3.899259754311032,11.687512861448708
2023-06-16,-0.0104026490202154,0,0.6435171653458689,1.0,1.0,-0.010902649020215401,3.8567474937711275,11.565931767231804
2023-06-20,0.011698267074816,1,0.5657881475116153,1.0,0.0,0.011698267074816,3.9018647559933894,11.701233126013982
2023-06-21,-0.0286890246927434,0,0.7319118125539523,1.0,0.0,-0.0286890246927434,3.78992406166095,11.36553615992622
2023-06-22,0.0049938271238594,1,0.1894217909602636,0.0,1.0,-0.0005,3.78802909963012,11.422293682678864
2023-06-23,-7.078549592409722e-05,0,0.4476299346349163,0.0,0.0,-0.0,3.78802909963012,11.421485149955945
2023-06-26,-0.039141698419601,0,0.9505097990195408,1.0,1.0,-0.039641698419601,3.63786519245791,10.974428822712419
2023-06-27,-0.0034069260103882,0,0.7380598582920568,1.0,0.0,-0.0034069260103882,3.6254712549114396,10.937039755707167
2023-06-28,0.0220855948765164,1,0.5132244702342277,1.0,0.0,0.0220855948765164,3.705541944283869,11.178590784900068
2023-06-29,0.002935523195624,1,0.4961469089067986,1.0,0.0,0.002935523195624,3.7164196486136722,11.211405797443533
2023-06-30,0.0200813447951546,1,0.77891219669311,1.0,0.0,0.0200813447951546,3.791050352980971,11.436545902900392
2023-07-03,-0.0089844624951096,0,0.2546425067373176,0.0,1.0,-0.0005,3.7891548278044804,11.333794685162182
2023-07-05,-0.0069061696589497,0,0.2804879821038154,0.0,0.0,-0.0,3.7891548278044804,11.25552157618675
2023-07-06,0.0114232911760552,1,0.7642264192864351,1.0,1.0,0.0109232911760552,3.8305448692997444,11.384096676489904
2023-07-07,0.007915383579415,1,0.6312640502382143,1.0,0.0,0.007915383579415,3.860865101258412,11.474206168389465
2023-07-10,-0.0041258599283409,0,0.5259191489837005,1.0,0.0,-0.0041258599283409,3.8449357126484,11.426865200949784
2023-07-11,0.0129939828407676,1,0.7695204209430563,1.0,0.0,0.0129939828407676,3.894896741322408,11.575345691294691
2023-07-12,0.0345086259538491,1,0.7868579991336437,1.0,0.0,0.0345086259538491,4.0293042760975695,11.97479496604208
2023-07-13,0.0463855701709394,1,0.2097810487678927,0.0,1.0,-0.0005,4.027289623959521,12.530252658222038
2023-07-14,-0.0063113115397137,0,0.5311372467705672,0.0,0.0,-0.0,4.027289623959521,12.451170330024674
2023-07-17,0.008900705993398,1,0.288721639886806,0.0,0.0,0.0,4.027289623959521,12.561994536405944
2023-07-18,0.0163377857501532,1,0.2548773032141038,0.0,0.0,0.0,4.027289623959521,12.76722971173634
2023-07-19,-0.0201625784857022,0,0.5048931226220551,0.0,0.0,-0.0,4.027289623959521,12.509809440628466
2023-07-20,-0.0154600238362563,0,0.3693426687217765,0.0,0.0,-0.0,4.027289623959521,12.316407488489325
2023-07-21,-0.0230846310118998,0,0.6312992839290016,1.0,1.0,-0.0235846310118998,3.932307484200383,12.032087766225349
2023-07-24,0.0046947837662745,1,0.5515561408342716,1.0,0.0,0.0046947837662745,3.950768817541207,12.088575816544614
2023-07-25,0.0240313695491136,1,0.5887692400759389,1.0,0.0,0.0240313695491136,4.045711202998654,12.379080849314477
2023-07-26,0.0108211169598377,1,0.521276293029953,1.0,0.0,0.0108211169598377,4.089490317112029,12.513036331040196
2023-07-27,0.0032031052964047,1,0.8530822769831464,1.0,0.0,0.0032031052964047,4.102589385206366,12.553116903986256
2023-07-28,0.0018427856018827,1,0.3947453638930131,0.0,1.0,-0.0005,4.100538090513764,12.576249607075672
2023-07-31,-0.0062882920503946,0,0.4803448912356325,0.0,0.0,-0.0,4.100538090513764,12.49716647664772
2023-08-01,-0.013538411032493,0,0.8561775973156147,1.0,1.0,-0.014038411032493,4.042973051344737,12.327974700145372
2023-08-02,-0.0443152468451996,0,0.7197322053614381,1.0,0.0,-0.0443152468451996,3.8638077025859054,11.781657458207054
2023-08-03,0.0270551219062278,1,0.907929776040589,1.0,0.0,0.0270551219062278,3.968343491001589,12.100411636996263
2023-08-04,0.0028009340803685,1,0.6266432034165834,1.0,0.0,0.0028009340803685,3.979458559528144,12.134304092336814
2023-08-07,-0.0057192965581687,0,0.6249940786584047,1.0,0.0,-0.0057192965581687,3.95669885588526,12.06490440870574
2023-08-08,-0.0129090196833281,0,0.5490316706428532,1.0,0.0,-0.0129090196833281,3.905621752473635,11.909158320216285
2023-08-09,-0.0477480936660674,0,0.6433425001710862,1.0,0.0,-0.0477480936660674,3.7191357592122936,11.340518713258573
2023-08-10,-0.009700935896889,0,0.8262282188145453,1.0,0.0,-0.009700935896889,3.6830566616203475,11.230505068183781
2023-08-11,-0.0302987885208264,0,0.7131810177893573,1.0,0.0,-0.0302987885208264,3.5714645067196917,10.890234370140812
2023-08-14,0.1006275054973424,1,0.8235976669289734,1.0,0.0,0.1006275054973424,3.930852071003191,11.986091489089503
2023-08-15,-0.0008977885442902,0,0.529193180616398,1.0,0.0,-0.0008977885442902,3.927322997044545,11.975330513459784
2023-08-16,-0.0123540596680259,0,0.4439694020253213,0.0,1.0,-0.0005,3.925359335546023,11.827386565752171
2023-08-17,-0.0303615980733501,0,0.507802165234732,0.0,0.0,-0.0,3.925359335546023,11.468288208584662
2023-08-18,0.0436028949962306,1,0.3309717816801146,0.0,0.0,0.0,3.925359335546023,11.96833877513009
2023-08-21,0.0818311495213874,1,0.5698253632475372,1.0,1.0,0.0813311495213874,4.24461332259049,12.947721694960379
2023-08-22,-0.0471383191311243,0,0.7212451921434141,1.0,0.0,-0.0471383191311243,4.044529385201997,12.337387857682355
2023-08-23,0.0948416100662234,1,0.6147093636522379,1.0,0.0,0.0948416100662234,4.428119064054708,13.507485586116426
2023-08-24,-0.0638042915740386,0,0.2457229863972741,0.0,1.0,-0.0005,4.425905004522681,12.64565003734773
2023-08-25,-0.0112739085488287,0,0.2916666794012229,0.0,0.0,-0.0,4.425905004522681,12.50308413528618
2023-08-28,0.0039585128725945,1,0.5105819560976078,0.0,0.0,0.0,4.425905004522681,12.552577754782842
2023-08-29,0.0509580008851127,1,0.2702312546235668,0.0,0.0,0.0,4.425905004522681,13.192232023121512
2023-08-30,0.006851038369394,1,0.2680954738976826,0.0,0.0,0.0,4.425905004522681,13.282612510889868
2023-08-31,0.0077357193489182,1,0.2368766341237297,0.0,0.0,0.0,4.425905004522681,13.385363073494542
2023-09-01,-0.0309270677686698,0,0.6491434670702227,1.0,1.0,-0.0314270677686698,4.286811788007852,12.971393042612325
2023-09-05,0.0046033886249459,1,0.5587730673410666,1.0,0.0,0.0046033886249459,4.306545648630052,13.031105405794388
2023-09-06,-0.060196875438446,0,0.4758188541484895,0.0,1.0,-0.0005,4.304392375805737,12.246673576856523
2023-09-07,0.0091596104886002,1,0.7661573498356605,1.0,1.0,0.0086596104886002,4.341666737170315,12.358848336601561
2023-09-08,0.0044840661953389,1,0.4970316962129875,1.0,0.0,0.0044840661953389,4.361135058217888,12.414266230641037
2023-09-11,-0.0305539850451043,0,0.6794489562979329,1.0,0.0,-0.0305539850451043,4.227885002869419,12.034960925884088
2023-09-12,-0.0030845467261441,0,0.5246481030574821,1.0,0.0,-0.0030845467261441,4.214843894025305,11.99783852656088
2023-09-13,0.0302690187100127,1,0.4085797624965047,0.0,1.0,-0.0005,4.2127364720782925,12.361001325401062
2023-09-14,-0.0132535791652672,0,0.5216920978865336,0.0,0.0,-0.0,4.2127364720782925,12.197173815772887
2023-09-15,-0.0571887006499231,0,0.5693582226710657,1.0,1.0,-0.0576887006499231,3.9697091788235546,11.499633293647571
2023-09-18,0.0253813600066579,1,0.949897531705352,1.0,0.0,0.0253813600066579,4.07046579661301,11.79150962621819
2023-09-19,-0.0053157498147275,0,0.8411542921839658,1.0,0.0,-0.0053157498147275,4.04882821880881,11.728828911107263
2023-09-20,-0.0462615078226615,0,0.7931108854698108,1.0,0.0,-0.0462615078226615,3.861523320491773,11.186235600685416
2023-09-21,-0.0002643947242879,0,0.4093884262394616,0.0,1.0,-0.0005,3.8595925588315274,11.183278019007954
2023-09-22,0.0004570355096067,1,0.770023348693012,1.0,1.0,-4.2964490393300014e-05,3.8594267334041112,11.188389174176445
2023-09-25,0.0098577364657408,1,0.5635573518350767,1.0,0.0,0.0098577364657408,3.897471945050844,11.298681366131625
2023-09-26,0.0078330943950823,1,0.4708452223233461,0.0,1.0,-0.0005,3.895523209078319,11.387185003812492
2023-09-27,0.0030712011244116,1,0.6906065132311587,1.0,1.0,0.0025712011244116,3.905539382733673,11.422157339200083
2023-09-28,0.0321950253445355,1,0.400290744480161,0.0,1.0,-0.0005,3.903586613042306,11.789893984224904
2023-09-29,0.0046316991339023,1,0.463822638105893,0.0,0.0,0.0,3.903586613042306,11.844501225980439
2023-10-02,0.0176699925051055,1,0.5372424403528059,0.0,0.0,0.0,3.903586613042306,12.053793473870227
2023-10-03,-0.0237904355295769,0,0.3214966723876685,0.0,0.0,-0.0,3.903586613042306,11.767028477343283
2023-10-04,0.0070411741379596,1,0.7395693527387873,1.0,1.0,0.006541174137959601,3.9291206528408233,11.849882173938587
2023-10-05,0.0032464620341163,1,0.2908406401288766,0.0,1.0,-0.0005,3.9271560925144033,11.888352366525032
2023-10-06,0.0146855692417198,1,0.3175330393034402,0.0,0.0,0.0,3.9271560925144033,12.062939588373599
2023-10-09,0.0104368483935817,1,0.452461615161888,0.0,0.0,0.0,3.9271560925144033,12.188838660038389
2023-10-10,0.0195539475285551,1,0.4691851960888849,0.0,0.0,0.0,3.9271560925144033,12.427178571630803
2023-10-11,0.0125767507581928,1,0.3872787729528849,0.0,0.0,0.0,3.9271560925144033,12.58347209915376
2023-10-12,0.0039122825932635,1,0.3164528088086294,0.0,0.0,0.0,3.9271560925144033,12.632702198010097
2023-10-13,-0.0403960776287151,0,0.2441294177170777,0.0,0.0,-0.0,3.9271560925144033,12.122390579358841
2023-10-16,-0.0235891675791053,0,0.5948747268882971,1.0,1.0,-0.0240891675791053,3.8325541712925197,11.836433476522977
2023-10-17,-0.0320228035130792,0,0.2599077504246003,0.0,1.0,-0.0005,3.8306378942068737,11.45739769300865
2023-10-18,0.0051655164739778,1,0.8166531673900906,1.0,1.0,0.0046655164739777995,3.848509798408139,11.516581069540802
2023-10-19,-0.0215132255611966,0,0.5877697374187587,1.0,0.0,-0.0215132255611966,3.7657159390405095,11.268822263297963
2023-10-20,-0.015779356331312,0,0.7095025781468969,1.0,0.0,-0.015779356331312,3.706295365395888,11.091007501371163
2023-10-23,0.0448226282491683,1,0.8666232657292274,1.0,0.0,0.0448226282491683,3.8724212647406437,11.58813560751386
2023-10-24,0.0074518745851561,1,0.2254054894876047,0.0,1.0,-0.0005,3.870485054108274,11.674488940736836
2023-10-25,-0.0356006948422776,0,0.4213032278777585,0.0,0.0,-0.0,3.870485054108274,11.25886902251812
2023-10-26,-0.0172747533658331,0,0.8133891020820638,1.0,1.0,-0.0177747533658331,3.801688136865356,11.064374836975901
2023-10-27,-0.001045357583558,0,0.3993938004810645,0.0,1.0,-0.0005,3.7997872927969234,11.052808608832741
2023-10-30,-0.0155037485599485,0,0.7175555257971639,1.0,1.0,-0.0160037485599485,3.7389764523817144,10.881448643280164
2023-10-31,0.0107291566873433,1,0.5068975451857436,1.0,0.0,0.0107291566873433,3.7790925165896048,10.998197410759197
2023-11-01,0.0597789773008561,1,0.6294388773858653,1.0,0.0,0.0597789773008561,4.00500280235665,11.655658404127305
2023-11-02,0.0159711494162455,1,0.5220970866488833,1.0,0.0,0.0159711494162455,4.0689673005255695,11.84181266604434
2023-11-03,0.0287370378357321,1,0.309151696079612,0.0,1.0,-0.0005,4.066932816875307,12.182111284672109
2023-11-06,0.0095837258806052,1,0.3835492216917411,0.0,0.0,0.0,4.066932816875307,12.298861299871435
2023-11-07,0.00833345848502,1,0.6331256534422463,1.0,1.0,0.00783345848502,4.098790966257665,12.401353349926934
2023-11-08,0.0296529000041811,1,0.7281249570562375,1.0,0.0,0.0296529000041811,4.220332004918145,12.769089440728834
2023-11-09,0.0006952496558321,1,0.7885680058605896,1.0,0.0,0.0006952496558321,4.223266189292062,12.777967145767791
2023-11-10,0.0172630289188064,1,0.6841017668735803,1.0,0.0,0.0172630289188064,4.296172555649628,12.99855356212874
2023-11-13,0.028145845006164,1,0.3209332202965992,0.0,1.0,-0.0005,4.294024469371803,13.364408835992736
2023-11-14,0.0051328330281474,1,0.8091355379364353,1.0,1.0,0.0046328330281474005,4.313917967757182,13.433006115067785
2023-11-15,-0.0251526241720539,0,0.5254585319995585,1.0,0.0,-0.0251526241720539,4.205411610405115,13.095130760754584
2023-11-16,0.0173584769473764,1,0.7824833760144071,1.0,0.0,0.0173584769473764,4.278411150898561,13.322442286188023
2023-11-17,-0.0042807692141532,0,0.7387963115538673,1.0,0.0,-0.0042807692141532,4.2600962601583054,13.265411985391976
2023-11-20,0.0165070446469683,1,0.8040190494472425,1.0,0.0,0.0165070446469683,4.330417859325122,13.484384733295272
2023-11-21,-0.0054660045250773,0,0.3177469369927609,0.0,1.0,-0.0005,4.328252650395459,13.410679025325196
2023-11-22,-0.0277221922182668,0,0.5309978817348447,0.0,0.0,-0.0,4.328252650395459,13.038905603607652
2023-11-24,-0.0138228854606243,0,0.58315326263383,1.0,1.0,-0.0143228854606243,4.266259583439202,12.858670304917093
2023-11-27,0.0091212248890268,1,0.6561705477265853,1.0,0.0,0.0091212248890268,4.305173096534717,12.975957128542094
2023-11-28,0.0029647041560856,1,0.5305869430728201,1.0,0.0,0.0029647041560856,4.317936661106682,13.01442700257027
2023-11-29,-0.0073378352797939,0,0.6122151482243251,1.0,0.0,-0.0073378352797939,4.286252353138898,12.918929280964507
2023-11-30,-0.031213564647689,0,0.95074671737852,1.0,0.0,-0.031213564647689,4.152463138217888,12.515683446674199
2023-12-01,-0.0096294072988256,0,0.3276653365243794,0.0,1.0,-0.0005,4.150386906648779,12.395164833143005
2023-12-04,-0.0131736353744632,0,0.525252516848216,0.0,0.0,-0.0,4.150386906648779,12.231875451224811
2023-12-05,0.0384683735906716,1,0.3768068503615158,0.0,0.0,0.0,4.150386906648779,12.702415805797093
2023-12-06,-0.0320871614776326,0,0.3677051979856979,0.0,0.0,-0.0,4.150386906648779,12.29483133868045
2023-12-07,0.0195842887056334,1,0.1427842130799103,0.0,0.0,0.0,4.150386906648779,12.535616865204236
2023-12-08,0.0192293679038775,1,0.4292997382846263,0.0,0.0,0.0,4.150386906648779,12.776668853807301
2023-12-11,-0.0304266268298218,0,0.173595251991494,0.0,0.0,-0.0,4.150386906648779,12.3879179184643
2023-12-12,0.0343785456691705,1,0.3506601770716678,0.0,0.0,0.0,4.150386906648779,12.813796520370161
2023-12-13,0.0159775725130906,1,0.1820499586380051,0.0,0.0,0.0,4.150386906648779,13.018529883442364
2023-12-14,-0.0040504749036394,0,0.4546789147116438,0.0,0.0,-0.0,4.150386906648779,12.9657986548672
2023-12-15,0.0250240699140233,1,0.7670579007561281,1.0,1.0,0.0245240699140233,4.25217128531768,13.290255706897748
2023-12-18,0.0004856140683302,1,0.6581988711225609,1.0,0.0,0.0004856140683302,4.25423619951478,13.296709642040723
2023-12-19,0.0046739695259765,1,0.7221961010170245,1.0,0.0,0.0046739695259765,4.274120369867619,13.35885805770338
2023-12-20,-0.0169973223455465,0,0.7138160283353656,1.0,0.0,-0.0169973223455465,4.201471768197313,13.131793241128193
2023-12-21,0.0078669595610483,1,0.6014932905253099,1.0,0.0,0.0078669595610483,4.234524576694607,13.235100527520196
2023-12-22,-0.0046140683610625,0,0.5383377716906932,1.0,0.0,-0.0046140683610625,4.214986190821139,13.174032868920683
2023-12-26,0.011088980468443,1,0.6617882274719084,1.0,0.0,0.011088980468443,4.2617260903659115,13.320119462094771
2023-12-27,0.0026658058694828,1,0.5141654726354804,1.0,0.0,0.0026658058694828,4.273087024791737,13.355628314739036
2023-12-28,0.0034244135853105,1,0.4603254353215087,0.0,1.0,-0.0005,4.270950481279342,13.401363509780387
2023-12-29,-0.0114227140683719,0,0.6128063905387611,1.0,1.0,-0.011922714068371901,4.220029159890873,13.248283566281852
2024-01-02,-0.0357199740940034,0,0.5511253944039313,1.0,0.0,-0.0357199740940034,4.069289827623632,12.775055220504253
2024-01-03,0.0059385898002988,1,0.5430880116968672,1.0,0.0,0.0059385898002988,4.093455670688417,12.850921033134993
2024-01-04,0.0145500765633186,1,0.3409785757032148,0.0,1.0,-0.0005,4.091408942853073,13.037902918076268
2024-01-05,0.0216664383275151,1,0.1703954459008813,0.0,0.0,0.0,4.091408942853073,13.320387837570898
2024-01-08,0.0583494106443862,1,0.7380311092727161,1.0,1.0,0.0578494106443862,4.3280945389022945,14.09762461744781
2024-01-09,0.0231865611673756,1,0.7422162103153884,1.0,0.0,0.0231865611673756,4.428448167666737,14.424500052954963
2024-01-10,0.0257945699014359,1,0.7132668625140701,1.0,0.0,0.0257945699014359,4.542678083482502,14.796573827864176
2024-01-11,-0.0068910533420134,0,0.380047027481064,0.0,1.0,-0.0005,4.540406744440761,14.694609848337324
2024-01-12,0.0072867357748975,1,0.6099407011337521,1.0,1.0,0.006786735774897501,4.571221285325843,14.801685587617365
2024-01-16,0.0241556167711525,1,0.4163248290081345,0.0,1.0,-0.0005,4.568935674683181,15.159229432238941
2024-01-17,0.0162032419235642,1,0.2833546770820736,0.0,0.0,0.0,4.568935674683181,15.404858094104325
2024-01-18,0.0127313446051036,1,0.5211280257047941,0.0,0.0,0.0,4.568935674683181,15.600982651093087
2024-01-19,0.0355240358229727,1,0.5612555936262342,1.0,1.0,0.0350240358229727,4.728958241426143,16.155192517664094
2024-01-22,-0.0079768257949605,0,0.5901573979406781,1.0,0.0,-0.0079768257949605,4.6912361653426435,16.02632536126664
2024-01-23,0.0123216623905022,1,0.5882497513553184,1.0,0.0,0.0123216623905022,4.74903999356611,16.22379633172851
2024-01-24,0.0339280056497561,1,0.5005935899676139,1.0,0.0,0.0339280056497561,4.910165449298739,16.77423738533189
2024-01-25,-0.022293492992166,0,0.4609526981668457,0.0,1.0,-0.0005,4.90771036657409,16.400281041733066
2024-01-26,0.0044620192536419,1,0.6874822410862138,1.0,1.0,0.0039620192536419,4.927154809537754,16.47345941150642
2024-01-29,0.0272406528248994,1,0.4190289724843347,0.0,1.0,-0.0005,4.924691232132985,16.922207200160337
2024-01-30,-0.0232115368430346,0,0.625543708146061,1.0,1.0,-0.0237115368430346,4.807919234541695,16.52941676426835
2024-01-31,0.0107421501570439,1,0.8101351620084811,1.0,0.0,0.0107421501570439,4.859566624902081,16.70697824115848
2024-02-01,0.0301771819616019,1,0.7172412113290414,1.0,0.0,0.0301771819616019,5.006214651196279,17.211147763570445
2024-02-02,0.0664491660259463,1,0.7162617402844009,1.0,0.0,0.0664491660259463,5.338873439715146,18.354814178809033
2024-02-05,0.0205934854739229,1,0.6140083119307631,1.0,0.0,0.0205934854739229,5.448819452343033,18.73280377797689
2024-02-06,-0.0188281985743976,0,0.6921026418830968,1.0,0.0,-0.0188281985743976,5.346227997698278,18.38009882858992
2024-02-07,0.0256882191758225,1,0.6645492269553781,1.0,0.0,0.0256882191758225,5.48356307426707,18.852250835772015
2024-02-08,0.0065502140614226,1,0.5117056514868619,1.0,0.0,0.0065502140614226,5.519481586222832,18.975737114285955
2024-02-09,0.0293055130818247,1,0.6806894603234623,1.0,0.0,0.0293055130818247,5.681232826052776,19.53183082652593
2024-02-12,-0.0303030359975248,0,0.3076373748938873,0.0,1.0,-0.0005,5.67839220963975,18.93995705389215
2024-02-13,0.0398012986006364,1,0.7532625127002489,1.0,1.0,0.0393012986006364,5.90156039744233,19.693791940077343
2024-02-14,0.0091119329962869,1,0.699043770373129,1.0,0.0,0.0091119329962869,5.9553350203573645,19.873240452678143
2024-02-15,0.0031268760468503,1,0.6514447148885245,1.0,0.0,0.0031268760468503,5.973956614783489,19.93538161222292
2024-02-16,-0.0290553716903548,0,0.5342422613003063,1.0,0.0,-0.0290553716903548,5.800381084878901,19.35615168969072
2024-02-20,-0.0547763573126792,0,0.301505213516154,0.0,1.0,-0.0005,5.797480894336462,18.2958922085378
2024-02-21,0.1032117439314612,1,0.7465411491096425,1.0,1.0,0.1027117439314612,6.392950267403087,20.18424315016302
2024-02-22,0.0768409049944596,1,0.8411763128294865,1.0,0.0,0.0768409049944596,6.8841903515349125,21.735218660449767
2024-02-23,-0.0134918971868207,0,0.3177000260674276,0.0,1.0,-0.0005,6.880748256359145,21.441969324949913
2024-02-26,-0.0040026204023405,0,0.6138683708045367,1.0,1.0,-0.0045026204023405,6.849766858876693,21.35614526106351
2024-02-27,-0.0221839981972782,0,0.3190180733235529,0.0,1.0,-0.0005,6.846341975447255,20.882380573091265
2024-02-28,0.0189899264572035,1,0.1882808908290734,0.0,0.0,0.0,6.846341975447255,21.278935444425603
2024-02-29,0.0114546715088079,1,0.263940559487994,0.0,0.0,0.0,6.846341975447255,21.52267865999863
2024-03-01,0.051625014395628,1,0.492710230042676,0.0,0.0,0.0,6.846341975447255,22.633787255653534
2024-03-04,0.013598209272015,1,0.3443497581455035,0.0,0.0,0.0,6.846341975447255,22.94156623137418
2024-03-05,0.032273902521142,1,0.3095572187080771,0.0,0.0,0.0,6.846341975447255,23.681980103607874
2024-03-06,0.0242664296321881,1,0.603375159415007,1.0,1.0,0.0237664296321881,7.009055080244617,24.256657207342954
2024-03-07,0.0552364060670564,1,0.3070090185841638,0.0,1.0,-0.0005,7.005550552704495,25.596507774677143
2024-03-08,-0.0915405980967845,0,0.4167461413399583,0.0,0.0,-0.0,7.005550552704495,23.253388143794204
2024-03-11,0.0187437227195301,1,0.7379083932530027,1.0,1.0,0.0182437227195301,7.133357874485686,23.689243203451092
2024-03-12,0.0341399565223186,1,0.3400594870138924,0.0,1.0,-0.0005,7.129791195548443,24.497992936463543
2024-03-13,-0.0162318413879998,0,0.2430771648285595,0.0,0.0,-0.0,7.129791195548443,24.100345400794527
2024-03-14,-0.0295499353977637,0,0.7476964936884695,1.0,1.0,-0.0300499353977637,6.915541430722668,23.388181751137257
2024-03-15,0.0397789819722635,1,0.6596477520225987,1.0,0.0,0.0397789819722635,7.190634628623827,24.31853981137977
2024-03-18,-0.0408018797399698,0,0.5851525718810395,1.0,0.0,-0.0408018797399698,6.897243219252655,23.326297674544186
2024-03-19,0.0357208775607287,1,0.7061679814692364,1.0,0.0,0.0357208775607287,7.143618799794146,24.15953349772169
2024-03-20,0.0278739766197033,1,0.5207673140104355,1.0,0.0,0.0278739766197033,7.342739863199681,24.832955769580124
2024-03-21,-0.0125568744456466,0,0.2033717049504731,0.0,1.0,-0.0005,7.339068493268082,24.521131461867213
2024-03-22,0.0307217223648568,1,0.3086607511839265,0.0,0.0,0.0,7.339068493268082,25.274462854710855
2024-03-25,0.0203317262862974,1,0.1685549373358189,0.0,0.0,0.0,7.339068493268082,25.788336315506026
2024-03-26,-0.0285754434312919,0,0.6693757743650093,1.0,1.0,-0.0290754434312919,7.125681822453689,25.051423169935152
2024-03-27,-0.0334221508692204,0,0.6899888299469904,1.0,0.0,-0.0334221508692204,6.88752620953758,24.214150725260897
2024-03-28,0.0033222288698233,1,0.6150785037323889,1.0,0.0,0.0033222288698233,6.910408147952571,24.294595675858613
2024-04-01,-0.0204986688704974,0,0.6616594537468874,1.0,0.0,-0.0204986688704974,6.7687539795677045,23.796588803756567
2024-04-02,0.0004072372378718,1,0.8934924327861947,1.0,0.0,0.0004072372378718,6.771510468242178,23.806279660851782
2024-04-03,0.0217212298538724,1,0.548205488265859,1.0,0.0,0.0217212298538724,6.918596003580769,24.323381333330712
2024-04-04,-0.0391566417290479,0,0.683944104491382,1.0,0.0,-0.0391566417290479,6.647687018600535,23.37095940482247
2024-04-05,0.0211128775990068,1,0.5502695891316601,1.0,0.0,0.0211128775990068,6.788038820940755,23.864387610107844
2024-04-08,-0.0141825895692374,0,0.5079405046542855,1.0,0.0,-0.0141825895692374,6.691766852363302,23.525928795312492
2024-04-09,-0.0402093299520956,0,0.577006731450093,1.0,0.0,-0.0402093299520956,6.42269539103413,22.579966961952266
2024-04-10,0.0416316855058356,1,0.7335095482446652,1.0,0.0,0.0416316855058356,6.6900830256534425,23.52000904524442
2024-04-11,0.0260696651375316,1,0.4301437499954538,0.0,1.0,-0.0005,6.686737984140616,24.13316780508566
2024-04-12,-0.0067003643784349,0,0.7157755461960237,1.0,1.0,-0.0072003643784349005,6.638591034151682,23.97146678718567
2024-04-15,-0.0299107261850136,0,0.7850054389723179,1.0,0.0,-0.0299107261850136,6.440025955474885,23.25446280786101
2024-04-16,0.0220633406436743,1,0.6313764727672916,1.0,0.0,0.0220633406436743,6.582114441884632,23.767533942276504
2024-04-17,-0.0381481832721494,0,0.7755459007102339,1.0,0.0,-0.0381481832721494,6.331018733837356,22.86084570151951
2024-04-18,-0.0214191293410336,0,0.8911253517424482,1.0,0.0,-0.0214191293410336,6.195413824716787,22.37118629059325
2024-04-19,-0.0606856153542161,0,0.8122414515974731,1.0,0.0,-0.0606856153542161,5.819441324389831,21.013577084344796
2024-04-22,0.0341211473846323,1,0.8134211837212716,1.0,0.0,0.0341211473846323,6.018007339515556,21.73058444511806
2024-04-23,0.0393837842710211,1,0.3210236736835196,0.0,1.0,-0.0005,6.014998335845799,22.586417094987798
2024-04-24,-0.0605358436635294,0,0.2273572834885891,0.0,0.0,-0.0,6.014998335845799,21.21912928080635
2024-04-25,0.0627632242158215,1,0.5746974200772486,1.0,1.0,0.062263224215821505,6.389511525888358,22.550910249522104
2024-04-26,0.0450616693900183,1,0.5291530286598461,1.0,0.0,0.0450616693900183,6.677433581831651,23.567091911630044
2024-04-29,-0.0040526922594449,0,0.6625910357489447,1.0,0.0,-0.0040526922594449,6.650371998441604,23.471581740662153
2024-04-30,-0.0247936597192112,0,0.5816963661381581,1.0,0.0,-0.0247936597192112,6.485484938106072,22.889635329912522
2024-05-01,-0.0073815680926809,0,0.6199117412954682,1.0,0.0,-0.0073815680926809,6.437611889421386,22.72067392810814
2024-05-02,0.0395506889923498,1,0.803897783732623,1.0,0.0,0.0395506889923498,6.692223875113345,23.619292236335337
2024-05-03,0.0182368663031513,1,0.6194767021205425,1.0,0.0,0.0182368663031513,6.8142690671945445,24.050034111024445
2024-05-06,0.0191071953152612,1,0.4152498573864366,0.0,1.0,-0.0005,6.810861932660948,24.509562810122485
2024-05-07,-0.0177282138970521,0,0.7497096290125141,1.0,1.0,-0.0182282138970521,6.686712084529114,24.0750520381014
2024-05-08,0.0116892992271788,1,0.6791983067365466,1.0,0.0,0.0116892992271788,6.764875062931168,24.35647252528467
2024-05-09,-0.002474206274285,0,0.6744421552110201,1.0,0.0,-0.002474206274285,6.74813736660571,24.29620958814316
2024-05-10,0.0019156205529502,1,0.6121287586823018,1.0,0.0,0.0019156205529502,6.761064237239312,24.342751906588994
2024-05-13,-0.0097149904978567,0,0.5770998079994614,1.0,0.0,-0.0097149904978567,6.695380562419133,24.106262303124797
2024-05-14,0.0320651971137264,1,0.7596423228564109,1.0,0.0,0.0320651971137264,6.910069259904515,24.879234355549688
2024-05-15,0.0263646932958605,1,0.7829081186916607,1.0,0.0,0.0263646932958605,7.092251116595051,25.53516773876959
2024-05-16,-0.005700109846211,0,0.7436189607595258,1.0,0.0,-0.005700109846211,7.0518245061735465,25.389614477717178
2024-05-17,-0.0065594313339141,0,0.8032582315496173,1.0,0.0,-0.0065594313339141,7.005568547546488,25.22307304495604
2024-05-20,-0.0016106897984399,0,0.8258168231799382,1.0,0.0,-0.0016106897984399,6.994284749754684,25.182446498517223
2024-05-21,0.0198720559744955,1,0.6209791681055679,1.0,0.0,0.0198720559744955,7.13327556780337,25.6828734849105
2024-05-22,0.0688149464067273,1,0.6518463293083746,1.0,0.0,0.0688149464067273,7.624151543706176,27.450239047345374
2024-05-23,0.0237286840746819,1,0.5955262136650268,1.0,0.0,0.0237286840746819,7.805062627024279,28.101597097474333
2024-05-24,0.0554817288637954,1,0.2690008443551821,0.0,1.0,-0.0005,7.801160095710768,29.660722288276023
2024-05-28,0.0254525160527665,1,0.507917652957399,0.0,0.0,0.0,7.801160095710768,30.41566229845502
2024-05-29,0.0141530971663723,1,0.2728891860595793,0.0,0.0,0.0,7.801160095710768,30.84613812234462
2024-05-30,-0.018578331151359,0,0.3152354919963784,0.0,0.0,-0.0,7.801160095710768,30.273068353567144
2024-05-31,0.0097849849773192,1,0.5111518986267953,0.0,0.0,0.0,7.801160095710768,30.569289872624157
2024-06-03,0.0184383376284569,1,0.398317590452747,0.0,0.0,0.0,7.801160095710768,31.132936760357772
2024-06-04,0.0229442381051092,1,0.4932261075887172,0.0,0.0,0.0,7.801160095710768,31.84725827429873
2024-06-05,0.0479592407252569,1,0.7708842191304058,1.0,1.0,0.0474592407252569,8.171397230629374,33.374628600315255
2024-06-06,-0.034486527816971,0,0.4283351612300313,0.0,1.0,-0.0005,8.16731153201406,32.22365354270941
2024-06-07,0.005009598920014,1,0.6279296102810312,1.0,1.0,0.004509598920014001,8.204142831278247,32.38508112269587
2024-06-10,0.0117137854494995,1,0.6547323199556607,1.0,0.0,0.0117137854494995,8.30024440020089,32.76443301473177
2024-06-11,0.0105938581643096,1,0.7444042995061481,1.0,0.0,0.0105938581643096,8.388176012105724,33.11153477092387
2024-06-12,0.0514383464573238,1,0.6540049060587392,1.0,0.0,0.0514383464573238,8.819649915961431,34.814737368204376
2024-06-13,0.0044053189099471,1,0.5431939506197805,1.0,0.0,0.0044053189099471,8.85850328651533,34.96810738907737
2024-06-14,0.023314990307232,1,0.5581436340120796,1.0,0.0,0.023314990307232,9.065039204777017,35.783388473915956
2024-06-17,-0.013910931097911,0,0.3200632758177572,0.0,1.0,-0.0005,9.060506685174628,35.28560822240553
2024-06-18,0.0660362474627058,1,0.7997068839842654,1.0,1.0,0.0655362474627058,9.654298293431733,37.61573737885239
2024-06-20,-0.0907009879238684,0,0.5134746128887329,1.0,0.0,-0.0907009879238684,8.778643900505758,34.20395283710569
2024-06-21,-0.0305223764745171,0,0.4971293915520429,1.0,0.0,-0.0305223764745171,8.510698826438798,33.15996691169492
2024-06-24,-0.0165530611722568,0,0.541549565073852,1.0,0.0,-0.0165530611722568,8.369820708146102,32.61106795093562
2024-06-25,0.0406764578695948,1,0.4808470199713786,1.0,0.0,0.0406764578695948,8.71027536755707,33.937570682524346
2024-06-26,-0.0160943926285491,0,0.4234505085562665,0.0,1.0,-0.0005,8.705920229873293,33.391366095100665
2024-06-27,0.0038679459499779,1,0.4985516017250762,0.0,0.0,0.0,8.705920229873293,33.520522094352444
2024-06-28,-0.0089101213496715,0,0.7020217159886152,1.0,1.0,-0.0094101213496715,8.623996464049625,33.22185017478742
2024-07-01,-0.0189519413813449,0,0.7532253217014695,1.0,0.0,-0.0189519413813449,8.460554988590031,32.59223161769503
2024-07-02,0.0043757255626835,1,0.8315583336506118,1.0,0.0,0.0043757255626835,8.497576055328095,32.73484627872948
2024-07-03,0.0470159227241866,1,0.849472262488998,1.0,0.0,0.0470159227241866,8.897097434488298,34.27390528175835
2024-07-05,0.0008636114392566,1,0.5205039096796882,1.0,0.0,0.0008636114392566,8.904781069608903,34.303504618427674
2024-07-08,0.0224333148635138,1,0.5555747885272936,1.0,0.0,0.0224333148635138,9.104544827134097,35.07304593845486
2024-07-09,0.0282314866291308,1,0.6409169880317702,1.0,0.0,0.0282314866291308,9.361579662685656,36.06321016590924
2024-07-10,0.012833005264095,1,0.3879571518977935,0.0,1.0,-0.0005,9.356898872854314,36.52600953180852
2024-07-11,-0.0551750521012789,0,0.2463993278467468,0.0,0.0,-0.0,9.356898872854314,34.51068505283917
2024-07-12,0.0179322550295093,1,0.5265469124281933,0.0,0.0,0.0,9.356898872854314,35.12953945844976
2024-07-15,-0.0162375218789156,0,0.5459817329811094,0.0,0.0,-0.0,9.356898872854314,34.55912279289696
2024-07-16,-0.0552009869864138,0,0.4513640792236537,0.0,0.0,-0.0,9.356898872854314,32.65142510534437
2024-07-17,0.0041203152157949,1,0.4339466340840762,0.0,0.0,0.0,9.356898872854314,32.78595926902331
2024-07-18,-0.0123101373415736,0,0.8037789005945304,1.0,1.0,-0.0128101373415736,9.237035713201836,32.38235960754639
2024-07-19,9.01555601284798e-08,1,0.3278373536639746,0.0,1.0,-0.0005,9.232417195345235,32.38236252699616
2024-07-22,0.0201909956242321,1,0.7456384532226656,1.0,1.0,0.0196909956242321,9.414212681939864,33.03619466708104
2024-07-23,-0.0294021596324253,0,0.3176450941519136,0.0,1.0,-0.0005,9.409505575598894,32.064859197831645
2024-07-24,-0.0514390990455363,0,0.3674206163275609,0.0,0.0,-0.0,9.409505575598894,30.415471729673207
2024-07-25,0.0278661376567235,1,0.5127858442498324,0.0,0.0,0.0,9.409505575598894,31.263033451786463
2024-07-26,-0.0215164185218282,0,0.5449440178207157,0.0,0.0,-0.0,9.409505575598894,30.59036493977591
2024-07-29,-0.0190870309750142,0,0.6749580027334197,1.0,1.0,-0.0195870309750142,9.22520129843007,30.00648569663342
2024-07-30,0.0123744515573012,1,0.6421475539671732,1.0,0.0,0.0123744515573012,9.339358105003845,30.37779950029126
2024-07-31,0.0410097326394538,1,0.7416082265640679,1.0,0.0,0.0410097326394538,9.722362683914168,31.62358493597314
2024-08-01,-0.117161559375079,0,0.4862105713043339,1.0,0.0,-0.117161559375079,8.583275511056707,27.91851641184427
2024-08-02,-0.1127602222042831,0,0.746538134285323,1.0,0.0,-0.1127602222042831,7.6154234571893715,24.770418297630787
2024-08-05,0.1279601302659057,1,0.7648970599718664,1.0,0.0,0.1279601302659057,8.589894034801357,27.940044249736598
2024-08-06,0.0382318525550557,1,0.1473576395055285,0.0,1.0,-0.0005,8.585599087783958,29.008243901874263
2024-08-07,-0.053891129792975,0,0.1401413392228863,0.0,0.0,-0.0,8.585599087783958,27.444956864692085
2024-08-08,0.035686372339649,1,0.5808306825876687,1.0,1.0,0.035186372339649,8.887695174045676,28.42436781421109
2024-08-09,0.0064368479559888,1,0.1593215037687659,0.0,1.0,-0.0005,8.883251326458653,28.607331148076273
2024-08-12,0.0575622444148402,1,0.5593702549483283,1.0,1.0,0.0570622444148402,9.390149584847489,30.254033335678113
2024-08-13,0.0541619904862682,1,0.1284973413824792,0.0,1.0,-0.0005,9.385454510055066,31.89265200137635
2024-08-14,0.001940535131242,1,0.1839353033484061,0.0,0.0,0.0,9.385454510055066,31.954540813013498
2024-08-15,0.0267766654432812,1,0.2607434281459301,0.0,0.0,0.0,9.385454510055066,32.810176861757235
2024-08-16,0.0191896592584106,1,0.2703362317216388,0.0,0.0,0.0,9.385454510055066,33.439792975942545
2024-08-19,0.0331510115621989,1,0.1789069597042746,0.0,0.0,0.0,9.385454510055066,34.54835593952556
2024-08-20,-0.0084109679169039,0,0.3476781149784402,0.0,0.0,-0.0,9.385454510055066,34.25777082613643
2024-08-21,0.0212061474617937,1,0.3277698631512379,0.0,0.0,0.0,9.385454510055066,34.98424616598781
2024-08-22,-0.0319948877510655,0,0.3508677701966138,0.0,0.0,-0.0,9.385454510055066,33.86492913685139
2024-08-23,0.0294771133788755,1,0.7319731284493056,1.0,1.0,0.0289771133788755,9.65741788950521,34.863169492585946
2024-08-26,-0.0348845358657036,0,0.4558353661717017,0.0,1.0,-0.0005,9.652589180560458,33.646984006029726
2024-08-27,0.0245500797105122,1,0.7469563261696063,1.0,1.0,0.0240500797105122,9.884734719765763,34.473020145396085
2024-08-28,-0.0527630972267687,0,0.2946076341860419,0.0,1.0,-0.0005,9.87979235240588,32.65411683176419
2024-08-29,-0.0150790387962683,0,0.7415383139907846,1.0,1.0,-0.015579038796268301,9.725874684048675,32.161724137200146
2024-08-30,-0.0294485901298859,0,0.5730071154447111,1.0,0.0,-0.0294485901298859,9.439461386823492,31.21460670521328
2024-09-03,-0.0913715395967227,0,0.7062865732515695,1.0,0.0,-0.0913715395967227,8.576963266945613,28.36248003265176
2024-09-04,-0.0039844295254475,0,0.7663195123012059,1.0,0.0,-0.0039844295254475,8.542788961266115,28.249471729794745
2024-09-05,0.0290503945676758,1,0.4299849647005561,0.0,1.0,-0.0005,8.538517566785483,29.070130029873688
2024-09-06,-0.0292484984461048,0,0.7659364964255867,1.0,1.0,-0.0297484984461048,8.284509490217927,28.219872376866864
2024-09-09,0.027936690645006,1,0.7834157065679008,1.0,0.0,0.027936690645006,8.515951268991762,29.008242221500943
2024-09-10,0.0146554108001477,1,0.2543763980580927,0.0,1.0,-0.0005,8.511693293357267,29.43336992784723
2024-09-11,0.06819642363567,1,0.560597215129544,1.0,1.0,0.06769642363567,9.087904488401271,31.440620492472092
2024-09-12,0.0191714313181043,1,0.3247779268909557,0.0,1.0,-0.0005,9.083360536157072,32.04338218884211
2024-09-13,-0.019230633515438,0,0.2440802444189616,0.0,0.0,-0.0,9.083360536157072,31.427167649373374
2024-09-16,0.0118160305925074,1,0.3972983191569266,0.0,0.0,0.0,9.083360536157072,31.79851202375423
2024-09-17,-0.0192942045245031,0,0.5701720311245142,1.0,1.0,-0.0197942045245031,8.903562639934579,31.184985029193044
2024-09-18,0.012598103135136,1,0.53584299363932,1.0,0.0,0.012598103135136,9.01573064034262,31.577856686858492
2024-09-19,-0.002471241464685,0,0.6710449535584748,1.0,0.0,-0.002471241464685,8.993450592949774,31.499820178048047
2024-09-20,-0.0043568114998878,0,0.4114808732554602,0.0,1.0,-0.0005,8.988953867653299,31.36258139925193
2024-09-23,-0.0002573268385986,0,0.6812290967344158,1.0,1.0,-0.0007573268385986001,8.9821462916384,31.35451096533017
2024-09-24,0.0472020671575261,1,0.4001904440036941,0.0,1.0,-0.0005,8.977655218492583,32.83450869760708
2024-09-25,0.0391740175218398,1,0.4248889952477862,0.0,0.0,0.0,8.977655218492583,34.12076831664814
2024-09-26,-0.0223186259168463,0,0.2503533689328933,0.0,0.0,-0.0,8.977655218492583,33.35923965259349
2024-09-27,-0.0456562343959908,0,0.223598469832609,0.0,0.0,-0.0,8.977655218492583,31.83618238774265
2024-09-30,0.0292451716179806,1,0.5072010387025222,0.0,0.0,0.0,8.977655218492583,32.76723700533352
2024-10-01,-0.0437709415528291,0,0.3046285579968699,0.0,0.0,-0.0,8.977655218492583,31.332984189525366
2024-10-02,0.0384747142357122,1,0.5322498612810036,0.0,0.0,0.0,8.977655218492583,32.53851180236944
2024-10-03,0.0332451602795256,1,0.6112472461442373,1.0,1.0,0.0327451602795256,9.271629977556442,33.62025984249645
2024-10-04,0.0004000420798799,1,0.6210297724181403,1.0,0.0,0.0004000420798799,9.275339019696542,33.63370936116995
2024-10-07,0.0421634348998969,1,0.3815939210937723,0.0,1.0,-0.0005,9.270701350186695,35.05182207626169
2024-10-08,0.0295564280311488,1,0.5349099807626306,0.0,0.0,0.0,9.270701350186695,36.08782873281936
2024-10-09,-0.0164044433161775,0,0.3296886109298871,0.0,0.0,-0.0,9.270701350186695,35.4958279919679
2024-10-10,0.0159196734650137,1,0.6852941860481425,1.0,1.0,0.0154196734650137,9.413652537798233,36.06090998297032
2024-10-11,0.0183570605347132,1,0.559387458540529,1.0,0.0,0.0183570605347132,9.586459527287353,36.722882290464554
2024-10-14,0.0102585407915252,1,0.5073661747262502,1.0,0.0,0.0102585407915252,9.684802613394336,37.09960547642366
2024-10-15,-0.0282151389658206,0,0.482864289005485,1.0,0.0,-0.0282151389658206,9.411544561800872,36.05283495232925
2024-10-16,0.0400063511667894,1,0.8613647848513615,1.0,0.0,0.0400063511667894,9.788066118562165,37.49517732799043
2024-10-17,-0.0048086293121881,0,0.6017237250084642,1.0,0.0,-0.0048086293121881,9.740998936914812,37.31487691922537
2024-10-18,-0.0038939356464129,0,0.7258490677170674,1.0,0.0,-0.0038939356464129,9.703068113922688,37.16957518984809
2024-10-21,0.0346049567213881,1,0.4994209328118384,1.0,0.0,0.0346049567213881,10.038842366069664,38.455826730645164
2024-10-22,-0.0061577323818479,0,0.5610020993272439,1.0,0.0,-0.0061577323818479,9.97702586135585,38.219026041115136
2024-10-23,-0.0085192588321904,0,0.4465479132784687,0.0,1.0,-0.0005,9.972037348425173,37.89342826595665
2024-10-24,0.0007810540975248,1,0.4635329265140954,0.0,0.0,0.0,9.972037348425173,37.92302508337304
2024-10-25,0.0146880981618717,1,0.6235772674087968,1.0,1.0,0.0141880981618717,10.11352159319848,38.48004219839275
2024-10-28,-0.0189509864730498,0,0.6446099134259874,1.0,0.0,-0.0189509864730498,9.921860382290877,37.75080743920862
2024-10-29,-0.0053461751271535,0,0.2399480636972698,0.0,1.0,-0.0005,9.916899452099733,37.548985011447165
2024-10-30,-0.0139026217773959,0,0.5587816847276529,1.0,1.0,-0.0144026217773959,9.774070100086675,37.02695567470791
2024-10-31,-0.021075537023794,0,0.5784481426413526,1.0,0.0,-0.021075537023794,9.56807632381914,36.24659269950722
2024-11-01,0.018633958896203,1,0.6140616591284395,1.0,0.0,0.018633958896203,9.746367464752918,36.92201021799725
2024-11-04,0.0017489578222968,1,0.4439825088884265,0.0,1.0,-0.0005,9.741494281020541,36.98658525658294
2024-11-05,0.0400874517368039,1,0.195497576999485,0.0,0.0,0.0,9.741494281020541,38.4692832079654
2024-11-06,0.0239928298317093,1,0.2839294796620054,0.0,0.0,0.0,9.741494281020541,39.39227017372195
2024-11-07,0.0162577415935489,1,0.4590626228527348,0.0,0.0,0.0,9.741494281020541,40.03269952298959
2024-11-08,-0.0006050031212684,0,0.5274199484537391,0.0,0.0,-0.0,9.741494281020541,40.008479614825376
2024-11-11,-0.0127789391656861,0,0.6337456032860256,1.0,1.0,-0.0132789391656861,9.612137571079991,39.497213687715934
2024-11-12,0.0156013998476856,1,0.3760128907324749,0.0,1.0,-0.0005,9.607331502294452,40.11342551132747
2024-11-13,-0.0095926613640999,0,0.598625792881831,1.0,1.0,-0.0100926613640999,9.510367958829145,39.72863100424326
2024-11-14,-0.0187619129607657,0,0.3470508039472221,0.0,1.0,-0.0005,9.50561277484973,38.983245887291275
2024-11-15,-0.0370677822302969,0,0.8092381901893005,1.0,1.0,-0.0375677822302969,9.148507984158648,37.538223418111045
2024-11-18,0.0130466613063908,1,0.8626191507619593,1.0,0.0,0.0130466613063908,9.267865469286779,38.02797190509077
2024-11-19,0.0430936131509644,1,0.7087524322044803,1.0,0.0,0.0430936131509644,9.667251278555405,39.666734615284504
2024-11-20,0.0131606733929441,1,0.4059474533672512,0.0,1.0,-0.0005,9.662417652916128,40.18877555412085
2024-11-21,-0.0228992973075857,0,0.3782532825047974,0.0,0.0,-0.0,9.662417652916128,39.26848083427921
2024-11-22,-0.0269992685419091,0,0.3473431431163808,0.0,0.0,-0.0,9.662417652916128,38.208260575001695
2024-11-25,-0.0302132542442167,0,0.6826877662856425,1.0,1.0,-0.0307132542442167,9.365653362928308,37.053864684019885
2024-11-26,-0.0195352495061215,0,0.4822291427702448,1.0,0.0,-0.0195352495061215,9.182692987695658,36.33000819225149
2024-11-27,0.0131100977756839,1,0.6037099358517535,1.0,0.0,0.0131100977756839,9.303078990608435,36.80629815184331
2024-11-29,0.0149876659200334,1,0.4694958331196481,0.0,1.0,-0.0005,9.298427451113131,37.357938652296276
2024-12-02,-0.004105700476764,0,0.7286492138789431,1.0,1.0,-0.004605700476764001,9.255601679368384,37.20455814576062
2024-12-03,0.0270502864266672,1,0.4794952812589096,0.0,1.0,-0.0005,9.2509738785287,38.21095209998104
2024-12-04,0.0219718986744748,1,0.7246711606115191,1.0,1.0,0.0214718986744748,9.449609852288683,39.050519267777034
2024-12-05,-0.0035145040342066,0,0.8761134747375481,1.0,0.0,-0.0035145040342066,9.416399160341136,38.913276060272565
2024-12-06,-0.0389352652264797,0,0.8150742128534227,1.0,0.0,-0.0389352652264797,9.049769161554853,37.39817733603463
2024-12-09,0.0002881098374045,1,0.902759164456981,1.0,0.0,0.0002881098374045,9.052376489076536,37.40895211882614
2024-12-10,-0.0118698803129106,0,0.5378638311102542,1.0,0.0,-0.0118698803129106,8.944925863603792,36.96491233454427
2024-12-11,-0.0020382794808584,0,0.4065014408478343,0.0,1.0,-0.0005,8.940453400671991,36.88956751222104
2024-12-12,0.0135687228335339,1,0.3816299481388727,0.0,0.0,0.0,8.940453400671991,37.39011182924331
2024-12-13,-0.0342595147532589,0,0.5349667574851514,0.0,0.0,-0.0,8.940453400671991,36.10914474140335
2024-12-16,-0.0379341061024021,0,0.8386700136272999,1.0,1.0,-0.0384341061024021,8.596835066066983,34.73937661351596
2024-12-17,0.0369511338118078,1,0.7151010673914734,1.0,0.0,0.0369511338118078,8.914497868951266,36.02303596730077
2024-12-18,-0.0156881423220234,0,0.6616325254113955,1.0,0.0,-0.0156881423220234,8.774645957653783,35.45790145217439
2024-12-19,-0.0147996221128187,0,0.699246148247057,1.0,0.0,-0.0147996221128187,8.644784513306735,34.93313790976865
2024-12-20,0.0498420014432106,1,0.4087751533168453,0.0,1.0,-0.0005,8.640462121050083,36.67427541988321
2024-12-23,0.0272968616359172,1,0.955589161214714,1.0,1.0,0.0267968616359172,8.871999388978246,37.67536804161728
2024-12-24,-0.0021429394917767,0,0.6751715467020097,1.0,0.0,-0.0021429394917767,8.852987231116586,37.59463200757368
2024-12-26,-0.0082317673533306,0,0.8160131514332692,1.0,0.0,-0.0082317673533306,8.780111499848028,37.28516174315325
2024-12-27,-0.0268496271661854,0,0.6898220199914185,1.0,0.0,-0.0268496271661854,8.544368779599571,36.28406905151867
2024-12-30,0.0237337061262812,1,0.6675932003395386,1.0,0.0,0.0237337061262812,8.74715831724916,37.14522448345311
2024-12-31,-0.0147070595661928,0,0.7951742757517803,1.0,0.0,-0.0147070595661928,8.618513338842456,36.598927454375364
2025-01-02,0.0294852104532277,1,0.8698775133384815,1.0,0.0,0.0294852104532277,8.872632018432176,37.67805453273004
2025-01-03,0.0612816309213339,1,0.5109486279094335,1.0,0.0,0.0612816309213339,9.416361379086547,39.98702716443869
2025-01-06,0.0298806374391935,1,0.4331735654693095,0.0,1.0,-0.0005,9.411653198397005,41.18186502541047
2025-01-07,-0.0682872573729734,0,0.6341054470233448,1.0,1.0,-0.0687872573729734,8.764251387533701,38.369668409321214
2025-01-08,-0.035979584533219,0,0.768539214912159,1.0,0.0,-0.035979584533219,8.44891726386555,36.98914368127646
2025-01-10,-0.0542742112957675,0,0.6863916426592627,1.0,0.0,-0.0542742112957675,7.990358943066053,34.98158708146936
2025-01-13,0.0466186864798821,1,0.924403971905591,1.0,0.0,0.0466186864798821,8.362858981494572,36.61238272218907
2025-01-14,-0.0176405807310723,0,0.7441992471488301,1.0,0.0,-0.0176405807310723,8.215333292488944,35.96651902902138
2025-01-15,0.0373363410244391,1,0.6143341808463908,1.0,0.0,0.0373363410244391,8.522063777926741,37.3093772489509
2025-01-16,-0.0140652453985686,0,0.6047349069039165,1.0,0.0,-0.0140652453985686,8.40219885958795,36.784611702276635
2025-01-17,0.0180702210942524,1,0.4513327247382054,0.0,1.0,-0.0005,8.397997760158155,37.449317768603
2025-01-21,0.0395228770057811,1,0.5606408369181652,1.0,1.0,0.0390228770057811,8.725711793847632,38.92942254872192
2025-01-22,0.0026959338918122,1,0.5710066748050296,1.0,0.0,0.0026959338918122,8.74923573600285,39.034373698359694
2025-01-23,0.0228887115121076,1,0.7094444420378229,1.0,0.0,0.0228887115121076,8.949494468715644,39.927820216997254
2025-01-24,-0.1588596108078029,0,0.5148467353028933,1.0,0.0,-0.1588596108078029,7.527781260488892,33.584902236921145
2025-01-27,-0.0239584226237188,0,0.7447288934931802,1.0,0.0,-0.0239584226237188,7.347427495631188,32.78026095535271
2025-01-28,0.0385026808720421,1,0.4356563386504535,0.0,1.0,-0.0005,7.343753781883373,34.042388881818916
2025-01-29,-0.0268775628722763,0,0.6271369764519631,1.0,1.0,-0.0273775628722763,7.1426997010013435,33.12741243432535
2025-01-30,0.0055239533163027,1,0.811681599677052,1.0,0.0,0.0055239533163027,7.182155640702044,33.31040671410247
2025-01-31,-0.0729520248815505,0,0.8281507591225229,1.0,0.0,-0.0729520248815505,6.658202843698381,30.8803450946807
2025-02-03,0.0192592571514294,1,0.832385543371155,1.0,0.0,0.0192592571514294,6.7864348844315465,31.475077601784037
2025-02-04,0.0410397002624909,1,0.5185793205184914,1.0,0.0,0.0410397002624909,7.064948137939529,32.7668053522999
2025-02-05,0.0464846524239423,1,0.4577901047071139,0.0,1.0,-0.0005,7.06141566387056,34.289958910144534
2025-02-06,0.0141268015997102,1,0.5038907095733252,0.0,0.0,0.0,7.06141566387056,34.774366356530365
2025-02-07,0.0067325915611262,1,0.7705404016784058,1.0,1.0,0.0062325915611262,7.105426583546803,35.00848796200585
2025-02-10,0.0191406875436772,1,0.7792504618322719,1.0,0.0,0.0191406875436772,7.241429333647011,35.678574491463195
2025-02-11,-0.0193091521484631,0,0.7275783379659719,1.0,0.0,-0.0193091521484631,7.101603472871277,34.98965146816726
2025-02-12,0.0118444105720092,1,0.3624084611473298,0.0,1.0,-0.0005,7.098052671134842,35.40408326592774
2025-02-13,0.0373971776131911,1,0.716927484443618,1.0,1.0,0.0368971776131911,7.359950781249489,36.72809605605585
2025-02-14,0.0350967792611742,1,0.6048493117646012,1.0,0.0,0.0350967792611742,7.618261349192109,38.017133936018446
2025-02-18,-0.0124582700870706,0,0.653453384078764,1.0,0.0,-0.0124582700870706,7.523350991709983,37.54350621350719
2025-02-19,0.0037271829520879,1,0.4967337563299224,1.0,0.0,0.0037271829520879,7.551391897268859,37.68343772982779
2025-02-20,7.153339128840308e-05,1,0.4101602582625134,0.0,1.0,-0.0005,7.547616201320225,37.686133353924006
2025-02-21,-0.024850140385727,0,0.3246811696173674,0.0,0.0,-0.0,7.547616201320225,36.74962764948377
2025-02-24,-0.0481839288363477,0,0.6744293400277801,1.0,1.0,-0.0486839288363477,7.180168591291086,34.97888620605877
2025-02-25,7.707678658142036e-05,1,0.8015037303726247,1.0,0.0,7.707678658142036e-05,7.180722015613216,34.98158226620573
2025-02-26,0.0385413429100927,1,0.460467311058926,0.0,1.0,-0.0005,7.17713165460541,36.32981942386518
2025-02-27,-0.1257777418363388,0,0.6994217492202891,1.0,1.0,-0.1262777418363388,6.270819676399733,31.76033677540946
2025-02-28,0.0465175674277602,1,0.4230747084866105,0.0,1.0,-0.0005,6.267684266561534,33.237750382887945
2025-03-03,-0.1041211528961983,0,0.7834752820132953,1.0,1.0,-0.1046211528961983,5.6119519126045025,29.776997493345597
2025-03-04,0.0626299636930469,1,0.5358393769522284,1.0,0.0,0.0626299636930469,5.963428257138048,31.641929765241784
2025-03-05,-0.0344447193406937,0,0.3894455682566242,0.0,1.0,-0.0005,5.960446543009479,30.55203237508009
2025-03-06,-0.0200827533556899,0,0.5430748795917966,0.0,0.0,-0.0,5.960446543009479,29.938463444376303
2025-03-07,-0.0121349131887394,0,0.5152372899364474,0.0,0.0,-0.0,5.960446543009479,29.57516278947455
2025-03-10,-0.0264786961443853,0,0.5329532579757884,0.0,0.0,-0.0,5.960446543009479,28.792051040551325
2025-03-11,0.0667400942837972,1,0.385268132730091,0.0,0.0,0.0,5.960446543009479,30.713635241621624
2025-03-12,0.0254993199087398,1,0.2393573333709863,0.0,0.0,0.0,5.960446543009479,31.49681205220808
2025-03-13,0.0135008303650907,1,0.5104514977625703,0.0,0.0,0.0,5.960446543009479,31.92204516876609
2025-03-14,0.0348200002978706,1,0.3278660616025187,0.0,0.0,0.0,5.960446543009479,33.03357079105117
2025-03-17,-0.0386181924204231,0,0.7059579261064651,1.0,1.0,-0.0391181924204231,5.727284648228388,31.757873997908685
2025-03-18,-0.006186525968102,0,0.3757648402714336,0.0,1.0,-0.0005,5.724421005904275,31.561403085728912
2025-03-19,-0.0061395571922301,0,0.3009886371071545,0.0,0.0,-0.0,5.724421005904275,31.36763004641705
2025-03-20,0.0033461543219468,1,0.3679483122671913,0.0,0.0,0.0,5.724421005904275,31.4725909772661
2025-03-21,0.0251410720695763,1,0.2268879135292198,0.0,0.0,0.0,5.724421005904275,32.263845655241845
2025-03-24,0.0055889450743216,1,0.5300044690686414,0.0,0.0,0.0,5.724421005904275,32.44416651649538
2025-03-25,-0.0150974685007936,0,0.6190560461959536,1.0,1.0,-0.0155974685007936,5.6351345295794015,31.954341734478085
2025-03-26,-0.0621578938424128,0,0.422938537066677,0.0,1.0,-0.0005,5.632316962314612,29.968127153142216
2025-03-27,0.0012573382425651,1,0.3167254631289136,0.0,0.0,0.0,5.632316962314612,30.005807225469916
2025-03-28,-0.0570454379935994,0,0.1755139921611867,0.0,0.0,-0.0,5.632316962314612,28.294112809941474
2025-03-31,0.0322458293234175,1,0.2748887445349915,0.0,0.0,0.0,5.632316962314612,29.20647994246837
2025-04-01,-0.0113344127176726,0,0.7730529538175456,1.0,1.0,-0.011834412717672601,5.5656617988258335,28.875441644770007
2025-04-02,-0.0352314794506387,0,0.3911778704951346,0.0,1.0,-0.0005,5.562878967926421,27.858117115834172
2025-04-03,-0.0444401790731542,0,0.5369492363968874,0.0,0.0,-0.0,5.562878967926421,26.620097402565598
2025-04-04,-0.1157619168607788,0,0.2803893606236487,0.0,0.0,-0.0,5.562878967926421,23.538503900223965
2025-04-07,0.1869426962721445,1,0.8872317077609108,1.0,1.0,0.1864426962721445,6.600037121742227,27.938855285544225
2025-04-08,-0.0473942714085804,0,0.3544999653234928,0.0,1.0,-0.0005,6.596737103181357,26.61471359529609
2025-04-09,0.1059763000281341,1,0.6709147122262408,1.0,1.0,0.1054763000281341,7.2925365250832375,29.43524246843405
2025-04-10,-0.0079546133052915,0,0.5120935417643891,1.0,0.0,-0.0079546133052915,7.234527217011486,29.201096497050166
2025-04-11,0.0517051082369623,1,0.4378799748762272,0.0,1.0,-0.0005,7.230909953402981,30.710942352068127
2025-04-14,-0.0275173502259331,0,0.2542291919772588,0.0,0.0,-0.0,7.230909953402981,29.865858595597825
2025-04-15,-0.057853399503401,0,0.1260129603540437,0.0,0.0,-0.0,7.230909953402981,28.13801714675462
2025-04-16,-0.0009565495949772,0,0.2263047474213281,0.0,0.0,-0.0,7.230909953402981,28.11110173784943
2025-04-17,-0.0543800983602892,0,0.4839772536159576,0.0,0.0,-0.0,7.230909953402981,26.58241726032908
2025-04-21,0.0001011772812478,1,0.4189355831055273,0.0,0.0,0.0,7.230909953402981,26.585106797036474
2025-04-22,0.0581088740261384,1,0.7703148226539538,1.0,1.0,0.0576088740261384,7.647474534002924,28.129937418876903
2025-04-23,-0.0099501413215249,0,0.1511077004181455,0.0,1.0,-0.0005,7.6436507967359235,27.850040566193424
2025-04-24,0.0325666424749104,1,0.2816484776906706,0.0,0.0,0.0,7.6436507967359235,28.757022880224397
2025-04-25,0.0265793703934067,1,0.3742238526935752,0.0,0.0,0.0,7.6436507967359235,29.521366442769555
2025-04-28,-0.0184155306674307,0,0.5708460859185602,1.0,1.0,-0.0189155306674307,7.499067085679134,28.97771481369827
2025-04-29,-0.0297204804421938,0,0.3502092526461445,0.0,1.0,-0.0005,7.495317552136295,28.116483207318282
2025-04-30,0.0824160814108969,1,0.2303468672740099,0.0,0.0,0.0,7.495317552136295,30.433733576320744
2025-05-01,0.0097276053424215,1,0.310374589109568,0.0,0.0,0.0,7.495317552136295,30.729780925647596
2025-05-02,-0.011122706656085,0,0.4625106267639255,0.0,0.0,-0.0,7.495317552136295,30.38798258680586
2025-05-05,-0.0126649779244768,0,0.4680024246696556,0.0,0.0,-0.0,7.495317552136295,30.003119458174577
2025-05-06,0.0140832140061402,1,0.8550092881112082,1.0,1.0,0.0135832140061402,7.597128054490941,30.42565981035584
2025-05-07,0.0459972645513302,1,0.5045792001404159,1.0,0.0,0.0459972645513302,7.946575163443693,31.82515693380155
2025-05-08,-0.007610902675782,0,0.4426892691829832,0.0,1.0,-0.0005,7.942601875861972,31.582938761736898
2025-05-09,0.0393694107211395,1,0.1739449899716418,0.0,0.0,0.0,7.942601875861972,32.82634044962832
2025-05-12,0.0246783329790949,1,0.3608334336408633,0.0,0.0,0.0,7.942601875861972,33.63643980972938
2025-05-13,0.0657703305992711,1,0.3256664352184259,0.0,0.0,0.0,7.942601875861972,35.848719576197766
2025-05-14,0.0081831470557556,1,0.5003551422942141,0.0,0.0,0.0,7.942601875861972,36.14207492025034
2025-05-15,0.0143720525534565,1,0.4040902431390716,0.0,0.0,0.0,7.942601875861972,36.661510720395135
2025-05-16,-0.0281164023659311,0,0.6600835683869943,1.0,1.0,-0.0286164023659311,7.715313184749907,35.63072093363761
2025-05-19,0.0143512389983022,1,0.5466724819413297,1.0,0.0,0.0143512389983022,7.826037488211005,36.142065925438054
2025-05-20,-0.0091590644520258,0,0.4325238250060697,0.0,1.0,-0.0005,7.8221244694669005,35.8110384141976
2025-05-21,-0.0062378231844917,0,0.6470705802590195,1.0,1.0,-0.0067378231844917,7.769420377864547,35.58765548851679
2025-05-22,-0.0168645101971365,0,0.8323643503651519,1.0,0.0,-0.0168645101971365,7.63839290867621,34.987487109638515
2025-05-23,0.0319230391480416,1,0.4276457285800079,0.0,1.0,-0.0005,7.634573712221873,36.10439403033111
2025-05-27,0.0140142283387112,1,0.7571569362961218,1.0,1.0,0.0135142283387112,7.737749084637562,36.610369252302974
2025-05-28,0.0457252279627766,1,0.3183367939650612,0.0,1.0,-0.0005,7.7338802100952435,38.284386732165956
2025-05-29,-0.0248153837541476,0,0.4206473289652848,0.0,0.0,-0.0,7.7338802100952435,37.33434498361506
2025-05-30,-0.0232845082698066,0,0.2355785362125509,0.0,0.0,-0.0,7.7338802100952435,36.46503311909627
2025-06-02,0.0242823068757833,1,0.3658265944513665,0.0,0.0,0.0,7.7338802100952435,37.35048824352977
2025-06-03,0.024571335072391,1,0.1310506828485613,0.0,0.0,0.0,7.7338802100952435,38.26823960527894
2025-06-04,-0.0001407065281556,0,0.3144327922378214,0.0,0.0,-0.0,7.7338802100952435,38.26285501414546
2025-06-05,0.0023915001407694,1,0.4334728712041159,0.0,0.0,0.0,7.7338802100952435,38.35436063729803
2025-06-06,0.0047716533656074,1,0.5840325019957119,1.0,1.0,0.0042716533656074005,7.766916665523901,38.53737435131872
2025-06-09,-0.0034919418041591,0,0.3876650914587425,0.0,1.0,-0.0005,7.76303320719114,38.402804082798816
2025-06-10,0.0135262502983379,1,0.7008741027753764,1.0,1.0,0.0130262502983379,7.86415642082232,38.92225002298079
2025-06-11,-0.0182561099239807,0,0.2902312705439818,0.0,1.0,-0.0005,7.860224342611909,38.21168114807259
2025-06-12,0.0035922930893146,1,0.3968313954441175,0.0,0.0,0.0,7.860224342611909,38.348948706191905
2025-06-13,0.0061062014259265,1,0.5349409428258841,0.0,0.0,0.0,7.860224342611909,38.58311511146444
2025-06-16,0.007952410919318,1,0.6922255433677619,1.0,1.0,0.007452410919318,7.918801964331078,38.88994389737815
2025-06-17,-0.0033218901648834,0,0.1796831083781209,0.0,1.0,-0.0005,7.9148425633489135,38.76075577523259
2025-06-18,0.0099991816047522,1,0.4767256089031201,0.0,0.0,0.0,7.9148425633489135,39.14833161136659
2025-06-20,-0.0202818317281108,0,0.1236880614590486,0.0,0.0,-0.0,7.9148425633489135,38.354331737188566
2025-06-23,0.0214736681494114,1,0.6088952242377541,1.0,1.0,0.0209736681494114,8.080845844727431,39.17793992900539
2025-06-24,0.0254878871386847,1,0.2583060472726013,0.0,1.0,-0.0005,8.076805421805068,40.17650284024205
2025-06-25,0.0449520239936769,1,0.3571651105923563,0.0,0.0,0.0,8.076805421805068,41.982517959898644
2025-06-26,0.0003845206585242,1,0.2427634341717346,0.0,0.0,0.0,8.076805421805068,41.99866110535109
2025-06-27,0.015124378832511,1,0.3960133442879871,0.0,0.0,0.0,8.076805421805068,42.63386476636667
2025-06-30,-0.0133206063052463,0,0.7553214363998902,1.0,1.0,-0.0138206063052463,7.965179073866221,42.065955838542784
2025-07-01,-0.0211785386216587,0,0.8069564319452476,1.0,0.0,-0.0211785386216587,7.796488221221917,41.175060368159215
2025-07-02,0.035233267809372,1,0.8910245105962126,1.0,0.0,0.035233267809372,8.071183978692844,42.62579229717763
2025-07-03,-0.0010735549130096,0,0.6412461030611927,1.0,0.0,-0.0010735549130096,8.062519119478713,42.58003116843607
2025-07-07,0.0071430984440681,1,0.6863750139565997,1.0,0.0,0.0071430984440681,8.120110487256332,42.8841845228237
2025-07-08,0.0118620471342252,1,0.8965367885781617,1.0,0.0,0.0118620471342252,8.216431620591283,43.39287874094625
2025-07-09,0.019228573169435,1,0.9089375344691628,1.0,0.0,0.019228573169435,8.374421877199483,44.22726188484896
2025-07-10,-0.0036514988949479,0,0.7731400839508697,1.0,0.0,-0.0036514988949479,8.343842684969061,44.065766086949864
2025-07-11,0.0100781194186381,1,0.705213575143042,1.0,0.0,0.0100781194186381,8.42793292795851,44.50986613984792
2025-07-14,0.0351938468381869,1,0.8582456654151258,1.0,0.0,0.0351938468381869,8.724544308587594,46.07633955156193
2025-07-15,-0.0007593815970304,0,0.9180640363952078,1.0,0.0,-0.0007593815970304,8.717919050197176,46.04135002724795
2025-07-16,0.0056121339028831,1,0.6050885146242458,1.0,0.0,0.0056121339028831,8.766845179261379,46.29974024867038
2025-07-17,0.0094174284051296,1,0.7100403923609451,1.0,0.0,0.0094174284051296,8.849406316075928,46.735764737638334
2025-07-18,-0.005125466427847,0,0.8313833517786472,1.0,0.0,-0.005125466427847,8.804048981096503,46.49622214449582
2025-07-21,-0.0081622301786568,0,0.938604918240086,1.0,0.0,-0.0081622301786568,8.732188306808625,46.116709276914484
2025-07-22,-0.0105637580515309,0,0.9176268373332672,1.0,0.0,-0.0105637580515309,8.639943582275093,45.62954351798037
2025-07-23,0.0171651752005035,1,0.7721879239058069,1.0,0.0,0.0171651752005035,8.788249727587312,46.41278262678551
2025-07-24,0.0067849155706112,1,0.4762854271176593,0.0,1.0,-0.0005,8.783855602723518,46.727689438305376
2025-07-25,0.0023616404497168,1,0.6373443349077282,1.0,1.0,0.0018616404497168002,8.80020798361802,46.838043439804686
2025-07-28,0.0226410178426723,1,0.8095869583182148,1.0,0.0,0.0226410178426723,8.999453649594344,47.89850441704117
2025-07-29,-0.0081478117101274,0,0.7465028951952806,1.0,0.0,-0.0081478117101274,8.926127795763431,47.50823642185441
2025-07-30,0.0362018729170774,1,0.5097282400424352,1.0,0.0,0.0362018729170774,9.249270339867252,49.228123559312856
2025-07-31,-0.048168413468385,0,0.3154536432510847,0.0,1.0,-0.0005,9.24464570469732,46.85688294943513
2025-08-01,0.0061462727463135,1,0.5875852313339843,1.0,1.0,0.0056462727463135,9.296843495789076,47.14487813208445
2025-08-04,0.0254623884134466,1,0.7388059874664499,1.0,0.0,0.0254623884134466,9.533563335897883,48.34529933078819
2025-08-05,-0.0183164948083297,0,0.6335950844387488,1.0,0.0,-0.0183164948083297,9.358941872551027,47.45978290658866
2025-08-06,0.0297170773617827,1,0.6227036662696559,1.0,0.0,0.0297170773617827,9.637062272202053,48.870148946797165
2025-08-07,-0.0001101381691421,0,0.7783435017770101,1.0,0.0,-0.0001101381691421,9.636000863807485,48.864766478066464
2025-08-08,0.0027540953405491,1,0.6317689313454444,1.0,0.0,0.0027540953405491,9.662539328888025,48.99934470374073
2025-08-11,0.0049985925499638,1,0.5989859694732008,1.0,0.0,0.0049985925499638,9.710838425991136,49.24427246312996
2025-08-12,-0.0018583686501258,0,0.7579142309847435,1.0,0.0,-0.0018583686501258,9.692792108293837,49.15275845098623
2025-08-13,-0.0157156724329081,0,0.8016789926346917,1.0,0.0,-0.0157156724329081,9.540463362559615,48.380289799996675
2025-08-14,0.0118498435572023,1,0.5442059379947237,1.0,0.0,0.0118498435572023,9.653516360869167,48.953588665378746
2025-08-15,-0.0070375918825092,0,0.2134662626330684,0.0,1.0,-0.0005,9.648689602688734,48.60907328716758
2025-08-18,0.0101327942834565,1,0.5241171517072354,0.0,0.0,0.0,9.648689602688734,49.101619027095914
2025-08-19,-0.0397960139644415,0,0.8296706224486352,1.0,1.0,-0.0402960139644415,9.259885871720227,47.14757031061691
2025-08-20,-0.0018268679324967,0,0.6463774078689416,1.0,0.0,-0.0018268679324967,9.242969283162603,47.06143792632132
2025-08-21,-0.0128110469726194,0,0.4086998160237997,0.0,1.0,-0.0005,9.238347798521023,46.45853163444821
2025-08-22,0.0332543465091499,1,0.3658273697772964,0.0,0.0,0.0,9.238347798521023,48.00347974372645
2025-08-25,0.0095877750503954,1,0.3911870633755245,0.0,0.0,0.0,9.238347798521023,48.463726309145514
2025-08-26,0.0106630805892851,1,0.2310841476410502,0.0,0.0,0.0,9.238347798521023,48.98049892843699
2025-08-27,-0.0063742857007826,0,0.1995555467157042,0.0,0.0,-0.0,9.238347798521023,48.66828323450025
2025-08-28,-0.0149873474667201,0,0.3680215486475087,0.0,0.0,-0.0,9.238347798521023,47.93887476305604
2025-08-29,-0.0455335866387769,0,0.2835215264935325,0.0,0.0,-0.0,9.238347798521023,45.756045855666954
2025-09-02,0.0062354013318293,1,0.3972606267040039,0.0,0.0,0.0,9.238347798521023,46.04135316493463
2025-09-03,-0.0028644589947186,0,0.248609761789269,0.0,0.0,-0.0,9.238347798521023,45.909469596732315
2025-09-04,-0.0148914651918765,0,0.4168494337742668,0.0,0.0,-0.0,9.238347798521023,45.225810328255065
2025-09-05,-0.0028564422099711,0,0.4763136987400844,0.0,0.0,-0.0,9.238347798521023,45.09662541465329
2025-09-08,0.0091911353699338,1,0.7332208253288562,1.0,1.0,0.0086911353699338,9.318639529832499,45.51111460356657
2025-09-09,0.0446509167993898,1,0.6694896108970481,1.0,0.0,0.0446509167993898,9.734725328162554,47.54322759517792
2025-09-10,0.0172673098458442,1,0.2323335655011401,0.0,1.0,-0.0005,9.729857965498473,48.364171237135345
2025-09-11,-0.0106298752038132,0,0.7117593438698513,1.0,1.0,-0.0111298752038132,9.621565860591648,47.85006613254875
2025-09-12,-0.0118131329826915,0,0.3789439617236711,0.0,1.0,-0.0005,9.616755077661352,47.28480693809437
2025-09-15,0.0075710631174599,1,0.6699805589273096,1.0,1.0,0.0070710631174599,9.68475575980065,47.64280319591959
2025-09-16,-0.0246327695376452,0,0.336018962733131,0.0,1.0,-0.0005,9.67991338192075,46.46922900466712
2025-09-17,0.007761882953166,1,0.6157097453620783,1.0,1.0,0.007261882953166,9.750207779897044,46.82991772112521
2025-09-18,0.0102884440508259,1,0.3818808102345846,0.0,1.0,-0.0005,9.745332676007097,47.31172470950379
2025-09-19,-0.0026737814749027,0,0.430590306950956,0.0,0.0,-0.0,9.745332676007097,47.18522349642983
2025-09-22,0.0380490165655245,1,0.7353819001769866,1.0,1.0,0.0375490165655245,10.111260334095036,48.98057484689346
2025-09-23,-0.0120900317480545,0,0.3326533327213971,0.0,1.0,-0.0005,10.10620470392799,48.388398141956564
2025-09-24,-0.0294264708453104,0,0.3742993796709334,0.0,0.0,-0.0,10.10620470392799,46.96449835478101
2025-09-25,0.021148598178281,1,0.4666520990816313,0.0,0.0,0.0,10.10620470392799,47.957731659130815
2025-09-26,0.0126844235251224,1,0.1894910485486315,0.0,0.0,0.0,10.10620470392799,48.566047838799406
2025-09-29,0.0091448641186573,1,0.2001300569264651,0.0,0.0,0.0,10.10620470392799,49.01017774706544
2025-09-30,0.01735514369099,1,0.2808688891147386,0.0,0.0,0.0,10.10620470392799,49.860756424186725
2025-10-01,0.0235369895379644,1,0.6693559111184813,1.0,1.0,0.0230369895379644,10.339021235960905,51.0343285264978
2025-10-02,-0.0021625420383587,0,0.4290243012903428,0.0,1.0,-0.0005,10.333851725342925,50.92396464565984
2025-10-03,-0.0195040380649801,0,0.4641735100874454,0.0,0.0,-0.0,10.333851725342925,49.93074170079119
2025-10-06,0.003935177844573,1,0.7476373524678699,1.0,1.0,0.003435177844573,10.369350343838924,50.12722804929524
2025-10-07,0.00182572212049,1,0.5807915435231235,1.0,0.0,0.00182572212049,10.388281896136782,50.21874643838369
2025-10-08,0.030337073233086,1,0.5045754359424919,1.0,0.0,0.030337073233086,10.703431964785826,51.74223622675872
2025-10-09,0.0066587700857374,1,0.4041320600129059,0.0,1.0,-0.0005,10.698080248803434,52.08677588151462
2025-10-10,-0.0286289594201741,0,0.5173453907482142,0.0,0.0,-0.0,10.698080248803434,50.59558568847503
2025-10-13,-0.0170240172055201,0,0.8647333025783582,1.0,1.0,-0.0175240172055201,10.510606906457367,49.73424556719107
2025-10-14,0.0001623296329975,1,0.6151947700005884,1.0,0.0,0.0001623296329975,10.512313089419074,49.7423189090214
2025-10-15,-0.0139070371347757,0,0.5357205579421759,1.0,0.0,-0.0139070371347757,10.366117960912135,49.05055063278378
2025-10-16,-0.0112494654362758,0,0.4920245850192102,1.0,0.0,-0.0112494654362758,10.249504675202497,48.498758158809984
2025-10-17,0.0163725975846884,1,0.3022095536321965,0.0,1.0,-0.0005,10.244379922864896,49.29280880950131
2025-10-20,-0.0018566527561746,0,0.4297814137069811,0.0,0.0,-0.0,10.244379922864896,49.20128918016556
2025-10-21,-0.0090267895398685,0,0.1841970170455786,0.0,0.0,-0.0,10.244379922864896,48.757159497646
2025-10-22,-0.0039747924298857,0,0.1732219196942275,0.0,0.0,-0.0,10.244379922864896,48.56335990917203
2025-10-23,0.018955777514416,1,0.577447855851698,1.0,1.0,0.018455777514416,10.43344791949444,49.483916154962806
2025-10-24,0.0334530702000155,1,0.5878635978106412,1.0,0.0,0.0334530702000155,10.782478785173494,51.13930507586646
2025-10-27,0.0161060430286541,1,0.3852819917850145,0.0,1.0,-0.0005,10.777087545780907,51.96295692387384
2025-10-28,0.0773375492352461,1,0.6238021781151218,1.0,1.0,0.0768375492352461,11.605172540692404,55.98164466338291
2025-10-29,-0.0136071625415572,0,0.5219984563346171,1.0,0.0,-0.0136071625415572,11.447259071608386,55.21989332510456
2025-10-30,0.0063368681015834,1,0.3663324900967992,0.0,1.0,-0.0005,11.441535442072583,55.56981450568925
2025-10-31,0.007895370161485,1,0.4646052886359629,0.0,0.0,0.0,11.441535442072583,56.00855876101673
2025-11-03,-0.0244137598331152,0,0.5462411172865451,0.0,0.0,-0.0,11.441535442072583,54.64117925882635
2025-11-04,-0.0208373490956144,0,0.4388260636756909,0.0,0.0,-0.0,11.441535442072583,53.50260193161414
2025-11-05,-0.011822645173967,0,0.6102191806668292,1.0,1.0,-0.012322645173967,11.300545460574556,52.87005965309266
2025-11-06,-0.0586500101836345,0,0.7160335126700901,1.0,0.0,-0.0586500101836345,10.637768354231234,49.76923011602941
2025-11-07,0.0552191880089179,1,0.5975531418760297,1.0,0.0,0.0552191880089179,11.225177284978846,52.51744659086554
2025-11-10,0.0002562358556461,1,0.7805934811589604,1.0,0.0,0.0002562358556461,11.228053577885243,52.5309034437291
2025-11-11,0.0028693683410234,1,0.6536587115748849,1.0,0.0,0.0028693683410234,11.260270999352942,52.681633954995895
2025-11-12,-0.0238605348323202,0,0.4107160955905485,0.0,1.0,-0.0005,11.254640863853266,51.424621992989174
2025-11-13,-0.0428684123690685,0,0.61261244655364,1.0,1.0,-0.0433684123690685,10.766544957803909,49.220130091470246
2025-11-14,0.0170076167893706,1,0.5547422301093796,1.0,0.0,0.0170076167893706,10.949658228591769,50.05724720238894
2025-11-17,-0.0139270213617448,0,0.7956627754216293,1.0,0.0,-0.0139270213617448,10.797162104538366,49.36009885129113
2025-11-18,0.0076889096486303,1,0.4710330204175876,0.0,1.0,-0.0005,10.791763523486097,49.73962419160617
2025-11-19,0.0603928978637213,1,0.3358685239552091,0.0,0.0,0.0,10.791763523486097,52.743544235189724
2025-11-20,-0.0750701033072984,0,0.1799819422475173,0.0,0.0,-0.0,10.791763523486097,48.78408092066097
2025-11-21,-0.0096557170608228,0,0.4162348588073322,0.0,0.0,-0.0,10.791763523486097,48.313035638218786
2025-11-24,-0.0255167420919351,0,0.4642175021970576,0.0,0.0,-0.0,10.791763523486097,47.08024436815989
2025-11-25,0.0384196935048279,1,0.3088007928798584,0.0,0.0,0.0,10.791763523486097,48.889052926916996
2025-11-26,-0.0144249564676007,0,0.4619229918209354,0.0,0.0,-0.0,10.791763523486097,48.183830466703995
2025-11-28,-0.0237416592761577,0,0.4732181707075445,0.0,0.0,-0.0,10.791763523486097,47.03986638114336
2025-12-01,0.0400549531311713,1,0.6982375169172002,1.0,1.0,0.0395549531311713,11.218631223860273,48.924046024336626
2025-12-02,-0.0037410644459925,0,0.7280866164504939,1.0,0.0,-0.0037410644459925,11.176661601455987,48.74101801520088
2025-12-03,0.0030377542223227,1,0.591628469539247,1.0,0.0,0.0030377542223227,11.210613552427283,48.88908124847686
2025-12-04,0.012498697495078,1,0.731682593297317,1.0,0.0,0.012498697495078,11.350731619953294,49.50013108581387
2025-12-05,-0.0067975086841866,0,0.5003180218889027,1.0,0.0,-0.0067975086841866,11.27357492319479,49.163653514889674
2025-12-08,0.0159876635761939,1,0.4534904261154669,0.0,1.0,-0.0005,11.267938135733193,49.949665467462296
2025-12-09,-0.0031794675296319,0,0.5608724583125676,1.0,1.0,-0.0036794675296319,11.226478123236861,49.79085212799252
2025-12-10,-0.0253555609535208,0,0.738629190570948,1.0,0.0,-0.0253555609535208,10.941824472889762,48.52837714193347
2025-12-11,0.0046039403925066,1,0.5346161447553048,1.0,0.0,0.0046039403925066,10.992199980548216,48.751798897640015
2025-12-12,-0.0175032236926826,0,0.6909892214880052,1.0,0.0,-0.0175032236926826,10.799801045413979,47.89848525611394
2025-12-15,-0.0094413613131957,0,0.7638532717512698,1.0,0.0,-0.0094413613131957,10.697836221633596,47.44625835045619
2025-12-16,-0.0009077139803462,0,0.5238388302161557,1.0,0.0,-0.0009077139803462,10.688125646135765,47.40319071843636
2025-12-17,-0.0089153777862973,0,0.7110741489496497,1.0,0.0,-0.0089153777862973,10.592836968173051,46.9805733649056
2025-12-18,0.012261587393952,1,0.8541788127293795,1.0,0.0,0.012261587393952,10.72272196440819,47.556629771037365
2025-12-19,0.041036882038268,1,0.5602551182056729,1.0,0.0,0.041036882038268,11.162749040790755,49.508205577089015
2025-12-22,-0.0051652290076286,0,0.5803139030825133,1.0,0.0,-0.0051652290076286,11.105090885640385,49.2524843575266
2025-12-23,0.0271628629602844,1,0.6209518315821483,1.0,0.0,0.0271628629602844,11.406736947528538,50.590322840583646
2025-12-24,0.0105353157013916,1,0.3181439356636974,0.0,1.0,-0.0005,11.401033579054774,51.12330786314452
2025-12-26,-0.0116364670806773,0,0.8023065775716104,1.0,1.0,-0.0121364670806773,11.26266531033688,50.52841317413971
2025-12-29,0.002823494562123,1,0.6216774834581953,1.0,0.0,0.002823494562123,11.294465384595629,50.671079873969596
2025-12-30,0.0070654483426664,1,0.4967222192956122,1.0,0.0,0.0070654483426664,11.374265846328523,51.029093771286256
2025-12-31,0.0014242621554168,1,0.8093054132515372,1.0,0.0,0.0014242621554168,11.3904657827191,51.10177257836991
2026-01-02,0.0101137962291746,1,0.6126572212841038,1.0,0.0,0.0101137962291746,11.505666632600906,51.61860549317717
2026-01-05,-0.0064664169075208,0,0.5246458419776691,1.0,0.0,-0.0064664169075208,11.431266195355558,51.284818069873445
2026-01-06,-0.0102351214996272,0,0.5394679745227232,1.0,0.0,-0.0102351214996272,11.314265796951512,50.75991172584201
2026-01-07,0.0028635648775126,1,0.7124813679748163,1.0,0.0,0.0028635648775126,11.346664931102504,50.90526602624577
2026-01-08,-0.0213103046032351,0,0.7184413589215844,1.0,0.0,-0.0213103046032351,11.104864045189863,49.820459301317754
2026-01-09,-0.0100496917817635,0,0.6644438520779055,1.0,0.0,-0.0100496917817635,10.993263584257317,49.319779040913616
2026-01-12,0.009715098637455,1,0.6602581760258488,1.0,0.0,0.009715098637455,11.10006422432592,49.79892555907358
2026-01-13,-0.0036756773853769,0,0.7441321448482889,1.0,0.0,-0.0036756773853769,11.059263969280334,49.61588077458003
2026-01-14,0.0118271523375514,1,0.5700056774013104,1.0,0.0,0.0118271523375514,11.190063568986206,50.202695354862776
2026-01-15,0.0138338347200002,1,0.6911846446044679,1.0,0.0,0.0138338347200002,11.344865058905857,50.89719114490047
2026-01-16,-0.0379733424132736,0,0.3876801827702845,0.0,1.0,-0.0005,11.339192626376404,48.96445467768133
2026-01-20,-0.0156678808080638,0,0.4841286633422355,0.0,0.0,-0.0,11.339192626376404,48.19728543795958
2026-01-21,0.0318346270721574,1,0.7185649612253779,1.0,1.0,0.0313346270721574,11.694501998623267,49.731628045767344
2026-01-22,0.0148849782405897,1,0.2978430904508601,0.0,1.0,-0.0005,11.688654747623955,50.471882247097696
2026-01-23,-0.0018132807480217,0,0.3645210907709431,0.0,0.0,-0.0,11.688654747623955,50.380362554702614
2026-01-26,0.0004274223544133,1,0.4915603320830466,0.0,0.0,0.0,11.688654747623955,50.40189624788194
2026-01-27,0.0215230893519473,1,0.4542450192665899,0.0,0.0,0.0,11.688654747623955,51.48670076433269
2026-01-28,0.0003660502009874,1,0.4959037166143352,0.0,0.0,0.0,11.688654747623955,51.505547481495654
2026-01-29,-0.0006793750991168,0,0.6243638911334121,1.0,1.0,-0.0011793750991168001,11.674869439272435,51.47055589507035
2026-01-30,-0.0209717999914402,0,0.4642706119538534,0.0,1.0,-0.0005,11.669032004552799,50.39112569139069
2026-02-02,-0.0051281849862629,0,0.4325441970929709,0.0,0.0,-0.0,11.669032004552799,50.13271067717922
2026-02-03,-0.0364045425745198,0,0.7641579716508154,1.0,1.0,-0.0369045425745198,11.238391716137345,48.307652276955764
2026-02-04,-0.0252425071613658,0,0.5251509723758523,1.0,0.0,-0.0252425071613658,10.954706532760515,47.08824601840594
2026-02-05,0.0100612268519679,1,0.7374839692670287,1.0,0.0,0.0100612268519679,11.064924320283353,47.5620115436584
2026-02-06,0.0428433836107775,1,0.6471210477880182,1.0,0.0,0.0428433836107775,11.538983117561475,49.59972904952359
2026-02-09,0.0386410667693324,1,0.7060241377703421,1.0,0.0,0.0386410667693324,11.984861734657368,51.516315491467026
2026-02-10,0.0055910123145541,1,0.8015112979919621,1.0,0.0,0.0055910123145541,12.051869244204067,51.804343845780274
2026-02-11,0.0030137134701733,1,0.5292498741622849,1.0,0.0,0.0030137134701733,12.088190124886092,51.960467294641795
2026-02-12,-0.0287520943590164,0,0.6822662623362298,1.0,0.0,-0.0287520943590164,11.740629341785636,50.46649503604767
2026-02-13,-0.0305631994007089,0,0.6230982626808377,1.0,0.0,-0.0305631994007089,11.381798146122827,48.924077485206055
2026-02-17,0.0385144025679642,1,0.499782376848507,1.0,0.0,0.0385144025679642,11.820161301869911,50.808359100737555
2026-02-18,-0.0089535940355596,0,0.7055999768812043,1.0,0.0,-0.0089535940355596,11.714328376138136,50.35344167973662
2026-02-19,-0.0026193675423347,0,0.470546613285236,0.0,1.0,-0.0005,11.708471211950068,50.22154750895587
2026-02-20,0.0258882250579375,1,0.5710211846799407,1.0,1.0,0.0253882250579375,12.005728514163438,51.521694233625624
2026-02-23,0.0004703514059885,1,0.5757777535670946,1.0,0.0,0.0004703514059885,12.011375425449991,51.54592753494732
2026-02-24,0.0154576505240691,1,0.6505949747991226,1.0,0.0,0.0154576505240691,12.19704306908999,52.34270646872152
2026-02-25,-0.0009256892471628,0,0.7009704512240935,1.0,0.0,-0.0009256892471628,12.18575239747375,52.294253388176024
2026-02-26,-0.0670200740601444,0,0.3118043011359078,0.0,1.0,-0.0005,12.179659521275015,48.789488653180506
2026-02-27,-0.0344275892395384,0,0.2974603834622286,0.0,0.0,-0.0,12.179659521275015,47.10978417862169
2026-03-02,0.0198844881047732,1,0.5215965461353577,0.0,0.0,0.0,12.179659521275015,48.04653812173993
2026-03-03,0.0109250888944361,1,0.3426927158909046,0.0,0.0,0.0,12.179659521275015,48.57145082178985
2026-03-04,0.0040455501672815,1,0.2561399057223414,0.0,0.0,0.0,12.179659521275015,48.76794906278705
2026-03-05,-0.0073410583163945,0,0.3455494266887813,0.0,0.0,-0.0,12.179659521275015,48.40994070474618
2026-03-06,-0.0167371560354966,0,0.2906395799739984,0.0,0.0,-0.0,12.179659521275015,47.5996959735017
2026-03-09,0.0314990798512895,1,0.4497887010764654,0.0,0.0,0.0,12.179659521275015,49.099042597868134
2026-03-10,0.0192986792712224,1,0.3564647526731301,0.0,0.0,0.0,12.179659521275015,50.04658927348848
2026-03-11,-0.0100047563919906,0,0.4685631377693319,0.0,0.0,-0.0,12.179659521275015,49.545885339557216
2026-03-12,0.0047268711682539,1,0.4976494414274372,0.0,0.0,0.0,12.179659521275015,49.78008235647439
2026-03-13,-0.0105450103764007,0,0.4956249198157761,0.0,0.0,-0.0,12.179659521275015,49.25515087148729
2026-03-16,0.0114225497186033,1,0.58050748035415,1.0,1.0,0.0109225497186033,12.312692457951803,49.81777028121416
2026-03-17,-0.0139414070169501,0,0.5044695616259122,1.0,0.0,-0.0139414070169501,12.141036200920965,49.12324046904683
2026-03-18,-0.0244958424151624,0,0.5443228317752005,1.0,0.0,-0.0244958424151624,11.843631291386423,47.91992531159492
2026-03-19,-5.621808632882974e-05,0,0.2681054771267219,0.0,1.0,-0.0005,11.83770947574073,47.91723134509689
2026-03-20,-0.0041572980580866,0,0.6142222829827089,1.0,1.0,-0.0046572980580866005,11.78257773438717,47.71802513227703
2026-03-23,-0.0137086151678483,0,0.6162242769865354,1.0,0.0,-0.0137086151678483,11.621054910541199,47.063877089168926
2026-03-24,0.0129840756864081,1,0.4302390859829825,0.0,1.0,-0.0005,11.61524438308593,47.6749580313905
2026-03-25,-0.0058159124893599,0,0.8523122737095146,1.0,1.0,-0.0063159124893599,11.54188351601983,47.39768464754603
2026-03-26,-0.0344750512804171,0,0.5740536055569858,1.0,0.0,-0.0344750512804171,11.143976489932445,45.76364703874884
2026-03-27,-0.0071764077527223,0,0.5313497106981651,1.0,0.0,-0.0071764077527223,11.06400277065394,45.435228447347114
2026-03-30,-0.010723961847308,0,0.7999233847136726,1.0,0.0,-0.010723961847308,10.945352827062937,44.94798279095404
2026-03-31,0.0540815423275935,1,0.5169690681897416,1.0,0.0,0.0540815423275935,11.537294389270187,47.37883902480297
2026-04-01,-0.0217046622401679,0,0.4341566868507296,0.0,1.0,-0.0005,11.531525742075553,46.35049732643834
2026-04-02,0.0289233172930811,1,0.3108256228732315,0.0,0.0,0.0,11.531525742075553,47.69110746730302
2026-04-06,-0.0080718652131711,0,0.4898271507692174,0.0,0.0,-0.0,11.531525742075553,47.3061512759601
2026-04-07,0.0499062067974762,1,0.7569802808769761,1.0,1.0,0.0494062067974762,12.101254687578956,49.667021844330854
2026-04-08,-0.0144174045702025,0,0.4763496736198498,0.0,1.0,-0.0005,12.095204060235167,48.95095229660405
2026-04-09,0.0135834136774037,1,0.6588012409245109,1.0,1.0,0.0130834136774037,12.253450618467836,49.61587333155168
2026-04-10,0.009332080048825,1,0.6227960560495878,1.0,0.0,0.009332080048825,12.367800800513702,50.078892633174085
2026-04-13,0.0258560398487877,1,0.7480207843584767,1.0,0.0,0.0258560398487877,12.687583150853653,51.373734476680596
2026-04-14,0.0298679939027819,1,0.5766441785412778,1.0,0.0,0.0298679939027819,13.066535807044389,52.90816486479323
2026-04-15,0.0045282819834147,1,0.371987068785113,0.0,1.0,-0.0005,13.060002539140868,53.147747954526004
2026-04-16,0.0125107464005163,1,0.5303936292798894,0.0,0.0,0.0,13.060002539140868,53.81266595094364
2026-04-17,0.0004001937767519,1,0.5122924172289967,0.0,0.0,0.0,13.060002539140868,53.83420144496764
2026-04-20,0.0107512121496684,1,0.6528175215161816,1.0,1.0,0.0102512121496684,13.19388339584481,54.41298436561048
2026-04-21,-0.0056399637941251,0,0.4409138102384244,0.0,1.0,-0.0005,13.18728645414689,54.10609710385814
2026-04-22,0.007313768124173,1,0.7448166320634195,1.0,1.0,0.006813768124173,13.277141566232492,54.50181655217975
2026-04-23,-0.0123481299120973,0,0.7579679287834055,1.0,0.0,-0.0123481299120973,13.113193697311345,53.828821040948135
2026-04-24,0.0484596628143352,1,0.8244577704501266,1.0,0.0,0.0484596628143352,13.74865464230212,56.43734755828567
2026-04-27,-0.0007631310613652,0,0.8086504309756712,1.0,0.0,-0.0007631310613652,13.738162616892597,56.394278465342886
2026-04-28,0.0153228951349035,1,0.8556250554596567,1.0,0.0,0.0153228951349035,13.948671042017494,57.25840208047589
2026-04-29,-0.0130230383811184,0,0.5826565112764782,1.0,0.0,-0.0130230383811184,13.767016963671706,56.51272371254034
2026-04-30,-0.0412042123028671,0,0.5182294426514394,1.0,0.0,-0.0412042123028671,13.199757873923405,54.18416144687556
2026-05-01,-0.0088434356560047,0,0.5175455119366172,1.0,0.0,-0.0088434356560047,13.083026664490522,53.70498730154554
2026-05-04,-0.0010024856780105,0,0.7215011054114994,1.0,0.0,-0.0010024856780105,13.069911117634339,53.651148820938005
2026-05-05,0.0029603715113828,1,0.8040700246500779,1.0,0.0,0.0029603715113828,13.10860291016329,53.80997615346047
2026-05-06,0.0422732738221516,1,0.5654187493268332,1.0,0.0,0.0422732738221516,13.662746470410477,56.08470000975915
2026-05-07,0.0225112908610278,1,0.6631132367364456,1.0,0.0,0.0225112908610278,13.97031253016637,57.347239004532334
2026-05-08,0.0047410692023299,1,0.1826822156489769,0.0,1.0,-0.0005,13.963327373901286,57.619126233215376
2026-05-11,0.0210708934629038,1,0.5757142746360708,1.0,1.0,0.0205708934629038,14.25056549369746,58.83321270350106
2026-05-12,0.0291923395688264,1,0.3245364957219032,0.0,1.0,-0.0005,14.243440210950611,60.550691826666664
2026-05-13,0.0218735404379399,1,0.3811006204551132,0.0,0.0,0.0,14.243440210950611,61.8751498328825
2026-05-14,-0.0003915655065922,0,0.2935337137342843,0.0,0.0,-0.0,14.243440210950611,61.850921658492716
2026-05-15,0.0004787381776074,1,0.2201425128154438,0.0,0.0,0.0,14.243440210950611,61.88053205601084
2026-05-18,-0.0445904593931744,0,0.8569884062657146,1.0,1.0,-0.0450904593931744,13.601196948499636,59.121250704139264
2026-05-19,0.0162098375580004,1,0.5957557546626974,1.0,0.0,0.0162098375580004,13.821670141629186,60.07959657427918
2026-05-20,-0.0039877993733808,0,0.5218123256257193,1.0,0.0,-0.0039877993733808,13.766552094099321,59.8400111967073
2026-05-21,-0.0062531413041865,0,0.3329530327895519,0.0,1.0,-0.0005,13.759668818052273,59.46582315105019
2026-05-22,-0.0197373884456915,0,0.3065790686091054,0.0,0.0,-0.0,13.759668818052273,58.29212310027511
2026-05-26,-0.0111758108499145,0,0.5660423422759375,1.0,1.0,-0.0116758108499145,13.599013527575227,57.64066135846651
2026-05-27,-0.0132636014215877,0,0.4512224884964962,0.0,1.0,-0.0005,13.59221402081144,56.8761386005311
2026-05-28,0.0156191847625744,1,0.5952427407269925,1.0,1.0,0.0151191847625744,13.797717215924543,57.764497517914585
2026-05-29,0.005359264339414,1,0.4693351372709123,0.0,1.0,-0.0005,13.790818357316581,58.074072729546515
2026-06-01,0.0530755067092889,1,0.5592244732774274,1.0,1.0,0.0525755067092889,14.515877620388263,61.156383566339294
2026-06-02,-0.0240337102195052,0,0.2235036261214213,0.0,1.0,-0.0005,14.50861968157807,59.686568765632984
2026-06-03,-0.0341001685903246,0,0.5552666552133633,1.0,1.0,-0.0346001685903246,14.006618994582567,57.6512467081469
2026-06-04,0.0028983714739587,1,0.3919749266050059,0.0,1.0,-0.0005,13.999615685085276,57.818341437043955
2026-06-05,-0.0202768905493139,0,0.3749732769129699,0.0,0.0,-0.0,13.999615685085276,56.645965255982155
2026-06-08,0.0020934581583575,1,0.6494351698731738,1.0,1.0,0.0015934581583575001,14.021923486912543,56.76455121408533
2026-06-09,-0.0293894455124719,0,0.2588977749556138,0.0,1.0,-0.0005,14.014912525169088,55.09627252913905
2026-06-10,-0.0143813910691488,0,0.6030740049670456,1.0,1.0,-0.0148813910691488,13.806351131082135,54.3039114874451
2026-06-11,0.0167254044893772,1,0.721199801302681,1.0,0.0,0.0167254044893772,14.037267938271853,55.21216637242796
2026-06-12,0.0198183851011006,1,0.3632297269291036,0.0,1.0,-0.0005,14.030249304302718,56.30638234786278
2026-06-15,0.0108174981846584,1,0.4569982925742775,0.0,0.0,0.0,14.030249304302718,56.91547653669547
2026-06-16,-0.0125485211225218,0,0.6033050777100845,1.0,1.0,-0.0130485211225218,13.847175299901277,56.201271477176356
2026-06-17,-0.0057545212193639,0,0.598776135981557,1.0,0.0,-0.0057545212193639,13.767491435809744,55.877860067905715
2026-06-18,0.0198234404780144,1,0.650225842396994,1.0,0.0,0.0198234404780144,14.040410482819091,56.985551501000664
2026-06-22,-0.0438422224344305,0,0.6960025172091739,1.0,0.0,-0.0438422224344305,13.424847683360627,54.4871782765451
2026-06-23,-0.0101400100585171,0,0.6961286860038702,1.0,0.0,-0.0101400100585171,13.28871959281729,53.93467774076072
2026-06-24,-0.0001998308204532,0,0.873989193172264,1.0,0.0,-0.0001998308204532,13.286064097078286,53.92389992985691
2026-06-25,-0.0347861290442245,0,0.5576134034733561,1.0,0.0,-0.0347861290442245,12.823893356907483,52.048096188329055
2026-06-26,0.0037800690808547,1,0.5836288085571212,1.0,0.0,0.0037800690808547,12.872368559682107,52.24484158744791
2026-06-29,0.0174877485518683,1,0.8477140401012491,1.0,0.0,0.0174877485518683,13.097477304320803,53.15848624026139
2026-06-30,-0.0052727967239926,0,0.4742517049412121,0.0,1.0,-0.0005,13.090928565668642,52.878192348161335
2026-07-01,0.0047910861039603,1,0.4785110653390451,0.0,0.0,0.0,13.090928565668642,53.13153632072316
2026-07-02,-0.0137973277530926,0,0.6107403628204849,1.0,1.0,-0.0142973277530926,12.903763269372956,52.3984631000808
2026-07-06,-0.0105441920481249,0,0.745531499185488,1.0,0.0,-0.0105441920481249,12.767703511317148,51.84596364212696
2026-07-07,0.0146072293534402,1,0.6598032980970612,1.0,0.0,0.0146072293534402,12.954204284823682,52.60328952409763
2026-07-08,0.0475459164966136,1,0.6645703315908408,1.0,0.0,0.0475459164966136,13.570123800029984,55.10436113525757
2026-07-09,-0.0120317113526423,0,0.537525406739099,1.0,0.0,-0.0120317113526423,13.406851987448402,54.441361367806394
2026-07-10,0.0323761846744476,1,0.6416678868942944,1.0,0.0,0.0323761846744476,13.840914703297017,56.203964937378835
2026-07-13,-0.0016303078936128,0,0.4978561349511596,1.0,0.0,-0.0016303078936128,13.81834975080141,56.11233516968909
2026-07-14,0.0180595521269857,1,0.7437214598157008,1.0,0.0,0.0180595521269857,14.067902958434928,57.12569881165298
2026-07-15,-0.0084449993183234,0,0.4154006178908807,0.0,1.0,-0.0005,14.060869006955711,56.643272324129825
2026-07-16,-0.0358281493257013,0,0.4107116915882577,0.0,0.0,-0.0,14.060869006955711,54.613848705004536
2026-07-17,0.0159396089533099,1,0.5624938914779547,1.0,1.0,0.0154396089533099,14.277963325966823,55.48437209679754
2026-07-20,0.0081118863008839,1,0.7346723280888746,1.0,0.0,0.0081118863008839,14.393784541075258,55.93445501472271
2026-07-21,-0.0083356934028002,0,0.4591852368855014,0.0,1.0,-0.0005,14.38658764880472,55.468202547067264
2026-07-22,0.0177347950885711,1,0.1983177017814007,0.0,0.0,0.0,14.38658764880472,56.45191975317086
2026-07-23,-0.009596124463719,0,0.2807949511070812,0.0,0.0,-0.0,14.38658764880472,55.910200105003554
2026-07-24,0.0036153547040209,1,0.4484587301827192,0.0,0.0,0.0,14.38658764880472,56.11233530995593
2026-07-27,-0.063400589939805,0,0.673119894328774,1.0,1.0,-0.063900589939805,13.467276210825387,52.554780148404575
2026-07-28,0.0043590257940659,1,0.7436706776332118,1.0,0.0,0.0043590257940659,13.525980415204186,52.783867790672936
2026-07-29,-0.0122543658209665,0,0.4099858925849072,0.0,1.0,-0.0005,13.519217424996585,52.137034965320495
2026-07-30,0.0257948286857703,1,0.4626275787110559,0.0,0.0,0.0,13.519217424996585,53.481900850434954
2026-07-31,-0.0037794471771246,0,0.4196137794137639,0.0,0.0,-0.0,13.519217424996585,53.27976883123852
2026-08-03,0.0688451034155268,1,0.5574856529529928,1.0,1.0,0.0683451034155268,14.443189738004968,56.9478200263805
2026-08-04,0.0263133062510478,1,0.5637739227090426,1.0,0.0,0.0263133062510478,14.823237812823084,58.446305455064206
2026-08-05,0.0215346330122638,1,0.356646515667111,0.0,1.0,-0.0005,14.815826193916674,59.70492519396169
2026-08-06,4.511937624562812e-05,1,0.3859411333051074,0.0,0.0,0.0,14.815826193916674,59.70761904294523
2026-08-07,0.0083957404578254,1,0.5030403981986237,0.0,0.0,0.0,14.815826193916674,60.20890871578452
2026-08-10,-0.0055057766337892,0,0.4356393643942963,0.0,0.0,-0.0,14.815826193916674,59.87741191303121
2026-08-11,-0.0050862361965865,0,0.654036149233293,1.0,1.0,-0.0055862361965865,14.733061489349883,59.572861253201225
2026-08-12,0.0181868172609436,1,0.4872413135670589,1.0,0.0,0.0181868172609436,15.001008986350934,60.656301994524746
2026-08-13,0.0075979863683437,1,0.4093720608810695,0.0,1.0,-0.0005,14.99350848185776,61.117167750233286
2026-08-14,-0.0034837427739945,0,0.6900839644617177,1.0,1.0,-0.003983742773994501,14.933778200786334,60.9042512587164
2026-08-17,-0.0244711890405584,0,0.7996514724980123,1.0,0.0,-0.0244711890405584,14.56833089134512,59.41385181279068
2026-08-18,0.0055341625060534,1,0.7684714043149007,1.0,0.0,0.0055341625060534,14.648954401939783,59.74265772383324
2026-08-19,-0.0149320958096688,0,0.6471749001038075,1.0,0.0,-0.0149320958096688,14.430214811298548,58.85057463477671
2026-08-20,0.0002747629756956,1,0.5929536501507121,1.0,0.0,0.0002747629756956,14.434179700060028,58.86674459378476
2026-08-21,-0.0132313916923222,0,0.7167184842690019,1.0,0.0,-0.0132313916923222,14.243195414691167,58.0878556384125
2026-08-24,-0.0208787816789463,0,0.6743512796952368,1.0,0.0,-0.0208787816789463,13.94581484721726,56.87505198233993
2026-08-25,0.0076292265546067,1,0.6231648640918447,1.0,0.0,0.0076292265546067,14.05221062817528,57.30896463921824
2026-08-26,0.0480624570800116,1,0.5485720970413998,1.0,0.0,0.0480624570800116,14.727594398371238,60.06337429249057
2026-08-27,0.0201920474571386,1,0.630958655746613,1.0,0.0,0.0201920474571386,15.024974683392639,61.27617679664042
2026-08-28,-0.0373416446288126,0,0.2286357281154738,0.0,1.0,-0.0005,15.017462196050943,58.98802357848798
2026-08-31,-0.0096860687891023,0,0.5046533845887482,0.0,0.0,-0.0,15.017462196050943,58.41666152437356
2026-09-01,0.0094117019306743,1,0.2737084546688989,0.0,0.0,0.0,15.017462196050943,58.966461730426055
2026-09-02,0.0330454323045212,1,0.590636987517887,1.0,1.0,0.0325454323045212,15.506211995338223,60.915033949775996
2026-09-03,0.0224316014558019,1,0.4552571157778151,0.0,1.0,-0.0005,15.498458889340554,62.28145571400402
2026-09-04,0.0087411914438952,1,0.634910347544262,1.0,1.0,0.0082411914438952,15.626184656132947,62.82586984180461
2026-09-08,-0.0335892936008686,0,0.5865117681847096,1.0,0.0,-0.0335892936008686,15.10131215185671,60.71559325395828
2026-09-09,-0.0199894968193204,0,0.5384941193122204,1.0,0.0,-0.0199894968193204,14.799444520629606,59.501919095725135
2026-09-10,0.0032195470811107,1,0.2906928662181546,0.0,1.0,-0.0005,14.792044798369293,59.693488325670266
2026-09-11,-0.0451997819187768,0,0.4214192452588869,0.0,0.0,-0.0,14.792044798369293,56.99535567137892
2026-09-14,0.0101306539197076,1,0.4594503349431427,0.0,0.0,0.0,14.792044798369293,57.57275589471631
2026-09-15,0.0035616950484809,1,0.5875324814922911,1.0,1.0,0.0030616950484809,14.837333528685368,57.77781249431392
2026-09-16,0.0198001564642249,1,0.6996610072500162,1.0,0.0,0.0198001564642249,15.13111505406523,58.92182222186199
2026-09-17,0.0044418041900109,1,0.6057777834919017,1.0,0.0,0.0044418041900109,15.198324504311914,59.18354141869013
2026-09-18,0.016366520346466,1,0.4760097429397678,0.0,1.0,-0.0005,15.190725342059759,60.15217005349504
2026-09-21,0.0175383673602362,1,0.3267259243667073,0.0,0.0,0.0,15.190725342059759,61.20714090940864
2026-09-22,0.0052016426891468,1,0.4220599827736686,0.0,0.0,0.0,15.190725342059759,61.525518586443646
2026-09-23,-0.026093044687515,0,0.7176605487721174,1.0,1.0,-0.026593044687515,14.786757704202596,59.92013048054504
2026-09-24,0.0137338032538294,1,0.4805451138216029,1.0,0.0,0.0137338032538294,14.989836125274161,60.743061763508635
2026-09-25,0.0205214543463114,1,0.6277328845391573,1.0,0.0,0.0205214543463114,15.297449362977666,61.989597732343654
2026-09-28,0.005310125008501,1,0.3787554868450217,0.0,1.0,-0.0005,15.289800638296178,62.31877024552909
2026-09-29,-0.0073602499859615,0,0.6328873433572768,1.0,1.0,-0.0078602499859615,15.169618983043657,61.86008851770429
2026-09-30,0.0030967481216355,1,0.5090673798696126,1.0,0.0,0.0030967481216355,15.216595472135324,62.0516536306257
2026-10-01,0.0264370899382822,1,0.8085006644071122,1.0,0.0,0.0264370899382822,15.618877975186624,63.692118778477685
2026-10-02,0.0001270811641411,1,0.4297044228928053,0.0,1.0,-0.0005,15.611068536199031,63.700212847078674
2026-10-05,0.0254564355070066,1,0.5131194653046397,0.0,0.0,0.0,15.611068536199031,65.32179320720293
2026-10-06,-0.0182156280501031,0,0.397355306914576,0.0,0.0,-0.0,15.611068536199031,64.13191571857477
2026-10-07,-0.0116538526821033,0,0.3867602000473764,0.0,0.0,-0.0,15.611068536199031,63.38453182056944
