date,y_vol,realized_var,pred_selected
2018-09-06,-4.409098930818363,0.00014801486328568024,-4.128394948907996
2018-09-07,-3.711140145611111,0.0005977844674999581,-4.300180018263022
2018-09-10,-4.427352076300463,0.00014270883067487778,-4.04816476415939
2018-09-11,-4.483471642233075,0.00012755750384822856,-4.263866322749655
2018-09-12,-3.6595445952543444,0.0006627655895786954,-4.280681274624481
2018-09-13,-4.38142194968791,0.00015643907836792123,-4.003754095326286
2018-09-14,-4.27159254280683,0.00019486859748172778,-4.22922821684594
2018-09-17,-4.571283803695785,0.00010701221112058493,-4.212937780776121
2018-09-18,-4.01845104302026,0.0003233089837241076,-4.313641637986175
2018-09-19,-4.514082279983406,0.0001199825119002804,-4.125143225226122
2018-09-20,-4.4032852459028256,0.00014974593122244525,-4.31271955888189
2018-09-21,-4.169732169941441,0.0002389002780199478,-4.293927358124822
2018-09-24,-4.0479305046094405,0.00030479808736554975,-4.213466395057846
2018-09-25,-4.428148740205904,0.0001424816297769259,-4.157783635269409
2018-09-26,-4.638395226762299,9.35709623866082e-05,-4.292716215607445
2018-09-27,-4.852157750550291,6.101959590097477e-05,-4.359974171774189
2018-09-28,-3.9801836191841984,0.0003490249185798645,-4.441229678871947
2018-10-01,-3.8935509784959,0.0004150539870190966,-4.160728858167406
2018-10-02,-4.066592415774986,0.00029363154304656847,-4.122240692469168
2018-10-03,-4.097716142910561,0.00027591097853322513,-4.162980412188579
2018-10-04,-3.833629748127668,0.00046789834543214893,-4.153913449767003
2018-10-05,-3.5626518848402005,0.0008044885937603396,-4.047687736517439
2018-10-08,-3.525026388330378,0.0008673631795667343,-3.9494657412005
2018-10-09,-4.148078506325846,0.00024947371160021864,-3.9175900049735275
2018-10-10,-3.4994244382437425,0.000912932258718305,-4.112610704702439
2018-10-11,-3.3675332763417236,0.0011884960999205669,-3.893290639249271
2018-10-12,-3.558673963810182,0.0008109145058279494,-3.8287650745400614
2018-10-15,-4.190994796116624,0.0002289539669658294,-3.8868883110742676
2018-10-16,-3.9571935510582157,0.00036544780179615207,-4.094534070265797
2018-10-17,-3.8375138537556555,0.00046427769344065524,-4.020695698907083
2018-10-18,-3.673236958150881,0.0006448621942624009,-3.993866621226193
2018-10-19,-3.5116508994672073,0.0008908791276185825,-3.9571404524114118
2018-10-22,-3.6795375887112822,0.0006367871023907607,-3.901021854545771
2018-10-23,-3.7326543684495754,0.0005726082617620765,-3.9337318967065364
2018-10-24,-3.05918722887769,0.002202032552244254,-3.942208029412589
2018-10-25,-3.1820553387944055,0.0017222724340061025,-3.702003662726325
2018-10-26,-3.1781939015690703,0.0017356248208228822,-3.713212918666844
2018-10-29,-2.4435111783092345,0.00754385196578571,-3.6918261915583104
2018-10-30,-3.2767999858140073,0.0014249764786218764,-3.4008650453406304
2018-10-31,-3.543197761675127,0.0008364067473158155,-3.6367918464631313
2018-11-01,-3.393464946909935,0.0011284278549164876,-3.7282633225060895
2018-11-02,-3.2772195190193547,0.0014237813301972032,-3.6870244806974886
2018-11-05,-3.413610073662779,0.0010838669240139382,-3.535758464435082
2018-11-06,-4.040376753474361,0.0003094377840309269,-3.6420891712565933
2018-11-07,-3.884497668581359,0.00042263766193895164,-3.8746070281080565
2018-11-08,-3.899137034125682,0.0004104427642073342,-3.843136624641206
2018-11-09,-3.6214395900868896,0.0007152494606017653,-3.8715812499627953
2018-11-12,-3.4173647481998035,0.0010757582723835957,-3.8075822932409946
2018-11-13,-3.3689505472740318,0.0011851320280231448,-3.7457739565833506
2018-11-14,-3.192935536100332,0.0016851999252761247,-3.6995948195203914
2018-11-15,-3.5013544660996105,0.0009094150819549075,-3.452470247846746
2018-11-16,-3.2623670205794615,0.0014667091794478848,-3.0491669502918106
2018-11-19,-3.253814973210857,0.0014920116835677956,-3.6095655622865133
2018-11-20,-2.5339168230556184,0.006296044838734168,-3.5930766028231758
2018-11-21,-3.2974891973791527,0.0013672164494353072,-3.299065369706965
2018-11-23,-3.4395311672189948,0.0010291085525606888,-3.539167859674361
2018-11-26,-3.5104104484412595,0.0008930920553677549,-3.577349537715312
2018-11-27,-3.5451659665886597,0.0008331207792777898,-3.609772343435703
2018-11-28,-3.4524883399239936,0.0010027824630186237,-3.631679362506863
2018-11-29,-3.8392480501008315,0.0004626701854284447,-3.663185381882071
2018-11-30,-3.556321029779659,0.0008147395555319113,-3.8229356025509325
2018-12-03,-3.5439472927035305,0.000835153861008642,-3.738871131921707
2018-12-04,-3.5103689971879537,0.0008931660980068977,-3.7337639885352534
2018-12-06,-3.8234035339779626,0.0004775665347518505,-3.661618692871841
2018-12-07,-3.1466707945748658,0.0018485724449439414,-3.78368599307305
2018-12-10,-3.7745381323533103,0.0005265963381392529,-3.5248518626086622
2018-12-11,-3.185022495131463,0.0017120821968045787,-3.7342772252121934
2018-12-12,-3.2759184213805783,0.0014274911119458087,-3.515036491855481
2018-12-13,-3.619589900172763,0.0007179003403107482,-3.526501482790632
2018-12-14,-3.725544787645065,0.0005808084327914131,-3.6309448224961796
2018-12-17,-3.4109316370549023,0.0010896886408865184,-3.691815780805601
2018-12-18,-3.5614041238828866,0.0008064987197897221,-3.5744257679610607
2018-12-19,-3.056461059536326,0.0022140715700861777,-3.6442129964770884
2018-12-20,-3.104913981088288,0.0020095831586455395,-3.4587889880492293
2018-12-21,-3.3005359108915475,0.001358910746569842,-3.4478959752514053
2018-12-24,-3.4959173685338687,0.0009193582027500518,-3.496061084372736
2018-12-26,-3.1374397625651613,0.001883017896449958,-3.579429580647341
2018-12-27,-3.230570081957498,0.0015630126035010685,-3.4419414556820027
2018-12-28,-3.307549164706854,0.0013399830298189753,-3.4759902627795958
2018-12-31,-3.8309636157031983,0.0004703999670595167,-3.5061802892505867
2019-01-02,-3.324015975401077,0.0012965713122919274,-3.6962365430741833
2019-01-03,-3.5307922538082392,0.00085741843102619,-3.5232190326658883
2019-01-04,-3.359691360399332,0.0012072832148162453,-3.6066341927719887
2019-01-07,-3.306476942367301,0.0013428596325527034,-3.5559242463916965
2019-01-08,-3.2373881089847742,0.0015418439357118656,-3.4897502110751293
2019-01-09,-3.77938007136709,0.0005215214553629447,-3.4429425763785257
2019-01-10,-3.6094199506214086,0.0007326518745881061,-3.635889488743476
2019-01-11,-3.682594233001498,0.0006329061139574646,-3.592706408472176
2019-01-14,-3.809587490071434,0.0004909467048558463,-3.630154135983149
2019-01-15,-4.010240634991492,0.00032866180968192486,-3.702940489962833
2019-01-16,-4.208359032614573,0.00022113922769662842,-3.814157837522731
2019-01-17,-3.5907916607619748,0.0007604628312738362,-3.9007345244700877
2019-01-18,-3.6525008503135887,0.0006721683683876481,-3.70029669315578
2019-01-22,-3.5577075326034744,0.000812483407744084,-3.723957020715986
2019-01-23,-3.513720833293114,0.0008871986295803827,-3.6831361643560956
2019-01-24,-4.006898139135962,0.0003308662713497652,-3.658823364823684
2019-01-25,-3.2378581914632947,0.001540395029286533,-3.8280054106538777
2019-01-28,-2.9036677069933163,0.003005427632934765,-3.561938785605021
2019-01-29,-3.483444546985835,0.0009425806293005429,-3.404351975781052
2019-01-30,-3.447118241066817,0.0010136105889558243,-3.5971837443463737
2019-01-31,-3.3906550880632675,0.001134787152891895,-3.588669023532012
2019-02-01,-3.884755693350692,0.00042241961623451637,-3.555843026511137
2019-02-04,-3.6895462887889927,0.0006241670122447666,-3.7397128119930385
2019-02-05,-4.218569621227875,0.0002166691022925293,-3.724348054897687
2019-02-06,-3.9276856167502547,0.00038766413157267666,-3.930006000828727
2019-02-07,-3.8472588555030267,0.0004553165297923925,-3.8661300713193416
2019-02-08,-4.14553037959433,0.0002507483380178501,-3.8737995575202255
2019-02-11,-3.9277941202794495,0.0003875800148471326,-3.9958349886734057
2019-02-12,-4.136905556821646,0.0002551111785160022,-3.940163505496102
2019-02-13,-3.9976251490186705,0.00033705976536555746,-4.013768654146862
2019-02-14,-3.9155293816895034,0.0003972047117788866,-3.842673584894681
2019-02-15,-3.7024054406943256,0.0006083191588616495,-3.3570460665390205
2019-02-19,-4.089499176442929,0.00028048274420323693,-3.8674162556271363
2019-02-20,-4.072992414819429,0.0002898970118415247,-3.99633738751281
2019-02-21,-4.041622445056455,0.00030866781548702794,-3.993117433759439
2019-02-22,-4.551633390242547,0.00011130161599843326,-3.987736225814951
2019-02-25,-3.63523251040999,0.000695788362443248,-4.184060759766756
2019-02-26,-3.830554498626857,0.000470785021889009,-3.8821457857921624
2019-02-27,-3.9166578658483044,0.00039630924422986205,-3.9301897867634517
2019-02-28,-4.489334775335892,0.0001260704663400094,-3.9626805458205743
2019-03-01,-3.955089180715483,0.00036698911805303064,-4.191555394946615
2019-03-04,-3.9448220582932354,0.00037460286621334864,-4.005621759277727
2019-03-05,-3.988592037057203,0.0003432045015217375,-4.024974528191891
2019-03-06,-4.3627308110564575,0.00016239780893408294,-4.056413952568729
2019-03-07,-4.028997499699047,0.0003165608741781684,-4.199767236993965
2019-03-08,-3.8401037259141018,0.00046187907118446365,-4.079194375428353
2019-03-11,-3.1855277864599283,0.0017103528701901674,-4.008699498080544
2019-03-12,-3.785088429066669,0.000515601252273221,-3.734558537545107
2019-03-13,-3.953243893816025,0.00036834602081136633,-3.9121432001702567
2019-03-14,-4.3844255539727035,0.00015550213322576656,-3.9482978719378146
2019-03-15,-4.152394764464678,0.00024732939446651416,-4.097180690910774
2019-03-18,-3.8657128207649754,0.00043881807368119656,-4.03304999282113
2019-03-19,-3.950865269967017,0.00037010250878247484,-3.9834662136222034
2019-03-20,-3.7906287445401894,0.0005099196013522818,-4.017143129724245
2019-03-21,-3.696757657607645,0.000615229422371355,-3.9572928721393046
2019-03-22,-3.7050221015994853,0.000605143944645651,-3.891000481255469
2019-03-25,-3.548617679077871,0.0008273891990098819,-3.867372094043948
2019-03-26,-3.6168372406826808,0.0007218635099267639,-3.7927040186831413
2019-03-27,-3.7386384142968505,0.0005657960793042418,-3.7868962975104217
2019-03-28,-3.960500123184121,0.0003630390163678689,-3.822608507353419
2019-03-29,-4.576294078712115,0.00010594524462845793,-3.902223272817647
2019-04-01,-4.448170505907795,0.00013688888606780595,-4.130702337169974
2019-04-02,-4.374354780206259,0.0001586659418771554,-4.128045053556878
2019-04-03,-3.9127575443648284,0.00039941280027732155,-4.147113505408223
2019-04-04,-4.139062457703846,0.0002540130497218787,-4.0142859288167
2019-04-05,-4.493218689091249,0.00012509496636611643,-4.09916709853289
2019-04-08,-4.311647038946991,0.00017986678257364756,-4.211204412283481
2019-04-09,-4.437179145364682,0.00013993139506249792,-4.157679496108434
2019-04-10,-4.431498987136833,0.00014153012383100029,-4.210020828236406
2019-04-11,-4.246415995906055,0.00020493207159461946,-4.256865626274811
2019-04-12,-4.740669152667876,7.626180724607781e-05,-4.2096307628825524
2019-04-15,-3.9256538235912615,0.00038924264327085134,-4.391089856984287
2019-04-16,-4.286931307885148,0.00018898127615591718,-4.097671306911946
2019-04-17,-4.3275119136381965,0.00017424924742410805,-4.2142318418763764
2019-04-18,-4.301880428884891,0.00018341469833320524,-4.231853571376465
2019-04-22,-4.13847875357628,0.0002543097598102416,-4.232271344726136
2019-04-23,-4.50433318600623,0.0001223449098642099,-4.165235847126451
2019-04-24,-4.16959239751094,0.00023896707070030052,-4.324659242724671
2019-04-25,-3.7304865087128,0.0005750963204178586,-4.219211350024459
2019-04-26,-3.5432558171824087,0.0008363096369176998,-4.0507056332802005
2019-04-29,-3.942149851913955,0.00037661025793785514,-3.9524548815738285
2019-04-30,-4.153443132203185,0.00024681135343791836,-4.0823826808396975
2019-05-01,-4.253110685660798,0.00020220644625013813,-4.147417177280298
2019-05-02,-3.8690675270193533,0.00043588371712067206,-4.180856514557194
2019-05-03,-4.337052117597462,0.00017095601868858502,-4.0540168092381705
2019-05-06,-3.9010917265438563,0.0004088413178633932,-4.2456820496113465
2019-05-07,-3.8467020781722145,0.0004558238320386269,-4.101575111269293
2019-05-08,-3.8272118425687482,0.00047394291067466777,-4.067115336355548
2019-05-09,-3.669119362645281,0.0006501946845092278,-4.024640769833284
2019-05-10,-3.442425272634208,0.001023169061387386,-3.9540923757600304
2019-05-13,-3.8377184090697667,0.00046408779134995254,-3.8282448425492244
2019-05-14,-3.8903683136722673,0.0004177043687958549,-3.9497599830357495
2019-05-15,-4.126302551930523,0.00026057883738021885,-3.96545463284832
2019-05-16,-3.9859263122618382,0.00034503916538410176,-3.9319489622366235
2019-05-17,-3.2662716182855833,0.0014552999672176612,-3.46744399972824
2019-05-20,-3.999763292167826,0.0003356214787636404,-3.7630300058882615
2019-05-21,-4.297470032399921,0.0001850397178588559,-4.00492864500213
2019-05-22,-4.444154983072885,0.00013799267331376022,-4.114648458464112
2019-05-23,-3.8779266466447364,0.0004282286426218501,-4.173213265613986
2019-05-24,-3.9956423342524365,0.000338399073369798,-3.9745062890830156
2019-05-28,-4.151066879826653,0.00024798711726682296,-4.0559900046399155
2019-05-29,-3.9688596193685566,0.0003570198274193423,-4.117611670012458
2019-05-30,-3.888264457645196,0.0004194656513899046,-4.048917121272006
2019-05-31,-3.8350780959883655,0.00046654494743432863,-3.998822012619955
2019-06-03,-3.7490973098144216,0.0005540837997170941,-3.973526200642965
2019-06-04,-3.6539017195062415,0.0006702877641792344,-3.925875779632079
2019-06-05,-3.72587647198386,0.0005804232704358647,-3.8686296419763515
2019-06-06,-4.303934508971843,0.00018266274700001926,-3.873415303934514
2019-06-07,-4.103503332309,0.0002727358906346278,-4.079336496459801
2019-06-10,-4.136341702306996,0.00025539903197245513,-4.026881821605214
2019-06-11,-4.199380852571432,0.0002251459487039724,-4.056004144679498
2019-06-12,-4.342216205164507,0.00016919944171928363,-4.107900724024672
2019-06-13,-4.46216290786791,0.0001331111831095034,-4.196469376863572
2019-06-14,-4.343871691675202,0.00016864015333782333,-4.247407355712754
2019-06-17,-4.279609287800028,0.00019176908815092818,-4.222506188350314
2019-06-18,-3.49322034135272,0.000924330669696126,-4.207834522163964
2019-06-19,-4.4702895321017815,0.00013096518097146888,-3.891644315904262
2019-06-20,-4.2935558891086965,0.00018649394643189957,-4.238129871363537
2019-06-21,-4.079730180680181,0.0002860166988217236,-4.175652982142583
2019-06-24,-4.231319753912414,0.00021121383369554695,-4.090324229792611
2019-06-25,-3.91300624760037,0.0003992141791676375,-4.135024077663947
2019-06-26,-3.781790133663786,0.0005190137056583176,-4.0554555215460955
2019-06-27,-4.444119105942109,0.0001380025752313814,-3.977143428295835
2019-06-28,-4.3658220398705785,0.00016139688862329513,-4.202982826509181
2019-07-01,-3.4771682973905618,0.0009544869425458718,-4.192507927192688
2019-07-02,-4.150927034819662,0.00024805648648760527,-3.8503963083783757
2019-07-03,-4.322155167341836,0.00017612610132394557,-4.087984180464598
2019-07-05,-4.3528630715327195,0.0001656346426631629,-4.176729459888978
2019-07-08,-4.475591103461013,0.00012958387450257182,-4.1955471013442995
2019-07-09,-4.284880246922864,0.00018975809260073746,-4.2512036491951015
2019-07-10,-4.0979404773568575,0.0002757872136268402,-4.240992630003543
2019-07-11,-3.703911529126416,0.0006064895509000423,-4.178216314825155
2019-07-12,-4.356220682885736,0.00016452609538651958,-4.010186841701077
2019-07-15,-4.441861156648776,0.00013862719015314797,-4.224904560702924
2019-07-16,-4.2644566841815195,0.00019766964735849657,-4.253508125008162
2019-07-17,-4.265796652678111,0.0001971406143622891,-4.193771205533043
2019-07-18,-3.90295220061006,0.0004073228673150737,-4.2011971442836025
2019-07-19,-4.589006043281629,0.0001032856521384672,-4.091671400527128
2019-07-22,-4.689264923305989,8.451936767481272e-05,-4.340538161468191
2019-07-23,-4.595420298435543,0.00010196911375372927,-4.383986501736926
2019-07-24,-4.03539904166309,0.0003125337535295121,-4.3704843924912655
2019-07-25,-4.13874792113612,0.0002541728927787283,-4.176592881617362
2019-07-26,-4.630529171062899,9.505467152802342e-05,-4.2238272846318345
2019-07-29,-4.066902521154394,0.00029344948606712767,-4.394967302153644
2019-07-30,-4.47185731735215,0.00013055517355290035,-4.191935466793493
2019-07-31,-3.8016391808559242,0.0004988134590259141,-4.320591529909795
2019-08-01,-3.245832450962422,0.0015160228763656629,-4.081283440747011
2019-08-02,-3.8842498508947285,0.00042284718803426363,-3.8375104221249567
2019-08-05,-3.9326399508700765,0.00038384186436635746,-4.019275801085415
2019-08-06,-3.759405885370207,0.0005427771264899925,-4.025634566013796
2019-08-07,-4.03366428316263,0.0003136199779481644,-3.9397922523071687
2019-08-08,-4.003046989077763,0.0003334245423079129,-4.024736322876194
2019-08-09,-3.9800525820224477,0.000349116401036364,-4.053618394590462
2019-08-12,-4.101164752775731,0.00027401450759483535,-4.049305382878342
2019-08-13,-3.4417728132732646,0.0010245050853630124,-4.1022307619522635
2019-08-14,-3.9444951296324926,0.0003748478831343965,-3.8555871759128717
2019-08-15,-4.009537078907694,0.0003291245992353996,-3.91403535561515
2019-08-16,-3.8784942228278014,0.00042774281366204876,-3.4738223053186323
2019-08-19,-3.7844296544103035,0.0005162810300708438,-4.005363125810874
2019-08-20,-4.494448080622901,0.000124787762809731,-3.959171058649311
2019-08-21,-4.172531876273221,0.00023756631496803498,-4.2311504675831735
2019-08-22,-4.2598768408901595,0.00019948855697907004,-4.130941519218579
2019-08-23,-3.479222400879233,0.00095057375622209,-4.165049578435411
2019-08-26,-4.473286289313808,0.00013018258685753068,-3.8772799042263615
2019-08-27,-3.9157037751548347,0.0003970661961242495,-4.227899208678139
2019-08-28,-3.9695976700903772,0.0003564932186962463,-4.017288337063995
2019-08-29,-4.3575320364572026,0.00016409515698058896,-4.023726204664774
2019-08-30,-4.113793342765355,0.00026718034302511406,-4.1495139658422175
2019-09-03,-4.48091276645842,0.0001282119847680654,-4.110307102370546
2019-09-04,-5.0266458561747696,4.3043827707118314e-05,-4.246588364215137
2019-09-05,-4.158648376550627,0.0002442552548364023,-4.472171335761583
2019-09-06,-4.156294399800072,0.0002454079084092559,-4.2045519280724335
2019-09-09,-4.137679812286588,0.00025471644177369287,-4.203247202824163
2019-09-10,-4.11950075062345,0.00026414786913882184,-4.198362074080375
2019-09-11,-4.272758207506053,0.0001944148237451363,-4.175785189460003
2019-09-12,-4.1596871902273875,0.00024374831024104565,-4.20279562599273
2019-09-13,-4.489459995381953,0.00012603889719406012,-4.166429545506842
2019-09-16,-4.480608264504929,0.00012829009014853808,-4.298155468742658
2019-09-17,-4.591748408225089,0.00010272070893196796,-4.315362035204528
2019-09-18,-3.950775412355469,0.0003701690278144715,-4.376715700507333
2019-09-19,-4.3122612424828475,0.0001796459685984591,-4.156849673802608
2019-09-20,-4.086584419391327,0.0002821225974461208,-4.284125601777594
2019-09-23,-4.2113689472968705,0.00021981200611183486,-4.188014630786419
2019-09-24,-3.8319657097630673,0.000469458141147421,-4.21484286480771
2019-09-25,-3.6191147542429882,0.0007185828794144265,-4.054772140337091
2019-09-26,-4.468021803201867,0.00013156051706334886,-3.970574084417886
2019-09-27,-3.468065198614437,0.0009720236745875728,-4.239363057694482
2019-09-30,-4.498909083557796,0.00012367935760893215,-3.8832456772297257
2019-10-01,-3.5599624864979753,0.0008088274327467746,-4.220786026809371
2019-10-02,-4.249296438330297,0.00020375487562931155,-3.8989231838465614
2019-10-03,-3.663081153133091,0.0006580943115635083,-4.144406546226813
2019-10-04,-4.076627652733184,0.0002877969660412389,-3.918069459280141
2019-10-07,-4.161849204815726,0.0002426966108638482,-4.071049723106753
2019-10-08,-4.4798865425325145,0.00012847540341482506,-4.079226515026756
2019-10-09,-4.285257017245481,0.0001896151560262233,-4.222264797298373
2019-10-10,-4.129940061040572,0.00025869000058225625,-4.168987473017004
2019-10-11,-4.279768415602646,0.0001917080662745051,-4.15449509447016
2019-10-14,-4.51534741359341,0.00011967930783885956,-4.209629777307386
2019-10-15,-3.539072333430227,0.0008433363676945989,-4.299580835830653
2019-10-16,-3.9360960004703953,0.00038119785966080663,-3.9416097671416432
2019-10-17,-3.9128759293089272,0.00039931824254790815,-4.035625320709228
2019-10-18,-3.6001324733888262,0.0007463880290741602,-4.0115507044907055
2019-10-21,-4.384648583531592,0.00015543278554913897,-3.881253976918654
2019-10-22,-3.718845610353462,0.0005886426759051796,-4.108393070155599
2019-10-23,-4.240962738191244,0.00020717939937607089,-3.920072667305119
2019-10-24,-4.5890296557471455,0.00010328077459583994,-4.086245885465567
2019-10-25,-4.272051779721684,0.000194689697944557,-4.222769812060532
2019-10-28,-4.356151639209131,0.00016454881592823937,-4.18046179050311
2019-10-29,-4.491478878206707,0.00012553100772382962,-4.203357492877158
2019-10-30,-4.3020644758176125,0.00018334719693210478,-4.305593962413817
2019-10-31,-4.018891287726807,0.0003230244388745277,-4.25220241845796
2019-11-01,-4.124637495872679,0.00026144804059248213,-4.1483163520344055
2019-11-04,-4.178622913597819,0.00023468982079161464,-4.170432882685208
2019-11-05,-4.361530393351162,0.00016278816775050606,-4.186431166135541
2019-11-06,-3.9758578174695725,0.0003520576438136996,-4.241214819064673
2019-11-07,-4.173586053503006,0.00023706596860751197,-4.110912546447075
2019-11-08,-4.618117579497941,9.744376077003613e-05,-4.173405000340973
2019-11-11,-4.105959760313928,0.0002713992644895321,-4.326614050812312
2019-11-12,-4.427482798313849,0.00014267152518039202,-4.174326431213249
2019-11-13,-4.414256281821759,0.00014649598095415215,-4.2724860631217245
2019-11-14,-4.498783103918703,0.00012371052369672912,-4.204735610237236
2019-11-15,-3.3685628708635895,0.0011860512798103735,-3.8291358497429298
2019-11-18,-3.8791738700946197,0.00042716178018091684,-3.962313514864688
2019-11-19,-3.9400411430571425,0.0003782019347345627,-4.096394401851121
2019-11-20,-3.734099228155461,0.0005709559730279201,-4.099262107296848
2019-11-21,-4.348286409922832,0.00016715771001376742,-4.000209710315951
2019-11-22,-4.596992339417326,0.00010164901796971133,-4.1820242703884105
2019-11-25,-4.411027190249606,0.00014744514045302742,-4.3162538526903225
2019-11-26,-4.826777691072087,6.419691623503736e-05,-4.283854167187338
2019-11-27,-4.688324502931338,8.467848473565944e-05,-4.446182147997845
2019-11-29,-4.872329705678584,5.860682436875581e-05,-4.467667282797983
2019-12-02,-4.01059279414134,0.0003284304086545092,-4.54821898211333
2019-12-03,-3.968239407188513,0.0003574629582886509,-4.253665369035069
2019-12-04,-4.4796274936283735,0.00012854198348575757,-4.210374335961006
2019-12-05,-4.547638643247776,0.00011219442137294054,-4.3483477314807235
2019-12-06,-4.8717584019021265,5.867382724063595e-05,-4.36984523811023
2019-12-09,-4.490142508150304,0.00012586696825116743,-4.468083323937314
2019-12-10,-4.148369736073593,0.00024932844557791484,-4.385871968190592
2019-12-11,-5.035150273996327,4.2317893465310676e-05,-4.294827883085921
2019-12-12,-4.001356846344553,0.0003345535195000162,-4.578329770279406
2019-12-13,-3.796158996268792,0.0005043107096020003,-4.23704430613234
2019-12-16,-4.598690475476214,0.00010130437582471302,-4.112597349873365
2019-12-17,-4.66790127829992,8.820891203283996e-05,-4.352804985683344
2019-12-18,-4.837668173693003,6.281376331811024e-05,-4.393907070393636
2019-12-19,-4.556527553911185,0.00011021747397246694,-4.463408175110465
2019-12-20,-4.783298270951496,7.00293203197001e-05,-4.417193876901864
2019-12-23,-4.704309154421166,8.20141873795166e-05,-4.555815086292673
2019-12-24,-4.9179035481059445,5.350116673271959e-05,-4.552581710313715
2019-12-26,-4.995600956778438,4.5801124554362115e-05,-4.631068601233771
2019-12-27,-4.503072360797508,0.0001226538102629668,-4.662149739048983
2019-12-30,-4.4120854887282785,0.00014713338856030985,-4.512719009128854
2019-12-31,-4.414918962475002,0.00014630194945876068,-4.4611651779726795
2020-01-02,-4.713535324625325,8.051471064922857e-05,-4.444495049334108
2020-01-03,-4.520744422251307,0.0001183944342666124,-4.524120108611535
2020-01-06,-4.338612188004632,0.00017042344312465877,-4.458788296739644
2020-01-07,-4.182272740438797,0.00023298290390762156,-4.404900693130548
2020-01-08,-4.479089754220993,0.00012868030203180467,-4.352399565787437
2020-01-09,-4.228339661698395,0.00021247646612139744,-4.4421587432110226
2020-01-10,-4.465503297572531,0.0001322248606173598,-4.338860753627294
2020-01-13,-4.267832617992334,0.00019633950359719603,-4.4064912787181765
2020-01-14,-4.557304313049998,0.000110046382043766,-4.3475433198664675
2020-01-15,-4.553002414031754,0.00011099728370655186,-4.445718361442253
2020-01-16,-5.098590101901424,3.7275279321655084e-05,-4.45765006065861
2020-01-17,-4.905650462114281,5.482847269432441e-05,-4.675253227236286
2020-01-21,-4.85995709677393,6.0075155161542865e-05,-4.641623883758753
2020-01-22,-4.351569725774565,0.00016606364299470282,-4.663423791305785
2020-01-23,-4.271130674672093,0.00019504868783819438,-4.494452924064147
2020-01-24,-3.6480973034570647,0.000678114363232568,-4.449094886626132
2020-01-27,-3.5256616935405853,0.0008662617987336522,-4.161687641431286
2020-01-28,-3.861670156637709,0.0004423804439105218,-4.035621738873443
2020-01-29,-4.322514807104337,0.0001759994629750901,-4.087103821713267
2020-01-30,-4.064697927437948,0.00029474621651628014,-4.215238529673224
2020-01-31,-3.8655024235322197,0.0004390027647537333,-4.126171138213925
2020-02-03,-4.451582411731224,0.00013595796193054057,-4.070362043675992
2020-02-04,-4.527771385522021,0.00011674216521373836,-4.288910162022444
2020-02-05,-4.283934708720082,0.00019011727917000003,-4.340477836584577
2020-02-06,-4.256045508257147,0.00020102304263227425,-4.264550796481695
2020-02-07,-4.842102324849356,6.225917464034652e-05,-4.260651445235881
2020-02-10,-4.199858562234113,0.00022493094264038277,-4.492800202207102
2020-02-11,-3.904808682485789,0.00040581329649871115,-4.279503374792231
2020-02-12,-4.627716176691452,9.559095518839204e-05,-4.152651614536824
2020-02-13,-4.481649762030797,0.00012802314064933647,-4.330381855327371
2020-02-14,-3.8563187387463858,0.00044714059728526655,-3.8034297682792166
2020-02-18,-3.9506601037384512,0.0003702544050161402,-4.16241634013694
2020-02-19,-4.042252317554582,0.0003082792175694951,-4.169435344813332
2020-02-20,-3.0924991590613273,0.0020601050174762357,-4.191938129657964
2020-02-21,-3.5982955215574814,0.0007491352301740109,-3.7835284034023817
2020-02-24,-3.3531813905717693,0.0012231047435914632,-3.8929158062316573
2020-02-25,-3.1246094583296555,0.0019319625708233573,-3.7766651499017416
2020-02-26,-3.414938680442455,0.0010809906812149744,-3.6483705130689934
2020-02-27,-3.008919198933219,0.0024349272544417484,-3.7121414278724454
2020-02-28,-2.968854516027183,0.0026380664590020613,-3.5671559961416173
2020-03-02,-3.1335579592029514,0.0018976938021189568,-3.5074469645007755
2020-03-03,-3.2527737496414493,0.0014951219563946983,-3.5293702542059657
2020-03-04,-3.4410423616214088,0.001026002882028549,-3.5570505035306828
2020-03-05,-3.542619258635973,0.0008373750350557813,-3.607695760878122
2020-03-06,-3.5784992889548,0.0007793903254848054,-3.6493126907573687
2020-03-09,-2.8360691049735722,0.00344050089237841,-3.6772952290510545
2020-03-10,-3.2024640431024993,0.001653389118912359,-3.369551852842912
2020-03-11,-3.4130862735082514,0.0010850029783000218,-3.470922025047815
2020-03-12,-2.8440722687570053,0.0033858694984807472,-3.525497447626072
2020-03-13,-2.8157610545046508,0.0035831172794213804,-3.2914185496968074
2020-03-16,-2.336163001230587,0.009350494938709663,-3.2324077990068734
2020-03-17,-2.402894229662191,0.008182247101363019,-3.014664589028407
2020-03-18,-2.246201414122892,0.011193714895441655,-2.9702117873499865
2020-03-19,-2.6103908584470434,0.00540310377763937,-2.8463588339985972
2020-03-20,-2.629242425950608,0.005203182341147676,-2.9373026285031365
2020-03-23,-2.853836639412857,0.0033203891840061354,-2.9217113381166016
2020-03-24,-2.996562348857479,0.0024958530667019245,-3.012915053489161
2020-03-25,-3.0667413323253014,0.002169013843658041,-3.079278908630864
2020-03-26,-3.418024049255613,0.0010743407100597708,-3.1441129420097957
2020-03-27,-3.235603931720017,0.001547355609458242,-3.2944281859021602
2020-03-30,-3.7636684453106133,0.0005381695543760174,-3.2698283353370075
2020-03-31,-3.077597323287764,0.002122427821801167,-3.4852606651767415
2020-04-01,-3.0453413242375342,0.0022638629646035305,-3.2747299374272982
2020-04-02,-3.61148095822497,0.0007296380881236175,-3.262197125679405
2020-04-03,-3.1578113579933302,0.0018078396393661057,-3.4520159181422256
2020-04-06,-3.3939379626329624,0.0011273608314795746,-3.3015757806487693
2020-04-07,-3.334670057556246,0.0012692360243960075,-3.3613070327379084
2020-04-08,-4.026792494000786,0.0003179599940407267,-3.3164920131085482
2020-04-09,-3.664147846544145,0.0006566918383723551,-3.602109360404544
2020-04-13,-3.578637618733672,0.0007791747295267631,-3.4900904044261036
2020-04-14,-3.8648826505533376,0.00043954726625382984,-3.4912419284945697
2020-04-15,-3.878328763395496,0.00042788438525135427,-3.6213259850202544
2020-04-16,-3.6775561513351547,0.0006393156167050942,-3.6711521828250584
2020-04-17,-3.6428506604918667,0.000685267475329662,-3.6086116879779793
2020-04-20,-3.9066873678053518,0.00040429136655145866,-3.616183577651432
2020-04-21,-3.3554068959867345,0.0012176727889440073,-3.7501135438920534
2020-04-22,-3.715042320234314,0.0005931373063631349,-3.5517772068936715
2020-04-23,-3.7525007436791533,0.000550325031812403,-3.6805452953775966
2020-04-24,-3.9973450993370427,0.00033724860520511774,-3.710996118739044
2020-04-27,-3.814213746964278,0.000486425163768759,-3.8223934151379058
2020-04-28,-3.9510130911895436,0.00036999310694456827,-3.7693068233810285
2020-04-29,-4.143643410565935,0.00025169643461701093,-3.8584251852068734
2020-04-30,-4.286512744747591,0.00018913954358336049,-3.9558188482834
2020-05-01,-3.9266400401836554,0.00038847564483957545,-4.036283455110557
2020-05-04,-4.2086381735994784,0.00022101580410877476,-3.9277585622594833
2020-05-05,-3.8557743984400874,0.0004476276556620358,-4.060617900026383
2020-05-06,-4.167117663175644,0.00024015276258193135,-3.9424261873113764
2020-05-07,-4.281833300354625,0.0001909179886907945,-4.061336164231221
2020-05-08,-4.512220442180837,0.0001204301207106879,-4.123791788818046
2020-05-11,-3.8270029244114667,0.00047414098261171954,-4.244260547505836
2020-05-12,-3.7963946115948306,0.0005040731189218672,-3.9940495620718894
2020-05-13,-3.1633549381718677,0.0017879065363289835,-3.9817900432326927
2020-05-14,-3.5882748407346576,0.0007643003777524029,-3.6871141138557806
2020-05-15,-3.5358999043884354,0.0008487042284136648,-3.78784319405682
2020-05-18,-3.9657544567658856,0.00035924393572199184,-3.726938131250377
2020-05-19,-3.660910590338078,0.0006609573916188189,-3.8765213598738506
2020-05-20,-4.416341907974825,0.0001458861819526788,-3.771353201630476
2020-05-21,-4.135047791204063,0.00025606081517806704,-4.033484549127673
2020-05-22,-3.62229325729821,0.0007140293324566842,-3.4837853173175883
2020-05-26,-3.6330514016447943,0.000698830172330013,-3.882645396110623
2020-05-27,-2.925680018720335,0.0028759850496782075,-3.862310376256778
2020-05-28,-3.474469747999665,0.0009596523293738024,-3.544614705702347
2020-05-29,-3.812524745301979,0.00048807108799276495,-3.6792230434564104
2020-06-01,-4.418459447220735,0.00014526964897551833,-3.7756250563712834
2020-06-02,-4.244362156280466,0.00020577559809509144,-4.002546064787664
2020-06-03,-4.353999557124379,0.00016525858743668105,-3.9707313067990766
2020-06-04,-3.855919823761341,0.00044749748180227553,-4.117722153040691
2020-06-05,-3.847143584744994,0.0004554215112562885,-3.9853133948607637
2020-06-08,-4.1598406918139395,0.00024367349022194222,-3.984376815869667
2020-06-09,-3.788285554149884,0.0005123148869982204,-4.067910260711492
2020-06-10,-3.78846636408979,0.0005121296572437573,-3.911403747052129
2020-06-11,-3.573622059987157,0.0007870300557675071,-3.878835634843157
2020-06-12,-3.3565771315434754,0.0012148261934425066,-3.7847193591624406
2020-06-15,-3.723331429784291,0.0005833852057248569,-3.673467803826328
2020-06-16,-3.4514082719086483,0.001004950950819036,-3.7892501843370447
2020-06-17,-4.164120788370611,0.00024159650048857908,-3.6762736868003394
2020-06-18,-4.350480192407525,0.00016642590130406493,-3.9395347417438757
2020-06-19,-4.1077537074355295,0.00027042725740289463,-4.0374226361539645
2020-06-22,-4.3946002568077205,0.00015236973653231934,-4.003144642560302
2020-06-23,-4.126026800648248,0.0002607225869127762,-4.13351362061017
2020-06-24,-3.62145807213156,0.0007152230225454349,-4.092090311723862
2020-06-25,-3.782488499396267,0.0005182892889104803,-3.88151044322149
2020-06-26,-4.086101578054871,0.0002823951699381959,-3.9086392361770224
2020-06-29,-3.7422909412855123,0.0005616779682297679,-4.030592870094895
2020-06-30,-4.17860866657791,0.00023469650814798764,-3.886707674850344
2020-07-01,-4.414028267654104,0.00014656280250757914,-4.041182283888097
2020-07-02,-4.462696942700589,0.00013296908699048985,-4.160693811101471
2020-07-06,-4.364640543848217,0.00016177871914072278,-4.213455255824843
2020-07-07,-4.20991575280428,0.00022045179459194176,-4.19402116937192
2020-07-08,-4.424483232676545,0.00014353000287460385,-4.177951466798733
2020-07-09,-3.8370982456282423,0.0004646637690401244,-4.272369893115544
2020-07-10,-4.049405917614289,0.00030390000693285513,-4.029278483448678
2020-07-13,-3.2031702221965577,0.0016510555895296866,-4.087222237836476
2020-07-14,-3.239993419591116,0.0015338308656601383,-3.705478218693609
2020-07-15,-3.7515512828155027,0.0005513710488102718,-3.660620510381407
2020-07-16,-3.881748698949199,0.0004249676974627752,-3.8248620602170105
2020-07-17,-4.5023269063271165,0.0001228368123111055,-3.8742209861285444
2020-07-20,-3.8470996444618457,0.0004554615357152619,-4.114988088439523
2020-07-21,-4.205157699439825,0.00022255965078349054,-3.921525527755723
2020-07-22,-3.8816508958665943,0.00042505083189495234,-4.103974564244952
2020-07-23,-3.5163276864611013,0.0008825850737773817,-3.99671159958788
2020-07-24,-3.317979835751841,0.0013123187457598114,-3.8346614591113686
2020-07-27,-4.578893435224423,0.0001053958948983653,-3.6969326593239376
2020-07-28,-4.9627304113106785,4.8913319183939605e-05,-4.1698469454752605
2020-07-29,-4.5495030407471715,0.00011177685037777447,-4.331629310226809
2020-07-30,-4.0716204933600295,0.0002906935359734654,-4.21691679691614
2020-07-31,-3.814746596854284,0.00048590705670106766,-4.090769555181631
2020-08-03,-3.9563078545808206,0.0003660957271533804,-4.045149788833195
2020-08-04,-4.016899831700825,0.0003243135823735863,-4.059358351649337
2020-08-05,-4.367925410257143,0.00016071935984440328,-4.042919650898723
2020-08-06,-4.489942896561918,0.00012591722729370303,-4.159548425878142
2020-08-07,-3.552742363352377,0.0008205918360975378,-4.227586945014748
2020-08-10,-3.387797871268106,0.0011412903821553535,-3.8617977401074906
2020-08-11,-4.019567762795266,0.00032258769842636903,-3.761978749022045
2020-08-12,-3.9008469932866934,0.0004090414809807356,-3.990914025088649
2020-08-13,-3.8291379016133344,0.00047212073847969853,-3.9454811640695833
2020-08-14,-4.132497675114224,0.0002573701208308275,-3.9113276333911178
2020-08-17,-3.7319945472283265,0.0005733643987327106,-4.050416741064737
2020-08-18,-3.836577582836838,0.0004651478873288635,-3.9245272314718984
2020-08-19,-4.6392051388826205,9.341951656443495e-05,-3.896014739253586
2020-08-20,-3.5882717729368654,0.0007643050672048126,-3.7225609673898377
2020-08-21,-3.688640435753366,0.0006252988443743141,-3.861385740965599
2020-08-24,-3.8589919156832857,0.00044475640446913156,-3.8754870279071807
2020-08-25,-4.746102915730009,7.543751717308523e-05,-3.9481677335554295
2020-08-26,-4.558043481929233,0.00010988381651499423,-4.31589566603207
2020-08-27,-4.277327438982064,0.0001926462643461947,-4.245411679540808
2020-08-28,-4.145963174122784,0.0002505313869092228,-4.174131342230043
2020-08-31,-3.607990429002537,0.0007347495552266968,-4.149882599035013
2020-09-01,-3.7223337594816033,0.0005845504200275245,-3.9301090439447037
2020-09-02,-3.273164650521247,0.001435374768654065,-3.928909728729803
2020-09-03,-3.282764851346203,0.0014080778906782434,-3.6964979823598014
2020-09-04,-2.4853478770214426,0.006938318991538556,-3.647884955897248
2020-09-08,-3.0275672982531465,0.002345786364773527,-3.222594903612646
2020-09-09,-3.552487966331348,0.0008210094545665905,-3.3849532271860507
2020-09-10,-3.275641531907373,0.0014282818453953538,-3.5758960209977166
2020-09-11,-3.206603628124029,0.001639756938686284,-3.4711886263381615
2020-09-14,-3.3267175896567336,0.0012895845337889762,-3.432188002470918
2020-09-15,-3.8387530041119127,0.00046312849831593896,-3.5158004674053926
2020-09-16,-3.747409472418461,0.0005559573669300805,-3.737745574002916
2020-09-17,-3.607129419388024,0.0007360158981097839,-3.70694778597623
2020-09-18,-3.476295286333129,0.0009561549536242653,-3.667881399885405
2020-09-21,-3.946761655618854,0.0003731525236776468,-3.6290282396655655
2020-09-22,-3.578646438957629,0.0007791609846567638,-3.826080488224464
2020-09-23,-3.5367184538023713,0.0008473159523986964,-3.6785953957442903
2020-09-24,-3.550359126707858,0.00082451250161635,-3.6524535362060564
2020-09-25,-3.534681531353981,0.0008507748268426538,-3.651785790996492
2020-09-28,-4.102093450588494,0.00027350602661845377,-3.6400578454550887
2020-09-29,-3.7447790855375302,0.0005588898396332744,-3.852668399205311
2020-09-30,-4.02274947835036,0.00032054145131164233,-3.7228745370632312
2020-10-01,-4.249486885386875,0.00020367728137519296,-3.8445403293738956
2020-10-02,-3.741383925481472,0.0005626977945366142,-3.96177025271859
2020-10-05,-4.441021295274137,0.00013886024107378787,-3.7847635936777295
2020-10-06,-3.734186812812584,0.0005708559678208376,-4.066161424376215
2020-10-07,-4.356154927594861,0.0001645477337318415,-3.8179142027486477
2020-10-08,-4.356708720012115,0.00016436558404914122,-4.089469739764326
2020-10-09,-4.778258643523151,7.07387328556778e-05,-4.11090539708096
2020-10-12,-3.958747694401008,0.0003643136488089974,-4.319939612620066
2020-10-13,-4.116271963553486,0.0002658591429798304,-4.0081311228801235
2020-10-14,-4.068180346317886,0.00029270048928670356,-4.102482903763063
2020-10-15,-4.625074317494916,9.609736756858176e-05,-4.082581210057592
2020-10-16,-4.320358746569999,0.00017676003262313554,-4.302720574397864
2020-10-19,-3.7537051995827575,0.000549000942792596,-4.182855970700195
2020-10-20,-4.2066922429133085,0.00022187764297032395,-3.9656639484451195
2020-10-21,-4.1588804383841795,0.0002441419164953555,-4.14566052074812
2020-10-22,-3.985866215071623,0.00034508063964524627,-4.135030424722835
2020-10-23,-4.232244909430243,0.0002108233837464986,-4.054022210000145
2020-10-26,-3.4440819208164157,0.0010197846089991958,-4.151084885239388
2020-10-27,-4.37302301469644,0.00015908911685476413,-3.8400121961952824
2020-10-28,-3.789100089051248,0.0005114809697254726,-4.196914650315772
2020-10-29,-3.79731743193981,0.000503143639069636,-3.9630760877899083
2020-10-30,-3.437502904888011,0.0010332916354372312,-3.9586721607658344
2020-11-02,-3.7103072735924365,0.0005987810532102324,-3.782338687659428
2020-11-03,-3.7640374341295226,0.0005377725437900184,-3.8894859128351156
2020-11-04,-4.0407753541005675,0.0003091911981443019,-3.8898525733155545
2020-11-05,-4.0528714010070575,0.00030180096866378744,-3.9881663288897777
2020-11-06,-3.563956105777235,0.0008023928665048006,-4.006923429001409
2020-11-09,-3.336266485166846,0.0012651900001506048,-3.830951677609946
2020-11-10,-3.3510670026448537,0.0012282879309425815,-3.712921137318713
2020-11-11,-3.9268568940780204,0.0003883071964580047,-3.6806235878355484
2020-11-12,-3.751667208853711,0.0005512432271061653,-3.881807192450306
2020-11-13,-3.5605430160215263,0.000807888881300699,-3.804618017072111
2020-11-16,-3.8838979384750365,0.0004231449031458211,-3.7301431353115793
2020-11-17,-4.2574436029109535,0.0002004617292847991,-3.8669469273318833
2020-11-18,-3.810010801747236,0.0004905312338096837,-4.055226962501971
2020-11-19,-4.035756096317654,0.00031231064993635685,-3.3370062955120576
2020-11-20,-4.1912185330623135,0.00022885153896192277,-3.966179021061603
2020-11-23,-3.9318716156136175,0.000384432156266874,-4.055849539714501
2020-11-24,-4.406509269318387,0.00014878346878131378,-3.9657246930847516
2020-11-25,-4.666035867136126,8.853861846697436e-05,-4.142038879588705
2020-11-27,-4.4706913167395586,0.00013085998364820186,-4.285346105504562
2020-11-30,-3.7842684118335725,0.0005164475498866968,-4.237977916685211
2020-12-01,-4.188878743629884,0.00022992497744797881,-3.9674510036225152
2020-12-02,-3.8501846388970478,0.0004526599947349301,-4.130855922706107
2020-12-03,-4.204112122426065,0.00022302554425131406,-3.987006921755938
2020-12-04,-4.901844949383822,5.524736567643627e-05,-4.102757914357824
2020-12-07,-4.422243214924984,0.0001441744649117477,-4.380784866257697
2020-12-08,-4.367078867853497,0.00016099170183478056,-4.2478146033582185
2020-12-09,-3.7477662688838267,0.0005555607812004668,-4.239605620914151
2020-12-10,-4.520471856331659,0.0001184589924370852,-4.012561857138082
2020-12-11,-4.551281866228722,0.00011137989389337095,-4.3183162557358905
2020-12-14,-4.344097129451407,0.00016856413475427684,-4.333354625097808
2020-12-15,-4.251271333498584,0.00020295167387400506,-4.260165452950016
2020-12-16,-4.7705218663836755,7.184182484559849e-05,-4.227681742137332
2020-12-17,-4.543372933442957,0.00011315569373796619,-4.486286250209273
2020-12-18,-4.065322764925439,0.00029437810960043537,-4.413447921319136
2020-12-21,-4.023216033565374,0.00032024249024370434,-4.212592113792319
2020-12-22,-4.195878776262267,0.00022672844082876625,-4.181899547136773
2020-12-23,-4.750735296383342,7.474183422732944e-05,-4.242533352899434
2020-12-24,-4.575354242299947,0.00010614457430425229,-4.445152467506144
2020-12-28,-4.238942214748201,0.00020801831494973575,-4.390935111884644
2020-12-29,-4.379241728148418,0.00015712271145286433,-4.278940692056073
2020-12-30,-4.16717896257887,0.0002401233219446032,-4.347681814994543
2020-12-31,-4.405798340856663,0.00014899516805386753,-4.26677788972899
2021-01-04,-3.3058116812098475,0.0013446475264121832,-4.346138964795498
2021-01-05,-4.381117881882442,0.00015653424347613143,-3.850529740188131
2021-01-06,-3.8572488443261808,0.0004463095945162355,-4.246922442744772
2021-01-07,-3.933185740037543,0.00038342309950208277,-4.030428526897168
2021-01-08,-3.9192278647184584,0.0003942774418132505,-4.037397489917823
2021-01-11,-3.521774637922513,0.0008730224593310267,-4.0081450955862135
2021-01-12,-4.043637605889131,0.00030742628846007215,-3.8750383189368347
2021-01-13,-4.388542223993152,0.00015422708743134417,-4.048947532324836
2021-01-14,-4.2908075202333045,0.00018752187729255968,-4.19021408412539
2021-01-15,-3.971199538663492,0.00035535293568796105,-4.169801422327309
2021-01-19,-4.295895835825242,0.00018562321369408084,-4.056971586485282
2021-01-20,-4.135046816115712,0.0002560613145423903,-4.220064781088519
2021-01-21,-3.4145003487424064,0.0010819387616940505,-4.164123965033475
2021-01-22,-4.5123052519979465,0.00012040969513000269,-3.8352688957945626
2021-01-25,-3.4937854599248612,0.0009232865470039106,-4.230053010808387
2021-01-26,-4.4497085914402765,0.0001364684394517774,-3.8359408240061814
2021-01-27,-3.980566618504829,0.00034875766833619503,-4.176742565438456
2021-01-28,-3.900768503632062,0.00040910569707004626,-4.0000230252008535
2021-01-29,-3.796800455222006,0.0005036641352018683,-3.9997661723355544
2021-02-01,-4.023694749586232,0.00031993602655491446,-3.92823161435285
2021-02-02,-4.326749366338221,0.0001745151967577986,-4.037846354528622
2021-02-03,-3.8706487181270908,0.0004345074634726185,-4.140591634986503
2021-02-04,-4.104956200415904,0.0002719445423618718,-3.9703329734730364
2021-02-05,-4.849437677193785,6.135245603811401e-05,-4.074009564263826
2021-02-08,-3.8928599681621288,0.0004156279967626049,-4.376483342606342
2021-02-09,-4.051932144447694,0.00030236843857562906,-4.04531804940653
2021-02-10,-3.7273241208118533,0.0005787452027264792,-4.0864250112121105
2021-02-11,-4.43416132207113,0.00014077852542760723,-3.9641922100062983
2021-02-12,-3.72948382719077,0.0005762507544684121,-4.228363433642811
2021-02-16,-4.108567347841943,0.0002699875541730021,-3.937704585352047
2021-02-17,-4.028145552630205,0.000317100720185515,-4.074576833285103
2021-02-18,-4.290923783863361,0.0001874782784133822,-4.043891257555951
2021-02-19,-4.198683929190061,0.0002254599864651333,-4.167280601614714
2021-02-22,-3.3683187574581765,0.0011866304832240041,-4.125427995487223
2021-02-23,-3.1376425620631543,0.0018822543011489466,-3.8038374337194183
2021-02-24,-3.3862495359063547,0.0011448300604492547,-3.6501980513214147
2021-02-25,-3.015138737018798,0.002404826609085991,-3.193605666784811
2021-02-26,-3.665589494647172,0.0006548011283346198,-3.5045033722089087
2021-03-01,-3.9593404249865203,0.00036388202501143384,-3.7010689039602855
2021-03-02,-4.183932287554631,0.00023221089359140798,-3.8229857198547896
2021-03-03,-3.951759726291455,0.0003694410195727489,-3.9495633380566826
2021-03-04,-3.0876921510780755,0.0020800064128844247,-3.9016162715203055
2021-03-05,-2.9827116995522935,0.002565957953057913,-3.603498286386444
2021-03-08,-3.5221553944885473,0.0008723578943332571,-3.5012403800231198
2021-03-09,-3.681432454352975,0.0006343784174052017,-3.661000873476348
2021-03-10,-3.790807174224934,0.0005097376642297673,-3.693801907224006
2021-03-11,-4.076040169729905,0.0002881353164293044,-3.719464269849721
2021-03-12,-4.332653465037954,0.00017246660575223526,-3.8654645231259552
2021-03-15,-4.008077358239531,0.0003300868631482722,-4.033551970496529
2021-03-16,-3.8729318676090205,0.0004325278955814566,-3.9548702855485693
2021-03-17,-3.8954990639799076,0.0004134400119278585,-3.9171964353107285
2021-03-18,-4.138708644949173,0.0002541928594470401,-3.93284192831903
2021-03-19,-4.106145541712504,0.00027129844135189644,-4.01881174377083
2021-03-22,-3.782501691079696,0.0005182756148744166,-3.9983694374392247
2021-03-23,-4.198426899767429,0.00022557591596016673,-3.8712150319314724
2021-03-24,-4.209368102746771,0.00022069338775226942,-4.029064032103307
2021-03-25,-3.6889321285227874,0.0006249341604570562,-4.057526254467389
2021-03-26,-3.763729817103171,0.0005381035015693753,-3.86160262798594
2021-03-29,-3.9676241909767676,0.00035790306300675874,-3.8735972106751984
2021-03-30,-4.212208940582324,0.00021944303491355246,-3.9674882347440668
2021-03-31,-3.87051799807172,0.000434621076002776,-4.0565554439336164
2021-04-01,-4.199335640781096,0.00022516630812729983,-3.923290575651431
2021-04-05,-4.3212135898897746,0.00017645808654708896,-4.062243476767815
2021-04-06,-4.353161112034444,0.0001655359404193469,-4.136392491915257
2021-04-07,-3.718829628241381,0.0005886614917123384,-4.1842673921823845
2021-04-08,-4.5475004324358945,0.00011222543862379538,-3.9522104626611334
2021-04-09,-4.800846103664244,6.761422234477996e-05,-4.281168240060296
2021-04-12,-3.136352103571671,0.0018871185176103829,-4.402212624385508
2021-04-13,-3.951520084020829,0.0003696181293819411,-3.728549379122589
2021-04-14,-4.036834183451141,0.0003116379792079286,-3.9884978689075097
2021-04-15,-4.015200723265515,0.0003254175449503369,-4.031216084254235
2021-04-16,-4.415314803947997,0.00014618617053655555,-4.004535952439735
2021-04-19,-3.6802907822562365,0.0006358285766573517,-4.13608535687078
2021-04-20,-3.7293378046448664,0.0005764190702496076,-3.9295462544706568
2021-04-21,-4.964418536792301,4.874845401263517e-05,-3.9278271266199414
2021-04-22,-3.8272602808210436,0.0004738969989660248,-4.3837012974044685
2021-04-23,-4.19325153008472,0.00022792291912806644,-3.9856941234445573
2021-04-26,-4.487530119634607,0.00012652631606864162,-4.101160175294707
2021-04-27,-4.41906827556053,0.00014509286806817012,-4.245409105916746
2021-04-28,-4.259628516931219,0.00019958765716244798,-4.272292708794998
2021-04-29,-4.095680489138943,0.00027703658677525516,-4.1968299819350605
2021-04-30,-4.151721261614797,0.0002476627730515993,-4.160626178528952
2021-05-03,-4.016351374247953,0.0003246695219582557,-4.17621087694655
2021-05-04,-3.5600432240603577,0.0008086968377803616,-4.107293445203586
2021-05-05,-4.036676879736333,0.00031173603825578164,-3.8923926510671323
2021-05-06,-4.0563104947455875,0.0002997322477017004,-4.041717709327894
2021-05-07,-4.249983280701793,0.0002034751728210731,-4.043391869187532
2021-05-10,-4.178928771435794,0.00023454630125030243,-4.116427007335631
2021-05-11,-3.8271415992329554,0.00047400949801391717,-4.097353224790718
2021-05-12,-3.6691734225525883,0.000650124389380692,-3.9932184249173064
2021-05-13,-3.600238039035087,0.000746230459839342,-3.928819456000466
2021-05-14,-3.7018742119515644,0.0006089658155673674,-3.873699169759008
2021-05-17,-4.13948202456259,0.0002537999882132253,-3.8767095737868016
2021-05-18,-4.099154281969582,0.0002751185220321202,-4.019364363834535
2021-05-19,-4.148172030041976,0.00024942705254691195,-4.015236029540594
2021-05-20,-4.18905152102007,0.00022984553949876685,-4.061229002822303
2021-05-21,-4.201479152487281,0.0002242030810564107,-4.114179840665935
2021-05-24,-3.8902279341684727,0.00041782165952434754,-4.143918225519506
2021-05-25,-4.2375934341220285,0.0002085802146345934,-4.027374929620537
2021-05-26,-4.682808639873503,8.561780622969518e-05,-4.141297098795151
2021-05-27,-4.597936687240226,0.00010145721509771294,-3.820229202284323
2021-05-28,-3.983508741242188,0.00034671151853225656,-4.328218005415553
2021-06-01,-3.851809325138312,0.0004511915209053869,-4.11035559099149
2021-06-02,-3.8446218122518747,0.00045772425224359137,-4.061350528397364
2021-06-03,-3.63249988488579,0.0006996014307172166,-4.031314880788676
2021-06-04,-4.145063660407944,0.000250982505411878,-3.9049769541449804
2021-06-07,-3.6895342609718482,0.0006241820271587441,-4.064988320134125
2021-06-08,-4.211979628577428,0.0002195436998400573,-3.8953135047710656
2021-06-09,-4.449540801205579,0.00013651424327975156,-4.081234286984068
2021-06-10,-4.373335407783692,0.0001589897512184096,-4.187488878324235
2021-06-11,-4.1590391472022015,0.0002440644338431929,-4.205302460425942
2021-06-14,-4.240170076631225,0.00020750810615227988,-4.138736700802269
2021-06-15,-4.55447116886503,0.00011067170653985621,-4.209804925847499
2021-06-16,-4.218671593272271,0.00021662491841556615,-4.342224424886618
2021-06-17,-3.5459963315401146,0.0008317383389346496,-4.225695233091775
2021-06-18,-3.5378257567987617,0.0008454415577016768,-3.9378048211091405
2021-06-21,-3.5840151449100928,0.0007708395674157891,-3.888590036146813
2021-06-22,-4.076773059718659,0.0002877132828314304,-3.863239330274303
2021-06-23,-4.715101238060743,8.026294696084388e-05,-4.0115438186514485
2021-06-24,-4.409392686179309,0.00014792792850655854,-4.240831143150477
2021-06-25,-4.227850139436052,0.00021268459190775926,-4.186529356070199
2021-06-28,-3.970923410276125,0.0003555492359532028,-4.169094188028183
2021-06-29,-4.195791149918605,0.00022676817907933027,-4.10801227553555
2021-06-30,-4.551137556527357,0.00011141204493130589,-4.186799007342701
2021-07-01,-4.197550465491365,0.0002259716676383761,-4.304379895749118
2021-07-02,-4.905531597516802,5.48415085724417e-05,-4.180711723299234
2021-07-06,-4.083823005350121,0.00028368502258131214,-4.45197878288261
2021-07-07,-4.450327096993019,0.00013629973084535056,-4.193310507909857
2021-07-08,-4.181313508775927,0.00023343030208557023,-4.331543909719549
2021-07-09,-4.487531807556349,0.00012652588893632318,-4.229807061017496
2021-07-12,-4.752499848955303,7.447852732783973e-05,-4.349543805211539
2021-07-13,-4.492351647051767,0.00012531207974767353,-4.435434705070117
2021-07-14,-4.067103454622646,0.00029333158211358057,-4.371530127698229
2021-07-15,-3.7347235079893712,0.0005702435452747258,-4.204097587659401
2021-07-16,-3.5341928433767764,0.0008516067601906254,-4.052728522363283
2021-07-19,-3.372934256322774,0.00117572710189629,-3.915674218830569
2021-07-20,-3.6705736304742773,0.0006483063176071629,-3.7847309641645714
2021-07-21,-3.7546596593989965,0.0005479539437510997,-3.857288057485539
2021-07-22,-3.816116374486454,0.00048457770920777815,-3.876838484647162
2021-07-23,-4.132574680650283,0.00025733048603476463,-3.9041731838972615
2021-07-26,-3.9393288253029968,0.0003787411186191505,-4.036404792877633
2021-07-27,-3.4286508340729527,0.0010517480725097505,-3.9963105200378726
2021-07-28,-3.7684344509022494,0.0005330640875053724,-3.794761442625101
2021-07-29,-3.9954236059596053,0.00033854714065716953,-3.9038366135037954
2021-07-30,-4.335764088029295,0.00017139697922879913,-3.9879629409150446
2021-08-02,-3.8386298030989296,0.00046324262817654355,-4.109878934820682
2021-08-03,-3.3281992876834177,0.0012857686408645843,-3.930364415985484
2021-08-04,-4.208446397996628,0.00022110059124598496,-3.737832182037176
2021-08-05,-4.357507363345141,0.00016410325465677616,-4.048235042078282
2021-08-06,-4.463334398564321,0.00013279967116015728,-4.113880465941956
2021-08-09,-4.436853086380358,0.00014002267659952628,-4.1559339340133885
2021-08-10,-4.064725437941621,0.000294729999728672,-4.174372897649838
2021-08-11,-3.942987132326769,0.0003759801288953357,-4.1028993037340475
2021-08-12,-4.230319156547548,0.00021163693692115464,-4.03887120416171
2021-08-13,-4.673661394318239,8.719855584156054e-05,-4.129109148998017
2021-08-16,-3.5361921098487437,0.0008482083812975537,-4.292031159795154
2021-08-17,-4.090133218430594,0.00028012729394797373,-3.8458880921922893
2021-08-18,-4.0258563588935425,0.00031855585870273553,-4.068041626951039
2021-08-19,-2.785044566288507,0.0038101408097873757,-3.5820979430550923
2021-08-20,-3.8968251669520733,0.00041234493669503434,-3.499068475542511
2021-08-23,-3.948240465576218,0.00037205051081330633,-3.8623027477768477
2021-08-24,-4.2874812770968225,0.000188773522667948,-3.8986793848482058
2021-08-25,-3.9223360000049277,0.00039183410863214904,-4.021685204562152
2021-08-26,-4.060966557507359,0.00029695405888515786,-3.892832305853392
2021-08-27,-4.407123752843045,0.0001486007311129849,-4.04770737037167
2021-08-30,-4.215816330560839,0.0002178654993325495,-4.195769558362489
2021-08-31,-4.134759676892264,0.00025620840726846473,-4.1463496021766915
2021-09-01,-4.546627411895146,0.00011242156001820184,-4.109812237225515
2021-09-02,-4.7374924094726865,7.674787808766779e-05,-4.287485479198262
2021-09-03,-3.9094858967470785,0.00040203484520223747,-4.400940253174467
2021-09-07,-4.53112601964539,0.00011596153237746473,-4.084666650432711
2021-09-08,-3.9377902079012093,0.0003799083890323707,-4.316805090212071
2021-09-09,-4.3964127948217815,0.00015181838460312,-4.099230719087531
2021-09-10,-4.5451228855546395,0.00011276035188042933,-4.246480517485297
2021-09-13,-3.453537240428026,0.001000681029921729,-4.293654346399872
2021-09-14,-4.579840953189773,0.0001051963550179209,-3.882093747580496
2021-09-15,-4.361350734719531,0.00016284667085939285,-4.264211277850801
2021-09-16,-4.503029349435025,0.00012266436173177954,-4.20926154702361
2021-09-17,-4.5106235418640335,0.00012081536537637812,-4.271778884653125
2021-09-20,-3.654013088243084,0.0006701384826019173,-4.276406338363632
2021-09-21,-4.196385884854566,0.00022649860551900278,-4.0027028110036715
2021-09-22,-3.972384562423937,0.0003545117295866735,-4.199551324025
2021-09-23,-4.0068743945994605,0.00033088198425537235,-4.105603279850907
2021-09-24,-4.683183652285261,8.555361482527047e-05,-4.096626704258533
2021-09-27,-4.1682832881540115,0.00023959355854001198,-4.331685486810283
2021-09-28,-3.871985029437668,0.00043334773943934113,-4.19349230929544
2021-09-29,-4.282348720087026,0.0001907212842962566,-4.0727042675913
2021-09-30,-4.365515604802591,0.0001614958342736915,-4.2247581942747185
2021-10-01,-3.7900749358742467,0.0005104847100449254,-4.272647785181828
2021-10-04,-3.6744143594054828,0.0006433454576577136,-4.031795420105675
2021-10-05,-3.7701925963452068,0.00053119297073621,-3.9549474889123215
2021-10-06,-4.310710672790736,0.00018020394051406703,-3.9715980997669953
2021-10-07,-4.44878731332752,0.0001367201220229141,-4.154030127910765
2021-10-08,-4.4133813372692385,0.00014675255709958488,-4.200841951554374
2021-10-11,-3.993924993162463,0.000339563364978032,-4.223826868591052
2021-10-12,-4.053266628588687,0.00030156250279053735,-4.104138344629282
2021-10-13,-4.6699296816712135,8.785179040025498e-05,-4.138037974941259
2021-10-14,-4.125625914376088,0.00026093171094839927,-4.369124916597457
2021-10-15,-4.75595119369446,7.396619544908789e-05,-4.17053546867789
2021-10-18,-4.137165440786906,0.0002549786143609754,-4.391675057762037
2021-10-19,-4.520597263959971,0.0001184292848402126,-4.1949996124996005
2021-10-20,-4.3274824710034565,0.00017425950844010763,-4.346136620096457
2021-10-21,-4.512195707557648,0.00012043607844536178,-4.275816673287689
2021-10-22,-4.0505787457528495,0.0003031879973652943,-4.360304160851272
2021-10-25,-4.064760484437313,0.0002947093419453318,-4.174397549912982
2021-10-26,-3.3932054127462647,0.001129013738119216,-4.17487828355595
2021-10-27,-3.766231915320599,0.0005354174523096335,-3.864667932151734
2021-10-28,-4.414161474755362,0.00014652376129622798,-3.954457735464035
2021-10-29,-4.265056120298524,0.00019743280870478222,-4.168777462129042
2021-11-01,-4.020424165836955,0.0003220356411725572,-4.12807072817742
2021-11-02,-3.9510133166740737,0.00036999294008916215,-4.042187709570552
2021-11-03,-4.230323760064138,0.00021163498838182445,-4.061237896030948
2021-11-04,-2.450621231249506,0.0074373367160270225,-4.186695899813588
2021-11-05,-3.0920445007478654,0.002061979157185899,-3.3893111908186624
2021-11-08,-3.720620179905237,0.0005865572041698658,-3.530063054316635
2021-11-09,-3.1570477234631835,0.0018106028064259587,-3.7178764294916196
2021-11-10,-3.0136157104169405,0.0024121630067392382,-3.488392071269659
2021-11-11,-3.9643435989576097,0.00036025905145599407,-3.3872604121477687
2021-11-12,-3.7571959188654316,0.0005451814746428392,-3.7762080664474764
2021-11-15,-3.46827313568293,0.0009716195191255007,-3.7353574907085925
2021-11-16,-4.327111091232217,0.00017438898943353818,-3.6228915567354223
2021-11-17,-3.415100589752337,0.0010806406929740194,-3.978267234497545
2021-11-18,-3.5479751977024283,0.0008284530466670214,-3.1903347864935716
2021-11-19,-3.839103798381412,0.0004628036866248404,-3.725240369377776
2021-11-22,-2.9891483013117157,0.0025331375591591764,-3.819671058587669
2021-11-23,-3.416038508452654,0.0010786154868180694,-3.4915773985137837
2021-11-24,-3.3328903443140243,0.001273761826568,-3.591540657518303
2021-11-26,-3.8541332138225766,0.00044909934890671207,-3.5529911483382737
2021-11-29,-3.7812750742163663,0.00051954862695216,-3.7383434264997986
2021-11-30,-3.4762246672109187,0.0009562900088085637,-3.7124618968003977
2021-12-01,-3.7377832332974004,0.0005667646234618612,-3.6388888125600514
2021-12-02,-3.613260453611448,0.0007270459283728195,-3.73674224894682
2021-12-03,-3.288693038006845,0.0013914817728395033,-3.710095350633056
2021-12-06,-2.9302298295244573,0.0028499333838886472,-3.566965644347665
2021-12-07,-3.569619769401486,0.0007933551829575678,-3.379337752560381
2021-12-08,-3.9636230986162433,0.00036077855921072164,-3.609460355067877
2021-12-09,-3.457385692261924,0.0009930084498654377,-3.753459620642042
2021-12-10,-3.6024564548374767,0.000742926895050362,-3.580858026139157
2021-12-13,-3.5609865872482276,0.0008071724865955277,-3.649260579255021
2021-12-14,-3.404363754673266,0.0011040969595034096,-3.6885324622804405
2021-12-15,-3.04230076884203,0.002277671709807863,-3.62291800970811
2021-12-16,-3.099676847307491,0.002030742692193217,-3.448292925477281
2021-12-17,-3.550697920307215,0.0008239540117342406,-3.441326725288786
2021-12-20,-3.7387944769856993,0.0005656195075469858,-3.5785825012686856
2021-12-21,-3.2123508027487304,0.0016210169083033564,-3.6489980322593776
2021-12-22,-3.7014318540451208,0.0006095048156496985,-3.4655340449455228
2021-12-23,-4.217578225720315,0.00021709913803642436,-3.6562064572287856
2021-12-27,-3.863105215142821,0.0004411125806018314,-3.889051296929494
2021-12-28,-3.776192758569183,0.0005248565781668748,-3.795255333379458
2021-12-29,-3.5996252542079294,0.0007471455779019672,-3.774069515919879
2021-12-30,-3.862263945898345,0.0004418553942276746,-3.7437677968976506
2021-12-31,-4.153604820575199,0.00024673155328950566,-3.837658514661103
2022-01-03,-3.8777344216267315,0.00042839330678947073,-3.9348934292254634
2022-01-04,-3.065632503599728,0.0021738293109249624,-3.848192562914489
2022-01-05,-3.317412226232767,0.0013138093609113826,-3.5266927517517836
2022-01-06,-3.4150175820692366,0.001080820110827043,-3.585866757089408
2022-01-07,-3.560119711105688,0.0008085731375786863,-3.6039614121534265
2022-01-10,-3.1054476678107408,0.0020074393272845404,-3.6292181145933715
2022-01-11,-3.521472338173868,0.0008735504478657792,-3.4364099885756256
2022-01-12,-3.6972249772123984,0.0006146546734636361,-3.595049794055863
2022-01-13,-3.487358869803822,0.0009352303086386134,-3.6697961893529842
2022-01-14,-3.843728583804412,0.0004585426877221735,-3.6043171000485756
2022-01-18,-3.824682916490073,0.0004763461162539414,-3.734939284317306
2022-01-19,-3.421906713792716,0.0010660304087798673,-3.781271840601129
2022-01-20,-3.4605082926700437,0.0009868262373565922,-3.6498178700055237
2022-01-21,-3.084341734846943,0.0020939909892021507,-3.6477298187607383
2022-01-24,-2.5971756540269517,0.005547813970221844,-3.4896671418229395
2022-01-25,-3.5393105333048096,0.0008429346981458004,-3.2414597962767577
2022-01-26,-2.9543093852497724,0.00271593562826601,-3.533963350545288
2022-01-27,-2.8721578855475074,0.003200923967227978,-3.3081077843393425
2022-01-28,-3.1127522424933236,0.0019783255280362913,-3.2417604221510152
2022-01-31,-3.617297184911376,0.0007211997813411066,-3.3125255028511535
2022-02-01,-3.3732201027456847,0.0011750551392199265,-3.5276364946327283
2022-02-02,-3.415766505055554,0.001079202420604737,-3.4374190286288324
2022-02-03,-3.3468880112395483,0.0012385969616946619,-3.4691160727779167
2022-02-04,-3.5754861284543016,0.0007841013626249011,-3.471517117776353
2022-02-07,-3.6275369387932854,0.0007065801769349132,-3.5644828987069044
2022-02-08,-3.486570445569947,0.0009367061884313689,-3.584354455327745
2022-02-09,-3.6135022050418537,0.0007266944845554019,-3.5449517295949047
2022-02-10,-3.339743773071846,0.001256421665744516,-3.596154425924832
2022-02-11,-3.0731536209986032,0.002141374766411214,-3.5095085352191995
2022-02-14,-3.460174963189492,0.0009874843332491666,-3.3860660544257133
2022-02-15,-3.4744964118537407,0.0009596011546789811,-3.5009540863413253
2022-02-16,-3.6006423797359273,0.0007456272410838714,-3.509018344337624
2022-02-17,-3.311390668278823,0.0013297273781984664,-3.075955009489458
2022-02-18,-3.019773226441023,0.00238263930778469,-3.4731289120480104
2022-02-22,-3.4889857410775242,0.0009321922551939319,-3.36924863539233
2022-02-23,-3.1775860030141665,0.0017377362717516292,-3.522571450186637
2022-02-24,-2.9517773080531358,0.002729724430452762,-3.4070024259647926
2022-02-25,-3.81162367001339,0.0004889514586276503,-3.307577497399622
2022-02-28,-3.6447334681513026,0.0006826918740323572,-3.606745052463042
2022-03-01,-3.492691501995534,0.0009253088317699188,-3.593565838889764
2022-03-02,-3.618337052103412,0.0007197014359783169,-3.553355450636216
2022-03-03,-3.8626154306355462,0.0004415448925228292,-3.623754317761765
2022-03-04,-3.3614376475300523,0.0012030740432347213,-3.762620955472962
2022-03-07,-3.3426954199237593,0.0012490264890618699,-3.574902197294185
2022-03-08,-2.876103878325315,0.0031757617420717487,-3.550755264074745
2022-03-09,-3.691710876907631,0.0006214707238122693,-3.340377114010146
2022-03-10,-3.558777984417105,0.0008107458197372701,-3.6099152218980666
2022-03-11,-3.763859593625133,0.0005379638532914485,-3.5550746955275416
2022-03-14,-3.429222791931674,0.0010505456492253824,-3.641468308014004
2022-03-15,-3.30677325082727,0.0013420640669694478,-3.534838668763188
2022-03-16,-3.3993422424376525,0.0011152413000585675,-3.5268040832983054
2022-03-17,-3.8338753022196674,0.000467668613141749,-3.5474566741987483
2022-03-18,-3.330679639848955,0.0012794061171462914,-3.704317302282371
2022-03-21,-3.470359832944649,0.0009675730172431481,-3.517668969181051
2022-03-22,-3.4876823254283327,0.0009346254932835494,-3.5637374652046474
2022-03-23,-3.6690472026249483,0.0006502885274040793,-3.581558344536947
2022-03-24,-3.1324350202323346,0.0019019605803064007,-3.6633625058678003
2022-03-25,-3.6010607272551436,0.0007450036393893374,-3.447297591802194
2022-03-28,-3.7065796996613734,0.0006032617358219295,-3.618924336615795
2022-03-29,-3.730295018780551,0.0005753166129098274,-3.6754182199819843
2022-03-30,-3.8607414796308084,0.0004432028645303364,-3.6936312185017197
2022-03-31,-3.805067540589805,0.000495404934074518,-3.7461480588196356
2022-04-01,-3.5572143037193373,0.0008132852837566323,-3.7734585510305556
2022-04-04,-3.9148082926279217,0.00039777796499189464,-3.689416323264948
2022-04-05,-3.6803016195407263,0.0006358147954963586,-3.8162896892751665
2022-04-06,-3.3592135472145856,0.00120843747792606,-3.7413002681379397
2022-04-07,-3.3237086319623326,0.0012973685426617427,-3.6069808193874984
2022-04-08,-4.1954605389168576,0.00022691817277313068,-3.5791139569059296
2022-04-11,-3.937026017610914,0.0003804894775856855,-3.889977935220389
2022-04-12,-3.3221029835837466,0.0013015414747311732,-3.811584524630253
2022-04-13,-3.479416126990387,0.0009502055256482579,-3.5858867124624614
2022-04-14,-3.2696011072170066,0.0014456413508984445,-3.643760256397699
2022-04-18,-3.559969640205787,0.0008088158605993105,-3.5708669017045587
2022-04-19,-3.457581391385901,0.0009926198641488032,-3.6427111323539254
2022-04-20,-3.2885302399010268,0.0013919349077988112,-3.5850140020137844
2022-04-21,-2.7211945178946046,0.004329128463825577,-3.5270055289743087
2022-04-22,-3.699986845177541,0.000611268843184229,-3.2789467625408713
2022-04-25,-3.85218379087656,0.0004508537358781609,-3.6140545064902114
2022-04-26,-3.572072812014866,0.0007894724471193659,-3.6741882775142374
2022-04-27,-3.425209855193976,0.001059011121649835,-3.5946634649920144
2022-04-28,-2.986939960256952,0.0025443503659718864,-3.551023851176648
2022-04-29,-2.9581683514888653,0.0026950549021383086,-3.421193594510347
2022-05-02,-3.510026674257211,0.0008937778098586169,-3.3586524814829684
2022-05-03,-3.7179359304472275,0.0005897146035489849,-3.5206392923456526
2022-05-04,-2.8432928828123636,0.003391151412255634,-3.5911877276626636
2022-05-05,-3.1964045404860943,0.0016735484591377642,-3.263749035668075
2022-05-06,-2.8578696354075017,0.00329371467425824,-3.3804477385600196
2022-05-09,-3.150924505313794,0.0018329125670632793,-3.239505096268242
2022-05-10,-3.057667414908386,0.002208736094888175,-3.314434942399278
2022-05-11,-3.18920549951517,0.0016978186498073573,-3.2543027588815097
2022-05-12,-2.9305502510472095,0.002848107608979492,-3.305260186831962
2022-05-13,-3.133179842341903,0.0018991294449386706,-3.195755800519752
2022-05-16,-3.6412308313005237,0.0006874911078104753,-3.273022651752049
2022-05-17,-3.549609526319576,0.0008257495384506535,-3.4569903772412403
2022-05-18,-3.155959418249114,0.0018145480754749171,-3.4535009536722336
2022-05-19,-3.2553944246547672,0.0014873059998638696,-3.3194062735354066
2022-05-20,-2.7079509519133698,0.004445326747021276,-3.368965818504428
2022-05-23,-3.8613838970323524,0.00044263378772828587,-3.150817588701037
2022-05-24,-3.4105647217146378,0.0010904885813179434,-3.5425732923754847
2022-05-25,-3.4752147353172265,0.0009582235364414423,-3.4045590476705203
2022-05-26,-2.9145343693591332,0.002940814371973626,-2.9729131677913165
2022-05-27,-3.851760264411248,0.0004512357946455745,-3.2469344808217557
2022-05-31,-3.4946061849548875,0.0009217722613979865,-3.6169688818568555
2022-06-01,-3.4195343383581096,0.0010711004760799248,-3.493494177693082
2022-06-02,-3.451089744430751,0.0010055913637700496,-3.4758528525968413
2022-06-03,-3.581760545413166,0.0007743232849024656,-3.4838341607089096
2022-06-06,-3.633439578698927,0.0006982878432017076,-3.56839796586915
2022-06-07,-3.613911663491492,0.000726099625764591,-3.5863053653352903
2022-06-08,-3.7438371491193663,0.0005599437093872805,-3.592228899924102
2022-06-09,-3.480916130506106,0.0009473591740621612,-3.6623345304915937
2022-06-10,-3.675943583393386,0.0006413808249399234,-3.584853438432436
2022-06-13,-3.573912838282714,0.0007865724863153324,-3.6594005154033997
2022-06-14,-3.537216702229696,0.0008464720252724349,-3.6284756269127563
2022-06-15,-3.292789184886267,0.0013801289118766141,-3.621852730717271
2022-06-16,-3.8092759906028912,0.0004912526594259275,-3.5214084984834955
2022-06-17,-3.5509778750201098,0.000823492801246752,-3.701986831442973
2022-06-21,-3.6806230161472038,0.0006354062293869461,-3.6133678950658137
2022-06-22,-3.9061551202021216,0.00040472196191585576,-3.666506551961942
2022-06-23,-3.5097738319698792,0.0008942298938065443,-3.762813198397647
2022-06-24,-3.6349031941239667,0.0006962467822705478,-3.668151158846896
2022-06-27,-3.708989515575216,0.0006003612316552491,-3.6960187252082055
2022-06-28,-3.196283088311503,0.0016739550207128444,-3.7316527573396256
2022-06-29,-3.588576724467564,0.0007638390573293535,-3.5327259724818543
2022-06-30,-3.4507522112906064,0.001006270433774323,-3.6550927713744943
2022-07-01,-3.5743535043340806,0.0007858795601259161,-3.602726200300556
2022-07-05,-3.529466969973464,0.00085969409116203,-3.6395690132596887
2022-07-06,-3.713148848266732,0.0005953877425365483,-3.6181392030011548
2022-07-07,-3.944066610216407,0.0003751692800315378,-3.708891311312256
2022-07-08,-3.719830214085777,0.000587484656917816,-3.8017606882478994
2022-07-11,-4.086214370119188,0.0002823314732546056,-3.745133030357324
2022-07-12,-3.7007336268266324,0.0006103565559236997,-3.8909116112073017
2022-07-13,-3.3281234927516716,0.0012859635651312337,-3.7796722420760007
2022-07-14,-3.405498279525463,0.00110159454874468,-3.632091623543495
2022-07-15,-4.219315809382723,0.00021634599161855122,-3.6229529117921238
2022-07-18,-3.2780443547843334,0.0014214344949577578,-3.905270807752747
2022-07-19,-3.3477731779649145,0.0012364061718478485,-3.561756870428045
2022-07-20,-3.3714398005074373,0.0011792465032754288,-3.565489886044812
2022-07-21,-3.7704454445735087,0.0005309244162423871,-3.568755890656219
2022-07-22,-3.6266579645929187,0.0007078234008685391,-3.7147277625391224
2022-07-25,-3.9175039677267125,0.00039563917534435626,-3.646761220001318
2022-07-26,-4.3298167633108715,0.00017344785928060923,-3.7700327880022466
2022-07-27,-3.4578679221690023,0.0009920511948116428,-3.9536280746846066
2022-07-28,-3.5818201157871212,0.0007742310369425317,-3.681445631941747
2022-07-29,-4.014742653482822,0.0003257158094436272,-3.7071534609673713
2022-08-01,-3.452315262002113,0.0010031296421137885,-3.8744978424392165
2022-08-02,-3.5313369339788356,0.0008564849019587128,-3.6669423129174996
2022-08-03,-3.8662609368606407,0.0004383372907556967,-3.659315518849578
2022-08-04,-4.205416774486962,0.00022244436135064992,-3.7891009424220776
2022-08-05,-3.903516399210613,0.00040686350455221813,-3.931379581323847
2022-08-08,-3.2595621160667494,0.001474960259694224,-3.832588472471318
2022-08-09,-3.5295794673330922,0.0008595006862896964,-3.6038439573074235
2022-08-10,-3.546865001426813,0.000830294581349245,-3.684625403936845
2022-08-11,-3.4589405092282193,0.0009899253532297619,-3.6665738303627062
2022-08-12,-3.773233790252603,0.0005279718550516392,-3.603361321292694
2022-08-15,-4.044935834130366,0.0003066291048546448,-3.7024029013277917
2022-08-16,-3.727770978574638,0.0005782282002144516,-3.8343346188013587
2022-08-17,-3.9189130111619006,0.0003945257993109358,-3.740446996670204
2022-08-18,-3.8788687981719137,0.00042742248983919807,-3.8286611157978476
2022-08-19,-3.8108486619267308,0.0004897099289652807,-3.8492601910700848
2022-08-22,-4.025797930234035,0.00031859308646146564,-3.8362152035054575
2022-08-23,-3.9584259762265113,0.00036454813688406096,-3.904684872385721
2022-08-24,-3.930106056421265,0.0003857920312483135,-3.9227833729486252
2022-08-25,-3.717150126495606,0.0005906421323454607,-3.4436744880673613
2022-08-26,-3.2528723952322154,0.0014948270111133943,-3.8498282258990395
2022-08-29,-3.7441609702159733,0.0005595811836214191,-3.660551484090704
2022-08-30,-3.3932297443949886,0.0011289587979246515,-3.8032737463401656
2022-08-31,-3.7210412493939606,0.000586063449419973,-3.655230719575327
2022-09-01,-2.891033166211866,0.0030823396848915375,-3.7527158112411434
2022-09-02,-3.8407663682250712,0.00046126735539252705,-3.426423708436457
2022-09-06,-3.978770621662858,0.0003500126562831096,-3.7497268615515265
2022-09-07,-3.702724893705312,0.0006079306242195493,-3.7986953923337436
2022-09-08,-3.788998486712608,0.000511584915611648,-3.721906833514137
2022-09-09,-4.269177499215906,0.00019581210657784677,-3.759814664808915
2022-09-12,-4.126323360861334,0.00026056799287188786,-4.00844055438713
2022-09-13,-3.508212970330997,0.000897025793824257,-3.9850671841941727
2022-09-14,-3.939223504441662,0.00037882090570377173,-3.7637148246246057
2022-09-15,-3.741359601886361,0.0005627251688690994,-3.912796519887957
2022-09-16,-3.722711329493485,0.0005841091692334897,-3.8444073582790987
2022-09-19,-4.0867097873574245,0.0002820518680412291,-3.813269647817914
2022-09-20,-3.7885949205741194,0.0005119979989934922,-3.926545849507383
2022-09-21,-3.037485729646965,0.002299711820587423,-3.8498048282806074
2022-09-22,-3.463676991168656,0.0009805921026812792,-3.5383796953797497
2022-09-23,-3.9344787306686717,0.00038243285547933563,-3.649075239971975
2022-09-26,-3.8363315564943843,0.0004653768209147765,-3.8038443969467925
2022-09-27,-3.6253400375476814,0.0007096915811186952,-3.7628929352537788
2022-09-28,-3.8707244464435746,0.0004344416594185577,-3.6882515760390504
2022-09-29,-3.509068364743837,0.0008954924840784001,-3.82792472500825
2022-09-30,-3.447279343654352,0.0010132840509874924,-3.7146187091494456
2022-10-03,-3.4531574844941564,0.0010014413477384282,-3.6698513638461128
2022-10-04,-4.3940923210922485,0.0001525246032436184,-3.6476827954245654
2022-10-05,-3.3400074627433787,0.0012557592296047442,-3.992710420460598
2022-10-06,-3.5432132366871936,0.0008363808609073963,-3.626351354410565
2022-10-07,-3.502510784769437,0.0009073143647139714,-3.6839150246541594
2022-10-10,-3.257065821977285,0.0014823425418643262,-3.670853727636885
2022-10-11,-3.3695530459519567,0.0011837048071344385,-3.5729831136022234
2022-10-12,-3.7500136315506833,0.0005530692915581312,-3.558913964628175
2022-10-13,-2.8657211875957027,0.0032423971060256077,-3.6913121508947073
2022-10-14,-3.4225440723282095,0.0010646723873500418,-3.360418362584797
2022-10-17,-4.075038415424885,0.000288713176697342,-3.5215743978676146
2022-10-18,-3.0464473589068675,0.0022588606774953425,-3.7579325009602895
2022-10-19,-3.5464794519424987,0.0008309350675519703,-3.4083833336059834
2022-10-20,-3.2825377312927135,0.0014087176414191618,-3.5486331101125046
2022-10-21,-3.50140579351795,0.0009093217308897468,-3.4892860862423722
2022-10-24,-3.3074666008798537,0.0013402043163428493,-3.568289943799437
2022-10-25,-3.838993991222159,0.0004629053361025122,-3.4749650542206236
2022-10-26,-3.301270327888359,0.0013569161974603466,-3.678431798241353
2022-10-27,-3.4701425697199535,0.0009679935446693858,-3.49154795522875
2022-10-28,-3.7220406593811033,0.0005848931840555948,-3.551597511614016
2022-10-31,-3.683952415071807,0.0006311892433636702,-3.6374377701015552
2022-11-01,-4.073775043930334,0.0002894436031037105,-3.6481027616229404
2022-11-02,-3.1552909592080995,0.0018169755999468415,-3.7830909856359867
2022-11-03,-3.221972973083338,0.0015901197578773007,-3.482837120290193
2022-11-04,-3.6543987019775126,0.0006696218526414117,-3.474601423724609
2022-11-07,-3.7892141245981206,0.0005113643290029716,-3.6046497350211952
2022-11-08,-3.4512913158162353,0.0010051860485866292,-3.6521077661690726
2022-11-09,-4.1944040872210495,0.0002273981358292264,-3.5229512525122404
2022-11-10,-3.166003734995452,0.0017784599781264896,-3.8078120034399423
2022-11-11,-3.356116643404854,0.0012159455349119916,-3.4883505964955446
2022-11-14,-3.6206535695806408,0.0007163747463539302,-3.522821383032825
2022-11-15,-3.648979814690827,0.0006769185317910407,-3.6082728166117524
2022-11-16,-3.9579189396764636,0.00036491800284723107,-3.6520295622639254
2022-11-17,-3.4271606160162618,0.0010548874164303358,-3.2770887084619273
2022-11-18,-3.397172252126803,0.0011200919439258716,-3.6152898473801156
2022-11-21,-4.073660245011568,0.0002895100663586889,-3.6061700915180657
2022-11-22,-3.4482115999575353,0.0010113965303004703,-3.8398485791601424
2022-11-23,-4.325209491702127,0.00017505348828399908,-3.637476729849691
2022-11-25,-4.3037935449948375,0.0001827142519945629,-3.925741237722135
2022-11-28,-3.620892519120252,0.0007160324733147685,-3.9663673668907555
2022-11-29,-4.076163994457646,0.00028806396871006184,-3.7819668146588965
2022-11-30,-3.3719857511570845,0.0011779595852079293,-3.926559688996577
2022-12-01,-3.6568377134115786,0.0006663633758546815,-3.701196339229692
2022-12-02,-3.9607269443842172,0.00036287436382663094,-3.7554825830167102
2022-12-05,-3.8189187546005607,0.0004818693642376604,-3.8331145685180634
2022-12-06,-3.6668902578779434,0.0006530998597792988,-3.811606227809941
2022-12-07,-3.9830029128747375,0.0003470624490557313,-3.7555226576956025
2022-12-08,-3.217775801232428,0.001603523950642083,-3.8890426054119356
2022-12-09,-3.7213320572539055,0.0005857226848115701,-3.618496449416169
2022-12-12,-3.7000871787351186,0.0006111461939351299,-3.760347469094823
2022-12-13,-3.2492483410163135,0.0015057010398407688,-3.7422968969137638
2022-12-14,-3.469449486479133,0.0009693362752845376,-3.5836949918009244
2022-12-15,-3.6974353995212805,0.0006143960537756942,-3.627953858094466
2022-12-16,-3.7150250215731386,0.0005931578276807109,-3.7237531456190838
2022-12-19,-4.13439527984135,0.0002563951985024277,-3.728956622416493
2022-12-20,-3.9058455421065066,0.00040497262561628596,-3.8716170307286815
2022-12-21,-4.060662950103389,0.0002971344285430125,-3.85100987776405
2022-12-22,-3.018090529350585,0.0023906713361361584,-3.9406478099665607
2022-12-23,-3.8473680948729636,0.0004552170636767315,-3.5543623793712853
2022-12-27,-3.4961564913989567,0.0009189186287356603,-3.8122932616252854
2022-12-28,-3.9972782231308326,0.00033729371603642336,-3.6678157594304004
2022-12-29,-3.883529925823667,0.00042345646314521804,-3.8167155267248107
2022-12-30,-4.184437185389417,0.0002319765263880412,-3.7790605281323706
2023-01-03,-3.2880183775523486,0.0013933605955724186,-3.9451116551831205
2023-01-04,-3.5496580723500797,0.0008256693686180796,-3.6388418120937627
2023-01-05,-4.016674530614301,0.0003244597517081896,-3.718448897274922
2023-01-06,-3.1088149084419108,0.00199396568466926,-3.85839649741987
2023-01-09,-3.2412164105864294,0.0015300837275704154,-3.5268336122718855
2023-01-10,-4.1821708896503464,0.00023303036772660165,-3.5156287389061074
2023-01-11,-3.919735228107182,0.0003938775608545699,-3.8299623643005276
2023-01-12,-3.0381263538957675,0.0022967672050672986,-3.7810530811728436
2023-01-13,-3.7947032839676558,0.0005057811116528364,-3.456460770530141
2023-01-17,-4.032641467825925,0.00031426218523035834,-3.7168655425828074
2023-01-18,-3.8426597223164305,0.0004595239734460015,-3.8409708605686577
2023-01-19,-4.093915127038966,0.0002780164553613991,-3.777029355503669
2023-01-20,-3.5087873095819333,0.0008959959911485956,-3.8611653464992894
2023-01-23,-3.2354042067093967,0.0015479738241540237,-3.728958574239294
2023-01-24,-3.8917603069214093,0.0004165431026974628,-3.5962231445267676
2023-01-25,-3.639947507789226,0.0006892579212386781,-3.7811858345772924
2023-01-26,-3.4519280355413002,0.001003906819700775,-3.6922621208739876
2023-01-27,-3.418581778194457,0.0010731429963751833,-3.6167934990263326
2023-01-30,-3.674711336055176,0.0006429634539579017,-3.5951745802656943
2023-01-31,-3.718570047898516,0.0005889671809600926,-3.6987703646291985
2023-02-01,-3.238690124530992,0.0015378341492337775,-3.7002314062552015
2023-02-02,-3.3264160729750345,0.0012903624308131297,-3.5257188963578097
2023-02-03,-3.4528893689758315,0.0010019784956752959,-3.532761105365756
2023-02-06,-3.697048198294851,0.000614872027860728,-3.5739237642194555
2023-02-07,-3.5678314718386157,0.0007961977736056346,-3.6476069253584633
2023-02-08,-3.614112987638714,0.0007258073218404677,-3.595172928937453
2023-02-09,-3.604498828257936,0.0007398984162582468,-3.6389478350616784
2023-02-10,-3.220401683321546,0.001595124695757119,-3.6584982875597314
2023-02-13,-3.352728087161398,0.0012242141215032909,-3.517870166109539
2023-02-14,-3.299153928797732,0.001362671922691142,-3.5296554850179027
2023-02-15,-3.780504054249591,0.0005203504097139808,-3.504380271620785
2023-02-16,-3.9391942920733354,0.00037884303886198185,-3.649992530029647
2023-02-17,-3.7157269980114855,0.0005923256463505826,-3.7078834547083663
2023-02-21,-3.591313809143865,0.0007596690969194042,-3.6702203239642035
2023-02-22,-3.7627293214205895,0.00053918132002266,-3.680500030319904
2023-02-23,-3.6754467209754775,0.0006420184977780766,-3.297081879608993
2023-02-24,-4.136871012626738,0.00025512880434541306,-3.7404090338598683
2023-02-27,-4.429246084813274,0.00014216926977269966,-3.8837578004990867
2023-02-28,-4.009471154337994,0.00032916799689147226,-4.006051533389
2023-03-01,-3.9712397339209304,0.00035532436983072536,-3.9168534421728576
2023-03-02,-3.973076391224041,0.00035402154593903795,-3.925580693915713
2023-03-03,-4.0379446125367435,0.00031094664341886575,-3.94953279596507
2023-03-06,-3.87536054778386,0.0004304320460004352,-3.965975890422454
2023-03-07,-3.686188956010749,0.000628372187355832,-3.901893148539964
2023-03-08,-4.249840352505846,0.00020353334581398047,-3.833384095882422
2023-03-09,-3.6844940357079707,0.0006305058833133363,-4.0192227375024405
2023-03-10,-3.697598441400754,0.000614195741862003,-3.840002054313296
2023-03-13,-3.489935408137537,0.0009304233910010361,-3.8264941818099545
2023-03-14,-4.077545478879666,0.00028726915546717255,-3.7397375590217417
2023-03-15,-3.7016094962754242,0.0006092883065234745,-3.9350317529695693
2023-03-16,-3.5046613487407265,0.0009034202700501786,-3.810020546927526
2023-03-17,-3.970148110032067,0.00035610097842754697,-3.7441623190598463
2023-03-20,-3.740496566785775,0.0005636973107657531,-3.903366855391797
2023-03-21,-3.5893617158225277,0.0007626407840964373,-3.850973155735597
2023-03-22,-3.3377914900413326,0.001261337037090159,-3.776236385116312
2023-03-23,-3.8611919931791805,0.0004428037065931034,-3.6721613805118274
2023-03-24,-3.8799253380187704,0.0004265202656268241,-3.8463171718555937
2023-03-27,-4.183508877508276,0.0002324076177250664,-3.8486811782315353
2023-03-28,-4.02373535615766,0.0003199100445997379,-3.961392699461173
2023-03-29,-4.4121044464920365,0.00014712781002602457,-3.9360748334737323
2023-03-30,-4.63904026471388,9.345032657420605e-05,-4.113316727473817
2023-03-31,-4.421898282275875,0.0001442739601872023,-4.2225569508955365
2023-04-03,-4.301407633242508,0.00018358821569877207,-4.196675843017005
2023-04-04,-4.306774409887754,0.00018162819958836447,-4.17148187482479
2023-04-05,-4.139750476702811,0.0002536637584876117,-4.19428428758208
2023-04-06,-4.290552889543368,0.00018761739926330715,-4.1325309943477375
2023-04-10,-4.028815841114303,0.0003166759070743933,-4.167828448558078
2023-04-11,-4.457126068021626,0.00013445887926445303,-4.069534637824011
2023-04-12,-4.042433923136138,0.00030816726744831635,-4.211870534331622
2023-04-13,-4.311808145499184,0.00017980883647525576,-4.080304918265024
2023-04-14,-4.096378181506462,0.00027665028373438606,-4.180669135004742
2023-04-17,-4.485186249887405,0.00012712083085407802,-4.106563512891173
2023-04-18,-3.965348113871731,0.0003595360068280331,-4.254569732673407
2023-04-19,-4.2052385785356545,0.00022252365284840242,-4.083715143588505
2023-04-20,-3.7663969400037693,0.0005352407672777668,-4.165947155579895
2023-04-21,-4.468084268807648,0.0001315440820752013,-4.004027313181699
2023-04-24,-4.007556593263542,0.00033043083760174815,-4.239639677559101
2023-04-25,-3.9788728854500763,0.0003499410763637812,-4.097206718749554
2023-04-26,-4.115120301283478,0.0002664722086415937,-4.0911217268853175
2023-04-27,-3.7933085988895745,0.0005071938918586815,-4.129880167979486
2023-04-28,-4.329283872591636,0.00017363281533342968,-4.030252411262834
2023-05-01,-3.8399169924930163,0.0004620515999175187,-4.185265353272975
2023-05-02,-4.157938363620872,0.0002446023499983183,-4.022783442770266
2023-05-03,-3.787446061513905,0.0005131757786580665,-4.118936034311739
2023-05-04,-4.150182618586742,0.00024842607609828576,-3.98165999051896
2023-05-05,-4.048548815158071,0.00030442140057772624,-4.105273783622003
2023-05-08,-4.103008383927582,0.00027300600468032916,-4.058514156232521
2023-05-09,-4.53276995974973,0.00011558089084497265,-4.08835879343528
2023-05-10,-4.147276829443251,0.00024987402705291414,-4.229487083583372
2023-05-11,-4.135698793799502,0.0002557276396127497,-4.144069406711011
2023-05-12,-4.028857177648923,0.0003166497275873853,-4.135422423405078
2023-05-15,-4.029048059303489,0.0003165288654113861,-4.102579597593592
2023-05-16,-3.7419800306709194,0.0005620273401265529,-4.093607711188557
2023-05-17,-4.311250737154813,0.0001800094021431465,-3.96141704284869
2023-05-18,-3.7681553746278893,0.0005333617016337603,-4.129797940925008
2023-05-19,-4.266667541887806,0.00019679753796287698,-3.9481704393331887
2023-05-22,-4.001465935794703,0.0003344805349431753,-4.102540262571474
2023-05-23,-4.295794646848157,0.000185660783541841,-4.02819027364494
2023-05-24,-4.045012467333816,0.0003065821125147587,-4.184805377316906
2023-05-25,-2.9537566050864923,0.002718939919352627,-3.6448829677865797
2023-05-26,-3.709194286923566,0.0006001154084384309,-3.677955334914591
2023-05-30,-3.3950505592721307,0.0011248550247212397,-3.8634842592639114
2023-05-31,-3.3232734053451303,0.0012984983329493874,-3.7323879437704544
2023-06-01,-3.7639001874375673,0.0005379201790568623,-3.653514800243259
2023-06-02,-3.7886443125031923,0.0005119474243538088,-3.768463836746654
2023-06-05,-4.204302321095684,0.00022294072206178932,-3.824006973594274
2023-06-06,-4.001004261687133,0.00033478951957636587,-3.9677585771638113
2023-06-07,-3.4505872993772417,0.001006602380478472,-3.9419851831109027
2023-06-08,-3.8322419294690873,0.00046919886559156,-3.7844675750453707
2023-06-09,-3.900854701076452,0.00040903517541786185,-3.892049942523471
2023-06-12,-4.141928467018184,0.0002525612071584036,-3.911264195018817
2023-06-13,-3.9080254428503336,0.0004032108686066837,-3.976942461590333
2023-06-14,-3.6474953560503116,0.0006789312332115317,-3.9022707068436473
2023-06-15,-3.9691256178267897,0.00035682994448508413,-3.8371283432251095
2023-06-16,-4.307015319113636,0.00018154070884946106,-3.9353968967434545
2023-06-20,-4.013234939095833,0.00032669946459323493,-4.0573157177098444
2023-06-21,-3.710169648467347,0.000598945890529647,-3.9633662237555267
2023-06-22,-4.1260875508724375,0.0002606909109259261,-3.8627004583449187
2023-06-23,-4.366322675309053,0.00016123536749578125,-4.008897150774254
2023-06-26,-3.315188692093751,0.0013196649713431276,-4.100391692833997
2023-06-27,-3.919837605057076,0.00039379692114387523,-3.7179100222337613
2023-06-28,-3.8303259508954333,0.00047100026477601677,-3.8840347707528533
2023-06-29,-4.3320269886859375,0.00017268283368566657,-3.8838988464239965
2023-06-30,-4.195727164656881,0.00022679720057881722,-4.042034004528701
2023-07-03,-4.468373209676296,0.0001314680871126861,-4.008367686547057
2023-07-05,-4.0221483730387755,0.00032092704138337436,-4.178469123913169
2023-07-06,-4.299666139946564,0.00018422876585873593,-4.060993967907545
2023-07-07,-4.07935940959667,0.0002862288709219289,-4.176972458757512
2023-07-10,-4.008564948490352,0.0003297651257769841,-4.097294542498485
2023-07-11,-4.468300821861718,0.0001314871218655625,-4.065677358672703
2023-07-12,-4.252810932820551,0.0002023277065077724,-4.213691138107295
2023-07-13,-4.105624901281705,0.00027158108635753664,-4.171490282217562
2023-07-14,-3.1359510862253175,0.0018886326592466507,-4.121028125486945
2023-07-17,-3.969660620810036,0.0003564483385122045,-3.740335296416343
2023-07-18,-3.475729512100767,0.0009572375016563513,-3.974353674300823
2023-07-19,-4.182033320124833,0.00023309449230202138,-3.7813904006642423
2023-07-20,-3.5727613401355294,0.0007883860473471749,-3.980726741946716
2023-07-21,-3.9725607988209526,0.00035438679586599154,-3.771474953566485
2023-07-24,-4.08175229146646,0.0002848623197739526,-3.9399126446063555
2023-07-25,-4.090176814105743,0.0002801028703357385,-3.9806153062791623
2023-07-26,-3.8726515888956143,0.00043277042027378644,-4.0211392447490235
2023-07-27,-3.748624753043462,0.0005546077193623411,-3.9368539599067685
2023-07-28,-4.63360518442995,9.44716877521712e-05,-3.9232349997029123
2023-07-31,-4.66505310684476,8.871281408038923e-05,-4.20856941171594
2023-08-01,-4.322149636516426,0.000176128049580154,-4.25139883782996
2023-08-02,-3.4305055201010486,0.001047853974393847,-4.165995616150503
2023-08-03,-3.9959327240934086,0.0003382025951244055,-3.8595937137665626
2023-08-04,-3.954999869974455,0.0003670546760480546,-4.030794006786007
2023-08-07,-4.216628183326632,0.00021751203695320794,-3.9868055003370637
2023-08-08,-3.9846171622958644,0.00034594376514730584,-4.043189898866878
2023-08-09,-3.6589071757094676,0.0006636110478567606,-3.9603566919359574
2023-08-10,-3.5542489098880234,0.0008181230377492275,-3.881514335935349
2023-08-11,-3.944329988130116,0.0003749717094673044,-3.810702099178505
2023-08-14,-3.3977163936186088,0.0011188736299786286,-3.9150589167572947
2023-08-15,-3.7643052002551736,0.0005374846263503724,-3.703922370273002
2023-08-16,-4.253941301919459,0.00020187081318588234,-3.809258957339456
2023-08-17,-4.216363365171765,0.00021762726973882253,-3.975262734346913
2023-08-18,-3.495168394016111,0.0009207363864499234,-4.010760010088537
2023-08-21,-3.5587048963813794,0.0008108643400383493,-3.768957892482196
2023-08-22,-3.568875049613061,0.0007945377180041995,-3.7981799943835246
2023-08-23,-3.6689830377289123,0.0006503719841504665,-3.8195521091455227
2023-08-24,-3.785016732453856,0.000515675191300972,-3.3390202812212477
2023-08-25,-3.212768804008794,0.0016196623003895553,-3.828264950350635
2023-08-28,-3.446257709665723,0.0010153565784842176,-3.634672830771813
2023-08-29,-3.5485317153961207,0.0008275314620825631,-3.6876413240199266
2023-08-30,-3.84346801728969,0.0004587817117384014,-3.702883730904954
2023-08-31,-4.486700578773981,0.00012673640779837215,-3.7856458058420857
2023-09-01,-4.020453464426684,0.0003220167713451646,-3.9898112364572005
2023-09-05,-4.277474266136387,0.0001925897012460301,-3.9193844105737967
2023-09-06,-3.7671883201838523,0.000534394279478555,-4.043785034230454
2023-09-07,-4.156270516332895,0.0002454196310726827,-3.915696983518773
2023-09-08,-3.915713123411283,0.0003970587724403915,-4.042860343775379
2023-09-11,-3.6593516660174914,0.0006630213726423728,-3.944868831673401
2023-09-12,-4.027920628813747,0.0003172433992834076,-3.848835831903336
2023-09-13,-3.9803060946857043,0.00034893943504604816,-3.947704976235398
2023-09-14,-4.3977696998211355,0.00015140693690095816,-3.9466787999053636
2023-09-15,-3.912240953486837,0.0003998256795486111,-4.087011508447171
2023-09-18,-3.430739992143258,0.0010473627046692375,-3.9515766879919356
2023-09-19,-4.197674408757995,0.00022591565924721995,-3.784729635998615
2023-09-20,-3.9473967786400146,0.0003726788290793006,-4.007914211675151
2023-09-21,-4.071158804717769,0.0002909620797458696,-3.94211432151607
2023-09-22,-4.200401870142484,0.00022468666186414857,-3.9706632897393868
2023-09-25,-3.8648270161345937,0.0004395961768882314,-4.029276770185234
2023-09-26,-3.9394384005638234,0.0003786581263996599,-3.971844013987556
2023-09-27,-3.8773395341655603,0.0004287317747192208,-3.9806268569500403
2023-09-28,-3.9113619581580417,0.0004005291875569912,-3.972080071293119
2023-09-29,-4.365739015615417,0.0001614236905613712,-3.980974704394753
2023-10-02,-4.016033784234552,0.00032487581106233835,-4.127310545347214
2023-10-03,-3.7270765780533592,0.0005790318020341047,-4.039858942170726
2023-10-04,-4.335328512727661,0.00017154635686641523,-3.934250082359571
2023-10-05,-4.311351894088697,0.00017997298742848954,-4.132100410434749
2023-10-06,-4.054807074064726,0.00030063485133445625,-4.147675462550655
2023-10-09,-3.9892585923518733,0.0003427472767997231,-4.064221038844216
2023-10-10,-4.082617876314163,0.0002843696013712346,-4.042825137534457
2023-10-11,-4.68542309699364,8.517128648757654e-05,-4.09490931892865
2023-10-12,-3.956672478733522,0.00036582884978649964,-4.289499007813752
2023-10-13,-3.933255253680968,0.0003833697969341848,-4.063246046951579
2023-10-16,-4.2175337162758,0.0002171184648207133,-4.047285224967214
2023-10-17,-3.30053523323521,0.0013589125883200497,-4.136905037513468
2023-10-18,-3.7965427777408136,0.0005039237679090758,-3.8031509341703984
2023-10-19,-3.8598581835068027,0.0004439865152669659,-3.9130544426500222
2023-10-20,-3.801537822877352,0.0004989145867234494,-3.920227470247803
2023-10-23,-3.5454393887311606,0.0008326653164858883,-3.893908244297339
2023-10-24,-4.256810591145813,0.0002007156792704037,-3.7803562547705
2023-10-25,-3.6683297785752185,0.0006512222623854601,-4.03228202803519
2023-10-26,-3.387957647328611,0.0011409257386574524,-3.8556972026259695
2023-10-27,-3.9961280174251472,0.00033807052349558374,-3.7355854358078933
2023-10-30,-3.8135957193571572,0.0004870267838700076,-3.915238890251647
2023-10-31,-3.5517761409336814,0.0008221791177279509,-3.878197810505289
2023-11-01,-4.267754810058208,0.00019637005951695158,-3.758956877306942
2023-11-02,-4.139417769721458,0.0002538326060648792,-3.9872979133797157
2023-11-03,-3.8580187319133414,0.00044562290689049023,-4.003077180638532
2023-11-06,-4.211617025494601,0.0002197029720304187,-3.910208643737619
2023-11-07,-4.129491610443032,0.0002589221240332732,-4.027919549384402
2023-11-08,-4.412052535831033,0.00014714308582272848,-4.0452366072152826
2023-11-09,-3.865096058715062,0.00043935970033661054,-4.133380041202235
2023-11-10,-4.281374426809056,0.0001910932835454294,-3.9612856388013404
2023-11-13,-4.248454943664824,0.00020409808163613795,-4.097592837118656
2023-11-14,-4.478274495906319,0.0001288902885508703,-4.092927907583847
2023-11-15,-3.8317676272235053,0.00046964416091388895,-4.1792847706387
2023-11-16,-4.270240751880858,0.00019539615350950304,-3.9598075197686913
2023-11-17,-4.628899353614692,9.536502058992569e-05,-4.121702768106989
2023-11-20,-4.287374085407625,0.00018881399691183677,-4.245102979534974
2023-11-21,-4.005054389363439,0.0003320885928447585,-4.194197344047982
2023-11-22,-3.3416648267602156,0.00125160362044487,-3.638738540417284
2023-11-24,-4.22083113697529,0.00021569131406931814,-3.865272285085941
2023-11-27,-4.459054007980273,0.00013394142024324284,-4.104661344972571
2023-11-28,-4.479292074999509,0.00012862824316733142,-4.1751531608362935
2023-11-29,-4.355288290579243,0.0001648331873588327,-4.205959682098884
2023-11-30,-3.9545259656367,0.0003674027385766853,-4.1932746965620025
2023-12-01,-4.199435031188905,0.00022512155383321567,-4.144427319053097
2023-12-04,-4.221873789152953,0.00021524200067309424,-4.2221500063484285
2023-12-05,-4.264077403075475,0.00019781964896904388,-4.214803007803219
2023-12-06,-3.9386775803045895,0.0003792347465404634,-4.2170959824007745
2023-12-07,-4.5982482587559,0.0001013940124353393,-4.10423857412718
2023-12-08,-4.327375902369047,0.00017429665359417019,-4.325737791201126
2023-12-11,-3.76771757679293,0.0005338289153455129,-4.260683845617799
2023-12-12,-4.433458951450585,0.00014097642179218548,-4.064342089830177
2023-12-13,-4.3265731573711115,0.0001745767098814572,-4.261992267682822
2023-12-14,-3.99752780758744,0.0003371253915134352,-4.256929867344538
2023-12-15,-4.113551628153593,0.0002673095370364473,-4.130417397148798
2023-12-18,-4.12655444305544,0.00026044759544871824,-4.145605336820351
2023-12-19,-4.4808582090605205,0.0001282259753558787,-4.178863381193124
2023-12-20,-3.956695085393892,0.0003658123098232947,-4.279532952018904
2023-12-21,-4.652642625523081,9.094230613316223e-05,-4.104875366514112
2023-12-22,-4.389754561314311,0.00015385358991125775,-4.331707727085979
2023-12-26,-4.791789531247791,6.885008745979931e-05,-4.280519613713003
2023-12-27,-4.77505271711359,7.119375641249311e-05,-4.450869356203436
2023-12-28,-5.028425265755395,4.289091476444516e-05,-4.465918130932447
2023-12-29,-4.0472699829699,0.0003052010049074997,-4.610982990968694
2024-01-02,-3.8790344025598835,0.0004272809472009053,-4.288384694145764
2024-01-03,-4.362450986745775,0.00016248872008074193,-4.191660304133555
2024-01-04,-4.247362344926533,0.00020454456389739392,-4.309163933182771
2024-01-05,-4.134674234776628,0.00025625219298622395,-4.252741032570857
2024-01-08,-3.9255515669800967,0.0003893222566788146,-4.184514637630543
2024-01-09,-3.3795422198578557,0.0011602910041072147,-4.113000453725881
2024-01-10,-4.437309390525306,0.0001398949490355699,-3.90385856966938
2024-01-11,-3.7675882974677797,0.0005339669592748131,-4.194234464472669
2024-01-12,-4.801493150892512,6.752677974615496e-05,-3.975480096917619
2024-01-16,-3.953369984512003,0.00036825314251069826,-4.294431418035932
2024-01-17,-3.8271041193478754,0.0004740450309886972,-4.0561990017662835
2024-01-18,-3.9902321309785127,0.00034208057064826386,-4.052812357463835
2024-01-19,-3.7931743099641024,0.0005073301311987849,-4.074609188461624
2024-01-22,-4.243178582020793,0.000206263276473294,-4.016356467422083
2024-01-23,-4.167128620805235,0.00024014749962956636,-4.121482746897783
2024-01-24,-3.450051268611074,0.0010076820988277823,-4.107702458126481
2024-01-25,-3.9075573617896833,0.0004035885160908241,-3.8699683497140556
2024-01-26,-4.271048744021958,0.00019508065138852248,-3.9814024041771807
2024-01-29,-4.324712020254296,0.00017522774318098924,-4.104016113253998
2024-01-30,-4.282317797819038,0.0001907330797303224,-4.117511935491872
2024-01-31,-4.016054898638702,0.00032486209223365884,-4.106184068007893
2024-02-01,-4.211046634001358,0.00021995374845653514,-4.070034648904937
2024-02-02,-3.742072729684168,0.0005619231510253809,-4.144910955024498
2024-02-05,-3.8396983618529608,0.00046225368136955353,-3.977428338929122
2024-02-06,-3.393401564826189,0.0011285709082009153,-3.969444196821664
2024-02-07,-3.834155888818876,0.000467406243674555,-3.7755029627004264
2024-02-08,-4.347349792525899,0.00016747112911436157,-3.8824073087362043
2024-02-09,-4.285187944283168,0.00018964135239669524,-4.029380302699216
2024-02-12,-3.4279784672030718,0.0010531633449976452,-4.054052651718886
2024-02-13,-3.359886571537462,0.001206811956556273,-3.777803747951264
2024-02-14,-3.8425891257595923,0.0004595888596472557,-3.747472263879758
2024-02-15,-4.489517882224965,0.00012602430605100095,-3.867834851472497
2024-02-16,-4.321919423657249,0.00017620916213562462,-4.051210904702423
2024-02-20,-3.3049698055957037,0.0013469134854567195,-4.012796688955084
2024-02-21,-3.6047758594488304,0.0007394885799273846,-3.739692693227289
2024-02-22,-3.5551201033778286,0.0008166987919745043,-3.378292383024116
2024-02-23,-3.22395674383528,0.0015838233905505832,-3.814624423851309
2024-02-26,-3.994254568099354,0.0003393396155791609,-3.6451100893138526
2024-02-27,-3.9003616479262884,0.0004094387265208378,-3.849917883198707
2024-02-28,-4.111609583312748,0.0002683498102003896,-3.8574573722854377
2024-02-29,-4.223485976649614,0.00021454909743886134,-3.936377824404371
2024-03-01,-4.01904082588952,0.0003229278443576125,-3.9996570871018857
2024-03-04,-3.4486964721448996,0.0010104162096116526,-4.005994849894994
2024-03-05,-3.826510955029322,0.0004746077378959014,-3.8015586098192076
2024-03-06,-3.8621718468006168,0.00044193679069025473,-3.8936153061771197
2024-03-07,-4.037854185955869,0.0003110028841879709,-3.8910762567205617
2024-03-08,-2.7188451832758083,0.004349517469649872,-3.931850701475532
2024-03-11,-3.2813467184301004,0.001412077242820541,-3.4510811906083547
2024-03-12,-3.2795673103125083,0.0014171115189561166,-3.5806116574832427
2024-03-13,-3.7257152497971306,0.0005806104548302966,-3.5388848709166565
2024-03-14,-3.50007192456644,0.0009117508015586222,-3.6478388503777337
2024-03-15,-3.662731713185073,0.0006585544012025286,-3.5683220006592578
2024-03-18,-3.2259534905435987,0.0015775110148718006,-3.6831158743985157
2024-03-19,-3.2108287158152926,0.0016259590842181665,-3.55089749220191
2024-03-20,-4.083138590374687,0.00028407360502780577,-3.5261171177321655
2024-03-21,-4.1158781166015705,0.0002660686411053995,-3.7719645057808897
2024-03-22,-3.8444758283793314,0.00045785791247267873,-3.818053287153461
2024-03-25,-3.764730221462315,0.0005370279357516388,-3.756261539039488
2024-03-26,-3.9510842835550624,0.0003699404293258836,-3.774836598591676
2024-03-27,-3.6745435495739467,0.0006431792513147528,-3.8923253229954025
2024-03-28,-4.114974330247335,0.00026655001444723253,-3.7889830262394404
2024-04-01,-3.7487865863627436,0.0005544282403933383,-3.908983059866679
2024-04-02,-3.9955882580063764,0.0003384356740521061,-3.799881301800295
2024-04-03,-4.183182360483693,0.00023255943737903262,-3.8767500555643712
2024-04-04,-3.8598537444397,0.0004439904570563318,-3.939440926050983
2024-04-05,-3.960021405620438,0.0003633867691235309,-3.870995286354439
2024-04-08,-4.36113861878475,0.00016291577026307174,-3.891226122806257
2024-04-09,-3.347774603277743,0.001236402647321716,-4.037834275283728
2024-04-10,-3.8894175568461957,0.00041849939499271184,-3.703967352349406
2024-04-11,-3.8835403165843108,0.0004234476631671535,-3.8621524413743042
2024-04-12,-4.006155832480561,0.0003313578446281341,-3.8711966569586957
2024-04-15,-3.492825771938324,0.00092506038280283,-3.917433493415023
2024-04-16,-4.1912526630752165,0.00022883591808311405,-3.7310017558180064
2024-04-17,-3.711526266589598,0.0005973230114537202,-3.977388082805879
2024-04-18,-3.451283056231058,0.0010052026535633538,-3.8382917892226374
2024-04-19,-2.902620221549639,0.0030117305162030627,-3.744660879041601
2024-04-22,-3.4649617689250167,0.000978075651303455,-3.509976404326178
2024-04-23,-4.033854118363913,0.00031350092832612325,-3.6488669037237695
2024-04-24,-3.599296910409477,0.0007476363802703343,-3.7944675221354256
2024-04-25,-3.3818225164679894,0.001155011436950248,-3.6686954921866937
2024-04-26,-3.5333860649799416,0.0008529819852675749,-3.5992642870419957
2024-04-29,-3.8066245711369064,0.0004938646124160713,-3.6824641069679327
2024-04-30,-3.9404460131037746,0.0003778958134207349,-3.7760949523524476
2024-05-01,-3.2914187637759427,0.0013839168161208675,-3.80538016485858
2024-05-02,-3.7592628767912037,0.0005429323922644211,-3.602322692073379
2024-05-03,-4.102008240523192,0.00027355264152317723,-3.7466026910142856
2024-05-06,-4.136843551301503,0.000255142817080364,-3.8662779122203457
2024-05-07,-3.8468273513501123,0.0004557096413442534,-3.893457755846611
2024-05-08,-4.396636777471783,0.00015175039046555946,-3.808965260375289
2024-05-09,-3.9794854194347336,0.0003495126372470831,-4.027001635369564
2024-05-10,-4.088450913626083,0.000281071400316967,-3.9414704190404652
2024-05-13,-3.9402647017022767,0.0003780328719086027,-3.9711922040700465
2024-05-14,-4.044131285352325,0.00030712289817215677,-3.919901375489586
2024-05-15,-3.9033131008802733,0.00040702896753058926,-3.9603061362965786
2024-05-16,-4.401815687317483,0.0001501866994776203,-3.901990614344904
2024-05-17,-3.9981398294053094,0.0003367129877750843,-4.057141075357462
2024-05-20,-4.481804527329731,0.00012798351970233436,-3.947150308341246
2024-05-21,-4.440412830340096,0.0001390293271106972,-4.116602501412691
2024-05-22,-3.8903629668322424,0.00041770883561661337,-4.175968772592959
2024-05-23,-3.4781010561661074,0.000952707990251548,-3.5883029943654896
2024-05-24,-3.901191439920469,0.0004087597920962669,-3.8712611402929515
2024-05-28,-3.708907966301088,0.0006004591576861412,-3.9823293389039502
2024-05-29,-3.611962399111953,0.0007289358710372433,-3.8985366886325497
2024-05-30,-3.470965860596465,0.0009664009756690362,-3.8346405736043656
2024-05-31,-3.395856189525863,0.001123044049611418,-3.765585645702679
2024-06-03,-4.06863889932014,0.00029243217496559997,-3.729349296675672
2024-06-04,-4.187533970415497,0.00023054420369555883,-3.9286891520446803
2024-06-05,-3.8863627548498334,0.0004210640872164976,-3.9868183210317327
2024-06-06,-3.238951242381728,0.0015370312470084542,-3.91875790154944
2024-06-07,-3.869494715706357,0.00043551146697875923,-3.7095366059357215
2024-06-10,-3.3487391786469822,0.0012340197394748187,-3.9084693137826814
2024-06-11,-3.7392562862256877,0.0005650973320997475,-3.706073693600341
2024-06-12,-3.8184113874639762,0.00048235858176766134,-3.787073363720766
2024-06-13,-4.234180343876675,0.00021000889148185462,-3.8012071637773013
2024-06-14,-3.784582148025887,0.0005161235949580486,-3.972370612844079
2024-06-17,-3.9029833969800616,0.0004072974541181239,-3.8441451318881867
2024-06-18,-3.8375136305572175,0.0004642779006928135,-3.915798934361944
2024-06-20,-3.1756524693182753,0.0017444692250251667,-3.8986526055616295
2024-06-21,-3.3518617788248615,0.0012263370538845581,-3.654083652919357
2024-06-24,-3.629285888039757,0.0007041129487713114,-3.639651790644059
2024-06-25,-3.4049207472978003,0.0011028676965944783,-3.696781290784423
2024-06-26,-3.4701358695760574,0.0009680065161483754,-3.6037587486475577
2024-06-27,-3.922622813735751,0.0003916094062809092,-3.6026917356048545
2024-06-28,-3.592796581766877,0.0007574196009800694,-3.765038228946547
2024-07-01,-3.3627887955505664,0.0011998273697228228,-3.690986624621731
2024-07-02,-4.481901313035908,0.0001279587481492772,-3.6080295612585704
2024-07-03,-3.849715401969267,0.0004530850037041569,-3.964495278928061
2024-07-05,-4.142341917474274,0.0002523524503882995,-3.827073699067129
2024-07-08,-3.9036042603405843,0.00040679201585897153,-3.915449635150889
2024-07-09,-3.596216529874421,0.0007522566068190583,-3.869893080227297
2024-07-10,-4.2997742162528105,0.000184188948633153,-3.806143465223763
2024-07-11,-3.543513687064919,0.00083587842998691,-4.000484474019296
2024-07-12,-3.6804255288763694,0.0006356572482409362,-3.7725209874287957
2024-07-15,-3.8796433594593625,0.0004267608726065761,-3.7889012310800863
2024-07-16,-3.7850493398173373,0.0005156415627807193,-3.841974052740774
2024-07-17,-3.692504368677746,0.0006204852421812371,-3.8290939306835448
2024-07-18,-3.3711594218113397,0.0011799079599103769,-3.7690852319525483
2024-07-19,-3.834176108367295,0.0004673873425703788,-3.6642975885893962
2024-07-22,-4.005953863732928,0.00033149171952265446,-3.7937726100415725
2024-07-23,-4.212375387043849,0.0002193699960379539,-3.8464535930631603
2024-07-24,-3.5234058129150414,0.0008701789952333011,-3.935848430967808
2024-07-25,-2.726564246476401,0.00428288473486855,-3.7449433869904807
2024-07-26,-3.7666887906960325,0.0005349284376633338,-3.4421917551549024
2024-07-29,-3.5508472052131976,0.0008237080406614842,-3.7186955814291407
2024-07-30,-3.143527703744204,0.001860229507968119,-3.642442666399581
2024-07-31,-3.211552107579691,0.0016236083742908628,-3.473213280587205
2024-08-01,-2.6640967598820913,0.0048528286377470505,-3.4673132686928563
2024-08-02,-3.1017466923103534,0.002022353423432763,-3.298327854159132
2024-08-05,-2.5858207951390924,0.005675244741561801,-3.3666961547071113
2024-08-06,-3.024579461422156,0.0023598459845825238,-3.1495503648349343
2024-08-07,-3.1360781474421158,0.0018881527762962078,-3.245076790231371
2024-08-08,-2.943559449272789,0.0027749601325222826,-3.261150357541848
2024-08-09,-3.878170546247882,0.00042801980396967374,-3.2185797544196793
2024-08-12,-3.606427331228096,0.000737050120150064,-3.4823732602969613
2024-08-13,-3.877516187166271,0.0004285803279653116,-3.4805309665194475
2024-08-14,-3.5958982254502727,0.0007527356524973287,-3.60228577353467
2024-08-15,-3.628919093594196,0.0007046296677150907,-3.5568566148320646
2024-08-16,-4.048555675735861,0.00030441722359298367,-3.624082072652548
2024-08-19,-3.73775724743921,0.0005667940799575724,-3.7457674373879017
2024-08-20,-3.847023880854891,0.0004555305557618873,-3.676141306747119
2024-08-21,-4.2896631087004815,0.000187951573252044,-3.7030277738677433
2024-08-22,-3.5231010619660115,0.0008707095326479035,-3.860428474658965
2024-08-23,-4.057960068120337,0.0002987450164368332,-3.64302338665288
2024-08-26,-3.3521556498553875,0.0012256164957888565,-3.7891234193023653
2024-08-27,-3.685114170386907,0.0006297243709294174,-3.582734594480864
2024-08-28,-3.5194016588599677,0.0008771756349685577,-3.666561943706375
2024-08-29,-3.198492874877346,0.001666573178391206,-3.141906339796104
2024-08-30,-3.619405247629427,0.0007181655135200421,-3.502102494907644
2024-09-03,-3.3578432459041316,0.00121175386722211,-3.5984967533073764
2024-09-04,-2.823897407506935,0.00352528210894484,-3.5434827991244844
2024-09-05,-3.5226322497495466,0.0008715263140369538,-3.333933695813676
2024-09-06,-3.2751966004996915,0.0014295533859638569,-3.5377202267297845
2024-09-09,-4.0855606171714705,0.00028270086475851207,-3.481328911244371
2024-09-10,-3.529606888380018,0.0008594535507649109,-3.7239973681879235
2024-09-11,-3.087369055189799,0.0020813509302848657,-3.5962649109870473
2024-09-12,-3.504863247942644,0.0009030555440299887,-3.4943659608778987
2024-09-13,-4.265179434998608,0.00019738412197363483,-3.6003611081617457
2024-09-16,-3.7621509863953198,0.0005398053357279069,-3.8524449546928943
2024-09-17,-3.925485979363391,0.00038937332946637566,-3.7075762634958966
2024-09-18,-3.738234542412666,0.0005662532821879991,-3.7748130020757285
2024-09-19,-4.260027691345743,0.0001994283801778164,-3.778989260140977
2024-09-20,-3.980045211696712,0.0003491215472774839,-3.9683064246007174
2024-09-23,-4.350520534468509,0.0001664124739180413,-3.880570059395405
2024-09-24,-3.4810415949149447,0.0009471214841675669,-4.011725951841731
2024-09-25,-4.042731153651223,0.0003079841284569341,-3.7461911385603726
2024-09-26,-3.495224546645671,0.0009206329887176259,-3.9124942001455127
2024-09-27,-3.7097241697860004,0.0005994797635744134,-3.7205353364705362
2024-09-30,-4.483818756100887,0.00012746898062236501,-3.759937791235923
2024-10-01,-3.48355169173451,0.0009423786658113784,-3.9749461183500117
2024-10-02,-3.808761961611385,0.0004917579553363698,-3.7180461465273194
2024-10-03,-3.860955007200051,0.0004430136328786981,-3.792118009365354
2024-10-04,-3.9959759333742926,0.0003381733694053892,-3.837866288827303
2024-10-07,-3.5584976919471063,0.0008112004390484442,-3.9127681149445226
2024-10-08,-4.019388161821436,0.0003227035933695333,-3.7496881696559448
2024-10-09,-4.183005243058726,0.00023264183262920632,-3.9161069732221225
2024-10-10,-4.1092026436396445,0.00026964472809789234,-3.979782913679836
2024-10-11,-4.555362048049298,0.00011047469186895926,-3.983264405348206
2024-10-14,-4.180803043811915,0.00023366873976044585,-4.146565558849364
2024-10-15,-3.140851363085702,0.0018702134202134583,-4.111829750121947
2024-10-16,-3.675366623122411,0.000642121354623071,-3.733129342917683
2024-10-17,-4.053534224192498,0.0003014011523710093,-3.837785255748294
2024-10-18,-4.862642159513772,5.975340872270498e-05,-3.9331600136143137
2024-10-21,-4.219974328564857,0.00021606124320108918,-4.158569659379317
2024-10-22,-4.365560664847544,0.00016148128091037278,-3.9949230983583313
2024-10-23,-3.7887343340990984,0.000511855260002519,-4.142293552236765
2024-10-24,-4.234001360055491,0.00021008408132657742,-3.9992562624649763
2024-10-25,-4.116016774316751,0.0002659948663955911,-4.136243803577168
2024-10-28,-4.514410610077532,0.0001199037500241535,-4.0704374897232345
2024-10-29,-4.112840778034607,0.00026768984134417016,-4.200779326927213
2024-10-30,-4.02066613029799,0.00032187983651408756,-4.08840675919649
2024-10-31,-3.998387458774098,0.0003365462690137024,-4.078985000404454
2024-11-01,-4.277018717422152,0.00019276524918608012,-4.065893274994124
2024-11-04,-4.095474908300382,0.00027715051702316873,-4.152975317886552
2024-11-05,-4.5218376021929645,0.00011813586419174439,-4.086589017298904
2024-11-06,-3.9605018183707417,0.0003630377855321886,-4.223200010619122
2024-11-07,-4.820045502402167,6.506713305638348e-05,-4.081738700308055
2024-11-08,-4.130612114489315,0.0002583425271411999,-4.356661354946151
2024-11-11,-3.860970080517045,0.00044300027771016333,-4.168810647933832
2024-11-12,-4.122233794230464,0.0002627079527880495,-4.076383909487854
2024-11-13,-4.469804285347388,0.00013109234352471418,-4.116717768495834
2024-11-14,-4.126267900154932,0.0002605968970448045,-4.240322429831612
2024-11-15,-3.8030362513205307,0.000497421649285802,-4.140715224690513
2024-11-18,-3.810314997307166,0.0004902328897271675,-4.036465017120048
2024-11-19,-4.0449151897242945,0.0003066417654675222,-4.0299768058606045
2024-11-20,-3.7883157602456596,0.0005122839378679944,-4.073462755836854
2024-11-21,-2.8531107219262286,0.003325213342241746,-3.528031369022218
2024-11-22,-3.7187204513324117,0.0005887900422307645,-3.6090333772976395
2024-11-25,-4.067764639729167,0.0002929439455228769,-3.82491443677867
2024-11-26,-3.9990031024838184,0.00033613213883556593,-3.923255633112382
2024-11-27,-3.5594009554897386,0.0008097363063795739,-3.901645242552782
2024-11-29,-4.161123734724859,0.00024304900471790026,-3.76303138484598
2024-12-02,-4.317260470835193,0.0001778587358329536,-4.02588153955246
2024-12-03,-4.639754914009386,9.331685356321959e-05,-4.1039617039404686
2024-12-04,-3.7486128073247995,0.000554620969896195,-4.218821925274372
2024-12-05,-4.373456882153092,0.0001589511295506017,-3.9638895257313185
2024-12-06,-3.937033792514048,0.00038048356109402225,-4.1876967449893066
2024-12-09,-4.242202882566612,0.0002066661713823317,-4.052844608814208
2024-12-10,-3.2930704982895507,0.0013793526327524736,-4.130952017395824
2024-12-11,-3.7330072298233037,0.0005722043016450573,-3.774342046477168
2024-12-12,-4.300376029107424,0.00018396738744434226,-3.8795432633998157
2024-12-13,-3.5115003747368334,0.0008911473666741293,-4.025255665205677
2024-12-16,-3.9814151664722,0.00034816629506557436,-3.7857691222704832
2024-12-17,-3.6839070169586883,0.0006312465555668354,-3.8889259155191973
2024-12-18,-3.260453592703087,0.0014723328174715278,-3.8397484060933977
2024-12-19,-3.751234725174215,0.000551720240775364,-3.6824789727182137
2024-12-20,-3.5020123639670313,0.0009082192643672397,-3.781623208638803
2024-12-23,-3.987382870882255,0.00034403548846671274,-3.709441965919702
2024-12-24,-4.113255881604841,0.0002674676955527258,-3.8349179309534813
2024-12-26,-4.147341152170856,0.0002498418839625342,-3.9122683268364216
2024-12-27,-3.8557408017479577,0.000447657734289639,-3.988130930032611
2024-12-30,-3.5113957966180913,0.0008913337751979602,-3.917762744941131
2024-12-31,-4.271416261543865,0.00019493731295921953,-3.8230116779677528
2025-01-02,-3.946429415446605,0.0003734005585931671,-4.039647104338486
2025-01-03,-4.090097553489723,0.0002801472761073784,-3.9441174728119366
2025-01-06,-3.9040780426153865,0.00040640673673293025,-3.974866705926553
2025-01-07,-3.4435947509154166,0.0010207787099506267,-3.9241838937423554
2025-01-08,-3.4994563579948523,0.0009128739794376277,-3.795176593666929
2025-01-10,-3.5556418875310367,0.0008158469555513643,-3.751810698896756
2025-01-13,-4.202033368402606,0.00022395470490428474,-3.7356172635896416
2025-01-14,-3.6093185557784837,0.0007328004638972714,-3.9033197871420535
2025-01-15,-3.708683913032206,0.0006007282876553065,-3.7416032710904714
2025-01-16,-4.232651076777526,0.0002106521941384981,-3.784568706543186
2025-01-17,-4.19985351941154,0.00022493321122549298,-3.959225069503828
2025-01-21,-3.778211670460646,0.0005227415726762535,-4.00151531068604
2025-01-22,-4.065567477398173,0.00029423406886163757,-3.866695685866668
2025-01-23,-4.244004794640575,0.00020592272327609381,-3.9759961456430584
2025-01-24,-3.7215753202301083,0.0005854377848357327,-4.07226010598105
2025-01-27,-2.8274094412724042,0.0035006070504350955,-3.9043213490551305
2025-01-28,-2.742550398683349,0.0041481169389456785,-3.53635292536133
2025-01-29,-3.3069003437242688,0.0013417229767009754,-3.4044218973184965
2025-01-30,-3.234228797209804,0.0015516171111063402,-3.503475577171432
2025-01-31,-3.082432316235583,0.002102002888268142,-3.4348248596013513
2025-02-03,-3.4304190586853864,0.0010480351879374411,-3.354447607290825
2025-02-04,-3.6799505189536506,0.0006362614221848391,-3.4780156736856984
2025-02-05,-3.9704327940114803,0.00035589828364975527,-3.5985575190333194
2025-02-06,-3.9708602883860373,0.00035559412466618865,-3.7053646831002567
2025-02-07,-3.52019281568883,0.0008757887655017341,-3.7474925050523065
2025-02-10,-3.848036037378098,0.0004546093520317619,-3.667565513297655
2025-02-11,-3.995283975559178,0.0003386416968050947,-3.7849196015589732
2025-02-12,-4.119656780693155,0.0002640654519781774,-3.8479275481508237
2025-02-13,-3.809233678553083,0.0004912942329989539,-3.893584815650045
2025-02-14,-4.1310285676773555,0.00025812744158862957,-3.799778373727079
2025-02-18,-3.6332351831730882,0.0006985733553769388,-3.9303323095664533
2025-02-19,-3.8641302315856456,0.00044020921158979294,-3.7838382912372284
2025-02-20,-3.9259070182831275,0.00038904558482696596,-3.832054802396723
2025-02-21,-3.5593755941103145,0.0008097773794806347,-3.8349403575286205
2025-02-24,-3.3832441957269066,0.0011517319898741306,-3.7190084209680445
2025-02-25,-3.590886041727104,0.0007603192983891133,-3.618589960892783
2025-02-26,-3.5903077853725813,0.0007611991259884671,-3.652423477955748
2025-02-27,-3.1916915801101893,0.0016893977741333397,-3.187549807368255
2025-02-28,-3.305705508292642,0.0013449330870308994,-3.5356583044131025
2025-03-03,-3.0497924906395504,0.002243798744760985,-3.561627497269733
2025-03-04,-3.0242226289053113,0.002361530725245358,-3.4651033383443153
2025-03-05,-3.7784987330306468,0.0005224415397341246,-3.4185879954649963
2025-03-06,-3.5876979505429794,0.0007651827214527904,-3.631290520544088
2025-03-07,-3.295961962398424,0.0013713989554285527,-3.605767151948154
2025-03-10,-3.268034946824658,0.0014501766626665812,-3.5231548407388797
2025-03-11,-3.0445007892448297,0.002267671877311821,-3.5223216686561587
2025-03-12,-3.806176010958219,0.0004943078672103784,-3.4523042982810375
2025-03-13,-3.7732106534642256,0.0005279962867630656,-3.6528401926288785
2025-03-14,-4.183496885078451,0.00023241319205600828,-3.6480549211146167
2025-03-17,-3.7593841643988366,0.000542800706295015,-3.799184478873307
2025-03-18,-3.7539642991721256,0.000548716524653903,-3.7191792523440124
2025-03-19,-3.556401373498736,0.0008146086476378784,-3.7809869203137096
2025-03-20,-3.9282377347616593,0.00038723629513352017,-3.7055235017021553
2025-03-21,-4.196871789798187,0.00022627859885435391,-3.813623932167069
2025-03-24,-4.205987482192149,0.00022219060477703538,-3.885885168641684
2025-03-25,-4.273354546948839,0.0001941830875107398,-3.9149165305812663
2025-03-26,-3.6350572507523284,0.0006960322924522541,-3.9694350336610533
2025-03-27,-3.7377325800168766,0.000566822043345244,-3.814386711808864
2025-03-28,-3.819014959314499,0.0004817766569481402,-3.827959697720915
2025-03-31,-3.116353206346669,0.0019641289533174726,-3.828676675658393
2025-04-01,-3.793523551075091,0.0005069758938501162,-3.5635349628836255
2025-04-02,-3.561334277105232,0.0008066113903327325,-3.725072328752621
2025-04-03,-3.669755957515327,0.0006493673900709983,-3.669041309221844
2025-04-04,-2.974425602439351,0.0026088358154448227,-3.70458292737267
2025-04-07,-2.397232322940821,0.008275427926518565,-3.450635848609213
2025-04-08,-2.7243185565493837,0.00430216406006095,-3.1946091797510245
2025-04-09,-2.59360145957195,0.00558761398559579,-3.209337667826499
2025-04-10,-2.5477107278643674,0.006124724790471562,-3.1085131902703895
2025-04-11,-3.799228701893193,0.0005012240236711112,-3.0343450332447692
2025-04-14,-3.6049099188020124,0.0007392903357836325,-3.3810465055289245
2025-04-15,-3.9922427158090485,0.00034070776862069106,-3.3951582564574765
2025-04-16,-3.1401464419600558,0.0018728519856556834,-3.5579126433553534
2025-04-17,-3.6968188369220116,0.0006151541483481843,-3.3723723334426556
2025-04-21,-3.5152640797609855,0.0008844645188548291,-3.6244969427744773
2025-04-22,-4.009539529273547,0.000329122986287993,-3.559065937916738
2025-04-23,-4.160160726168021,0.00024351757235024045,-3.7115234634325565
2025-04-24,-4.188249378377976,0.00023021457325398266,-3.7580414923302254
2025-04-25,-3.427094957581028,0.0010550259500402574,-3.8413133137590623
2025-04-28,-3.579007341577694,0.0007785987850988364,-3.6094527639114733
2025-04-29,-4.124160501904849,0.0002616975778778639,-3.6544558590642136
2025-04-30,-3.963511085868616,0.0003608593918600751,-3.807778160306722
2025-05-01,-3.851280630036552,0.00045166885872119405,-3.756231359773402
2025-05-02,-4.387781661554081,0.00015446186460835239,-3.7180027074224786
2025-05-05,-4.468365725098322,0.0001314700550937135,-3.9239172595339746
2025-05-06,-3.8264443174283485,0.00047467099555325995,-4.010693020997227
2025-05-07,-3.681799940400283,0.0006339123382695424,-3.820082111210126
2025-05-08,-4.109128241323887,0.0002696848554677921,-3.76996502747888
2025-05-09,-4.022128409763315,0.0003209398551490367,-3.9326518232256347
2025-05-12,-4.2048137369077105,0.0002227128078197925,-3.912760375522375
2025-05-13,-3.5582053085670617,0.0008116749408238807,-3.980756044071709
2025-05-14,-4.05888148644067,0.00029819498513890264,-3.818165571985393
2025-05-15,-3.9645082533315374,0.0003601404345307229,-3.980411492623742
2025-05-16,-4.221516454087731,0.0002153958826826802,-3.9513556119018887
2025-05-19,-4.518321774222135,0.00011896948236641205,-4.032963089815456
2025-05-20,-4.569264440060606,0.00010744527818712686,-4.146077576766499
2025-05-21,-3.3394882181605237,0.0012570639993367818,-4.240554089967982
2025-05-22,-4.262445280485434,0.00019846643586591336,-3.8359873746484405
2025-05-23,-4.017654814843527,0.00032382424932947586,-4.103075367736114
2025-05-27,-4.5398784608699,0.0001139493026888438,-4.023723141752331
2025-05-28,-4.465594154750993,0.00013220083564475084,-4.151481180225076
2025-05-29,-3.706016081507718,0.0006039421377682019,-3.6966026447981952
2025-05-30,-3.482898449384309,0.0009436106737447605,-4.022724109816077
2025-06-02,-4.498967787809574,0.00012366483745304577,-3.8910884560272128
2025-06-03,-4.053711023358927,0.00030129459626615035,-4.191350505052915
2025-06-04,-4.251155584069277,0.00020299866239354523,-4.051027165997649
2025-06-05,-3.7295348556151606,0.0005761919471332,-4.09273096680545
2025-06-06,-4.824764051173995,6.445597648267768e-05,-3.9457970585148376
2025-06-09,-4.20745860871682,0.00022153782458576756,-4.332108646738922
2025-06-10,-4.382273834881046,0.0001561727690283465,-4.157903576227057
2025-06-11,-4.318677253875662,0.00017735547470046413,-4.227180499898656
2025-06-12,-4.7912574856333165,6.892338922694496e-05,-4.216864097515243
2025-06-13,-4.313246271062033,0.00017929240415748065,-4.42620268396553
2025-06-16,-4.31499772463493,0.0001786654582215411,-4.281846628871978
2025-06-17,-4.981450446529389,4.711585953841221e-05,-4.29245221119052
2025-06-18,-4.541038615171179,0.00011368521164640353,-4.508475286736163
2025-06-20,-4.137395299588842,0.00025486142314283923,-4.4106310626374
2025-06-23,-4.468478544036552,0.00013144039381614384,-4.255225673040561
2025-06-24,-5.0353751555667134,4.229886471617057e-05,-4.351261406455901
2025-06-25,-4.375835646832931,0.00015819671089243283,-4.5650076465623
2025-06-26,-4.442156936741349,0.0001385452080779313,-4.357540304043669
2025-06-27,-4.2696719936993475,0.00019561854629512767,-4.373602442433194
2025-06-30,-4.420402572873509,0.00014470619019290264,-4.335350724659044
2025-07-01,-3.7616604670392064,0.0005403351655085916,-4.370534502174305
2025-07-02,-4.396470276248974,0.00015180093213149008,-4.113856129484677
2025-07-03,-4.288358108374871,0.00018844276771071958,-4.298777330462071
2025-07-07,-4.733335949350021,7.738853625797907e-05,-4.25838299335631
2025-07-08,-4.8674670481137605,5.917957477930196e-05,-4.406229106680197
2025-07-09,-4.370191539832661,0.0001599925862621861,-4.467865505702397
2025-07-10,-4.38159066153069,0.00015638630102219678,-4.404174965047231
2025-07-11,-4.0002478931581935,0.0003352963513441658,-4.4005535313705515
2025-07-14,-4.257427081552101,0.000200468353194566,-4.270780531129249
2025-07-15,-4.33301238169701,0.00017234284790043316,-4.309297952225703
2025-07-16,-4.4414807457432355,0.00013873270087536523,-4.305384306606259
2025-07-17,-4.328557869376784,0.00017388511442332436,-4.334359078699732
2025-07-18,-4.472967255326735,0.0001302656787032999,-4.301686295249263
2025-07-21,-4.776153563838364,7.103718201301485e-05,-4.374866800493185
2025-07-22,-3.7338685333689607,0.0005712194669425154,-4.483497382603446
2025-07-23,-4.347912209013104,0.00016728285797271681,-4.140977084427748
2025-07-24,-4.68240012304387,8.568778744382816e-05,-4.300117827911253
2025-07-25,-4.940905938768409,5.109561495058761e-05,-4.408983844004374
2025-07-28,-4.899813043699016,5.54723373608488e-05,-4.49795139298547
2025-07-29,-4.191997583798033,0.000228495242687281,-4.4973751564599205
2025-07-30,-4.433273694169396,0.0001410286652873014,-4.358223009764984
2025-07-31,-3.7604424574627435,0.0005416530368489751,-4.4304433540846055
2025-08-01,-3.7739023827780045,0.000527266330793192,-4.163723349788908
2025-08-04,-4.197708797827695,0.00022590012172284265,-4.097054714648488
2025-08-05,-4.094964610733901,0.00027743351988304644,-4.176970738974413
2025-08-06,-4.638793095237178,9.349653413099661e-05,-4.141544381103097
2025-08-07,-3.931260555301327,0.00038490226594065156,-4.291853964407862
2025-08-08,-4.549573610655102,0.00011176107532696461,-4.108400689413756
2025-08-11,-4.27264689142123,0.00019445811155760888,-4.3245580617257
2025-08-12,-3.9375304155892783,0.00038010583488025954,-4.255278794654439
2025-08-13,-4.037742080792837,0.00031107262206372504,-4.153225211997498
2025-08-14,-4.466025347670658,0.00013208687666151263,-4.143472225199803
2025-08-15,-4.243919466336527,0.0002059578683483623,-4.291161504294752
2025-08-18,-4.858784929362075,6.0216156652603e-05,-4.214209671561998
2025-08-19,-4.231087951620638,0.00021131177609847699,-4.407601938660444
2025-08-20,-3.5225463245542006,0.0008716760990444569,-4.262616474502893
2025-08-21,-4.3858777823301764,0.00015505113927398017,-4.004500114139447
2025-08-22,-3.7722065924248818,0.0005290576330637878,-4.237637492152903
2025-08-25,-3.8897943467268896,0.0004181841411178813,-4.033998957344071
2025-08-26,-4.364040658261845,0.00016197293306714948,-4.01214435485295
2025-08-27,-4.327901887498921,0.00017411339510635501,-4.129619083631695
2025-08-28,-3.457408706783232,0.000992962743689095,-3.7190618278017094
2025-08-29,-4.227359720137077,0.00021289330350415418,-3.9000462468229284
2025-09-02,-3.8490228736838237,0.00045371298686141447,-4.127517245813812
2025-09-03,-4.230849602626038,0.00021141253201040002,-4.025678060770419
2025-09-04,-4.672469206566379,8.74067180118375e-05,-4.125703025494856
2025-09-05,-3.8764765724719195,0.000429472371839183,-4.258719525326188
2025-09-08,-4.211322348226706,0.00021983249313668784,-4.085246918293858
2025-09-09,-4.094007453813179,0.00027796512337585806,-4.167567203205673
2025-09-10,-4.197402886080697,0.0002260383750136024,-4.1569536591403216
2025-09-11,-4.4008573551015004,0.00015047483302211393,-4.177786409312036
2025-09-12,-4.7604090678766,7.330966255305634e-05,-4.2198658008341745
2025-09-15,-4.1506189754959175,0.00024820936580562396,-4.375774798431445
2025-09-16,-4.59942777937415,0.00010115510168981692,-4.213361423599206
2025-09-17,-4.022485567310188,0.0003207106848259743,-4.3628535450228085
2025-09-18,-4.221476386925255,0.00021541314397793823,-4.19438172142579
2025-09-19,-4.494741735863715,0.0001247144951661873,-4.227918193182214
2025-09-22,-3.6522565750888365,0.0006724968367763229,-4.288522440280002
2025-09-23,-3.8523433711877657,0.0004507098640795292,-4.027694770621926
2025-09-24,-4.236629063957993,0.00020898289991903664,-4.029861845514788
2025-09-25,-3.6423326811156245,0.0006859777520136733,-4.148050189808922
2025-09-26,-3.9477261125969325,0.00037243343831680275,-3.948388149784305
2025-09-29,-4.310350032860241,0.00018033396487356993,-3.9964480283641306
2025-09-30,-4.096782423090039,0.000276426707027979,-4.129279855270412
2025-10-01,-4.221878508991321,0.00021523996886777758,-4.100579426165428
2025-10-02,-4.518301419527091,0.00011897432564006066,-4.131325954020599
2025-10-03,-4.016544324869492,0.00032454425575788824,-4.27535418921472
2025-10-06,-4.207470381739864,0.00022153260830735098,-4.146501847611453
2025-10-07,-3.9757869506939056,0.000352107545730136,-4.184387277671137
2025-10-08,-4.846313190279727,6.173704632599891e-05,-4.115797934173569
2025-10-09,-4.168101673611487,0.00023968060169641034,-4.376459415063385
2025-10-10,-3.2795904068936994,0.0014170460596055058,-4.180862239955568
2025-10-13,-4.162806127803452,0.0002422325711238258,-3.8569753560222475
2025-10-14,-4.471339075711842,0.00013069056195927494,-4.080954019142599
2025-10-15,-3.7183049990378376,0.0005892794738862445,-4.183243271689854
2025-10-16,-4.29785241081195,0.00018489826156862756,-3.9290337682100867
2025-10-17,-4.317547005940781,0.00017775683948931874,-4.080401910254997
2025-10-20,-4.32222494287532,0.0001761015244534887,-4.1756396759372425
2025-10-21,-4.580716226061684,0.00010501236507476992,-4.187378823624982
2025-10-22,-3.647250865758967,0.000679263298581696,-4.259192487601899
2025-10-23,-4.497959010477124,0.0001239145898826044,-4.012570467714713
2025-10-24,-4.3608722835904485,0.00016300257378650825,-4.24855518591507
2025-10-27,-4.395012700579264,0.00015224410045964985,-4.217191804974062
2025-10-28,-3.460896677146376,0.0009860599990073463,-4.241155071141483
2025-10-29,-3.6898178243312025,0.0006238281372135116,-3.9101782830943503
2025-10-30,-4.201319827038842,0.00022427453495309202,-3.963340898111359
2025-10-31,-4.109969325040336,0.0002692315817348194,-4.082385653718029
2025-11-03,-3.94889843786466,0.00037156123496183337,-4.0457024768322105
2025-11-04,-4.1014018011287865,0.00027388462900929567,-3.976519892089875
2025-11-05,-3.6047847783649285,0.0007394753891718321,-4.064471199526485
2025-11-06,-3.460247954557427,0.0009873401881061766,-3.9204937915974134
2025-11-07,-3.3641773804616557,0.0011964998680171247,-3.8227666859959073
2025-11-10,-4.00272861864889,0.0003336369149429677,-3.7309441977536975
2025-11-11,-4.294799988701616,0.0001860304891723223,-3.8949236616633516
2025-11-12,-4.117847061791223,0.00026502295221874847,-3.992190013454898
2025-11-13,-3.6862382730065835,0.0006283102115552494,-3.975577737697772
2025-11-14,-3.4624539695515923,0.0009829936092565605,-3.874217608946803
2025-11-17,-4.039591090232894,0.00030992439402725976,-3.8219526071589214
2025-11-18,-3.9759054886563066,0.0003520240794024215,-3.968289601704544
2025-11-19,-4.00105922800594,0.0003347527173043563,-3.931995887553943
2025-11-20,-3.388090243999815,0.0011406232128630639,-3.4613648107422885
2025-11-21,-3.094507764408316,0.002051845742300926,-3.7649290337728427
2025-11-24,-3.668970140972968,0.0006503887597443221,-3.6423456029466403
2025-11-25,-3.3964797692067292,0.0011216443077433262,-3.7611695346613563
2025-11-26,-4.035758632079414,0.0003123090660495667,-3.6474713633501405
2025-11-28,-4.757524543337479,7.373381188702132e-05,-3.8078997490733464
2025-12-01,-3.9475328870124167,0.0003725773934684534,-4.0601736197570135
2025-12-02,-3.822726767020394,0.0004782133749146668,-3.926978066235863
2025-12-03,-4.421774976857152,0.00014430954409685458,-3.9015965949937117
2025-12-04,-4.095469390297894,0.00027715357567453135,-4.132420460431931
2025-12-05,-4.2969263639263335,0.0001852410278068166,-4.053988402854284
2025-12-08,-3.963730042231711,0.0003607014015355262,-4.086315376341833
2025-12-09,-4.712561752688694,8.067163710438913e-05,-4.006469244896971
2025-12-10,-4.372866617401555,0.00015913888685329514,-4.263920600492647
2025-12-11,-3.9934765707478332,0.0003398680372275628,-4.1876520502165535
2025-12-12,-3.708454141457022,0.000601004411665721,-4.083185751090802
2025-12-15,-4.400886614087068,0.00015046602779781302,-3.957530022633937
2025-12-16,-4.310918109831073,0.0001801291940761646,-4.163422320233302
2025-12-17,-4.204396092179501,0.00022289891519591736,-4.128943960427662
2025-12-18,-4.043057328158798,0.00030778328083255123,-4.102616689943183
2025-12-19,-4.304204096475539,0.00018256428635819925,-4.063754082081305
2025-12-22,-4.970357382046182,4.817286009338415e-05,-4.178932580741954
2025-12-23,-4.362456430676747,0.00016248695093562114,-4.381300829877448
2025-12-24,-4.773211205626696,7.145644810577788e-05,-4.242976983769506
2025-12-26,-4.056513697289832,0.00029961045974034997,-4.409251173130753
2025-12-29,-4.544577005920651,0.00011288352626580883,-4.232625732706092
2025-12-30,-4.906838338864217,5.469836836752764e-05,-4.392707996936029
2025-12-31,-4.473698363303127,0.00013007534134087652,-4.491433504082991
2026-01-02,-4.0734205637598135,0.00028964887989723395,-4.384487190596488
2026-01-05,-3.681605065232448,0.0006341594539697532,-4.236929964472038
2026-01-06,-4.086617986012084,0.0002821036582773813,-4.096228355884868
2026-01-07,-4.022283267709029,0.00032084047036702194,-4.169295788278157
2026-01-08,-4.044636735837015,0.0003068125842114438,-4.111164773841571
2026-01-09,-4.587491780604493,0.00010359892949946904,-4.09202359009708
2026-01-12,-4.230199396754346,0.00021168763418400542,-4.26317217161211
2026-01-13,-4.032859418818398,0.0003141252275722492,-4.207658930993656
2026-01-14,-4.297872567468644,0.00018489080785730644,-4.149302596503386
2026-01-15,-4.378693432125921,0.00015729510547401215,-4.239548612860695
2026-01-16,-4.313787409793817,0.00017909846499599428,-4.2934440797840345
2026-01-20,-4.321795847043887,0.0001762527181809114,-4.2608207766173525
2026-01-21,-3.7789918838853485,0.0005219265087801284,-4.268525039731452
2026-01-22,-4.761334741413208,7.317406648027598e-05,-4.09950376560772
2026-01-23,-4.563119524353399,0.00010877391015074323,-4.381161788227471
2026-01-26,-4.458881326841046,0.00013398768654617559,-4.3428395650654785
2026-01-27,-4.159000780853955,0.000244083162283853,-4.320228047820257
2026-01-28,-4.682878011611289,8.560592814171052e-05,-4.229420660662905
2026-01-29,-3.597557232389807,0.0007502422040908582,-4.433265986475027
2026-01-30,-3.9905759806110273,0.0003418454029628387,-4.051826444047995
2026-02-02,-3.925517783959085,0.00038934856253145097,-4.1120891726552955
2026-02-03,-3.3907142918839335,0.001134652793376461,-4.054278718520919
2026-02-04,-3.7014590129866876,0.0006094717095374877,-3.8404986857722787
2026-02-05,-3.870415179145823,0.00043471045973721405,-3.870983876675654
2026-02-06,-3.265589000919367,0.0014572881501383934,-3.9347916080718046
2026-02-09,-3.4771509966544834,0.0009545199697706309,-3.7136671290142713
2026-02-10,-4.322124817611165,0.0001761367924078922,-3.7329850666913367
2026-02-11,-4.221376167096144,0.0002154563256424084,-3.9998040506197383
2026-02-12,-4.054325812162586,0.00030092435884184485,-3.996848483976546
2026-02-13,-4.113973958667064,0.00026708384641783636,-3.960482120498845
2026-02-17,-3.5483455087423996,0.0008278397032043556,-4.044490122082843
2026-02-18,-4.320206584699202,0.00017681383308359148,-3.8965407372944174
2026-02-19,-4.595731381859046,0.00010190569168333361,-4.092954170168408
2026-02-20,-4.379442903159601,0.00015705950584263902,-4.182043357838889
2026-02-23,-4.128495819656637,0.00025943830239933286,-4.1455051479285085
2026-02-24,-3.762600527471372,0.0005393202244950474,-4.086632575356347
2026-02-25,-4.311314500432054,0.0001799864476280032,-4.009652134064366
2026-02-26,-3.862719317688421,0.0004414531604577409,-3.67559796782349
2026-02-27,-3.911519064902334,0.0004004033556537652,-4.015293030798015
2026-03-02,-3.762991591642889,0.0005388985717762641,-3.9972340849403682
2026-03-03,-4.215035199410481,0.00021820612839547522,-3.9259206694648694
2026-03-04,-4.157936112510791,0.000244603451254429,-4.076668631611967
2026-03-05,-3.77279407277034,0.000528436376189384,-4.055303690751716
2026-03-06,-3.803881711461818,0.000496581259646214,-3.94712582900622
2026-03-09,-3.8689786559161465,0.00043596119893998337,-3.9540673015177465
2026-03-10,-4.200217472833612,0.00022476954037735844,-3.9799499552732063
2026-03-11,-4.41930736953715,0.0001450235029926525,-4.066863351564399
2026-03-12,-4.4302708157697355,0.00014187819764161793,-4.152318612981107
2026-03-13,-4.036292345137093,0.0003119758770553555,-4.208850117939857
2026-03-16,-3.557124562664593,0.0008134312670152765,-4.122482133838051
2026-03-17,-4.641414856483164,9.300756602930729e-05,-3.9578552308266626
2026-03-18,-4.658504713316497,8.988230850883768e-05,-4.261048053987233
2026-03-19,-4.101633237129837,0.0002737578848181529,-4.280044248357452
2026-03-20,-3.9851242574376617,0.0003455930901976446,-4.127082701208181
2026-03-23,-4.321189085352905,0.00017646673480638437,-4.088614629594504
2026-03-24,-4.716101012262014,8.010261765998274e-05,-4.2365730078285875
2026-03-25,-4.113296894509872,0.00026744575719810093,-4.342808561103694
2026-03-26,-4.31576966107709,0.00017838983428413656,-4.1558875446649415
2026-03-27,-4.2811955856759765,0.00019116164644950614,-4.2286179665885335
2026-03-30,-4.053597388902273,0.0003013630789433265,-4.240928475940587
2026-03-31,-4.101385709215324,0.00027389344380663943,-4.165274210440394
2026-04-01,-4.557744471355333,0.00010994954901382443,-4.146183894644935
2026-04-02,-4.104211459750478,0.00027234990049248864,-4.297746642268329
2026-04-06,-4.83532363515943,6.310899353285478e-05,-4.165408644005277
2026-04-07,-4.112196949557563,0.0002680347560481666,-4.384427829372889
2026-04-08,-4.054373385411193,0.0003008957283052437,-4.208538420394387
2026-04-09,-4.471945454321046,0.00013053216210657758,-4.1930450723448836
2026-04-10,-4.134134125509687,0.00025652915091504833,-4.303733777672072
2026-04-13,-4.604719750477991,0.00010009012769263785,-4.218278797679963
2026-04-14,-4.565416647111828,0.00010827532229616784,-4.330944530385301
2026-04-15,-4.20387704146523,0.00022313042702379183,-4.350060560662767
2026-04-16,-4.258131274686129,0.00020018621504513115,-4.27463002787024
2026-04-17,-5.026022936797303,4.30974867941812e-05,-4.287684566948977
2026-04-20,-4.276387985426566,0.00019300856904403118,-4.534777290587977
2026-04-21,-4.49017177050564,0.00012585960213881936,-4.3191714615168735
2026-04-22,-4.472643035044888,0.00013035017564608998,-4.373552448027157
2026-04-23,-3.8341714172468557,0.00046739172773158127,-4.39527007166412
2026-04-24,-3.5462582227791426,0.0008313028030393809,-4.185685705161619
2026-04-27,-3.7255488500353917,0.0005808037138694649,-3.99783185238663
2026-04-28,-3.96509884200482,0.00035971529593933855,-3.9996935999876038
2026-04-29,-4.269103246089161,0.0001958411880595201,-4.02992783074931
2026-04-30,-3.692694169034211,0.0006202497502402252,-4.098274014494228
2026-05-01,-3.9723563996870332,0.0003545316981901781,-3.9361465682251224
2026-05-04,-3.699673025149414,0.0006116526204197354,-4.035207003397362
2026-05-05,-4.407706701032529,0.00014842757901698333,-3.9521707773320465
2026-05-06,-3.7604817678814944,0.0005416104533075812,-4.156566137232006
2026-05-07,-3.7240073735814074,0.0005825970673598514,-3.9501002046993214
2026-05-08,-4.210307718930223,0.00022027904304177762,-3.9368926939007425
2026-05-11,-3.7966126480061035,0.0005038533542543115,-4.074041900706799
2026-05-12,-3.5840648920228744,0.0007707628771451787,-3.9684093432610132
2026-05-13,-3.9334965468895486,0.00038318483251168324,-3.85719549056449
2026-05-14,-4.176137935449369,0.00023585912222593282,-3.9489769218727258
2026-05-15,-3.963967808992767,0.0003605299167042475,-4.031076430259961
2026-05-18,-3.498089784286021,0.0009153724113332285,-3.9611859161646388
2026-05-19,-3.871967787060749,0.000433362683587133,-3.808994778610468
2026-05-20,-4.028019500713226,0.0003171806725705529,-3.9284882258051903
2026-05-21,-3.5389741902018206,0.0008435019194493677,-3.495761334581928
2026-05-22,-4.388640385886243,0.000154196811957603,-3.820636346292754
2026-05-26,-3.9254635438299745,0.00038939080145505557,-4.051756954391608
2026-05-27,-4.051114692614816,0.0003028631861663889,-3.9681738850162027
2026-05-28,-4.482493199687985,0.00012780736361934586,-4.017334567897996
2026-05-29,-3.9228733432690235,0.0003914132359879039,-4.155938014061787
2026-06-01,-4.104194581565905,0.0002723590941914385,-4.0491680144486555
2026-06-02,-3.4457050804789606,0.001016479430251054,-4.076074243457554
2026-06-03,-4.010942878905957,0.00032820053217554014,-3.8612033424930696
2026-06-04,-3.4430340675999043,0.0010219240191693799,-4.000531113208669
2026-06-05,-3.816391461202258,0.000484311180751783,-3.7893856840921205
2026-06-08,-4.235336255529557,0.0002095239487989897,-3.870217114840777
2026-06-09,-3.1965135671347484,0.0016731835761614586,-3.9856649049845947
2026-06-10,-3.8090220455135557,0.0004915022251975331,-3.6890832855523117
2026-06-11,-3.979640391052735,0.0003494043249554691,-3.8276450427057345
2026-06-12,-4.384776488848661,0.00015539302927495766,-3.906625398513433
2026-06-15,-4.5713019318179775,0.00010700833133004018,-4.044389199253432
2026-06-16,-4.743459330551069,7.583742443507641e-05,-4.10798759820517
2026-06-17,-4.046086291117233,0.0003059243887190427,-4.274578513438617
2026-06-18,-4.328092166382733,0.00017404714750771845,-4.122535365004989
2026-06-22,-3.945594341672294,0.0003740247136912247,-4.2308180170637755
2026-06-23,-4.470025708722967,0.00013103430255885772,-4.101171063394047
2026-06-24,-4.032150156360107,0.0003145711382274027,-4.2301181920406865
2026-06-25,-3.5728380168530793,0.0007882651549085014,-4.088189674020322
2026-06-26,-4.152912548098259,0.0002470734008135988,-3.920883539478715
2026-06-29,-3.7678233065332645,0.0005337160440945767,-4.058227669453085
2026-06-30,-4.0399961992885585,0.0003096733893680679,-3.9443093437675816
2026-07-01,-3.7898539032805507,0.0005107104274511599,-3.986725136929753
2026-07-02,-3.619100287149312,0.0007186036713268844,-3.906324622832263
2026-07-06,-4.394584153990323,0.00015237464377542797,-3.8599813260100584
2026-07-07,-3.815965440746798,0.0004847240095399327,-4.076816846377506
2026-07-08,-3.801004330507985,0.0004994472050707094,-3.9333978370419196
2026-07-09,-3.960521943955754,0.0003630231731306429,-3.921164877599516
2026-07-10,-4.167913388537706,0.0002397708752520547,-3.9740836395812495
2026-07-13,-3.862331011211485,0.00044179613186145984,-4.063376170200956
2026-07-14,-3.5845125280767673,0.0007700731434352993,-3.9714116070673504
2026-07-15,-3.6447673593129517,0.0006826456011592975,-3.879891869482379
2026-07-16,-4.153582820647468,0.0002467424096810263,-3.8777159026368864
2026-07-17,-3.495348181303279,0.0009204053725713442,-4.01079712572332
2026-07-20,-4.0680476478035885,0.0002927781814360056,-3.7904513646513913
2026-07-21,-4.142404853889092,0.00025232068807035226,-3.937587447602113
2026-07-22,-3.655486028546731,0.0006681672395906702,-3.9916727896350666
2026-07-23,-4.102647486175896,0.00027320313032054295,-3.8630456132021354
2026-07-24,-3.728541295228168,0.0005773380484649048,-3.9729501544091805
2026-07-27,-3.5175501028392557,0.0008804299364274508,-3.891852070354551
2026-07-28,-3.8839528649582795,0.00042309842197605106,-3.7927794605753564
2026-07-29,-4.037097876507666,0.0003114736689966658,-3.8745292561258604
2026-07-30,-3.9013341306023515,0.0004086431563129773,-3.9348398077811058
2026-07-31,-3.726883452578425,0.0005792554968160241,-3.8915100039345965
2026-08-03,-3.473032237600777,0.0009624153197035362,-3.8436908702752866
2026-08-04,-4.319756286534333,0.00017697314269877302,-3.7712332617308384
2026-08-05,-4.044473472221074,0.0003069127832332374,-4.01097060757175
2026-08-06,-3.9101512941041863,0.00040150017520222594,-3.9394087386549503
2026-08-07,-4.498141767544555,0.00012386930562500884,-3.907360408572094
2026-08-10,-4.07815448530918,0.0002869194709451651,-4.102550421179183
2026-08-11,-4.257773038540812,0.0002003296943145004,-4.0528449877394905
2026-08-12,-4.340911381686261,0.00016964156917477426,-4.0943736778042545
2026-08-13,-4.508086217000384,0.00012143001929495873,-4.138639911224567
2026-08-14,-4.798636191397556,6.791372673436488e-05,-4.2323884874356725
2026-08-17,-4.6911435718239725,8.42023991505091e-05,-4.33455298886237
2026-08-18,-4.682038094689641,8.574985272784082e-05,-4.355663763066772
2026-08-19,-4.144909911944052,0.0002510596936281812,-4.398756649299505
2026-08-20,-4.34753210808344,0.00016741007506158848,-4.248724296189342
2026-08-21,-4.724203114026546,7.881507848659145e-05,-4.28897526275879
2026-08-24,-3.9773580771370534,0.00035100287127047373,-4.390783917354557
2026-08-25,-4.254917583009331,0.0002014770324366677,-4.151988656028976
2026-08-26,-4.448859106804821,0.00013670049220628665,-4.217717191831134
2026-08-27,-3.6321941570446397,0.0007000293367968444,-3.8237488934896002
2026-08-28,-3.5608951936728124,0.000807320040839681,-4.056171339941857
2026-08-31,-4.164193301463911,0.000241561465209995,-3.9561450744197586
2026-09-01,-4.066908531717748,0.0002934459584948763,-4.118691870443277
2026-09-02,-3.6679280995266477,0.0006517456372635611,-4.089218905345907
2026-09-03,-4.119696446376234,0.00026404450413603853,-3.950701042679934
2026-09-04,-4.166991738058558,0.00024021325272833392,-4.090267032927619
2026-09-08,-3.983072406604731,0.0003470142150795166,-4.147161389422188
2026-09-09,-4.919629026941445,5.331685468043718e-05,-4.090605115936929
2026-09-10,-4.549166867277246,0.00011185202847112053,-4.361247657325008
2026-09-11,-4.695808288856834,8.342049146886011e-05,-4.339933074255088
2026-09-14,-4.35427060566964,0.00016516902551506944,-4.416044756351257
2026-09-15,-4.762228247118974,7.304342035627197e-05,-4.3454622984324045
2026-09-16,-4.267423080867045,0.00019650038610733025,-4.512765058410252
2026-09-17,-4.767157200275164,7.232690264638113e-05,-4.3406778811583475
2026-09-18,-4.370549931718436,0.00015987794726338053,-4.476677262095051
2026-09-21,-4.015200233121059,0.00032541786395370517,-4.353017985321003
2026-09-22,-4.681265314061939,8.588248684855008e-05,-4.232711200452163
2026-09-23,-4.286288390029603,0.00018922443132482348,-4.395793854066301
2026-09-24,-4.602114483645588,0.00010061301174195607,-4.294090000006748
2026-09-25,-4.425272858569782,0.00014330351175147993,-4.370557197679356
2026-09-28,-4.1561644498234775,0.0002454716982022866,-4.331124968322604
2026-09-29,-4.227014688714075,0.0002130402639632103,-4.272693931551521
2026-09-30,-4.3685953882938175,0.00016050414718203325,-4.27146759146353
2026-10-01,-4.3851506935575655,0.00015527677517664367,-4.325460167341133
2026-10-02,-4.460028655269767,0.00013368058326550703,-4.319089316694679
2026-10-05,-4.36116970566128,0.0001629056414930768,-4.343911298880526
2026-10-06,-4.535490324456974,0.00011495375408013817,-4.345832335958429
2026-10-07,-4.827022321925415,6.416551482461841e-05,-4.414403087162584
2026-10-08,-3.9967590070489325,0.00033764415460165115,-4.52006200709223
